account_id,utilisation,payment_ratio,days_past_due,missed_payments_6m,cashflow_decline,bureau_score,behavioural_pd,default_90d,ews_status,recommended_action
ACC-000000,0.2170030497653607,0.574451792516784,30,1,0.43915515766071433,622,0.05052682930057845,0,AMBER,Reduce limit and contact customer
ACC-000001,0.6224717941990382,0.4346858696625325,0,0,0.2997295027127926,678,0.02822959300768811,0,GREEN,Continue monitoring
ACC-000002,0.132875760918819,1.0106164108304085,0,0,-0.0145857932130381,628,0.0024839407840416767,0,GREEN,Continue monitoring
ACC-000003,0.32892204424569876,0.6129043410358749,90,3,0.3563299362469306,589,0.5031303547812245,1,RED,Collections escalation
ACC-000004,0.8543129502222543,0.6219380050708954,0,0,0.13265709382049937,628,0.03059121661581449,0,GREEN,Continue monitoring
ACC-000005,0.562150854630881,0.5851397987985052,0,0,-0.02079342771216572,706,0.011251297110199255,0,GREEN,Continue monitoring
ACC-000006,0.320277510147837,1.0162793773060317,7,0,-0.12525056464612502,634,0.003986038650003584,0,GREEN,Continue monitoring
ACC-000007,0.8006885925162965,0.6455715339157205,30,3,0.16757632617010382,625,0.1784699659647463,0,AMBER,Reduce limit and contact customer
ACC-000008,0.6966802542357382,0.7631879913717113,0,0,-0.322807052132926,512,0.015435310712318833,0,GREEN,Continue monitoring
ACC-000009,0.4440255837513011,0.5129048947919366,0,0,0.34189423561816645,660,0.018643755706663986,0,GREEN,Continue monitoring
ACC-000010,0.36388261302868447,0.6609365181619213,0,2,-0.2734405902300167,617,0.012952387743860308,0,GREEN,Continue monitoring
ACC-000011,0.6083535695132822,0.8239124050115316,0,1,-0.11922856748924893,738,0.0080254619689086,0,GREEN,Continue monitoring
ACC-000012,0.3657211547573874,1.0188251980181555,0,0,0.021895898570794617,670,0.003509589897589387,0,GREEN,Continue monitoring
ACC-000013,0.7392969927828098,0.8851604903996599,0,1,0.23822637694836152,629,0.021262783565223133,0,GREEN,Continue monitoring
ACC-000014,0.6307887314066815,0.5611370169597557,30,6,0.5821023840482858,555,0.5114621641101668,0,RED,Collections escalation
ACC-000015,0.3536517064984708,0.6285956548116611,0,0,-0.11527687356247068,732,0.0053585469832467284,0,GREEN,Continue monitoring
ACC-000016,0.29905370118990793,0.6159434392762813,0,0,0.10077940556872303,608,0.010290504679057006,0,GREEN,Continue monitoring
ACC-000017,0.5279389194017438,0.8779923771254121,0,0,-0.04196259111556186,641,0.006984159396370752,0,GREEN,Continue monitoring
ACC-000018,0.3404224830293456,0.7659966466309444,0,1,0.11366083158802669,710,0.007597230325856629,0,GREEN,Continue monitoring
ACC-000019,0.6169312445966606,0.6805522955852699,0,0,0.08273339314718386,742,0.009999333973552413,0,GREEN,Continue monitoring
ACC-000020,0.624074658710924,0.6344215799074784,0,1,-0.0660899186442751,679,0.016776748769179322,0,GREEN,Continue monitoring
ACC-000021,0.3450890881064453,0.6332724113661661,0,0,-0.18773847018112028,687,0.005734572238899458,0,GREEN,Continue monitoring
ACC-000022,0.33534781111991424,0.8185979347844876,60,3,0.5513761437684024,593,0.22001388260123428,1,RED,Collections escalation
ACC-000023,0.450087545174859,0.7860900119840487,0,0,-0.009739737845013308,556,0.010551578349909057,0,GREEN,Continue monitoring
ACC-000024,0.4230994542420253,0.827197594960017,0,1,0.048140983762410966,743,0.006443200933750525,0,GREEN,Continue monitoring
ACC-000025,0.5740015255850537,0.779513723084331,0,0,0.26932261659209655,600,0.01592747107316055,0,GREEN,Continue monitoring
ACC-000026,0.9049130090019062,0.9196936321447455,30,3,0.3549868703399984,619,0.1582576075346028,0,AMBER,Reduce limit and contact customer
ACC-000027,0.8592615202553332,0.7214383701836236,30,5,0.288751182211584,440,0.49224737004427493,1,RED,Collections escalation
ACC-000028,0.6530627498982647,0.7344232134326618,30,2,0.2618097961240935,626,0.09456256291314522,0,AMBER,Reduce limit and contact customer
ACC-000029,0.5049905995231607,0.8428848089885309,30,2,0.3961512386729531,605,0.07107543911730504,0,AMBER,Reduce limit and contact customer
ACC-000030,0.670651556957206,0.32836758436675156,0,2,0.011444869084919984,667,0.055746338188215845,0,GREEN,Continue monitoring
ACC-000031,0.29010944500141084,0.704632825117441,15,0,0.036893301483756594,528,0.01788754053037438,0,GREEN,Continue monitoring
ACC-000032,0.37563596409205524,0.7545928238297235,7,0,-0.12353801454716229,555,0.010873673900452647,0,GREEN,Continue monitoring
ACC-000033,0.31650290371520073,0.3199184316105679,90,3,0.48312978341963503,739,0.5444422379253648,1,RED,Collections escalation
ACC-000034,0.19022894573267082,0.6414848364470358,0,0,0.14442228290463918,613,0.008008598236531038,0,GREEN,Continue monitoring
ACC-000035,0.13880817889090133,1.114232009049367,0,1,0.27754356453958384,612,0.004155571801635912,0,GREEN,Continue monitoring
ACC-000036,0.47589257535770196,0.887452081717646,30,0,0.701054840081664,534,0.05984085089388717,0,AMBER,Reduce limit and contact customer
ACC-000037,0.8312805231394221,0.46820284422745195,0,2,0.39860557435315325,688,0.08024684125931449,0,GREEN,Continue monitoring
ACC-000038,0.4635821293735836,0.8123852318503181,60,2,0.47439566703001756,659,0.1589811271362927,0,RED,Collections escalation
ACC-000039,0.6657237913338545,0.7448356628840141,0,0,0.28214595828549993,631,0.018672474434012102,0,GREEN,Continue monitoring
ACC-000040,0.23939241122155913,0.9050263395394329,7,1,0.24514471109385438,592,0.010767255361387028,0,GREEN,Continue monitoring
ACC-000041,0.664980233807127,0.6852655167364645,0,0,0.2701884815488619,590,0.024550613727120946,0,GREEN,Continue monitoring
ACC-000042,0.3145464845933118,1.0082529005026044,0,0,0.05809705694950961,589,0.004631726600637587,0,GREEN,Continue monitoring
ACC-000043,0.642840530404619,0.7537781937842877,0,0,0.2126812175198754,674,0.01362774111996595,0,GREEN,Continue monitoring
ACC-000044,0.44943908180060277,0.8156181174991401,7,1,0.19264658496059045,535,0.023798933888998872,0,GREEN,Continue monitoring
ACC-000045,0.5999812021813626,0.9627336236107812,15,0,0.25189741357546946,601,0.018565391998164992,0,GREEN,Continue monitoring
ACC-000046,0.3136980266625253,0.7075639555651692,0,2,-0.1285515244754113,628,0.011901106717286919,0,GREEN,Continue monitoring
ACC-000047,0.16710837040318707,0.5401505977780481,0,0,0.026658770197785633,571,0.009816436954501302,0,GREEN,Continue monitoring
ACC-000048,0.5261825504946033,0.5818659643093728,0,2,-0.02764248146332185,589,0.03148930553541743,0,GREEN,Continue monitoring
ACC-000049,0.6033459670699116,0.7829033454343922,30,1,0.6887061130721772,644,0.08468473846678737,0,AMBER,Reduce limit and contact customer
ACC-000050,0.20270891137442992,0.7445612336583108,90,1,0.37010404747882814,567,0.24999593330264214,0,RED,Collections escalation
ACC-000051,0.646808509492379,0.7758976534650899,0,0,0.023142392568719944,729,0.008502006409087609,0,GREEN,Continue monitoring
ACC-000052,0.4488988671068157,0.4962139436173572,30,1,0.33354451107418215,493,0.1324965354519348,0,AMBER,Reduce limit and contact customer
ACC-000053,0.3102647911842224,0.8585296925725964,30,3,0.5024718553687659,547,0.08877557194457689,1,AMBER,Reduce limit and contact customer
ACC-000054,0.09838299390673008,0.8676957902155119,0,0,0.1672857610669595,667,0.0033334960040895213,0,GREEN,Continue monitoring
ACC-000055,0.1435054748109088,0.6376211870895013,15,0,0.17212305652042836,723,0.008239816044556694,0,GREEN,Continue monitoring
ACC-000056,0.0704092008721539,0.6718459653693704,0,0,-0.03848484311855291,516,0.006954259857127455,0,GREEN,Continue monitoring
ACC-000057,0.4403234830606039,0.689388922857596,7,0,0.48650861020024433,631,0.02115999582577528,0,GREEN,Continue monitoring
ACC-000058,0.40217662586407016,0.4037171344194323,0,0,0.18463511295399207,680,0.016717297104855162,0,GREEN,Continue monitoring
ACC-000059,0.5576861677334393,0.5761343241735958,15,0,0.0967691979425821,531,0.04289551044686794,0,GREEN,Continue monitoring
ACC-000060,0.4928850471211638,0.5202992292021482,0,1,0.15426206018827784,637,0.0248008968905625,0,GREEN,Continue monitoring
ACC-000061,0.2919503882232873,1.08465222567114,30,2,0.5865974837172977,622,0.032372618156646576,0,AMBER,Reduce limit and contact customer
ACC-000062,0.808837507705217,0.9113922680539356,0,2,0.1288038900794817,562,0.03662689150262392,0,GREEN,Continue monitoring
ACC-000063,0.24229599604888022,0.565559996335073,7,0,0.057304264753545706,707,0.008369618058883721,0,GREEN,Continue monitoring
ACC-000064,0.476779032164209,0.7655557194085663,0,0,-0.05999891656516146,628,0.008264299474701777,0,GREEN,Continue monitoring
ACC-000065,0.6142665695289041,0.3187290204043196,0,0,0.10671673492677318,677,0.02876205418608056,0,GREEN,Continue monitoring
ACC-000066,0.4851696118614793,0.6442524811401094,0,0,0.11303091157279448,642,0.012611841340694936,0,GREEN,Continue monitoring
ACC-000067,0.27265634496501934,1.0566112890549146,15,0,-0.2039692558731545,565,0.00524723322920464,0,GREEN,Continue monitoring
ACC-000068,0.8004955251385791,0.6906507979145069,0,2,0.43213430397425634,604,0.06792175332669355,0,GREEN,Continue monitoring
ACC-000069,0.34042188241266186,0.8393080678772444,7,0,0.37592423185120555,658,0.009879957850151206,0,GREEN,Continue monitoring
ACC-000070,0.4001648247656285,0.6350042831174488,0,0,0.16461344127871133,720,0.008420393429721822,0,GREEN,Continue monitoring
ACC-000071,0.07086829418460149,0.9808066862709962,0,0,0.34943805839236836,632,0.003474325298624441,0,GREEN,Continue monitoring
ACC-000072,0.5844293428872447,0.8900199986998155,0,0,0.3134898520911336,581,0.014567027154448865,0,GREEN,Continue monitoring
ACC-000073,0.7964118335463085,0.703309036628275,0,0,0.15974537338758824,723,0.016252316529386246,0,GREEN,Continue monitoring
ACC-000074,0.2798776115678577,0.7019574308133223,0,0,0.23774055026756702,701,0.0066435704180090385,0,GREEN,Continue monitoring
ACC-000075,0.5303872556960934,0.46406971891393906,0,0,-0.11915465412075887,618,0.017321402496339924,0,GREEN,Continue monitoring
ACC-000076,0.1993897051547691,1.0757079636112967,15,1,-0.21221154013237736,676,0.0038299152127761684,0,GREEN,Continue monitoring
ACC-000077,0.3963737533909958,0.6236031302368013,7,0,0.3089456321579469,688,0.01458564637445789,0,GREEN,Continue monitoring
ACC-000078,0.3546365542782233,0.709767238939665,0,0,0.1282129812202686,724,0.006140616379849827,0,GREEN,Continue monitoring
ACC-000079,0.14572546964389907,0.894324040515706,7,1,0.4754634949884611,725,0.006954759924254974,0,GREEN,Continue monitoring
ACC-000080,0.2989210724961044,0.7188562171069068,7,1,0.16069816242586993,654,0.012951281250622245,0,GREEN,Continue monitoring
ACC-000081,0.48048180471546986,0.8865601692941907,0,0,0.28459045139067424,679,0.007735722370606214,0,GREEN,Continue monitoring
ACC-000082,0.7010197141360672,0.5346271954058319,60,5,0.1740581838746839,618,0.5630848494276988,0,RED,Collections escalation
ACC-000083,0.21552478655025994,0.8470970205752857,15,0,0.43733095482100787,636,0.011537187858632196,0,GREEN,Continue monitoring
ACC-000084,0.1311197679348854,0.5806993908147555,30,0,0.2723835863532742,601,0.027476421014000187,0,AMBER,Reduce limit and contact customer
ACC-000085,0.5305902101494937,0.3203578902892445,15,1,0.2751458525928402,677,0.06604795954750091,1,GREEN,Continue monitoring
ACC-000086,0.5136587806745563,0.6921882456085601,0,2,-0.015637613473671458,602,0.023412764118024815,0,GREEN,Continue monitoring
ACC-000087,0.1664488673341499,0.5013105093531279,0,0,-0.35098710585163256,646,0.005161053794148214,0,GREEN,Continue monitoring
ACC-000088,0.3695052653138322,0.7056182112473084,0,0,0.22070162074912703,598,0.011677773064023362,1,GREEN,Continue monitoring
ACC-000089,0.5235963329194291,0.8097074962843802,0,1,0.10347849945624332,763,0.008115965525646559,0,GREEN,Continue monitoring
ACC-000090,0.5537952765342057,0.7103741130288637,0,0,0.1607380542877843,591,0.016292721120683612,0,GREEN,Continue monitoring
ACC-000091,0.8357028567255638,0.552333134099386,30,5,0.3814845300131287,577,0.4617892663410766,0,RED,Collections escalation
ACC-000092,0.3196897483012381,0.6630851470475578,0,0,0.22892555228973976,636,0.01004725939748212,0,GREEN,Continue monitoring
ACC-000093,0.08183117948607645,0.8836266754730864,60,1,0.5938976850674216,691,0.04999675628295457,0,RED,Collections escalation
ACC-000094,0.5997524157983043,0.7669875764225274,30,3,0.4776520289084107,551,0.1727644597917042,0,AMBER,Reduce limit and contact customer
ACC-000095,0.7002325141115358,0.8770073271373331,7,0,-0.13796616998984546,655,0.010810454388588917,0,GREEN,Continue monitoring
ACC-000096,0.42928206647014017,1.0386324696094382,0,0,0.06072958167938999,588,0.005546018573712472,0,GREEN,Continue monitoring
ACC-000097,0.7961250317245064,0.7556870318007581,0,1,0.2510346146669342,581,0.03855120293196142,0,GREEN,Continue monitoring
ACC-000098,0.26060707489567075,0.7746557708273523,0,0,0.17071231067067022,646,0.006274407682917365,0,GREEN,Continue monitoring
ACC-000099,0.3378210229039841,1.1505732989359647,0,0,0.013586401453029182,672,0.0024347823597523043,0,GREEN,Continue monitoring
ACC-000100,0.7192933204314603,0.7594030016263172,0,0,0.028977846749023234,586,0.018143291789707784,0,GREEN,Continue monitoring
ACC-000101,0.4236193077944682,1.1545310801812698,7,0,0.26423379888081633,636,0.005671402128133895,0,GREEN,Continue monitoring
ACC-000102,0.4687441123729666,0.5496017641088298,30,1,0.43097177516572693,537,0.11717003372479436,0,AMBER,Reduce limit and contact customer
ACC-000103,0.18609350349569248,0.656193765590459,0,0,0.1730899558654742,614,0.007911655332053713,0,GREEN,Continue monitoring
ACC-000104,0.5304365775699807,0.8279426240784616,0,1,0.038976210929154056,619,0.012999304687583601,0,GREEN,Continue monitoring
ACC-000105,0.381333184126028,0.6867888240808186,0,1,0.13210657073615745,571,0.017380942463255934,0,GREEN,Continue monitoring
ACC-000106,0.6639138881801223,0.5707567788790433,7,1,-0.05753302178056982,604,0.0359113529516143,0,GREEN,Continue monitoring
ACC-000107,0.379973784726046,0.9390131603873525,60,3,0.22129060626350397,530,0.172756399077457,0,RED,Collections escalation
ACC-000108,0.7145051587812251,0.4633736729003394,15,0,0.21623900459268303,671,0.04969328704619517,0,GREEN,Continue monitoring
ACC-000109,0.9358377163904632,1.025547722854744,0,0,0.09208344123652064,755,0.008758643376618054,0,GREEN,Continue monitoring
ACC-000110,0.1809626300963886,1.1539340773818096,90,5,0.356961558700576,653,0.2534138891676809,1,RED,Collections escalation
ACC-000111,0.2574249425187422,1.2,0,0,-0.1275863637007409,625,0.0018939544880163777,0,GREEN,Continue monitoring
ACC-000112,0.5432851257657709,0.6358743125848312,30,2,0.3605242758641992,455,0.18618247765601942,0,AMBER,Reduce limit and contact customer
ACC-000113,0.3645252288599797,0.997860279708991,0,0,-0.3307765237625889,667,0.0024735830662218445,0,GREEN,Continue monitoring
ACC-000114,0.4657094243108925,0.6141252979356562,7,0,0.2712617333285178,636,0.02016794989981365,0,GREEN,Continue monitoring
ACC-000115,0.6282087384721001,0.3707831651347478,15,0,0.32146513723990283,605,0.0728955791597269,0,GREEN,Continue monitoring
ACC-000116,0.0516274004987664,0.6010991995059636,0,0,0.08611539222584391,805,0.0028463207037016385,0,GREEN,Continue monitoring
ACC-000117,0.21437641785588835,0.8665830078780302,0,1,-0.17249466469445052,502,0.007740496168809527,0,GREEN,Continue monitoring
ACC-000118,0.5205556162436286,0.7413269791209471,0,0,-0.08093275405773506,689,0.00731778273177451,0,GREEN,Continue monitoring
ACC-000119,0.25340343965519346,0.686740984454821,60,3,0.9497121498654493,526,0.39594263933913126,1,RED,Collections escalation
ACC-000120,0.5637620600779712,1.1431705965321048,60,2,0.7997812322895543,605,0.1689010635613029,0,RED,Collections escalation
ACC-000121,0.5690591443599231,0.717244300248719,0,0,0.34157955982056887,579,0.021310881383640658,0,GREEN,Continue monitoring
ACC-000122,0.3006936252383256,1.0378718862937004,60,1,0.41930823969393255,530,0.08464142904335387,0,RED,Collections escalation
ACC-000123,0.5071762165041147,0.6378981507024921,0,0,0.3142078868230106,676,0.014727313737964468,0,GREEN,Continue monitoring
ACC-000124,0.5132772898967233,0.830229556435911,15,0,0.18722388933323003,708,0.012587883444274299,0,GREEN,Continue monitoring
ACC-000125,0.5736854680191994,1.0430057711590628,7,2,-0.12612388070080513,511,0.019953254473363283,0,GREEN,Continue monitoring
ACC-000126,0.8120328799063049,0.9003331881322076,0,1,0.39867698725755407,637,0.02778337088844177,0,GREEN,Continue monitoring
ACC-000127,0.38738595061030273,0.8701761755949283,0,1,-0.004989318663892711,600,0.009008076064635714,0,GREEN,Continue monitoring
ACC-000128,0.26314367298226454,0.5186706535461458,0,2,0.3363588082912273,683,0.021940106790071606,0,GREEN,Continue monitoring
ACC-000129,0.6041167995253723,0.6068761005254306,60,2,0.490552688532532,622,0.3204027886458953,0,RED,Collections escalation
ACC-000130,0.8608566856945488,0.5593040630456225,60,5,0.3851385619180932,515,0.7667567174335033,1,RED,Collections escalation
ACC-000131,0.22240793929995537,0.7308063928111103,60,5,0.449063465917711,673,0.25180198085704514,1,RED,Collections escalation
ACC-000132,0.6059917524179664,0.8366460806228807,0,0,0.29754745307379715,685,0.011098954808250659,0,GREEN,Continue monitoring
ACC-000133,0.5761220236574182,0.8041341081302273,60,4,0.4012931438643881,523,0.42780941109827253,0,RED,Collections escalation
ACC-000134,0.4269469459782442,0.6607893297695488,0,1,0.028818808229197204,591,0.016635878054792688,0,GREEN,Continue monitoring
ACC-000135,0.5767091901034078,0.6323236131607436,0,0,-0.09304344527450956,623,0.013351679660085661,0,GREEN,Continue monitoring
ACC-000136,0.29564326760819787,0.6586379525117398,0,0,0.21002831328688099,562,0.012638263416112948,0,GREEN,Continue monitoring
ACC-000137,0.0842483063885861,0.9323634273385377,0,0,-0.05101323622707485,510,0.004088258377894772,0,GREEN,Continue monitoring
ACC-000138,0.4711418709855126,1.1371370954247915,0,0,0.22411836196523754,726,0.003406245705793073,0,GREEN,Continue monitoring
ACC-000139,0.8676291853701287,0.7358335736583851,0,1,0.02255566225082377,623,0.030675989080213503,0,GREEN,Continue monitoring
ACC-000140,0.5097112214810118,0.8036399177521047,0,0,0.5437005243446282,740,0.01042628135171574,0,GREEN,Continue monitoring
ACC-000141,0.3289824706565555,0.8259334139143776,0,0,0.2155234461456585,562,0.00948887385103649,0,GREEN,Continue monitoring
ACC-000142,0.3249767970940319,0.948932886395139,0,0,-0.029838175307525666,692,0.0032325617292991446,0,GREEN,Continue monitoring
ACC-000143,0.2504147546498126,0.8126352688721818,0,1,0.30767344102914995,764,0.005723078323286263,0,GREEN,Continue monitoring
ACC-000144,0.5533231745521481,0.4562394239844857,0,0,0.1270551969793634,622,0.02403719020122267,0,GREEN,Continue monitoring
ACC-000145,0.8931072582651418,0.7709161175736878,15,0,0.24346513852952406,555,0.059677685426770176,0,GREEN,Continue monitoring
ACC-000146,0.4279092829567237,0.3945582183154338,7,1,0.16335524073458313,705,0.027981015297072004,0,GREEN,Continue monitoring
ACC-000147,0.2352841044561739,0.6628595229911673,0,1,0.30455463914515013,670,0.011140578241396538,0,GREEN,Continue monitoring
ACC-000148,0.604921384452555,0.5309645131756596,0,0,0.17713432182022795,736,0.015352821573235153,0,GREEN,Continue monitoring
ACC-000149,0.34218222539437504,1.001260130911922,0,0,0.15202955892909512,551,0.0064578807232853865,0,GREEN,Continue monitoring
ACC-000150,0.7415425858342316,0.7564461495355291,30,1,0.5428763982607975,533,0.14723787340040706,1,AMBER,Reduce limit and contact customer
ACC-000151,0.5174876236232744,0.8116754460063965,0,0,0.2173111129662969,669,0.009488861011076228,0,GREEN,Continue monitoring
ACC-000152,0.2353220256820699,0.9346492234927307,0,0,0.2604840515886078,646,0.004647351154979775,0,GREEN,Continue monitoring
ACC-000153,0.6466694441072904,0.7799379911225965,0,0,0.19744198815154157,614,0.01618948097589945,0,GREEN,Continue monitoring
ACC-000154,0.6912394875611632,0.6652920956814687,0,1,0.1574579567234938,660,0.0249863106554876,0,GREEN,Continue monitoring
ACC-000155,0.8561768153724669,0.8169052714710148,90,2,0.2688610394677928,577,0.571776993109479,0,RED,Collections escalation
ACC-000156,0.7846867503802265,0.8636248965996289,0,0,-0.19972739900960518,626,0.010894168373874875,0,GREEN,Continue monitoring
ACC-000157,0.8853586881809815,0.39869869537319885,0,0,0.1817105101633094,677,0.0456944317028522,0,GREEN,Continue monitoring
ACC-000158,0.5991243041635167,0.922400468327375,0,0,0.13549844273108813,562,0.012293890520717717,0,GREEN,Continue monitoring
ACC-000159,0.40932973056166555,0.6977665909846626,0,0,0.3249486587609045,626,0.013028278589443323,0,GREEN,Continue monitoring
ACC-000160,0.45314528712842955,0.5180816028335911,15,0,0.2760283365555657,605,0.03593313743526603,0,GREEN,Continue monitoring
ACC-000161,0.6093054929975873,0.623438030110901,7,1,-0.129701595165024,673,0.020261577361452704,0,GREEN,Continue monitoring
ACC-000162,0.3836223254198834,0.8719988682789014,0,1,0.030878951136804098,570,0.010468471558790257,0,GREEN,Continue monitoring
ACC-000163,0.6508477618306882,0.6334716952211548,90,1,0.41363392049674685,521,0.5798556057213239,0,RED,Collections escalation
ACC-000164,0.26361413650022075,0.7319437014972889,0,0,0.11706698854905016,698,0.005301866149804545,0,GREEN,Continue monitoring
ACC-000165,0.47748011904535537,0.6918241699963332,90,1,0.5258853326921628,562,0.4494543816512709,1,RED,Collections escalation
ACC-000166,0.8349056350564292,0.5540538997557947,0,0,0.1145078602127447,624,0.033838485758678594,0,GREEN,Continue monitoring
ACC-000167,0.6601337784428263,0.7582821945804411,15,1,-0.11043011186011853,615,0.02828242408816956,0,GREEN,Continue monitoring
ACC-000168,0.07933161130793222,0.8178609537156649,15,2,0.20498446103613654,584,0.016772300474349435,0,GREEN,Continue monitoring
ACC-000169,0.6630850393755976,0.5527926130671968,0,0,0.07647309861742399,553,0.030205408697884312,0,GREEN,Continue monitoring
ACC-000170,0.2714278483060625,0.5732250954466409,0,0,0.18606382679918804,601,0.01206900817513076,0,GREEN,Continue monitoring
ACC-000171,0.4751708414094208,0.9770253215368475,0,0,0.2199360276008106,660,0.006296589416374317,0,GREEN,Continue monitoring
ACC-000172,0.776686633636369,0.8843798653285138,0,0,0.05532731140174245,641,0.012883596303719144,0,GREEN,Continue monitoring
ACC-000173,0.33942529598061133,0.9829778209759574,0,0,0.1665620781337162,634,0.00488579060085024,0,GREEN,Continue monitoring
ACC-000174,0.21680053118918735,1.0261660671663395,0,1,0.22083604842192617,622,0.0053236328513913515,0,GREEN,Continue monitoring
ACC-000175,0.3455320885766659,0.9353467180517274,0,0,0.33702216227333065,520,0.010495422963162235,0,GREEN,Continue monitoring
ACC-000176,0.18353157020154037,0.9379576559939382,30,4,0.7218287786377416,576,0.09068056562243566,0,AMBER,Reduce limit and contact customer
ACC-000177,0.591534765503615,0.6246749711787687,0,0,0.14091169176577903,627,0.018013615778755116,0,GREEN,Continue monitoring
ACC-000178,0.3972408603933252,0.8179182224436472,0,1,0.05171593857518532,695,0.007562152198662986,0,GREEN,Continue monitoring
ACC-000179,0.5382497177819487,0.7301130488198215,0,0,0.15330353620192516,641,0.0122967087101785,0,GREEN,Continue monitoring
ACC-000180,0.6454579973911555,0.6063250590185326,0,0,0.18634340031016475,660,0.01931422141797276,0,GREEN,Continue monitoring
ACC-000181,0.781311195122612,0.6484930897244069,0,1,-0.09395007631789967,623,0.027161847101674103,0,GREEN,Continue monitoring
ACC-000182,0.1968886540471678,0.7783323320458179,0,0,0.07643367901888348,553,0.007055387166637203,0,GREEN,Continue monitoring
ACC-000183,0.7722318191376946,0.8007689470574091,0,1,0.10020716170689134,642,0.02217001667120823,0,GREEN,Continue monitoring
ACC-000184,0.6633363690545815,0.6523163569969357,0,0,0.30834533154726085,558,0.03108218287553693,0,GREEN,Continue monitoring
ACC-000185,0.1474159639555712,0.3875855664520064,0,0,0.11207506795624023,536,0.01659383363355533,0,GREEN,Continue monitoring
ACC-000186,0.23852279342378144,0.8913871190560677,90,0,0.09159988607549047,600,0.1064618158681608,1,RED,Collections escalation
ACC-000187,0.4343437210618172,0.5097911721644678,0,1,-0.01199564880558307,598,0.021769104134399416,0,GREEN,Continue monitoring
ACC-000188,0.11689339626438348,0.6708086468317984,0,0,0.1560018286038142,590,0.007148551223316713,0,GREEN,Continue monitoring
ACC-000189,0.6499506040777931,0.7698591325239694,7,2,0.41072809232090335,627,0.048281116445733935,1,GREEN,Continue monitoring
ACC-000190,0.642805141755676,0.6380454438692926,60,4,0.716107906976429,572,0.5942035704205282,1,RED,Collections escalation
ACC-000191,0.3644953138136684,0.6956102106949102,60,3,0.566923442982221,663,0.23229644452244202,0,RED,Collections escalation
ACC-000192,0.6257911804861808,0.8134788163381365,0,0,-0.3064345303047685,673,0.006424151873279824,0,GREEN,Continue monitoring
ACC-000193,0.3937576058333241,0.8029566837868232,15,0,0.10714384045640393,595,0.014867352125077147,0,GREEN,Continue monitoring
ACC-000194,0.17247871818291582,1.106507916136576,0,0,-0.06999141855847438,582,0.0024697434916022987,0,GREEN,Continue monitoring
ACC-000195,0.13047872469568572,1.136771359472057,0,1,-0.13973583422537406,676,0.001859609501989075,0,GREEN,Continue monitoring
ACC-000196,0.36028723258070267,0.6265166214360178,0,0,0.03357236856072665,679,0.00797946002518349,0,GREEN,Continue monitoring
ACC-000197,0.443903227246151,0.9389849636683052,0,0,-0.10806615550080778,581,0.006047772460613629,0,GREEN,Continue monitoring
ACC-000198,0.504833004789339,1.2,60,3,0.24913799540342296,594,0.10879388072252746,0,RED,Collections escalation
ACC-000199,0.31598913167368015,0.8501087077207374,0,0,-0.07073220111120329,732,0.003215029557812734,0,GREEN,Continue monitoring
ACC-000200,0.35008590539533335,0.47368561133109305,0,1,0.16864573225806237,702,0.016091102858267516,0,GREEN,Continue monitoring
ACC-000201,0.5183464542628834,0.6788581036674923,0,0,0.17541613236137132,694,0.010991720663477625,0,GREEN,Continue monitoring
ACC-000202,0.18776888826298793,0.6560080634087847,0,0,0.15366677732435657,618,0.0076366450700739415,0,GREEN,Continue monitoring
ACC-000203,0.6880204642631773,0.6101546013848678,7,0,0.3964654888354334,478,0.06732110015243947,0,GREEN,Continue monitoring
ACC-000204,0.44368619956477484,0.7239758002153092,7,0,0.22007929779223095,659,0.013126921696617475,0,GREEN,Continue monitoring
ACC-000205,0.22107714240906093,0.8170432636114733,0,0,0.03130278797018439,688,0.003788575710584597,0,GREEN,Continue monitoring
ACC-000206,0.5021918858556814,0.6150488393213792,0,0,0.455913146229601,615,0.022838323673765006,0,GREEN,Continue monitoring
ACC-000207,0.5835636174352122,0.8837600047566943,0,2,0.18049484293410134,694,0.015554220239234617,0,GREEN,Continue monitoring
ACC-000208,0.1531304758248727,0.9321920219677784,7,0,0.36901622392642686,739,0.003912224511370589,0,GREEN,Continue monitoring
ACC-000209,0.3690071369071857,0.902097892557117,0,0,0.15670952163761068,685,0.005010884914425544,0,GREEN,Continue monitoring
ACC-000210,0.49023894867806717,0.6703041225027173,15,1,0.010048521536694818,579,0.03175759655857509,0,GREEN,Continue monitoring
ACC-000211,0.37415005395742673,0.7290022466783187,0,0,-0.007277004560149902,629,0.00766959525729967,0,GREEN,Continue monitoring
ACC-000212,0.21840268045163327,0.9685370886452219,0,1,0.06304655381602678,610,0.005318919988906531,0,GREEN,Continue monitoring
ACC-000213,0.7436177333997456,0.6152937219557444,0,1,0.3526617457904335,603,0.047941756290772464,1,GREEN,Continue monitoring
ACC-000214,0.1975238212830424,0.6235182771306622,0,1,-0.0008608576926243949,664,0.008117226731440788,0,GREEN,Continue monitoring
ACC-000215,0.48383112160918135,0.7479466928698506,7,2,0.1908087606226362,632,0.027830401869813177,0,GREEN,Continue monitoring
ACC-000216,0.6482449086690455,1.041820165684774,0,1,0.1285086913768059,587,0.01310170810636902,0,GREEN,Continue monitoring
ACC-000217,0.2658016379806897,0.8126035385126406,0,1,-0.18336861472800586,621,0.005964589871417939,0,GREEN,Continue monitoring
ACC-000218,0.2989478193846338,0.7741664395087103,0,1,-0.10408776469545916,557,0.009806557551476051,0,GREEN,Continue monitoring
ACC-000219,0.17921020300061513,1.023808262970398,0,1,-0.09261201048751846,568,0.004297468037828771,0,GREEN,Continue monitoring
ACC-000220,0.6146018459665878,0.6530519548647747,30,1,0.6919832310859421,554,0.15336542222363997,1,AMBER,Reduce limit and contact customer
ACC-000221,0.08035653878660112,0.8659731326717595,0,1,-0.10300529540047879,533,0.005600679541803774,0,GREEN,Continue monitoring
ACC-000222,0.34048029879126196,1.0627503960013813,0,0,0.15749554175141028,625,0.004211878294904017,0,GREEN,Continue monitoring
ACC-000223,0.7065617309293655,0.6369202955196994,7,2,0.0996782390795855,576,0.06153396189106383,0,GREEN,Continue monitoring
ACC-000224,0.48804935576954794,0.8456977674824577,0,0,0.2273309826895588,561,0.012869744810399337,0,GREEN,Continue monitoring
ACC-000225,0.5198650932254081,0.8717593276629825,0,0,0.11277227219288014,670,0.007391391457790583,0,GREEN,Continue monitoring
ACC-000226,0.29697207634148526,0.9348516519450509,0,2,-0.13852217121566884,656,0.0061980520364687194,0,GREEN,Continue monitoring
ACC-000227,0.5304322876922438,0.37898381905348216,0,0,-0.01291153500903569,603,0.024872690613780078,0,GREEN,Continue monitoring
ACC-000228,0.5342022853467284,0.8662773964689043,0,0,0.05096030465836594,642,0.008037535164339795,0,GREEN,Continue monitoring
ACC-000229,0.8651582616040223,0.5691152225812836,0,0,-0.007595649115925918,636,0.02908446472572627,0,GREEN,Continue monitoring
ACC-000230,0.07660232645207453,0.6971209513284842,30,1,0.15552819035538729,614,0.022039594439478238,0,AMBER,Reduce limit and contact customer
ACC-000231,0.2642274718988948,0.88213012566531,7,1,0.06528380176887563,601,0.009376511984590571,0,GREEN,Continue monitoring
ACC-000232,0.49746476559106456,0.6866009669522513,90,3,0.1162909901643141,484,0.5865890442694203,1,RED,Collections escalation
ACC-000233,0.1931768279963299,0.6488986960918288,30,2,0.6772974291719416,690,0.05654706928397897,0,AMBER,Reduce limit and contact customer
ACC-000234,0.6513547461690143,0.7007369544652888,90,2,0.36174470296050093,517,0.613707516846346,1,RED,Collections escalation
ACC-000235,0.7935857359508401,0.885843124456771,0,0,0.32645227050945635,614,0.020099178013778782,0,GREEN,Continue monitoring
ACC-000236,0.7888908206642324,0.7567060030851839,0,1,0.04492387451565284,606,0.027370845531050663,0,GREEN,Continue monitoring
ACC-000237,0.7154252023181117,0.8095801155634211,30,1,0.47058025695476235,494,0.13541698517343242,0,AMBER,Reduce limit and contact customer
ACC-000238,0.3076395225604022,0.5802982221123202,0,0,0.14039323344975624,684,0.008770410837758804,0,GREEN,Continue monitoring
ACC-000239,0.7401865926519604,0.9107646779282974,0,2,0.474684931368448,658,0.03231589637158543,0,GREEN,Continue monitoring
ACC-000240,0.46705575562300006,0.6269816255096978,0,0,0.4731023262656788,733,0.01330110221859781,0,GREEN,Continue monitoring
ACC-000241,0.3271131667682338,0.8796857238689327,0,1,-0.23844556948125717,589,0.006251171214449193,0,GREEN,Continue monitoring
ACC-000242,0.18978735156688994,0.2189612428916401,30,4,0.36839997221874626,660,0.18994833937943126,1,AMBER,Reduce limit and contact customer
ACC-000243,0.49892508666713703,0.6722432182137522,0,0,0.026595980384208767,506,0.01892381063072266,0,GREEN,Continue monitoring
ACC-000244,0.9704394822383209,0.613289022833762,0,0,0.39537215868810605,590,0.060823481412029416,0,GREEN,Continue monitoring
ACC-000245,0.6036372095353831,0.5902140546366843,0,1,0.15459906234099488,609,0.02984327116577487,0,GREEN,Continue monitoring
ACC-000246,0.4563699381671449,0.8309880801097451,0,0,0.23932536408480562,671,0.008150333770812007,0,GREEN,Continue monitoring
ACC-000247,0.5139635209474613,0.6468634439927068,0,0,0.36925634028858634,666,0.016242093816525503,0,GREEN,Continue monitoring
ACC-000248,0.5378213380772108,0.8542300248313776,0,0,0.35564150037823133,616,0.013053731172386408,0,GREEN,Continue monitoring
ACC-000249,0.20492127892787554,0.6500275758875254,0,0,0.0069564132379284355,654,0.005892945904513733,0,GREEN,Continue monitoring
ACC-000250,0.7484014585666696,0.6247959474616439,90,1,0.4657345059319801,587,0.5847551311427743,1,RED,Collections escalation
ACC-000251,0.24205768961466959,0.693204869998686,0,1,-0.32539887297991615,586,0.007196797913693077,0,GREEN,Continue monitoring
ACC-000252,0.5802773162877274,0.5597311147418228,30,4,0.43950318039478586,563,0.2867447194473341,1,AMBER,Reduce limit and contact customer
ACC-000253,0.6237723425314148,0.9822398766584823,0,0,0.1979340831591644,595,0.010706902360073501,0,GREEN,Continue monitoring
ACC-000254,0.33254294157017394,0.45410402539472944,0,0,0.16025542392416184,661,0.013618131735591099,0,GREEN,Continue monitoring
ACC-000255,0.3952253452310827,0.7856536054233613,90,2,0.2984377814771956,654,0.29243568927175034,0,RED,Collections escalation
ACC-000256,0.6801304354237684,0.7287961527900871,30,1,0.7881661213185983,686,0.10401529682999847,0,AMBER,Reduce limit and contact customer
ACC-000257,0.408770685672701,0.8879936989585389,0,0,0.18225995752486973,544,0.010099998309115161,0,GREEN,Continue monitoring
ACC-000258,0.7972887717239782,0.4426612277010057,30,1,0.6269592804926813,535,0.2973525118898456,1,AMBER,Reduce limit and contact customer
ACC-000259,0.43783039852476263,0.605781740679765,0,0,0.007520445220179278,533,0.016985431749953078,0,GREEN,Continue monitoring
ACC-000260,0.6855013624897506,0.6321611717677759,60,1,0.8206779991590529,425,0.5500210204340064,0,RED,Collections escalation
ACC-000261,0.2925433372760997,0.6649599800279066,7,1,0.19341920459043163,679,0.0135052453172356,0,GREEN,Continue monitoring
ACC-000262,0.1834192995484984,0.8625313471922095,0,2,0.21505423469400484,576,0.011771609869575943,0,GREEN,Continue monitoring
ACC-000263,0.5106339668403865,0.6186579199775389,30,2,0.3680654601625112,593,0.11414606301895339,0,AMBER,Reduce limit and contact customer
ACC-000264,0.390072612070601,0.7177614462367427,0,1,0.2622405428776877,510,0.024313298278806062,0,GREEN,Continue monitoring
ACC-000265,0.49000684195538957,0.7756793515079972,30,1,0.6715097535921469,516,0.10782236927173398,0,AMBER,Reduce limit and contact customer
ACC-000266,0.6709176978932434,0.3793094777120005,0,0,0.38535241456278707,625,0.047231192283918505,0,GREEN,Continue monitoring
ACC-000267,0.33980977982286037,0.3251311216206944,0,0,0.28277016111025155,505,0.038540028076350014,0,GREEN,Continue monitoring
ACC-000268,0.45962381306642436,0.8654891521701293,60,3,0.5614938814697833,611,0.23692744310028746,0,RED,Collections escalation
ACC-000269,0.5323886290449258,0.8908110096541982,30,2,0.4357634546419325,618,0.06749287678589085,0,AMBER,Reduce limit and contact customer
ACC-000270,0.27889894981829405,0.7544180961611153,0,1,-0.00417623895893296,661,0.007276647591699588,0,GREEN,Continue monitoring
ACC-000271,0.7448963966368287,0.8031098411717397,0,0,0.11033300768869153,516,0.025061765254025897,0,GREEN,Continue monitoring
ACC-000272,0.021896856262919193,0.9950225442834879,0,1,-0.16634326021940893,506,0.003870072243355212,0,GREEN,Continue monitoring
ACC-000273,0.632905296672009,0.3485913649831,7,0,0.19388450646801725,601,0.05227002239732829,0,GREEN,Continue monitoring
ACC-000274,0.46351537876438903,0.4197700090534649,0,0,0.37968339569671355,603,0.03090237354787247,0,GREEN,Continue monitoring
ACC-000275,0.1798559014820044,0.7030187999304087,0,1,0.18739758232234693,642,0.008907454365832257,0,GREEN,Continue monitoring
ACC-000276,0.3782344401166957,0.9267522794557035,0,0,0.0018380710198722672,704,0.003763892832593823,0,GREEN,Continue monitoring
ACC-000277,0.341202185867699,0.9417140468448562,0,1,0.15347797346436853,622,0.007701594100673027,0,GREEN,Continue monitoring
ACC-000278,0.5078390590626266,1.0867299834930964,0,0,0.28424397099809884,690,0.005071990877917905,0,GREEN,Continue monitoring
ACC-000279,0.46136747848884274,1.0693963222291463,0,0,0.3688380362220532,712,0.0048318432540550935,0,GREEN,Continue monitoring
ACC-000280,0.88618037137256,0.951355741629497,15,0,0.10637857986804448,629,0.026012693481092596,0,GREEN,Continue monitoring
ACC-000281,0.3322548906800124,0.5809187896862836,0,0,0.14518033495875335,585,0.013713872326657894,0,GREEN,Continue monitoring
ACC-000282,0.5967502557782156,0.8175416920656978,0,0,0.26152214587708944,461,0.026323195629598072,0,GREEN,Continue monitoring
ACC-000283,0.6327652615723295,0.5851403016435741,0,0,-0.1846257779912962,652,0.013390512192208196,0,GREEN,Continue monitoring
ACC-000284,0.29779532189287433,0.8827105377213313,30,0,0.2650486842586437,635,0.01754508486660232,0,AMBER,Reduce limit and contact customer
ACC-000285,0.8094878169734632,0.603127340498631,30,2,0.47607560318879516,588,0.2236393952181365,0,AMBER,Reduce limit and contact customer
ACC-000286,0.5404637818225724,0.7615140080265648,7,0,0.04224033871434088,575,0.016801042085480503,0,GREEN,Continue monitoring
ACC-000287,0.5863668796755017,0.6895188944609112,0,0,0.1311085386051544,663,0.01328379522269216,0,GREEN,Continue monitoring
ACC-000288,0.652078941697394,0.9495341158142234,0,0,-0.08931201261311753,659,0.006828454133679958,0,GREEN,Continue monitoring
ACC-000289,0.6952686901121391,0.8667817934092983,0,1,-0.3297031319587869,637,0.010294881582811046,0,GREEN,Continue monitoring
ACC-000290,0.2690520918499783,0.7469817375824584,0,0,0.18325619143647745,723,0.005054784640697193,0,GREEN,Continue monitoring
ACC-000291,0.7100572299854059,0.8134604250930699,0,0,0.1347706831254368,496,0.025316713551390504,0,GREEN,Continue monitoring
ACC-000292,0.4910763130005089,0.8438749517107996,30,1,0.24329521281169608,572,0.04860258993894796,0,AMBER,Reduce limit and contact customer
ACC-000293,0.3279700425892185,1.2,0,0,-0.050381397509665915,655,0.0021255815389017874,0,GREEN,Continue monitoring
ACC-000294,0.8241943868927727,0.5920000593490813,0,0,-0.04878609854562879,630,0.02480258315662572,0,GREEN,Continue monitoring
ACC-000295,0.31518446159940144,0.5889854588533058,7,0,0.22750723995265565,679,0.012534201582960798,0,GREEN,Continue monitoring
ACC-000296,0.35651427685591214,0.6903681267371167,30,1,0.737108573624842,617,0.07361742454067409,0,AMBER,Reduce limit and contact customer
ACC-000297,0.44615463325360266,0.563214066547492,0,0,0.2733323743757856,621,0.018074718279106564,0,GREEN,Continue monitoring
ACC-000298,0.6091892762191957,0.41138456582983407,0,0,0.046547663758365124,672,0.022228233436018756,0,GREEN,Continue monitoring
ACC-000299,0.4927047531526059,0.48913026390136455,7,1,-0.02389813790349299,467,0.052985463123604803,0,GREEN,Continue monitoring
ACC-000300,0.4584804074025014,0.6642034999485738,0,0,-0.15063897022076178,591,0.010360953636708975,0,GREEN,Continue monitoring
ACC-000301,0.5395639837239916,0.8420215024484827,0,0,-0.1176608901659689,537,0.010706435899497312,0,GREEN,Continue monitoring
ACC-000302,0.4503657052338655,0.8307367590228242,0,1,0.13313632747285478,549,0.016030227325076533,0,GREEN,Continue monitoring
ACC-000303,0.6038976303110756,0.7775079945075674,0,1,0.1153278198578468,640,0.016911183457319293,0,GREEN,Continue monitoring
ACC-000304,0.4381550690778217,0.48545226915684153,0,0,0.16804286944149036,679,0.01489837361787228,0,GREEN,Continue monitoring
ACC-000305,0.721138689744763,0.8471005965450316,0,0,-0.05187081806801394,670,0.009854125723367064,0,GREEN,Continue monitoring
ACC-000306,0.4784144690110522,0.8314420553681806,0,1,0.02456847549590463,689,0.00863040911291983,0,GREEN,Continue monitoring
ACC-000307,0.44552034806629304,0.879841876186557,0,0,0.08135964825267296,637,0.006852454229038037,0,GREEN,Continue monitoring
ACC-000308,0.19802537997010936,0.83371162552767,0,0,0.14748613230249993,532,0.007403810168299141,0,GREEN,Continue monitoring
ACC-000309,0.33083766748537924,0.6139236090605135,0,0,-0.08650524002996235,670,0.006986710575078558,0,GREEN,Continue monitoring
ACC-000310,0.8355621818719904,0.7665740461617477,0,0,0.20605406592812403,741,0.015054386230479,0,GREEN,Continue monitoring
ACC-000311,0.20623976481933642,0.6806235092007061,0,0,0.2995083836944311,735,0.0055863473207381,0,GREEN,Continue monitoring
ACC-000312,0.3686649361970528,0.8970577943384068,90,2,0.3205269076009455,560,0.31396580879759173,0,RED,Collections escalation
ACC-000313,0.7747597534815037,0.5886901316580181,7,0,-0.13093130930849844,524,0.03954462098539491,1,GREEN,Continue monitoring
ACC-000314,0.6707650001141479,0.7086223527622854,0,0,0.14982635388746757,694,0.013705073840790755,0,GREEN,Continue monitoring
ACC-000315,0.9040944980761245,0.5869859420510414,0,0,0.11940356191419041,539,0.05048778952181848,0,GREEN,Continue monitoring
ACC-000316,0.4944985238596126,0.7213697886177697,15,0,0.21698683445945016,743,0.01381442604609736,0,GREEN,Continue monitoring
ACC-000317,0.15320263505253226,0.9004290712986205,60,3,0.37843551413018456,493,0.1639099510406661,0,RED,Collections escalation
ACC-000318,0.5406834428320427,0.5538460466833921,0,0,0.32898279807274267,642,0.02201388622772773,0,GREEN,Continue monitoring
ACC-000319,0.8310885747713426,0.6046624353154778,15,0,0.24329804916768819,679,0.04662230306193029,0,GREEN,Continue monitoring
ACC-000320,0.146999123930775,0.2959644135696561,0,0,0.19560546095449255,559,0.020332004815890755,0,GREEN,Continue monitoring
ACC-000321,0.721419255489243,0.6239947275709032,0,1,0.25642379891999645,579,0.04429033792494142,0,GREEN,Continue monitoring
ACC-000322,0.22296728405632912,1.1053737434843827,0,0,0.0011755087853151935,633,0.002432301408321543,0,GREEN,Continue monitoring
ACC-000323,0.111591262658632,0.7729390500035682,15,0,0.2229851558134433,706,0.006488050088273472,0,GREEN,Continue monitoring
ACC-000324,0.4772131783430175,0.6883659334378882,0,0,-0.047255971129026575,646,0.009279615573618264,0,GREEN,Continue monitoring
ACC-000325,0.7959393366715761,0.9000340089981251,0,1,0.338118714674277,528,0.03830270080647798,0,GREEN,Continue monitoring
ACC-000326,0.4653900713294738,0.39322212119539063,0,0,0.30788333324136596,638,0.02642920260980124,0,GREEN,Continue monitoring
ACC-000327,0.3413153472953328,0.6583530618760842,60,4,0.4980709106910043,635,0.3099676945396429,1,RED,Collections escalation
ACC-000328,0.2985832765564475,0.7749101291224034,30,2,0.4692452088020034,565,0.06858002606000044,0,AMBER,Reduce limit and contact customer
ACC-000329,0.6730294586486681,0.716029132257074,0,0,-0.06010111417546518,707,0.010159008610796888,0,GREEN,Continue monitoring
ACC-000330,0.3573623943634886,0.7938675402452625,7,0,0.11491176882825187,625,0.00954277888848367,0,GREEN,Continue monitoring
ACC-000331,0.5948973362935042,0.6525055132736017,0,1,0.07015387200363418,619,0.022465125584326395,0,GREEN,Continue monitoring
ACC-000332,0.2619450925838921,0.8216612952522352,0,0,0.16753716480010558,543,0.008501104797910691,0,GREEN,Continue monitoring
ACC-000333,0.5021545655792251,0.8560269078062228,90,2,0.08097447177838102,646,0.26298275684188716,1,RED,Collections escalation
ACC-000334,0.5939086427589249,0.6318354217206605,0,0,-0.1281219649173738,569,0.016488762705244134,0,GREEN,Continue monitoring
ACC-000335,0.3230198172425277,0.7356797378569015,0,1,0.25704395669822133,766,0.007378650264514415,0,GREEN,Continue monitoring
ACC-000336,0.20679863344977387,0.6930330945188952,0,0,-0.11669129699240463,593,0.005958050360349542,0,GREEN,Continue monitoring
ACC-000337,0.6619107149899226,0.6829861182738252,0,0,0.22338428261164245,740,0.01288687659961917,0,GREEN,Continue monitoring
ACC-000338,0.7990385832239774,0.6891461627533066,0,1,-0.15389287241100746,771,0.013529005064494644,0,GREEN,Continue monitoring
ACC-000339,0.8132452821222076,0.46696693130580813,0,0,0.42955666387074276,559,0.0701261308449844,0,GREEN,Continue monitoring
ACC-000340,0.4854850655982663,0.8047132321657797,7,0,0.1611321160647578,628,0.012699555414012572,0,GREEN,Continue monitoring
ACC-000341,0.41195888773728273,0.7445997134161225,0,0,0.2861344481252004,602,0.0124633811637583,0,GREEN,Continue monitoring
ACC-000342,0.3252605033333687,0.7538928157879436,0,1,-0.22041712857802115,697,0.005442203609819862,0,GREEN,Continue monitoring
ACC-000343,0.7999115796740096,0.7505761149881516,0,0,-0.05376566005887007,564,0.021676544324923944,0,GREEN,Continue monitoring
ACC-000344,0.5898594032339933,0.76574247968259,60,1,0.21802545862466427,550,0.18435626735975597,1,RED,Collections escalation
ACC-000345,0.5218305610810179,0.6641439506620677,60,3,0.7558507886690788,611,0.4079741390526586,0,RED,Collections escalation
ACC-000346,0.4390146826665118,0.8860993438441346,0,0,0.27353799572654425,687,0.006808773261085811,0,GREEN,Continue monitoring
ACC-000347,0.573507850592399,0.6587879903432572,0,0,0.04428106963691522,721,0.00994492173689667,0,GREEN,Continue monitoring
ACC-000348,0.7419137668509542,0.35246204059875236,0,1,0.32053845906426937,813,0.035883764638498836,0,GREEN,Continue monitoring
ACC-000349,0.7466587142148079,0.6140559507343549,90,2,0.7655324707750228,575,0.7477547201427602,1,RED,Collections escalation
ACC-000350,0.4834781587477408,0.7418672717606344,90,4,0.42371805284326847,589,0.6140170722712713,1,RED,Collections escalation
ACC-000351,0.630842983280953,0.9158049243588127,60,1,0.4697635370254459,624,0.1494870766262491,0,RED,Collections escalation
ACC-000352,0.5671847484536361,1.0051077133704465,0,0,0.02777833243100132,472,0.012171117503368304,0,GREEN,Continue monitoring
ACC-000353,0.7711801307917839,0.7070716052007404,30,0,0.4447306309372133,686,0.06648181502622995,1,AMBER,Reduce limit and contact customer
ACC-000354,0.3062999286588223,0.8855722246431313,0,0,0.32446438630409896,699,0.005212820638803824,0,GREEN,Continue monitoring
ACC-000355,0.2450137046894534,0.5877358153976858,0,0,0.2532799358481055,656,0.009614672414300588,0,GREEN,Continue monitoring
ACC-000356,0.39486947085449525,0.8800186474677425,0,0,-0.19198067257341167,632,0.0046042425855534275,0,GREEN,Continue monitoring
ACC-000357,0.7349949897080406,0.560246385384992,15,0,0.19185054267339013,607,0.052431675999459845,0,GREEN,Continue monitoring
ACC-000358,0.7476617046793601,0.9299170115130653,7,0,0.40455839015311207,705,0.016171884854670106,0,GREEN,Continue monitoring
ACC-000359,0.5943596542231103,0.485363551841678,0,1,0.162303613551863,615,0.03607253173971179,0,GREEN,Continue monitoring
ACC-000360,0.5582863428690603,0.9708956342008296,0,0,0.36201003242017177,655,0.009106308885625632,0,GREEN,Continue monitoring
ACC-000361,0.3189363147457349,1.0780120882170556,7,0,-0.0284253705151932,590,0.00462820720419053,0,GREEN,Continue monitoring
ACC-000362,0.832780888057668,0.7897417501440147,0,0,0.316367910561606,593,0.02882613521884353,0,GREEN,Continue monitoring
ACC-000363,0.6868170368831503,0.6364177988536377,0,1,-0.04772183432940741,614,0.025073189136994273,0,GREEN,Continue monitoring
ACC-000364,0.5319296914491883,0.7243313332552115,0,0,0.23273656433077045,650,0.01299559921090873,0,GREEN,Continue monitoring
ACC-000365,0.24466301260655837,0.8923779929875328,30,1,0.36856824785384035,617,0.025679234865229283,0,AMBER,Reduce limit and contact customer
ACC-000366,0.35460255762312687,1.0768788550663333,90,2,0.572176207455256,513,0.3251196210307761,0,RED,Collections escalation
ACC-000367,0.6883150717523479,0.4803307782449646,0,0,-0.00765632985685194,738,0.01640300771873103,0,GREEN,Continue monitoring
ACC-000368,0.14000831626917026,1.1181416117227225,0,0,-0.16530629692518967,638,0.001611152973789613,0,GREEN,Continue monitoring
ACC-000369,0.24035973442766773,0.47717274007524213,0,0,0.2590578297369717,605,0.014937689722674842,0,GREEN,Continue monitoring
ACC-000370,0.46548503073787123,0.6154110370789674,0,0,0.22992465569325493,684,0.012509777366754305,0,GREEN,Continue monitoring
ACC-000371,0.29592042311500055,1.0581505722825766,60,1,0.24640130400070162,515,0.07078402565193395,0,RED,Collections escalation
ACC-000372,0.6306069577961946,0.5339551877525129,0,0,-0.2329898397815257,803,0.007747652316435863,0,GREEN,Continue monitoring
ACC-000373,0.6657501170889125,0.7171780136577992,0,1,0.008989055253363062,673,0.017078024818547772,0,GREEN,Continue monitoring
ACC-000374,0.11133574192699192,0.9343004301417368,15,0,-0.09446330582350307,727,0.0029155546325260197,0,GREEN,Continue monitoring
ACC-000375,0.6122054990734458,0.4368198310625209,7,3,0.23510423329188493,619,0.10257622652208392,0,GREEN,Continue monitoring
ACC-000376,0.3312601552774312,0.8837151528192688,0,0,0.1430407353806062,786,0.003170985683036639,0,GREEN,Continue monitoring
ACC-000377,0.6659594428126524,0.8711671099250116,15,0,-0.1605151762089595,552,0.019692561965601464,0,GREEN,Continue monitoring
ACC-000378,0.9565651674432444,0.9508788225789222,0,2,0.2650217986257124,665,0.03552564797968564,1,GREEN,Continue monitoring
ACC-000379,0.636484694654734,0.3690153600156746,0,0,0.036896058887876906,678,0.02488202601489203,0,GREEN,Continue monitoring
ACC-000380,0.6048187277597967,0.9486083329692888,15,0,-0.08094797131524528,603,0.013125735010145837,0,GREEN,Continue monitoring
ACC-000381,0.23105597284351453,0.5610741923314777,0,1,-0.08894001066252563,639,0.009956511893173418,0,GREEN,Continue monitoring
ACC-000382,0.8073641400442694,0.5612613282678403,0,0,0.30313287026203245,666,0.03302995257678277,0,GREEN,Continue monitoring
ACC-000383,0.4794396750290891,0.7692831052346472,0,0,-0.21964780794651323,473,0.012714136234924407,0,GREEN,Continue monitoring
ACC-000384,0.15834583446039946,0.7663372962474634,0,0,0.322803145569248,584,0.00784344533173899,0,GREEN,Continue monitoring
ACC-000385,0.705877452954289,0.8625875701139826,0,0,0.2341301963092624,594,0.01724912069671653,0,GREEN,Continue monitoring
ACC-000386,0.6758429406932689,0.3515465773194485,0,0,0.0875090036372905,623,0.03668741380973341,0,GREEN,Continue monitoring
ACC-000387,0.760947127647184,0.920298682222519,15,1,0.14864303132207407,577,0.0379783224961829,0,GREEN,Continue monitoring
ACC-000388,0.26616105499029213,0.8465138388002821,15,1,-0.3861636472848403,625,0.007293438433328901,0,GREEN,Continue monitoring
ACC-000389,0.6591697392627377,0.22930186467666497,0,0,0.33684346203942994,585,0.06943049768180284,0,GREEN,Continue monitoring
ACC-000390,0.24398284041492224,0.5074690480415832,7,1,-0.09496694744018047,643,0.014286956929954813,0,GREEN,Continue monitoring
ACC-000391,0.40486366189173384,0.5355491988940696,0,0,-0.0701431809343781,658,0.010323467123178543,0,GREEN,Continue monitoring
ACC-000392,0.2891651745887864,1.0912710043673166,30,0,0.7162936636315919,462,0.03595727495748328,0,AMBER,Reduce limit and contact customer
ACC-000393,0.2486914289760313,0.780106055153466,0,1,0.29814003466600913,705,0.0076571323973244915,0,GREEN,Continue monitoring
ACC-000394,0.5350998656450845,0.6732831544541881,0,0,-0.014126123697296628,652,0.010931334468905676,0,GREEN,Continue monitoring
ACC-000395,0.08426461307792874,0.8895187324840309,0,0,0.07015528150503844,638,0.0030971131240439664,0,GREEN,Continue monitoring
ACC-000396,0.6787141477622307,0.6168016807721828,0,0,0.19059737907604252,636,0.022325129153587992,0,GREEN,Continue monitoring
ACC-000397,0.252126036392568,0.9861000968283773,0,1,0.24577216683197595,692,0.004878824905217683,0,GREEN,Continue monitoring
ACC-000398,0.384689820037737,1.060160351367185,0,1,0.22615603868974038,693,0.005341798489003202,0,GREEN,Continue monitoring
ACC-000399,0.7579675759232786,0.43144045276440934,0,0,0.1587857944452758,506,0.06168489476856514,0,GREEN,Continue monitoring
ACC-000400,0.27365050285502274,0.4961774194125056,15,0,0.14633951275124302,662,0.018124393651911992,0,GREEN,Continue monitoring
ACC-000401,0.4040222914033116,0.6822456839744228,0,0,0.1221751492638569,589,0.012262351963456233,0,GREEN,Continue monitoring
ACC-000402,0.30443934740342227,0.7242548604338223,0,0,0.3171094726967755,616,0.010192536710197365,0,GREEN,Continue monitoring
ACC-000403,0.6803775412582649,0.4861453952214833,0,0,0.0986285224049615,662,0.02414633931446065,0,GREEN,Continue monitoring
ACC-000404,0.5363803960251325,0.7129927207152665,15,0,0.025926460561821088,850,0.008103122035849376,0,GREEN,Continue monitoring
ACC-000405,0.4863251472900764,0.8715864164211504,0,0,0.4133804336417284,623,0.011711831680706303,0,GREEN,Continue monitoring
ACC-000406,0.040056532725856804,0.5791548678167805,0,1,0.05987690063214816,627,0.007985911037561029,0,GREEN,Continue monitoring
ACC-000407,0.5315025992122215,0.7381015504359209,0,1,0.5375726146755924,609,0.02883325343822268,0,GREEN,Continue monitoring
ACC-000408,0.14953421166357256,0.9037155227927987,0,0,0.12041768394591201,619,0.0039307210404684245,0,GREEN,Continue monitoring
ACC-000409,0.4101089522698516,0.7742559936048649,15,4,0.31595066969892,605,0.07062633580002728,0,GREEN,Continue monitoring
ACC-000410,0.7651903217528171,0.8415572724209129,0,0,0.31755959203658335,661,0.01721134568794133,0,GREEN,Continue monitoring
ACC-000411,0.7606192279518416,0.6346259954388322,7,0,0.15523348041989118,656,0.028719046362269685,0,GREEN,Continue monitoring
ACC-000412,0.25054014936675184,0.9542069139414787,0,1,-0.2582768453486118,706,0.0027729506004700866,0,GREEN,Continue monitoring
ACC-000413,0.6668962963890542,0.6700041373011686,0,0,-0.042750236754411364,634,0.015062230785474319,0,GREEN,Continue monitoring
ACC-000414,0.34927422646376205,0.9045632506271274,0,0,-0.07339027360368586,616,0.004836470939955459,0,GREEN,Continue monitoring
ACC-000415,0.7956785371061862,0.9495958795509527,30,2,0.500155809737394,594,0.1158029726209008,0,AMBER,Reduce limit and contact customer
ACC-000416,0.3902301990761373,0.8908602489842038,0,0,-0.022831682951551663,629,0.005459287476565978,0,GREEN,Continue monitoring
ACC-000417,0.28527329411898106,0.8129685173757438,0,0,0.1065152971475246,662,0.005292845605925577,0,GREEN,Continue monitoring
ACC-000418,0.7019472174378886,0.7650815477352062,0,0,0.5526754352538007,559,0.03450976713783023,0,GREEN,Continue monitoring
ACC-000419,0.7312717138513252,0.5815464171446804,0,1,0.06415684385372464,579,0.03994553213082995,0,GREEN,Continue monitoring
ACC-000420,0.26948777243852196,0.9536428678384163,0,1,0.16561136270823842,589,0.007468039202626227,0,GREEN,Continue monitoring
ACC-000421,0.7501447236124072,0.7252880302436928,0,0,0.2871763815136824,611,0.02513710558816005,0,GREEN,Continue monitoring
ACC-000422,0.5456095651928211,1.175855623784318,60,2,0.37586607990724835,459,0.1669634116571202,0,RED,Collections escalation
ACC-000423,0.4455302997020299,0.6862039474947066,0,1,0.09838400899835213,580,0.018480746235375375,0,GREEN,Continue monitoring
ACC-000424,0.7040347792766859,0.5570359839539617,0,0,0.06472565188418004,728,0.016176328497582774,0,GREEN,Continue monitoring
ACC-000425,0.504045755241859,0.704311734406318,60,4,0.23638032736226383,722,0.23012870927840157,0,RED,Collections escalation
ACC-000426,0.5370119347475617,0.5213284995468872,0,1,0.08419154704708337,629,0.025870476180290904,0,GREEN,Continue monitoring
ACC-000427,0.5103812623899951,0.5676750731423674,15,0,-0.148285334076738,675,0.017243607815741243,0,GREEN,Continue monitoring
ACC-000428,0.09544927639868958,0.6722063071276959,0,1,0.12711336173371424,580,0.00952437453092914,0,GREEN,Continue monitoring
ACC-000429,0.22876523155782086,1.2,7,0,0.12128538071829374,595,0.0034181623700329906,0,GREEN,Continue monitoring
ACC-000430,0.4064247133794944,0.4816174612107674,0,1,0.015098804922692707,695,0.015361725941787028,0,GREEN,Continue monitoring
ACC-000431,0.465099097150592,0.6754922906164283,60,1,0.650604019622721,437,0.3538618207005468,1,RED,Collections escalation
ACC-000432,0.489546813049022,0.5055147168066852,0,0,0.42806780824511764,601,0.028804540308948398,0,GREEN,Continue monitoring
ACC-000433,0.08990501909260395,0.6600019970689142,0,0,0.10528395482899723,628,0.005625508204695575,0,GREEN,Continue monitoring
ACC-000434,0.7031092935885004,0.5225142786097848,30,4,0.7668321156380393,675,0.3446495965150182,0,AMBER,Reduce limit and contact customer
ACC-000435,0.18565490690401523,1.0343684453810074,30,4,0.34819451625066894,556,0.05414571593488564,0,AMBER,Reduce limit and contact customer
ACC-000436,0.26530467944618163,0.5735534113297199,0,0,0.26153732348928155,633,0.01145111140546075,0,GREEN,Continue monitoring
ACC-000437,0.03822977658874092,0.9373326953275991,0,1,0.12269744333598054,624,0.0039620806029345736,0,GREEN,Continue monitoring
ACC-000438,0.9015363169359395,0.7753844383983478,0,0,0.19046962806080936,536,0.037050293235982565,0,GREEN,Continue monitoring
ACC-000439,0.4211007551485444,0.9143496154718722,0,1,-0.06582927733907568,520,0.011243679203120003,0,GREEN,Continue monitoring
ACC-000440,0.5679608063889919,0.7370771151813287,0,1,0.1348778974249459,637,0.01772001606999449,0,GREEN,Continue monitoring
ACC-000441,0.384877259507011,0.8795309774157558,0,0,-0.02585564345154104,619,0.005731782542429424,0,GREEN,Continue monitoring
ACC-000442,0.4511899540179371,0.9518037782069354,0,1,0.08909641901085308,691,0.006689976826579336,0,GREEN,Continue monitoring
ACC-000443,0.07978116041013797,0.8098681121933837,30,3,0.6933976600344157,526,0.08310804711701406,0,AMBER,Reduce limit and contact customer
ACC-000444,0.6163708381248525,0.542072577377933,90,2,0.3433260720592113,569,0.6245362040903554,1,RED,Collections escalation
ACC-000445,0.6164474574513461,0.8796065408141658,0,0,0.21436153181955891,719,0.008211764630220648,0,GREEN,Continue monitoring
ACC-000446,0.26770569762393753,0.7827907750596311,90,1,0.4096848061417265,543,0.28847526960575365,0,RED,Collections escalation
ACC-000447,0.3364268172028491,0.9020179769131849,0,2,-0.013739178596409163,617,0.009723948166978066,0,GREEN,Continue monitoring
ACC-000448,0.4496768451197607,0.6131659384310832,90,3,0.7150322142938689,470,0.7606006821872205,1,RED,Collections escalation
ACC-000449,0.4106886400351638,0.8096114645086144,60,3,0.31951950252097217,544,0.23910063435889517,0,RED,Collections escalation
ACC-000450,0.4225193011948457,0.992411015774458,7,0,0.19618261077988447,585,0.009126411544932827,0,GREEN,Continue monitoring
ACC-000451,0.7955754186906157,0.46613460184574534,60,4,0.6098858948437901,488,0.7844643413127746,1,RED,Collections escalation
ACC-000452,0.5127589884308155,0.6002798660527091,0,0,0.1111494348842799,654,0.013997024365055222,0,GREEN,Continue monitoring
ACC-000453,0.2436013964219261,0.5984516645161242,90,0,0.33424185635618675,637,0.2071672953317015,0,RED,Collections escalation
ACC-000454,0.546306254230204,0.8121315936734864,0,0,0.347706356492949,634,0.01343552610811662,0,GREEN,Continue monitoring
ACC-000455,0.35705526373354973,0.5753247562283001,0,0,-0.0027993703101791695,639,0.009962190696971102,0,GREEN,Continue monitoring
ACC-000456,0.3682689282001551,0.8243753498997332,30,2,0.6040198753320742,532,0.09225926658811599,0,AMBER,Reduce limit and contact customer
ACC-000457,0.7498213050447193,0.5031234391852668,0,0,0.08353862858028605,574,0.03718309509982959,0,GREEN,Continue monitoring
ACC-000458,0.4906105321716982,0.9326910748191861,0,1,0.0673740543315994,527,0.014149698283351133,0,GREEN,Continue monitoring
ACC-000459,0.23355033736061825,0.7451775478765392,60,4,0.3343707322944103,592,0.2251523345537502,0,RED,Collections escalation
ACC-000460,0.388934145626527,0.40686668676571675,0,0,-0.2521723533705887,790,0.006372817887175468,0,GREEN,Continue monitoring
ACC-000461,0.3638789283267931,1.0708653975635296,0,1,-0.04662541229229311,642,0.004464596671177371,0,GREEN,Continue monitoring
ACC-000462,0.4507594420953964,0.5041559969242831,0,0,0.012357310521490264,744,0.00949556873612365,0,GREEN,Continue monitoring
ACC-000463,0.4074090091719193,0.8778441323838794,0,0,0.15586644794155652,604,0.007899701951171097,0,GREEN,Continue monitoring
ACC-000464,0.21839654960388544,0.5587641290745196,0,1,0.18853003402592686,550,0.018940550078961192,0,GREEN,Continue monitoring
ACC-000465,0.39859004600631576,0.9872038883615262,0,0,0.17416580806252757,659,0.005011568112659756,0,GREEN,Continue monitoring
ACC-000466,0.7190238163098213,0.3070505981886929,0,1,1.390368552786625e-05,610,0.05755782294050789,0,GREEN,Continue monitoring
ACC-000467,0.21889954172374798,0.9596226036108905,0,0,0.32831253163078844,625,0.00499015937402036,0,GREEN,Continue monitoring
ACC-000468,0.16851788243704668,0.6174944401510468,0,0,0.08885752034346721,704,0.005268161767109804,0,GREEN,Continue monitoring
ACC-000469,0.11208808568699649,0.6897913790106214,30,3,0.43609544877572676,433,0.11995759008273042,1,AMBER,Reduce limit and contact customer
ACC-000470,0.5828238350651372,0.7326948465251589,15,1,-0.19600667548366651,682,0.01785724587088846,0,GREEN,Continue monitoring
ACC-000471,0.5874519364354356,0.6982191108102893,7,1,-0.1944047266822308,506,0.029447477313650824,0,GREEN,Continue monitoring
ACC-000472,0.6553821374854167,0.8051332487007686,0,0,0.1913190413226959,571,0.01830647351379066,0,GREEN,Continue monitoring
ACC-000473,0.3269413851588269,0.6620365218912742,0,0,0.1469082610431761,535,0.013892833840592386,0,GREEN,Continue monitoring
ACC-000474,0.5499501691148401,1.0746954850278474,0,1,-0.012452903578712482,666,0.006173353863131491,0,GREEN,Continue monitoring
ACC-000475,0.7026630019639444,0.7259132014523572,7,1,-0.048877771919702745,565,0.03275806131960988,0,GREEN,Continue monitoring
ACC-000476,0.1992926510167507,1.1719170450805008,0,1,0.249587029503276,614,0.003980119625965388,0,GREEN,Continue monitoring
ACC-000477,0.8107292311332478,0.6812582633617978,0,2,0.33844671883041333,513,0.0894381016064821,0,GREEN,Continue monitoring
ACC-000478,0.5859351841660434,0.8381730339497193,15,0,0.11845925297393496,622,0.01866451824207019,0,GREEN,Continue monitoring
ACC-000479,0.5248817847307362,0.7842683798020109,0,0,0.19473450266396974,616,0.012324576814905043,0,GREEN,Continue monitoring
ACC-000480,0.3716975080712871,0.7240264370262519,15,1,0.3082305938850911,564,0.03286759082696002,0,GREEN,Continue monitoring
ACC-000481,0.20073740198118395,1.100026170476235,0,0,0.016693656102612267,628,0.0024375746531217924,0,GREEN,Continue monitoring
ACC-000482,0.7512948567775927,0.9500382079295024,0,1,0.015651526118219405,502,0.02430266769335493,0,GREEN,Continue monitoring
ACC-000483,0.4173460993242112,0.7566852825053605,90,3,0.5839128772892996,622,0.5032114195343718,1,RED,Collections escalation
ACC-000484,0.35602075517528176,0.5375859721032292,0,1,0.13817604625046317,669,0.015578803459955642,0,GREEN,Continue monitoring
ACC-000485,0.606536690046624,0.9667274655365925,0,0,0.17783399224379914,747,0.005726853675828822,0,GREEN,Continue monitoring
ACC-000486,0.38560855884688033,0.2990735044158422,0,0,0.5075612106871761,735,0.02353628552253581,0,GREEN,Continue monitoring
ACC-000487,0.4947592031884105,0.6973614634749015,0,0,0.4293261178120541,633,0.017001913399253017,0,GREEN,Continue monitoring
ACC-000488,0.2172983465383696,1.0209225373689181,0,1,0.11884863848980985,596,0.005331097265949218,0,GREEN,Continue monitoring
ACC-000489,0.7782845938672618,0.7532062132587666,0,1,0.2590454949078249,731,0.021002052263083715,0,GREEN,Continue monitoring
ACC-000490,0.8338601138625987,0.6124551942034695,0,0,0.1066046229353086,702,0.02175969441947941,0,GREEN,Continue monitoring
ACC-000491,0.6442569699313686,0.8452055916097344,0,2,0.2412357064414758,644,0.024949746191933183,0,GREEN,Continue monitoring
ACC-000492,0.6649816703787989,0.4433412892272214,0,0,-0.01909051396693512,551,0.034615140855139566,0,GREEN,Continue monitoring
ACC-000493,0.5526244747531868,0.3536539855606906,0,0,-0.008275441326083655,639,0.024024835068258168,0,GREEN,Continue monitoring
ACC-000494,0.69777088449888,0.9620497558567096,30,3,0.2776381322527272,509,0.13579128236434168,0,AMBER,Reduce limit and contact customer
ACC-000495,0.7593002609175329,0.5810164457961299,0,1,-0.06934831943155328,663,0.026380370214028424,0,GREEN,Continue monitoring
ACC-000496,0.1274929774583442,1.0245003686206502,0,1,-0.2899683086105357,629,0.002401864064662037,0,GREEN,Continue monitoring
ACC-000497,0.5737150966933616,0.6960151549225685,7,1,0.297578715734268,705,0.022959401678128016,0,GREEN,Continue monitoring
ACC-000498,0.5223256073627436,0.5308600116340088,0,0,0.1780867592236765,648,0.018341339315240686,0,GREEN,Continue monitoring
ACC-000499,0.10323284034896922,0.8790155683976559,90,1,0.6160562943452503,539,0.23057494269963252,0,RED,Collections escalation
ACC-000500,0.6149316999310934,0.7200117171293207,0,0,0.3273583065881359,682,0.015288408362581486,0,GREEN,Continue monitoring
ACC-000501,0.6435830145222824,0.7275473639325952,0,1,0.33924366777039233,602,0.03056011404893449,0,GREEN,Continue monitoring
ACC-000502,0.15550148105081757,1.0266356251693012,0,0,0.1725792219538344,637,0.0030092831920608756,0,GREEN,Continue monitoring
ACC-000503,0.500882700995028,0.5158046028190456,7,0,0.06263376660932884,655,0.019668868649453806,0,GREEN,Continue monitoring
ACC-000504,0.28823907249361785,0.8736222029855418,0,0,0.24244314975991693,645,0.005834376338655836,0,GREEN,Continue monitoring
ACC-000505,0.6376209697281894,0.7220355662777715,0,0,0.5534314677644769,566,0.03227530941593025,0,GREEN,Continue monitoring
ACC-000506,0.6794910183056302,0.7387931429220165,30,2,0.3278849846687656,721,0.0745649534157345,0,AMBER,Reduce limit and contact customer
ACC-000507,0.23005919336005698,0.9363603925822069,60,1,0.6109264184852738,570,0.09569202930237003,0,RED,Collections escalation
ACC-000508,0.26590927871978437,0.7445918836581862,0,0,-0.044432520225095445,546,0.007867019883443703,0,GREEN,Continue monitoring
ACC-000509,0.6064004362015086,0.6611965678351511,30,1,0.5569208067700282,465,0.1762453782043736,0,AMBER,Reduce limit and contact customer
ACC-000510,0.6567390403136275,0.4319919214167616,0,1,-0.03528237470879267,732,0.023399102364675732,0,GREEN,Continue monitoring
ACC-000511,0.6023552338540639,1.0753082669525877,15,0,-0.3778620374115303,605,0.007025860838383976,0,GREEN,Continue monitoring
ACC-000512,0.7228145541202454,0.8688360947334031,0,0,-0.018653927867821635,604,0.012685944327790924,0,GREEN,Continue monitoring
ACC-000513,0.5960348762297069,0.7051328913619254,0,0,0.28415251781656997,597,0.020150286625460947,0,GREEN,Continue monitoring
ACC-000514,0.35024457021375954,0.35272467311704014,15,0,-0.10960514494973811,626,0.024935213636025553,0,GREEN,Continue monitoring
ACC-000515,0.5448992774206681,0.7713010896180117,0,0,0.16312271118521926,656,0.010868537937805482,0,GREEN,Continue monitoring
ACC-000516,0.5443249807278474,0.611647682400894,90,0,0.5743563613545436,498,0.5236985277020346,0,RED,Collections escalation
ACC-000517,0.3781750352846063,0.619812309821371,15,1,0.4200951110432518,614,0.0388674881905102,0,GREEN,Continue monitoring
ACC-000518,0.20159859814372405,0.7219905434445262,7,0,0.07034354857309974,613,0.00805178176684632,0,GREEN,Continue monitoring
ACC-000519,0.6236238268241535,0.5837502249819043,0,0,0.1957747368573241,724,0.015250711477260207,0,GREEN,Continue monitoring
ACC-000520,0.6215734934470959,0.4187945843369565,0,0,0.22077803704013751,643,0.03061888705636383,0,GREEN,Continue monitoring
ACC-000521,0.583528635244105,1.1075205985224084,7,0,-0.022628129715496187,708,0.00475014308482769,0,GREEN,Continue monitoring
ACC-000522,0.2652543275002729,0.8678657834975592,7,1,0.3483887677028462,687,0.009510781262220193,0,GREEN,Continue monitoring
ACC-000523,0.6530953133246798,0.6182167814460272,0,0,0.44210896213257056,679,0.023686670962156375,0,GREEN,Continue monitoring
ACC-000524,0.11773326105712084,0.854252830730662,0,0,0.03733572193238427,662,0.0031444785268493914,0,GREEN,Continue monitoring
ACC-000525,0.5816373708673064,0.8276578358320948,0,0,0.277127119722248,684,0.01055460095515231,0,GREEN,Continue monitoring
ACC-000526,0.11946962709881978,0.7754976189003807,0,0,0.23189903381307458,583,0.006428696252693208,0,GREEN,Continue monitoring
ACC-000527,0.26977685812362806,0.9056878070972003,60,1,0.6532594228846751,638,0.08969281839831678,0,RED,Collections escalation
ACC-000528,0.514136691611023,1.027251870804336,0,1,0.4503513845269036,643,0.011828529150604858,0,GREEN,Continue monitoring
ACC-000529,0.5921572735732734,0.47787130607667716,0,0,0.21620479288862565,636,0.025996132831767306,0,GREEN,Continue monitoring
ACC-000530,0.2121093799233509,0.8686052221210986,0,0,0.4865728430910379,636,0.0068704646106520625,0,GREEN,Continue monitoring
ACC-000531,0.5310088804906384,0.6090142952888931,0,0,0.2841900615207642,715,0.013646309320287242,0,GREEN,Continue monitoring
ACC-000532,0.3827257658998664,0.9007574959125842,0,0,-0.1536774080498069,646,0.004239645462235385,0,GREEN,Continue monitoring
ACC-000533,0.2967000238655735,0.804308904297175,0,1,0.23818216612872156,640,0.009723383131728994,0,GREEN,Continue monitoring
ACC-000534,0.32192515003453764,0.7378316883141587,7,0,0.1474068531987047,606,0.011206322681474545,0,GREEN,Continue monitoring
ACC-000535,0.8621139686290801,0.671829659713355,0,0,0.09600994287715195,708,0.019661688069174604,0,GREEN,Continue monitoring
ACC-000536,0.4684764255489396,0.7386973035823394,0,0,0.11088599721497176,607,0.011404854022199954,0,GREEN,Continue monitoring
ACC-000537,0.21824588848983076,1.1267411766625564,7,1,-0.4,569,0.0033284986253617607,0,GREEN,Continue monitoring
ACC-000538,0.4398898323938753,1.116490747293708,0,0,0.24155337682700387,681,0.004070164454131108,0,GREEN,Continue monitoring
ACC-000539,0.5081206299906743,0.7595114718589071,0,0,0.0055438190399899195,675,0.00800919935469008,0,GREEN,Continue monitoring
ACC-000540,0.8282801883385749,0.9250158167689341,15,1,0.036259922173659434,689,0.02468298363343016,0,GREEN,Continue monitoring
ACC-000541,0.3832915606742837,0.7774087701001067,60,1,0.44382529484611444,665,0.10478351282188769,0,RED,Collections escalation
ACC-000542,0.13094819162469815,0.6673817465376819,0,0,0.07037046973431921,616,0.006077983923103597,0,GREEN,Continue monitoring
ACC-000543,0.5191934396198205,0.7111956167092832,0,2,-0.010933061168103914,579,0.025009376855960608,0,GREEN,Continue monitoring
ACC-000544,0.18191123607605053,1.0133865872041494,7,1,-0.11048018474420199,581,0.005247105599187724,0,GREEN,Continue monitoring
ACC-000545,0.3094348119911071,0.9627367857071121,0,0,-0.04413747826273684,656,0.003451891204087499,0,GREEN,Continue monitoring
ACC-000546,0.21429400856655156,0.774840806450233,0,0,-0.15875948688825992,599,0.004694396965233994,0,GREEN,Continue monitoring
ACC-000547,0.30747937134461967,0.9190063696822639,0,0,0.43443576721244376,662,0.006391248091615743,0,GREEN,Continue monitoring
ACC-000548,0.5423438872231763,0.7268317832640916,15,0,0.42730200710805827,687,0.02378904874332965,0,GREEN,Continue monitoring
ACC-000549,0.5920196064083517,0.6671271315251971,0,0,0.11351735940068393,573,0.01971190046545627,0,GREEN,Continue monitoring
ACC-000550,0.16237218167761755,1.0557290433181987,0,0,0.10050044773893424,607,0.002965528757485117,0,GREEN,Continue monitoring
ACC-000551,0.39790166944914246,0.7013433385115581,7,1,0.4023632571936314,668,0.020586122198630565,0,GREEN,Continue monitoring
ACC-000552,0.8268473261114653,0.9001256691655577,0,0,0.14336255165807116,781,0.008807485754315789,0,GREEN,Continue monitoring
ACC-000553,0.5270624793149362,0.8741370967139956,15,0,0.19186153435046505,652,0.01474102621246313,0,GREEN,Continue monitoring
ACC-000554,0.7481217880164327,0.6401123337173834,0,0,-0.018196509608916,672,0.016805811128160042,0,GREEN,Continue monitoring
ACC-000555,0.45591306032002543,0.9508773392317169,0,1,-0.23486704955277343,739,0.0038606542623264204,0,GREEN,Continue monitoring
ACC-000556,0.6446602217273175,0.8103793321830983,15,0,-0.013922023756616053,629,0.018726797119317004,0,GREEN,Continue monitoring
ACC-000557,0.46939157209212035,0.9854351663275653,90,4,0.46792100102980383,623,0.4526619534981376,1,RED,Collections escalation
ACC-000558,0.38890289531265065,0.7961422485302644,15,1,0.262102887994216,651,0.019780405579668054,0,GREEN,Continue monitoring
ACC-000559,0.3864505884862372,0.697067026126788,0,0,0.09404544431146575,620,0.009781044908460554,0,GREEN,Continue monitoring
ACC-000560,0.45860144404227215,0.6038289989372431,90,2,0.34407334583817395,547,0.5320764628907574,1,RED,Collections escalation
ACC-000561,0.35254877778150595,0.8631877600031868,0,0,-0.06262889679235212,635,0.004996159404961594,0,GREEN,Continue monitoring
ACC-000562,0.3894914695235146,0.5745366729411726,15,0,0.10328161023464133,618,0.02192062554848244,0,GREEN,Continue monitoring
ACC-000563,0.45564191421760897,1.1697001460574512,0,0,0.0745688655148407,640,0.0036418295867700207,0,GREEN,Continue monitoring
ACC-000564,0.5714516698167278,0.7802856174541618,0,1,0.036913528867907136,630,0.014947986727533464,0,GREEN,Continue monitoring
ACC-000565,0.41790295832328517,0.3722160785731727,0,1,0.257755176010746,684,0.027339301052051415,0,GREEN,Continue monitoring
ACC-000566,0.8215493536248072,0.48527027221606517,90,0,0.6134522340930131,544,0.6933363931755622,1,RED,Collections escalation
ACC-000567,0.4906878499916396,0.5748766368523229,60,3,0.41268288524787355,590,0.36591675217452097,1,RED,Collections escalation
ACC-000568,0.6519741069122801,0.8040002835223401,0,0,-0.07125931529226265,543,0.015140732756626522,0,GREEN,Continue monitoring
ACC-000569,0.3852951692752261,0.9439489231887187,0,0,0.020598723307650627,513,0.008017114721631814,0,GREEN,Continue monitoring
ACC-000570,0.5438625027347366,0.9283687485338259,7,0,0.19935526152348543,613,0.012115517701105988,0,GREEN,Continue monitoring
ACC-000571,0.6425276292489304,0.714251196411121,0,1,-0.08217045261142733,672,0.014803039482499503,0,GREEN,Continue monitoring
ACC-000572,0.33763518317871727,1.0853114647038975,0,0,-0.03529491964417342,751,0.001933601294688813,0,GREEN,Continue monitoring
ACC-000573,0.1780801329426854,0.8701388602976452,0,0,0.19027462240395204,653,0.004246541726360863,0,GREEN,Continue monitoring
ACC-000574,0.3169355619044333,0.9347821320229557,7,0,0.25831586799355843,551,0.010213303558362466,0,GREEN,Continue monitoring
ACC-000575,0.7114919083294747,0.6165178181360151,0,1,-0.03155725951762817,599,0.029748293117024163,0,GREEN,Continue monitoring
ACC-000576,0.3712683129310257,1.0432935084013013,0,1,0.5455946719286273,657,0.008925670077872299,0,GREEN,Continue monitoring
ACC-000577,0.1602443569117979,0.9453713964819884,0,1,0.14670442858436966,714,0.003607387304211956,0,GREEN,Continue monitoring
ACC-000578,0.3942439504325687,0.8438643298276822,30,5,0.7253843468335204,648,0.16693690355860363,0,AMBER,Reduce limit and contact customer
ACC-000579,0.6609052775075337,0.7301370792803636,0,0,-0.08786921138817369,623,0.012937727586035098,0,GREEN,Continue monitoring
ACC-000580,0.3888603500307963,0.5882304802121976,0,0,0.031061232237410905,586,0.013301569922078267,1,GREEN,Continue monitoring
ACC-000581,0.8582573169126393,0.48729221445068077,0,0,-0.003803476777476028,710,0.025648361220192508,0,GREEN,Continue monitoring
ACC-000582,0.3367344948121369,1.0046858144945257,0,0,0.3146671169337957,794,0.0029000366376299175,0,GREEN,Continue monitoring
ACC-000583,0.7081955999644896,0.8168033520353734,60,1,0.49696963718088494,590,0.23329536323018327,0,RED,Collections escalation
ACC-000584,0.1967510453542289,0.8763613996548428,30,2,0.39134070989433783,631,0.032332514738348486,0,AMBER,Reduce limit and contact customer
ACC-000585,0.4086857576768519,0.8720960503340961,0,0,0.3390829136963979,489,0.015525137665093294,0,GREEN,Continue monitoring
ACC-000586,0.683185542516167,0.786183345534998,0,0,0.21628339036686234,633,0.016284285977464494,0,GREEN,Continue monitoring
ACC-000587,0.591787478509754,0.7275991381750617,0,0,0.20911790829468474,571,0.019384573910624134,0,GREEN,Continue monitoring
ACC-000588,0.6026150062006006,0.563717387086298,0,0,0.20665675031709507,737,0.014652632226565659,0,GREEN,Continue monitoring
ACC-000589,0.7524564813981998,0.5136534945923243,15,0,0.06805677962439072,647,0.04485208636026858,0,GREEN,Continue monitoring
ACC-000590,0.6339627367414141,0.4915881704589295,60,5,0.5503746760085937,696,0.581443320940968,1,RED,Collections escalation
ACC-000591,0.5765174095521551,1.0704691436402776,0,0,0.2508444147083009,609,0.008050104833627994,0,GREEN,Continue monitoring
ACC-000592,0.565723110870581,0.9474017922067501,0,0,0.06219525482751622,542,0.010837347177464594,0,GREEN,Continue monitoring
ACC-000593,0.33346227537310713,0.9644224753290908,0,0,0.04268904164324697,660,0.003940967299492091,0,GREEN,Continue monitoring
ACC-000594,0.5900873687643133,0.8816000264907634,0,1,0.14068735700209747,562,0.01837628387014324,0,GREEN,Continue monitoring
ACC-000595,0.38573436798905164,0.4715329441010755,0,0,0.019577715909913612,631,0.014059372306964175,0,GREEN,Continue monitoring
ACC-000596,0.2484730248608847,0.907864268902402,0,0,-0.04163685897084882,704,0.002835285562583358,0,GREEN,Continue monitoring
ACC-000597,0.23068774838006256,0.7179224334804,0,0,-0.03677957931960421,681,0.004563042682938978,0,GREEN,Continue monitoring
ACC-000598,0.88059403478345,0.720622583276215,60,1,0.4769184089640665,539,0.39263615025286297,0,RED,Collections escalation
ACC-000599,0.5403144641108858,0.5352663938131677,0,1,0.017262250911486407,694,0.01811451866825246,0,GREEN,Continue monitoring
ACC-000600,0.34314318954286666,0.761941871200663,30,0,0.2391609210963104,482,0.04386302200716608,0,AMBER,Reduce limit and contact customer
ACC-000601,0.3994208557014344,0.6743018615367968,0,0,0.28473056273188724,672,0.010674481508561234,0,GREEN,Continue monitoring
ACC-000602,0.6573175000136737,0.9842606845969458,60,4,0.21835247078128028,530,0.31971819192741774,1,RED,Collections escalation
ACC-000603,0.39001144445120434,0.8216699626824536,0,0,-0.09196772081733093,664,0.005098433654757904,0,GREEN,Continue monitoring
ACC-000604,0.6478839001715554,0.9127099439918107,90,2,0.4596617439630886,550,0.49243635614554004,1,RED,Collections escalation
ACC-000605,0.5319174532453619,0.890035277630776,7,1,0.052113812147127625,553,0.01909597844108508,0,GREEN,Continue monitoring
ACC-000606,0.18103495618523213,0.8173365336291178,15,0,0.12319103384579297,600,0.009260494409693266,0,GREEN,Continue monitoring
ACC-000607,0.7208279017178546,0.5327916502013365,60,4,0.49321843967220963,611,0.5892624933912326,1,RED,Collections escalation
ACC-000608,0.6118832057795891,0.5524501093200179,0,0,0.09768405033329339,717,0.014662909490868249,0,GREEN,Continue monitoring
ACC-000609,0.41906335773190717,0.48197712609646687,0,0,-0.31829736854234303,596,0.011494178747155063,0,GREEN,Continue monitoring
ACC-000610,0.45153065297902095,0.9830909984424604,0,1,-0.16140564521548273,574,0.007466416378387511,0,GREEN,Continue monitoring
ACC-000611,0.47196905703096315,0.4081608885265345,0,1,0.08051062839283393,579,0.03488089202012895,0,GREEN,Continue monitoring
ACC-000612,0.4424516156379755,1.0656541493838378,0,1,-0.034723438560877284,662,0.004981256433296438,0,GREEN,Continue monitoring
ACC-000613,0.3319298756682057,0.7527510808518678,0,1,-0.005949418725115896,691,0.007231580775501437,0,GREEN,Continue monitoring
ACC-000614,0.038052609622856656,0.9973401722509222,0,0,0.04833092668523159,537,0.0032369582049140153,0,GREEN,Continue monitoring
ACC-000615,0.8310424177629087,1.0789064673428876,0,0,-0.07407529097950552,641,0.008158839096728666,1,GREEN,Continue monitoring
ACC-000616,0.3113474226018797,0.7670843794774473,0,1,-0.0315090677001191,515,0.01310869677166956,0,GREEN,Continue monitoring
ACC-000617,0.3860290565661969,0.9353825563330188,0,0,0.05755321572775439,587,0.006366574528477464,0,GREEN,Continue monitoring
ACC-000618,0.6210682311350542,0.7181421153374582,0,1,-0.029487126686748827,564,0.02280463154142945,1,GREEN,Continue monitoring
ACC-000619,0.2329565591070826,0.8459041712804267,30,1,0.44306703798635716,530,0.042108775424868045,0,AMBER,Reduce limit and contact customer
ACC-000620,0.18144317107308172,0.5318553098036827,0,0,-0.062433739377830644,618,0.007716710706617026,0,GREEN,Continue monitoring
ACC-000621,0.6168814017742528,0.5674534692842484,0,0,0.3703795870378996,504,0.04452118924791416,0,GREEN,Continue monitoring
ACC-000622,0.6699344246212496,0.6075624221764455,0,0,0.20077312579606982,633,0.022893241374019446,0,GREEN,Continue monitoring
ACC-000623,0.3081117773657449,0.9863939296902661,0,0,0.3619442438895156,658,0.005167767242840952,0,GREEN,Continue monitoring
ACC-000624,0.2714904480199948,0.6955868769616094,15,1,0.008595019808428875,731,0.010540405669104608,0,GREEN,Continue monitoring
ACC-000625,0.18642475087208282,0.9030496583916585,0,1,0.2709442784087138,695,0.005191411841686659,0,GREEN,Continue monitoring
ACC-000626,0.6524292401602824,0.6385971122267687,0,0,0.21279903416180834,702,0.015982961268774125,0,GREEN,Continue monitoring
ACC-000627,0.36291114342500236,0.8726929413667468,90,0,0.253358249769662,541,0.19773804329481312,0,RED,Collections escalation
ACC-000628,0.09862103219185689,0.8840860815583029,60,3,0.43115938619078675,659,0.09027543951412079,1,RED,Collections escalation
ACC-000629,0.1475075158595071,0.8326981707774948,90,3,0.25737998461212264,576,0.2861873162149524,1,RED,Collections escalation
ACC-000630,0.14956521961208213,0.9402455459206065,0,1,0.10858506308518939,579,0.005847366268394258,0,GREEN,Continue monitoring
ACC-000631,0.4829240568722967,0.5827494165746152,0,1,-0.003931514325213548,666,0.015840523061582918,0,GREEN,Continue monitoring
ACC-000632,0.19226016370687501,0.8041884758390202,7,0,0.1469723309222164,554,0.009125461288120026,0,GREEN,Continue monitoring
ACC-000633,0.47647949211537355,0.8374873665623555,60,2,0.5902891790873134,558,0.2394050404210602,0,RED,Collections escalation
ACC-000634,0.5423807075703158,0.7282722375258229,60,2,0.4291015910852015,697,0.17950387647329738,0,RED,Collections escalation
ACC-000635,0.37446011453540445,0.8910441767736055,7,1,0.2553153846115271,698,0.00978029799758479,0,GREEN,Continue monitoring
ACC-000636,0.35002614856601,1.0812303862312573,0,0,0.25929850278226263,582,0.005515020398715713,0,GREEN,Continue monitoring
ACC-000637,0.43179212217097634,0.8565230902616335,0,1,-0.07530094392622566,640,0.008042617628771146,0,GREEN,Continue monitoring
ACC-000638,0.2542445057210113,0.7474555345337677,0,1,0.1541480706215126,653,0.008673849534191638,0,GREEN,Continue monitoring
ACC-000639,0.17614739828958711,0.6722484745878898,0,1,0.056655504498519485,552,0.011616763165382356,0,GREEN,Continue monitoring
ACC-000640,0.17485230753569383,1.1457873831272174,0,0,0.3250676040312509,728,0.0019986250857407647,0,GREEN,Continue monitoring
ACC-000641,0.27548703340882835,0.8376871127981095,0,0,0.12356336823624514,687,0.004535222339378845,0,GREEN,Continue monitoring
ACC-000642,0.4446290332865264,0.7565732533277388,30,1,0.12347099962199726,534,0.05377875855871874,0,AMBER,Reduce limit and contact customer
ACC-000643,0.3136861229213767,0.7516067021078198,15,0,0.1328788334272513,697,0.009685042270361125,0,GREEN,Continue monitoring
ACC-000644,0.6966357338377558,0.8976157844218017,15,0,0.07492196355881361,756,0.011589729179794605,0,GREEN,Continue monitoring
ACC-000645,0.15253550033604174,0.8806905900073291,0,1,0.11091082081225961,624,0.005618976661136425,0,GREEN,Continue monitoring
ACC-000646,0.33176879336801074,0.7534364344681254,0,0,0.45877852044616363,643,0.010703690922483496,0,GREEN,Continue monitoring
ACC-000647,0.5502044589933388,0.8469107756051226,7,0,0.44209043431955664,710,0.013198306047423966,0,GREEN,Continue monitoring
ACC-000648,0.6642307602751574,0.4762091071963501,0,1,0.24269414238508996,726,0.030225738561287765,0,GREEN,Continue monitoring
ACC-000649,0.4919245768209893,0.9704803833573576,0,0,0.041151674445661715,624,0.006233220561083797,0,GREEN,Continue monitoring
ACC-000650,0.5748668881864264,0.6867107716179376,30,2,0.6877797574058271,646,0.12916497041540448,0,AMBER,Reduce limit and contact customer
ACC-000651,0.7006931817991623,0.5996305585576522,7,1,0.18883963718402716,679,0.035786063637209375,0,GREEN,Continue monitoring
ACC-000652,0.18061031335893846,0.9958792790761413,7,0,0.15788297344207955,613,0.004684123038607065,0,GREEN,Continue monitoring
ACC-000653,0.5737744857104616,0.7316911542447131,15,0,0.43105381773995716,587,0.037183684406529985,0,GREEN,Continue monitoring
ACC-000654,0.433186407890586,0.48061221765509343,0,0,-0.22569400650805232,624,0.011829594991748418,0,GREEN,Continue monitoring
ACC-000655,0.6193857642087546,0.8145876834907361,7,1,-0.03995278297277652,850,0.007522330626458973,0,GREEN,Continue monitoring
ACC-000656,0.3915088261439265,0.7948268560066678,90,2,0.87898012051862,763,0.33591642974356045,1,RED,Collections escalation
ACC-000657,0.5770501486459579,0.9740449774384676,7,0,-0.2820114771659832,666,0.005510977870783098,0,GREEN,Continue monitoring
ACC-000658,0.6365029186224435,0.5134598843808045,0,0,-0.3205120596685012,628,0.014819686337500878,0,GREEN,Continue monitoring
ACC-000659,0.6589700170533154,0.6953263731087508,0,0,-0.028568967731265493,672,0.012282551148995846,0,GREEN,Continue monitoring
ACC-000660,0.6635887339414679,0.5675867362702542,0,0,0.4589997815459255,598,0.037602555850260753,1,GREEN,Continue monitoring
ACC-000661,0.37958323812072614,0.6136302382248929,60,1,0.738668502413525,625,0.21520799584381056,0,RED,Collections escalation
ACC-000662,0.38342293871399463,0.7960942408210671,0,1,-0.043567496761706154,677,0.007431610652820569,0,GREEN,Continue monitoring
ACC-000663,0.5034548894939784,0.6874414688748385,7,0,0.22823314837064052,645,0.017156717906781978,0,GREEN,Continue monitoring
ACC-000664,0.27163565256660915,0.5054130061873277,0,1,0.4487569251784884,565,0.02999291214905349,0,GREEN,Continue monitoring
ACC-000665,0.8754919145440756,0.738477317330313,0,0,0.2920339841827254,668,0.0254850681397009,0,GREEN,Continue monitoring
ACC-000666,0.5347447632261043,1.0492043526671075,15,0,0.06184283423937071,607,0.010564928795424712,0,GREEN,Continue monitoring
ACC-000667,0.18504214536967145,1.0373329548015948,0,0,0.2769988319644411,650,0.0033462826043670975,0,GREEN,Continue monitoring
ACC-000668,0.7400380098073488,0.7730050679712048,0,2,-0.0917130850876687,618,0.026949340165739962,0,GREEN,Continue monitoring
ACC-000669,0.691722414674212,0.494443467993677,7,0,-0.10982035802187981,616,0.02920770129238111,0,GREEN,Continue monitoring
ACC-000670,0.08938287380863669,0.6046289124405482,0,0,0.24232340640954034,655,0.006652946933284334,0,GREEN,Continue monitoring
ACC-000671,0.5059574726834387,0.9074120971236356,0,1,0.023408183492200973,626,0.009939740194589805,0,GREEN,Continue monitoring
ACC-000672,0.36045225778170653,0.6290761563909377,0,0,0.04161060615524417,622,0.010049052791150289,0,GREEN,Continue monitoring
ACC-000673,0.0423256834249048,0.843333423375334,15,0,-0.2208713347892447,760,0.002337023343329419,0,GREEN,Continue monitoring
ACC-000674,0.18128308110157587,0.9194017039488972,0,0,0.1487794375720094,702,0.003019138077908661,1,GREEN,Continue monitoring
ACC-000675,0.853253173902765,0.6600456851641454,0,1,-0.06007461873469036,665,0.027119956148990706,0,GREEN,Continue monitoring
ACC-000676,0.4535784500664384,0.7433677244071423,0,0,0.20627175210624574,567,0.014261251892397785,0,GREEN,Continue monitoring
ACC-000677,0.28721365196177856,0.9801074787526762,0,0,0.04266343858406574,586,0.0046305966738884995,0,GREEN,Continue monitoring
ACC-000678,0.4256845219212482,0.9574706971324555,0,0,0.37336927091780914,638,0.0077271519693078005,0,GREEN,Continue monitoring
ACC-000679,0.635065970871934,0.7991663914906502,0,0,-0.10872386005366513,551,0.013721518320533898,0,GREEN,Continue monitoring
ACC-000680,0.06538760403573726,0.7491198069624266,60,3,0.4571033485202946,631,0.12544798081685715,0,RED,Collections escalation
ACC-000681,0.4371718431009286,0.909739924519104,0,0,0.12221109052904766,699,0.0051545275088369195,0,GREEN,Continue monitoring
ACC-000682,0.2674751665220537,0.8498694341251904,0,0,0.2479570738606306,542,0.008903452299040117,0,GREEN,Continue monitoring
ACC-000683,0.4782194420436435,0.7653981501799135,0,0,0.2521142644678429,601,0.013179186574359576,0,GREEN,Continue monitoring
ACC-000684,0.24838948136293054,0.9745122915895319,15,0,0.31959268416892206,632,0.008342923692912342,0,GREEN,Continue monitoring
ACC-000685,0.41216875215753457,0.6886716378844037,0,0,0.5146269775128157,677,0.013535361775042682,0,GREEN,Continue monitoring
ACC-000686,0.6294556238174494,0.7992115786532379,7,1,-0.14324139375716638,632,0.016680770305877876,0,GREEN,Continue monitoring
ACC-000687,0.41282687922736916,0.6575141005040965,0,3,0.06500253092379037,567,0.035403862463187455,0,GREEN,Continue monitoring
ACC-000688,0.5131647775295878,0.6405011269961254,0,1,0.26289741095478614,657,0.020851995324129773,0,GREEN,Continue monitoring
ACC-000689,0.29724336269811935,0.8319547147302218,30,1,0.7398172355084881,616,0.04911555613432499,0,AMBER,Reduce limit and contact customer
ACC-000690,0.20144510667396034,0.9575247182950429,0,0,0.014987240899914198,680,0.002711387060546189,0,GREEN,Continue monitoring
ACC-000691,0.47069329616884287,0.7734573225393784,30,2,0.6274669853817887,524,0.13022822407864035,0,AMBER,Reduce limit and contact customer
ACC-000692,0.22651402804722442,0.5860509168680126,0,0,0.20844484030887778,639,0.009471355153049534,0,GREEN,Continue monitoring
ACC-000693,0.300793388169251,0.793246742624887,0,1,0.3386570046842082,606,0.012869289956960718,0,GREEN,Continue monitoring
ACC-000694,0.20928344895874657,0.7875379541537574,0,0,0.14438383943837663,680,0.0046287054258867455,0,GREEN,Continue monitoring
ACC-000695,0.36515094741005716,1.0098378550342952,0,1,0.0556253047118927,692,0.004712888874354444,0,GREEN,Continue monitoring
ACC-000696,0.3752775655766508,0.5888528479559363,0,1,0.04162234009530015,638,0.014724774029337424,0,GREEN,Continue monitoring
ACC-000697,0.27763504453782806,0.8442746554434554,0,0,0.3294349431467446,602,0.00796622969003554,0,GREEN,Continue monitoring
ACC-000698,0.13854894821521385,0.5389470828834886,90,1,0.5217100806332012,499,0.4172689180193918,0,RED,Collections escalation
ACC-000699,0.24996492708035656,0.87883009395177,7,1,0.08436650915309563,655,0.007558780684025759,0,GREEN,Continue monitoring
ACC-000700,0.9362030425888366,0.7870271391106498,0,0,0.11038954958580353,636,0.02404240599195649,0,GREEN,Continue monitoring
ACC-000701,0.2749802194857373,0.8923246017708873,0,0,-0.15052490804190455,591,0.004298653510577972,0,GREEN,Continue monitoring
ACC-000702,0.6571300124216788,0.4193442319379517,30,1,0.5866001252044225,659,0.1618173780619874,1,AMBER,Reduce limit and contact customer
ACC-000703,0.24466217193419174,0.4366573930984386,30,2,0.3929956586544112,647,0.08355133531845306,0,AMBER,Reduce limit and contact customer
ACC-000704,0.5518882272427278,1.2,0,0,0.3708485791253177,594,0.0070212588141631916,0,GREEN,Continue monitoring
ACC-000705,0.641667756662798,0.7220800861155448,30,1,0.8073406070164788,592,0.139114571781427,0,AMBER,Reduce limit and contact customer
ACC-000706,0.5617696209177404,0.8519828851197303,0,0,0.254707447027082,770,0.006673258350502229,0,GREEN,Continue monitoring
ACC-000707,0.5045413287815567,0.5867984632031298,0,1,0.3105303253398364,506,0.0434953195948215,0,GREEN,Continue monitoring
ACC-000708,0.34633925551754746,0.9208848364721869,15,0,0.15041208374946216,566,0.012284595148781592,0,GREEN,Continue monitoring
ACC-000709,0.017469498991355886,0.6980718539378423,90,3,0.3429399692956701,448,0.4311140972185112,0,RED,Collections escalation
ACC-000710,0.7726048526548707,0.5824610869972385,60,2,0.5008170864571956,627,0.41289298323431933,0,RED,Collections escalation
ACC-000711,0.5473968826482709,0.449741613786597,0,0,0.29286288494023704,654,0.025573052077453164,0,GREEN,Continue monitoring
ACC-000712,0.5954529988861903,0.7269445347962594,0,0,0.10033907768627875,662,0.012095511774631489,0,GREEN,Continue monitoring
ACC-000713,0.5633818725482299,0.7488201374581684,0,1,-0.005060365322391597,658,0.013488764926510962,0,GREEN,Continue monitoring
ACC-000714,0.5591272236461573,0.6460770675058669,0,0,0.15066102602899148,688,0.012769490311207268,0,GREEN,Continue monitoring
ACC-000715,0.13403264138200938,0.8548448915472092,30,2,0.7166050737506957,549,0.0583406271851193,0,AMBER,Reduce limit and contact customer
ACC-000716,0.2609747769799024,0.7815197120313637,0,0,-0.06346497130676737,706,0.003726559141514455,0,GREEN,Continue monitoring
ACC-000717,0.6667265212437788,0.7834175335908323,0,1,0.1181808416582667,662,0.01752013723258166,0,GREEN,Continue monitoring
ACC-000718,0.636221100682646,0.7308001352909571,15,0,0.1442224563915693,508,0.04161620769940993,0,GREEN,Continue monitoring
ACC-000719,0.7257547502230999,0.6851376290947806,0,1,0.024418872854501478,518,0.03844626917571379,0,GREEN,Continue monitoring
ACC-000720,0.3411220139005742,0.7407012105308642,15,1,0.3653941503859539,592,0.02855461976745393,0,GREEN,Continue monitoring
ACC-000721,0.275957857816943,1.0760960242011155,0,0,-0.044182685689554246,702,0.0020912617422380506,0,GREEN,Continue monitoring
ACC-000722,0.46766513634425005,0.7925340525373638,0,0,0.1934514775440933,670,0.008644536729958527,0,GREEN,Continue monitoring
ACC-000723,0.3809916543706932,0.83987723626069,30,4,0.25941265812328684,574,0.1001504684783061,0,AMBER,Reduce limit and contact customer
ACC-000724,0.7519723803814841,0.940477275145517,15,1,0.3050080379496613,683,0.028286817920776124,0,GREEN,Continue monitoring
ACC-000725,0.3465155055137515,0.9972860075151753,0,1,0.1027874412753512,500,0.010575574779033214,0,GREEN,Continue monitoring
ACC-000726,0.47177212361716364,1.0360706968421192,90,0,0.2057604797401103,589,0.14405668559633686,0,RED,Collections escalation
ACC-000727,0.1969206471609431,1.1341015134435444,30,1,0.29151670683906317,513,0.019084964888510688,0,AMBER,Reduce limit and contact customer
ACC-000728,0.33933440692278993,0.7812568449214584,0,1,-0.07381576781534935,614,0.008673172234879475,0,GREEN,Continue monitoring
ACC-000729,0.6240615076518615,0.9007334949173491,0,0,-0.06763399114930643,543,0.011607971651864913,0,GREEN,Continue monitoring
ACC-000730,0.5359470969505347,0.8015391447891781,0,0,0.19909633568596344,507,0.018751195490886653,0,GREEN,Continue monitoring
ACC-000731,0.48123209117232635,0.6227733273124492,90,2,0.8316345918570095,564,0.6524627588715711,1,RED,Collections escalation
ACC-000732,0.43113040815253334,0.659309644922235,0,0,0.23795623884947478,580,0.016086281459822802,0,GREEN,Continue monitoring
ACC-000733,0.7554505461940454,0.5605877926569321,0,1,0.3018455298695446,568,0.05923147364611368,0,GREEN,Continue monitoring
ACC-000734,0.6622719879744093,0.8303135083051503,7,1,0.08162849451427556,617,0.022838895848129676,0,GREEN,Continue monitoring
ACC-000735,0.5646953561239301,0.68158999373766,60,1,0.43571367603208866,551,0.2480958597114581,0,RED,Collections escalation
ACC-000736,0.1553789756853891,0.9879352694233963,0,1,0.1800813453049433,656,0.004245106978239033,0,GREEN,Continue monitoring
ACC-000737,0.5914814796893029,0.8821435360130077,0,2,0.07712329255164657,534,0.02638134275380593,0,GREEN,Continue monitoring
ACC-000738,0.6538390784013585,0.9874515619431764,0,0,0.1624132640215863,622,0.009723636378935065,0,GREEN,Continue monitoring
ACC-000739,0.18841183013147633,0.7094377572298407,60,3,0.7624253273767329,641,0.21649933364478974,0,RED,Collections escalation
ACC-000740,0.8903202587526299,0.6807788828411272,0,0,0.12461513873380979,679,0.023639413882856054,0,GREEN,Continue monitoring
ACC-000741,0.4689293282970395,0.7585346505974779,7,0,-0.018257298177161818,624,0.011212174064155542,0,GREEN,Continue monitoring
ACC-000742,0.42373088818460525,0.7346451405771237,0,0,0.19518552474022755,683,0.008520278686881983,0,GREEN,Continue monitoring
ACC-000743,0.4822463583688949,0.8129505596238521,7,1,0.11380934573248075,633,0.015899467954821774,0,GREEN,Continue monitoring
ACC-000744,0.8028114629001759,0.5124989349757438,0,1,0.48196150667276305,643,0.06599589132197999,0,GREEN,Continue monitoring
ACC-000745,0.5740920620816413,0.9176774458823275,0,0,0.08250323698549875,595,0.009747365959467817,0,GREEN,Continue monitoring
ACC-000746,0.5916636668301692,0.6157000628172489,15,1,0.27768811357686674,627,0.04889884042074768,0,GREEN,Continue monitoring
ACC-000747,0.863522005767704,0.6020409869864858,15,0,0.102553829492728,536,0.07341800347626562,0,GREEN,Continue monitoring
ACC-000748,0.8638795872375569,0.86333605355305,0,0,0.20727071937733355,675,0.016809055753154178,0,GREEN,Continue monitoring
ACC-000749,0.4653259977997078,0.8029052255909475,0,1,-0.03645080491810465,666,0.009124062183109155,0,GREEN,Continue monitoring
ACC-000750,0.6641539676852101,0.6275004846766676,0,0,0.13158488225981022,653,0.018573669399050093,0,GREEN,Continue monitoring
ACC-000751,0.7995310468524786,0.13977608600242597,0,0,-0.22049130035163383,610,0.054960784651966285,0,GREEN,Continue monitoring
ACC-000752,0.540176497544815,0.6392917145385115,7,0,-0.34121468534465715,530,0.016943866595644935,0,GREEN,Continue monitoring
ACC-000753,0.15289587913223326,0.8597654505484936,0,0,-0.13935553813803758,561,0.004084155227829333,0,GREEN,Continue monitoring
ACC-000754,0.7693895656877547,0.7314330242726785,15,1,0.0526590775165552,735,0.028203226258779877,0,GREEN,Continue monitoring
ACC-000755,0.1729905288740068,0.7562349882257957,90,1,0.1566061983085006,614,0.1652045055835093,0,RED,Collections escalation
ACC-000756,0.5464953158588907,0.6902011632299629,0,0,0.014267270750698752,666,0.010546899070111523,0,GREEN,Continue monitoring
ACC-000757,0.2940855508168092,0.7228205168571802,0,0,0.13879077279292631,649,0.007176682549413508,0,GREEN,Continue monitoring
ACC-000758,0.39989075634857413,0.6997884604331839,0,0,-0.19044191165151708,704,0.005186770716143955,0,GREEN,Continue monitoring
ACC-000759,0.4023108353513475,0.777484880301986,0,0,0.2050257666885665,567,0.011886464426311204,0,GREEN,Continue monitoring
ACC-000760,0.2547574960978435,0.745567002874872,15,0,0.06528228865065316,601,0.01176277978543353,0,GREEN,Continue monitoring
ACC-000761,0.6931905946481347,0.7874404218850279,0,0,0.19581255105477058,764,0.009660243789603673,0,GREEN,Continue monitoring
ACC-000762,0.8821446610288161,0.49931569303741596,0,1,0.02934723018591548,664,0.0448418376093511,0,GREEN,Continue monitoring
ACC-000763,0.6550136574843728,0.7629506659581506,0,0,0.10121675479896425,499,0.02399298537669968,0,GREEN,Continue monitoring
ACC-000764,0.5869493569116342,0.8846534618831088,90,3,0.8627444803699453,529,0.6855928527315875,1,RED,Collections escalation
ACC-000765,0.3083725862206716,0.764173291281022,0,0,-0.07140300167636113,740,0.003698577402315588,0,GREEN,Continue monitoring
ACC-000766,0.5510536298851106,0.783023241112461,0,0,0.06785012630259557,578,0.013125421666829114,0,GREEN,Continue monitoring
ACC-000767,0.15582776219959107,0.5912205455633766,0,0,0.10234089651407687,819,0.003492352227390119,0,GREEN,Continue monitoring
ACC-000768,0.35288437433773745,0.5329302242715304,0,1,0.11970346273759062,674,0.015047877061631923,0,GREEN,Continue monitoring
ACC-000769,0.5257183254820175,0.7603687313538375,0,1,-0.018972162052150576,684,0.010781102959043172,0,GREEN,Continue monitoring
ACC-000770,0.6554991052150496,0.5117325868067161,90,2,0.2286076713005881,565,0.6318999284408171,0,RED,Collections escalation
ACC-000771,0.6687855155463069,0.4648809969037433,7,0,0.156797742759047,607,0.041396344258255925,1,GREEN,Continue monitoring
ACC-000772,0.49214357406485176,0.9403666383503613,15,0,0.43735369892442433,551,0.023383740117416722,0,GREEN,Continue monitoring
ACC-000773,0.6466472276196822,0.39844267341347445,90,0,0.7921478272910576,496,0.7382466000271378,1,RED,Collections escalation
ACC-000774,0.3099416086411185,0.7302362391587068,30,0,0.4571103291409113,518,0.04868421044234812,0,AMBER,Reduce limit and contact customer
ACC-000775,0.4552707317141085,0.5613961551081772,30,3,0.5977100000618188,473,0.27576396777666057,0,AMBER,Reduce limit and contact customer
ACC-000776,0.5642172591648952,0.6398221880357515,0,0,0.03598102467969093,729,0.009767189711794546,0,GREEN,Continue monitoring
ACC-000777,0.3674034460021014,0.6069055694992858,7,0,0.6606682000398865,714,0.01917002686760152,0,GREEN,Continue monitoring
ACC-000778,0.2738005088218619,0.5831186895478491,7,1,-0.19771955629480964,668,0.01041259112237008,0,GREEN,Continue monitoring
ACC-000779,0.2333009858885732,0.8320957605558591,15,0,-0.17727165177439008,733,0.00418038335073209,0,GREEN,Continue monitoring
ACC-000780,0.9049309948533746,0.6148162160928548,0,0,0.23431675301283028,644,0.03621295539727782,0,GREEN,Continue monitoring
ACC-000781,0.8249964972293716,0.5935806210647891,0,1,-0.10658854548983776,665,0.02794628470983363,0,GREEN,Continue monitoring
ACC-000782,0.3870887460167932,0.6883250872714168,7,0,0.14544509245229786,648,0.012093178217541578,0,GREEN,Continue monitoring
ACC-000783,0.5150599445874562,0.8701470271281656,0,0,0.20161460782416074,619,0.00995662995686508,0,GREEN,Continue monitoring
ACC-000784,0.4636608235980025,0.8615673602110722,15,1,0.5119144409801673,636,0.028130430682927646,0,GREEN,Continue monitoring
ACC-000785,0.226575013106414,0.7300033666624558,0,0,0.20148311123318458,539,0.010178286803231252,0,GREEN,Continue monitoring
ACC-000786,0.46565754851774827,0.5969755964675025,0,0,-0.19500409973849747,691,0.007808816822569546,0,GREEN,Continue monitoring
ACC-000787,0.22088075621908443,1.056061524540702,30,1,0.7719610303057385,556,0.034338796636730916,0,AMBER,Reduce limit and contact customer
ACC-000788,0.4313495252279502,0.8327846903164423,0,1,0.1440522517657008,554,0.015231294120026186,0,GREEN,Continue monitoring
ACC-000789,0.2137607708153869,0.5468144969122591,0,1,0.17242639389354375,654,0.01255752584189761,0,GREEN,Continue monitoring
ACC-000790,0.20531772781454713,0.7948580292265632,7,0,-0.11543921633181381,667,0.004519573250467192,0,GREEN,Continue monitoring
ACC-000791,0.7616207943791491,0.6962109458064195,0,0,0.16455172112406594,664,0.019424354751888997,0,GREEN,Continue monitoring
ACC-000792,0.5586073263551808,0.9240613098623235,0,0,0.4256629863206201,499,0.020106819428712654,0,GREEN,Continue monitoring
ACC-000793,0.6273811975090134,0.7962569196765961,0,0,-0.2372140484933712,610,0.009308754901775497,0,GREEN,Continue monitoring
ACC-000794,0.34800052803691944,0.7577867880142279,0,0,0.14318043287791318,676,0.006701050997655151,0,GREEN,Continue monitoring
ACC-000795,0.14254595586046045,0.7287802150394969,0,1,0.27322414306936543,736,0.005903229103899771,0,GREEN,Continue monitoring
ACC-000796,0.8518785653633804,0.8841287516331975,7,0,0.35932366232705626,619,0.029402795894678122,0,GREEN,Continue monitoring
ACC-000797,0.18209405558903016,0.8822786591491181,15,1,0.3791383380090966,562,0.01735546171334362,0,GREEN,Continue monitoring
ACC-000798,0.6780538416172226,0.8413665424646349,30,3,0.2678494391404155,466,0.18774294165915215,0,AMBER,Reduce limit and contact customer
ACC-000799,0.21414725074833063,1.062368579260978,0,0,-0.062382826407240854,625,0.002522621101187929,0,GREEN,Continue monitoring
ACC-000800,0.23004264765197613,0.7677609765993099,60,1,0.6589521348513614,541,0.1539053494951478,0,RED,Collections escalation
ACC-000801,0.5690748581597168,0.7568505662224212,0,0,0.35796971319563653,520,0.025096007458137507,0,GREEN,Continue monitoring
ACC-000802,0.8195533105920049,0.6677496950321887,0,1,0.25188453558879637,577,0.04931881442758613,1,GREEN,Continue monitoring
ACC-000803,0.5224226911148045,0.713823121312256,15,1,0.4416097984952904,622,0.04227571124526983,0,GREEN,Continue monitoring
ACC-000804,0.45229577883446953,0.5761205447574101,0,0,0.06155051024963863,606,0.014878758852890361,0,GREEN,Continue monitoring
ACC-000805,0.6452171300827471,0.7574387549865419,7,0,0.14129365151753506,613,0.020270634256463343,0,GREEN,Continue monitoring
ACC-000806,0.7420161324165526,0.8362114164181653,30,3,0.5811294609923592,547,0.2171169597979385,0,AMBER,Reduce limit and contact customer
ACC-000807,0.4158208832221871,0.881652411172634,0,0,0.303311479422562,529,0.012672360573349974,0,GREEN,Continue monitoring
ACC-000808,0.472821908951139,0.6494785252551853,0,1,-0.1824218394509431,613,0.01354155285386382,0,GREEN,Continue monitoring
ACC-000809,0.4261018604190607,1.2,0,0,-0.26028576614887383,643,0.0021528892921279883,0,GREEN,Continue monitoring
ACC-000810,0.7189897079194557,0.7136737222591634,0,1,0.4331900643938529,655,0.033057731479067536,0,GREEN,Continue monitoring
ACC-000811,0.4106067796450339,0.7739880345765966,0,0,0.48137951062650625,668,0.011211705049125492,0,GREEN,Continue monitoring
ACC-000812,0.4550618001356513,1.004707026609168,0,1,-0.14772113707588325,531,0.008671225691200308,0,GREEN,Continue monitoring
ACC-000813,0.7354517316270371,0.7844214310734836,15,1,0.15733024114012448,562,0.051407823812860624,0,GREEN,Continue monitoring
ACC-000814,0.5892384746937891,0.49725889051327354,0,0,0.15266661410439186,523,0.03575177283411672,0,GREEN,Continue monitoring
ACC-000815,0.12323312708482505,1.2,0,0,0.36881373822549,612,0.002664485103940554,0,GREEN,Continue monitoring
ACC-000816,0.06608263727636945,0.5073806650531512,15,0,-0.06569280291308585,633,0.010145693081495545,0,GREEN,Continue monitoring
ACC-000817,0.7697104033655418,0.7787727270830699,90,1,0.781311766937024,623,0.5669328377771099,1,RED,Collections escalation
ACC-000818,0.7249374804954006,0.67403116234199,0,0,0.20283201456844585,798,0.011637511689803226,0,GREEN,Continue monitoring
ACC-000819,0.5226131933451345,0.8052721205569752,30,2,0.5272381077297525,514,0.12600177886560404,0,AMBER,Reduce limit and contact customer
ACC-000820,0.45482733953726145,0.8425498489729543,0,0,-0.06606708952221355,700,0.004993318200024528,0,GREEN,Continue monitoring
ACC-000821,0.16329784441233064,0.7565695196990637,0,1,0.2738727814070189,694,0.006853558326897061,0,GREEN,Continue monitoring
ACC-000822,0.16949091739841673,0.6864136448412215,0,1,0.38163740371658794,760,0.0070555833016968435,0,GREEN,Continue monitoring
ACC-000823,0.4809049528297496,0.4974789837968478,7,0,0.07812499971374581,654,0.02009767344468463,0,GREEN,Continue monitoring
ACC-000824,0.23304082110853194,0.7421335553571615,0,0,-0.19253961144722997,592,0.005197680744807999,0,GREEN,Continue monitoring
ACC-000825,0.5548402349062409,0.7915861348983827,7,0,0.1060924260917494,783,0.007652458750291506,0,GREEN,Continue monitoring
ACC-000826,0.35038858580477705,0.745495725006766,7,0,0.36270827421591156,646,0.012760769561192025,0,GREEN,Continue monitoring
ACC-000827,0.2939947499429174,0.7386125505863363,60,3,0.38278677467011135,592,0.2031911501895772,0,RED,Collections escalation
ACC-000828,0.3148604696827894,0.817457000541251,0,0,-0.009505642363435346,664,0.004843536200760199,0,GREEN,Continue monitoring
ACC-000829,0.6420160590428735,0.46355365373318763,0,0,-0.25028221870527184,557,0.023927537338715648,0,GREEN,Continue monitoring
ACC-000830,0.553994471915082,0.7647100546089552,7,0,0.09370066418569324,674,0.012337262077569947,0,GREEN,Continue monitoring
ACC-000831,0.4285426443384632,0.5056782061028964,0,0,-0.16090635433262312,695,0.009003957536893632,0,GREEN,Continue monitoring
ACC-000832,0.23431076790707153,0.7520793845543808,90,1,0.9080252865822174,546,0.4146658053183578,0,RED,Collections escalation
ACC-000833,0.3100794039932485,0.6474791403743596,7,0,0.1385025399734741,674,0.010096329024993503,0,GREEN,Continue monitoring
ACC-000834,0.4110726161245774,0.9571758819049097,15,0,0.4145046565226457,596,0.015544005764342454,0,GREEN,Continue monitoring
ACC-000835,0.7577213717581548,0.5429336508122184,30,4,0.16475611793944167,657,0.2327376597542875,0,AMBER,Reduce limit and contact customer
ACC-000836,0.578717700501066,0.9577294488476951,0,1,0.05392587365788887,490,0.018308204071033486,0,GREEN,Continue monitoring
ACC-000837,0.7015082585451348,0.4402973615602901,0,0,0.21742777171252287,614,0.03835000479266422,0,GREEN,Continue monitoring
ACC-000838,0.6647740989378627,0.6821101140008683,30,2,0.5196674598689717,415,0.2727024950484087,0,AMBER,Reduce limit and contact customer
ACC-000839,0.7432479695797705,0.4763234218943813,60,1,0.31845069690287964,633,0.322167279894315,0,RED,Collections escalation
ACC-000840,0.7562861904171378,0.6311162541361035,7,0,-0.12360340732977534,555,0.031109957079380912,0,GREEN,Continue monitoring
ACC-000841,0.48387626509475656,0.5192607146087028,0,1,0.418870028621643,609,0.036487889419229584,0,GREEN,Continue monitoring
ACC-000842,0.05923921080690737,0.764170198679874,0,0,-0.1645069643822717,701,0.0023012036112097754,0,GREEN,Continue monitoring
ACC-000843,0.48431584387488613,0.8503215177547756,0,2,-0.007454433281452344,634,0.013937887489366549,0,GREEN,Continue monitoring
ACC-000844,0.05750861249520239,0.9593044446616332,15,1,0.0689218880161854,543,0.00856530662248535,0,GREEN,Continue monitoring
ACC-000845,0.5926856905621364,0.6554077073893956,0,0,0.180360656549723,697,0.013366756726218116,0,GREEN,Continue monitoring
ACC-000846,0.493486877718392,0.6534743140231961,0,0,-0.03286963119357253,614,0.011918352351828474,0,GREEN,Continue monitoring
ACC-000847,0.6029947707366313,0.4366109783756861,0,0,0.037416240406519835,626,0.02463732188871368,0,GREEN,Continue monitoring
ACC-000848,0.4076308943302083,0.554506732945019,0,1,0.0781980817068735,806,0.009116110028645872,0,GREEN,Continue monitoring
ACC-000849,0.6859679948691959,0.7259199855140364,0,0,-0.07251530559477518,685,0.010962589271888208,0,GREEN,Continue monitoring
ACC-000850,0.5233061900263075,0.7914964346866553,0,0,-0.3125990023076178,614,0.00682880282860076,0,GREEN,Continue monitoring
ACC-000851,0.747214535928477,0.6696090256168278,30,1,0.7480994373534298,461,0.2632127691191326,0,AMBER,Reduce limit and contact customer
ACC-000852,0.521367475756084,0.6917130915776588,15,0,-0.33304411617415386,591,0.015207308654191962,0,GREEN,Continue monitoring
ACC-000853,0.6311608642095042,0.6557819702511055,0,0,0.3982739841543909,665,0.02099804413540362,0,GREEN,Continue monitoring
ACC-000854,0.08976461713485634,0.6922488439096429,0,0,-0.04878461519375596,674,0.0036559234124486245,0,GREEN,Continue monitoring
ACC-000855,0.6156334757294962,0.6404812923954082,0,0,0.002880465218933745,647,0.014439134649116201,0,GREEN,Continue monitoring
ACC-000856,0.4717395233084274,0.7388909122436577,0,1,0.3555658544280263,586,0.022668283152036468,0,GREEN,Continue monitoring
ACC-000857,0.569733059361188,0.696796283358623,7,1,0.43759273079697014,756,0.021765073838994974,0,GREEN,Continue monitoring
ACC-000858,0.21160925352651144,1.0683994535079857,0,0,0.4064168727976363,705,0.0030787944520536403,0,GREEN,Continue monitoring
ACC-000859,0.15563834905929733,0.7352925650214053,0,0,0.2849341608803493,587,0.007899112888970385,0,GREEN,Continue monitoring
ACC-000860,0.6257080230638868,0.8016932251978834,0,0,0.19989396183125907,620,0.014436391268873014,0,GREEN,Continue monitoring
ACC-000861,0.5714640050656107,0.6635398393580201,0,0,-0.11945556781441222,699,0.008884521893631682,0,GREEN,Continue monitoring
ACC-000862,0.2529600757936657,0.5656035794973351,0,0,-0.4,669,0.00462252623697048,0,GREEN,Continue monitoring
ACC-000863,0.4791136727831359,0.7441435975536959,0,0,0.2516144145812341,590,0.014454102115000445,0,GREEN,Continue monitoring
ACC-000864,0.2573938425377347,0.926556641998649,0,0,-0.027953196096996535,602,0.004238904506592323,0,GREEN,Continue monitoring
ACC-000865,0.6357244894133379,0.5932291731501478,15,0,-0.0870380021755707,619,0.028059389881835307,0,GREEN,Continue monitoring
ACC-000866,0.7058861447916265,0.7098762390480202,0,0,0.18544813904089574,681,0.016116109037001242,0,GREEN,Continue monitoring
ACC-000867,0.12550128855970474,0.7763797106358648,0,0,0.1912187700924456,730,0.003447280996916099,0,GREEN,Continue monitoring
ACC-000868,0.23011385738835227,1.0895247714425256,0,0,-0.250998697108599,615,0.002058256929447549,0,GREEN,Continue monitoring
ACC-000869,0.2172478473064878,0.8210421111896322,15,0,0.19823006840118684,676,0.007976032245115727,0,GREEN,Continue monitoring
ACC-000870,0.13819168102790935,0.7597471071617099,0,1,0.14578473523275093,681,0.005877687233607139,0,GREEN,Continue monitoring
ACC-000871,0.7434809709220845,0.7054074548593093,0,0,0.00015918144198161233,521,0.026709931380085553,0,GREEN,Continue monitoring
ACC-000872,0.515734908809835,0.7706565143432438,60,2,0.6831792602608254,578,0.28903722002606064,0,RED,Collections escalation
ACC-000873,0.45216678531537174,0.9472171793125927,30,2,0.1456598620770868,529,0.052377390042519005,0,AMBER,Reduce limit and contact customer
ACC-000874,0.3321644565302088,0.7233333197118657,0,0,0.017857889783728764,702,0.005475400609389205,0,GREEN,Continue monitoring
ACC-000875,0.1525070547714562,0.9836466304919025,60,3,0.6227911013163251,555,0.14415576710525257,0,RED,Collections escalation
ACC-000876,0.5423195426939622,0.7693536212073983,0,0,0.32262381217939484,505,0.023580307747437197,0,GREEN,Continue monitoring
ACC-000877,0.4153662918469662,0.8580169830685445,0,0,0.3543726553226967,585,0.011330665278787327,0,GREEN,Continue monitoring
ACC-000878,0.6854513315251269,0.7676464878442241,15,0,0.2848916510853835,698,0.02387488132990221,0,GREEN,Continue monitoring
ACC-000879,0.9859181799195135,0.752263021644678,0,1,0.47839409719424725,602,0.0670298457684332,0,GREEN,Continue monitoring
ACC-000880,0.1966855505519277,1.0263235077862491,0,0,0.14952319038262865,675,0.002740671541862577,0,GREEN,Continue monitoring
ACC-000881,0.48373192882030264,0.6125187727732457,7,0,0.28701737779612935,708,0.01613507554129663,0,GREEN,Continue monitoring
ACC-000882,0.2874593501279883,0.5772471263078403,0,0,0.05422809568741932,605,0.010516961634111921,0,GREEN,Continue monitoring
ACC-000883,0.4622789748090445,0.6947195570754455,0,0,0.10542070345231212,671,0.009549952449147192,0,GREEN,Continue monitoring
ACC-000884,0.5356753006503494,0.8162098644446081,0,0,-0.12872772700692733,641,0.007368218761085756,0,GREEN,Continue monitoring
ACC-000885,0.645619530912265,0.6756810798154516,0,0,0.025526538794318904,599,0.017681067200019874,0,GREEN,Continue monitoring
ACC-000886,0.6952035384979777,0.5476800209699073,0,2,0.371992780040889,712,0.046282191496476874,0,GREEN,Continue monitoring
ACC-000887,0.8942968353673947,0.5308959420033585,0,0,0.14392546011662882,636,0.03959143004480239,0,GREEN,Continue monitoring
ACC-000888,0.5761468768479305,0.47224712132791946,60,2,0.3858978603393557,643,0.32793449838158073,1,RED,Collections escalation
ACC-000889,0.3203581102613686,1.1261159163646324,7,0,-0.03217649314186974,443,0.007459234391067102,0,GREEN,Continue monitoring
ACC-000890,0.545184972496429,0.7272149299596952,7,0,0.12112071940235844,499,0.026852526842226113,0,GREEN,Continue monitoring
ACC-000891,0.6959835750335431,0.7110519905711082,0,1,0.24112020479233315,703,0.021287623620325793,0,GREEN,Continue monitoring
ACC-000892,0.2666199347312302,0.8591264549700854,0,1,-0.03196550756667477,574,0.007718263867443461,0,GREEN,Continue monitoring
ACC-000893,0.4389535709293964,0.8158353105636026,0,0,0.19213030237928017,637,0.008828319565137015,0,GREEN,Continue monitoring
ACC-000894,0.5382008177459711,0.6464666173532094,0,0,0.04633127104894738,670,0.011658472899843913,0,GREEN,Continue monitoring
ACC-000895,0.3020824670517844,0.6730553077691411,15,1,0.40631382369101693,695,0.021295498870671455,0,GREEN,Continue monitoring
ACC-000896,0.4596527657147922,0.7463043127008498,15,0,0.4076850386126989,639,0.02276495053089719,0,GREEN,Continue monitoring
ACC-000897,0.3099265700886009,0.7935224676459617,0,0,-0.09613422941804792,633,0.0051702803871542975,0,GREEN,Continue monitoring
ACC-000898,0.22104738191687365,1.1321899335304235,0,0,0.1874868522408557,626,0.0029130249119985355,0,GREEN,Continue monitoring
ACC-000899,0.6499225340122701,0.7953418935248285,30,2,0.27621363971206186,568,0.10416631630362558,0,AMBER,Reduce limit and contact customer
ACC-000900,0.6558599709880969,1.0261404527980165,60,3,0.35401042063952065,477,0.30702131211159495,1,RED,Collections escalation
ACC-000901,0.07410255858360874,0.8966883470660038,0,0,-0.10236896828560368,637,0.0024567458174512085,0,GREEN,Continue monitoring
ACC-000902,0.1261579682337696,0.7711925891612411,30,0,0.6522006853805593,629,0.02488470080455022,0,AMBER,Reduce limit and contact customer
ACC-000903,0.3802656665938367,0.8785554653129396,30,2,0.6209460946046563,504,0.09566253425855539,0,AMBER,Reduce limit and contact customer
ACC-000904,0.4722339350432862,0.29199901401964035,0,0,0.322889142248884,594,0.040061155143824,0,GREEN,Continue monitoring
ACC-000905,0.12263319843670133,0.7697088354817598,30,3,0.5585636676340142,493,0.0955633358959827,0,AMBER,Reduce limit and contact customer
ACC-000906,0.1537478538491122,0.9145569451646332,0,1,-0.05561978549765953,711,0.00305135363152122,0,GREEN,Continue monitoring
ACC-000907,0.22689777857986884,0.7010086286523727,0,1,0.06215290620159478,739,0.005815194125626263,0,GREEN,Continue monitoring
ACC-000908,0.4936282670273921,0.7529810985276569,7,0,0.40335061083158796,682,0.015353329030171387,0,GREEN,Continue monitoring
ACC-000909,0.2512407574670525,0.27450303971572776,15,1,0.3132627156730903,706,0.038869471712668885,0,GREEN,Continue monitoring
ACC-000910,0.25524380377008465,1.026830981807906,30,3,0.6883864554904537,635,0.04950367703195671,0,AMBER,Reduce limit and contact customer
ACC-000911,0.019796892330127054,0.9681571987965079,7,0,0.27914169562746394,536,0.005542313020405084,0,GREEN,Continue monitoring
ACC-000912,0.6036306931554609,0.5395279810822142,7,0,0.04891603490819496,623,0.025820221711204433,0,GREEN,Continue monitoring
ACC-000913,0.46264116879112327,0.6422956737418799,7,1,0.5470134692172441,554,0.04851208901568221,0,GREEN,Continue monitoring
ACC-000914,0.544375099211214,0.7956143715724892,7,0,0.20032428100590294,564,0.019640914587210928,0,GREEN,Continue monitoring
ACC-000915,0.1891263850360796,0.904705701153065,0,1,0.1315187835591997,803,0.002879228789812165,0,GREEN,Continue monitoring
ACC-000916,0.7622924215314627,0.6694133545130118,0,1,0.106077166034472,694,0.023704091629851445,0,GREEN,Continue monitoring
ACC-000917,0.5972341923226004,0.91430113327181,60,1,0.414932155029711,443,0.24165220216427444,0,RED,Collections escalation
ACC-000918,0.24465661622099308,0.8156525297109102,0,0,0.22484322543229068,610,0.00678993114971712,0,GREEN,Continue monitoring
ACC-000919,0.5716883225665871,0.6811136631316443,0,0,-0.0017089291856514505,612,0.01379604773308642,0,GREEN,Continue monitoring
ACC-000920,0.5785808202514668,0.47676816415421547,90,3,0.6934981707679528,669,0.7123342741277439,0,RED,Collections escalation
ACC-000921,0.6289578038091893,0.661020924055156,7,1,0.022313202704153504,640,0.026248104413000788,0,GREEN,Continue monitoring
ACC-000922,0.4919833287127283,0.40521865586241784,0,0,0.2858275754722808,532,0.03996636512626059,1,GREEN,Continue monitoring
ACC-000923,0.45068973477537383,0.7768997033330861,15,0,0.1444290884668451,685,0.012973245497498244,0,GREEN,Continue monitoring
ACC-000924,0.4124607591521923,0.6273323269503803,0,0,0.13192764731198925,725,0.008293856040483511,0,GREEN,Continue monitoring
ACC-000925,0.3311051201063001,0.892540641229547,0,0,0.4230010268148498,631,0.007937318754571578,0,GREEN,Continue monitoring
ACC-000926,0.45328249801266307,0.6215760989479211,15,0,0.07779393280740032,683,0.017009297048293636,0,GREEN,Continue monitoring
ACC-000927,0.652147011896447,0.471683599061107,0,0,0.06538981288084218,505,0.041744840412320655,0,GREEN,Continue monitoring
ACC-000928,0.5690642582210893,0.978013108097608,0,1,-0.03218577189212926,527,0.01347505825119828,0,GREEN,Continue monitoring
ACC-000929,0.3457509805362726,0.8415154865666927,30,2,0.5937038407494447,635,0.05760739240877898,0,AMBER,Reduce limit and contact customer
ACC-000930,0.15886755102102904,0.917189632221124,90,0,0.5898966954157002,485,0.21094538120239942,0,RED,Collections escalation
ACC-000931,0.20835628988041935,1.2,0,0,0.12245515824546042,623,0.0022888132222374717,0,GREEN,Continue monitoring
ACC-000932,0.6282241353784654,1.010098235359942,0,1,-0.17305912770992976,529,0.01202685816969889,0,GREEN,Continue monitoring
ACC-000933,0.7527118723910405,0.2769510542435524,0,0,0.3347234196568166,583,0.07597080608452578,0,GREEN,Continue monitoring
ACC-000934,0.6283171095208053,0.495493451433931,0,0,-0.22654783905313747,725,0.011500784068870788,0,GREEN,Continue monitoring
ACC-000935,0.457691867381218,0.5771003406633983,0,0,-0.09096210678655456,587,0.013613377562812319,0,GREEN,Continue monitoring
ACC-000936,0.6339048941807237,0.6605910027025788,0,0,0.2654548958433836,592,0.02399387435272537,0,GREEN,Continue monitoring
ACC-000937,0.4580327672762154,0.8369282955046811,15,2,0.10351766929768311,656,0.023613655716454247,0,GREEN,Continue monitoring
ACC-000938,0.3855926211902862,1.0639505904077036,30,0,0.41748912420683837,594,0.019901534842254695,0,AMBER,Reduce limit and contact customer
ACC-000939,0.20832852859520817,0.8405763348173443,0,2,0.38939414247205933,613,0.013675519531285851,0,GREEN,Continue monitoring
ACC-000940,0.3004769574497921,0.8052554806404936,15,0,0.29799865779366924,645,0.012454684338739095,0,GREEN,Continue monitoring
ACC-000941,0.954922985488338,0.6332062704210942,0,0,-0.09981338878660914,641,0.026853670920387554,0,GREEN,Continue monitoring
ACC-000942,0.12327583795205416,0.8861397198595351,7,0,-0.04216604475530797,628,0.003953155718789371,0,GREEN,Continue monitoring
ACC-000943,0.3636950361987303,0.6307035707108926,0,0,0.22651294647100373,591,0.014075825603704867,0,GREEN,Continue monitoring
ACC-000944,0.3326593063689173,0.717939381959197,0,1,0.0736462954574637,658,0.009743883110170113,0,GREEN,Continue monitoring
ACC-000945,0.7161858421280834,0.561583258053879,60,1,0.3663197956852414,634,0.2809277968806341,1,RED,Collections escalation
ACC-000946,0.5151100186164903,0.8575002594290477,15,0,0.18020449986478682,650,0.014839952683019169,0,GREEN,Continue monitoring
ACC-000947,0.7125583894363542,0.6325853600314777,0,1,-0.12817338172152778,649,0.021204026167491348,0,GREEN,Continue monitoring
ACC-000948,0.291422757070544,0.6579345350557959,7,0,0.07439087910846495,696,0.008068380112663682,0,GREEN,Continue monitoring
ACC-000949,0.8212322739234853,0.4658230901357655,0,2,0.0003878221197308601,576,0.07835175857002302,1,GREEN,Continue monitoring
ACC-000950,0.5009067682430727,0.9929211777235724,0,2,0.01997939599739537,589,0.013052034250062579,0,GREEN,Continue monitoring
ACC-000951,0.37289071960508535,0.8443309527260656,0,0,0.12911435536431423,680,0.005673566334742141,0,GREEN,Continue monitoring
ACC-000952,0.20460416974045034,0.7381515767645765,30,2,0.5275800644515333,513,0.07944073469392259,0,AMBER,Reduce limit and contact customer
ACC-000953,0.7164670565754061,1.0747224705816383,0,1,0.10500761270041234,619,0.012039920124462512,0,GREEN,Continue monitoring
ACC-000954,0.3838558782541554,0.8671178573082703,7,0,0.30460836566612304,657,0.009408270533224034,0,GREEN,Continue monitoring
ACC-000955,0.7167896876692533,0.8262754614072986,0,0,0.03394456851901201,570,0.016714994459534505,0,GREEN,Continue monitoring
ACC-000956,0.6262881669687704,0.591931368937607,30,0,0.9070168902154006,537,0.17295886237033914,0,AMBER,Reduce limit and contact customer
ACC-000957,0.3870865437371152,0.7649322655291573,0,1,0.2323155928322619,592,0.015304899496597373,0,GREEN,Continue monitoring
ACC-000958,0.14367612503682156,1.0179660475744448,15,0,0.546459033949976,583,0.00956982341457046,0,GREEN,Continue monitoring
ACC-000959,0.46136317771128965,0.44674443899602456,15,0,0.242520843848966,527,0.05527392669353679,0,GREEN,Continue monitoring
ACC-000960,0.7689891029620011,0.5981506313735816,0,1,0.26373369316598894,610,0.04602613799712552,0,GREEN,Continue monitoring
ACC-000961,0.429091133914619,0.8732535869137655,0,1,0.031365565681050575,562,0.011858812808083981,0,GREEN,Continue monitoring
ACC-000962,0.14773515522873257,1.012213604835666,0,0,0.1203024348816361,546,0.00413168603466329,0,GREEN,Continue monitoring
ACC-000963,0.16918591232861527,0.8505741919412707,15,0,0.29253968088261756,748,0.005667913349854056,0,GREEN,Continue monitoring
ACC-000964,0.5761416933432364,0.8504166450156865,60,1,0.5845744504901632,585,0.19463264828876278,0,RED,Collections escalation
ACC-000965,0.561818509770157,0.7106653740084599,0,1,0.03625588163338078,592,0.019766225079515448,0,GREEN,Continue monitoring
ACC-000966,0.7878807354614107,0.3965155133719532,0,0,0.2367994120111106,660,0.042860549637679275,0,GREEN,Continue monitoring
ACC-000967,0.5327368430684958,0.6933398296624624,0,0,-0.006808302898306279,724,0.007890643140032464,0,GREEN,Continue monitoring
ACC-000968,0.6279353494558547,1.0875392419685201,7,1,0.17402142410308774,575,0.015962362842005154,0,GREEN,Continue monitoring
ACC-000969,0.8839630260064372,0.7925785763043035,7,0,0.27466271934600117,638,0.032309227043561616,0,GREEN,Continue monitoring
ACC-000970,0.27635821086769585,1.0449524549552303,0,0,0.02532726305046129,661,0.0028512791505649593,0,GREEN,Continue monitoring
ACC-000971,0.6417402146186201,1.0640421420605597,15,0,-0.3391177341911722,649,0.006843640230246145,0,GREEN,Continue monitoring
ACC-000972,0.7574867408363606,0.5561771928991828,0,1,0.037405064458585005,549,0.04834694730587831,0,GREEN,Continue monitoring
ACC-000973,0.5237229499388903,0.41952862948509173,0,1,0.20456949601032726,707,0.02637820985098733,0,GREEN,Continue monitoring
ACC-000974,0.30813594039703,0.8142499973135989,0,2,0.23731005971724672,625,0.014321064017197734,0,GREEN,Continue monitoring
ACC-000975,0.6866878781013059,0.5037583853622054,0,0,-0.0962129923224953,585,0.02561718502852736,0,GREEN,Continue monitoring
ACC-000976,0.6085332952783178,0.8439681371534634,0,1,0.1975001751056294,721,0.011811431411237038,0,GREEN,Continue monitoring
ACC-000977,0.2653210967391479,1.1614591210738932,0,0,-0.09594938631441136,728,0.0014377596246034172,0,GREEN,Continue monitoring
ACC-000978,0.4237863789075849,0.7116815026613725,0,0,0.01062657986818838,610,0.009707968548474274,0,GREEN,Continue monitoring
ACC-000979,0.5329081917996658,0.647977047418085,30,0,0.9016021910770949,620,0.09777606600295179,0,AMBER,Reduce limit and contact customer
ACC-000980,0.285997006019441,1.0422956078520864,0,0,0.038743440692025954,705,0.002493158389999669,0,GREEN,Continue monitoring
ACC-000981,0.692725676204849,0.824542876623628,7,0,0.25484829606697196,569,0.02609008101964552,0,GREEN,Continue monitoring
ACC-000982,0.06400347330353016,0.7820825130681711,0,0,0.3520072821033811,616,0.005656082962941016,0,GREEN,Continue monitoring
ACC-000983,0.5944142114910713,0.8994629759276166,0,0,-0.10435714041667252,511,0.011922036401136314,0,GREEN,Continue monitoring
ACC-000984,0.11228200958117707,1.0726853503470897,0,0,0.22668790109445236,717,0.0019214522296189238,0,GREEN,Continue monitoring
ACC-000985,0.5161659276551067,0.7168323355904853,0,0,-0.035658800611556796,641,0.009755535548580259,0,GREEN,Continue monitoring
ACC-000986,0.1602880992556266,0.8562423858616681,60,4,0.30499419542578493,586,0.16193990321476145,0,RED,Collections escalation
ACC-000987,0.6501202201278639,1.073015637036181,15,0,0.5151636283130641,687,0.015529896179361513,0,GREEN,Continue monitoring
ACC-000988,0.6418649272239646,0.5330201371177395,0,0,-0.17709714256740577,583,0.020155166060678565,0,GREEN,Continue monitoring
ACC-000989,0.3813914248406931,0.8325719388426267,0,0,-0.023931610385028584,664,0.005296032257488179,0,GREEN,Continue monitoring
ACC-000990,0.6438897257423302,0.6994882992522395,15,0,0.42098754109668846,652,0.035246139049243515,0,GREEN,Continue monitoring
ACC-000991,0.5246166460782313,0.5076035504476615,0,0,0.25640103133704506,582,0.02739005989093856,0,GREEN,Continue monitoring
ACC-000992,0.43662074131231937,0.7031493726786194,0,1,0.04332495666142422,660,0.011990472379567733,0,GREEN,Continue monitoring
ACC-000993,0.6018217758225203,0.4909888264297426,60,1,0.34982960937990215,544,0.3358806410046781,1,RED,Collections escalation
ACC-000994,0.6282521707383593,0.6909110261926013,15,0,0.1479796459386453,740,0.01820664690446374,0,GREEN,Continue monitoring
ACC-000995,0.16725782112811555,0.9344890683176819,90,2,0.43952190220972703,570,0.2327520258630016,1,RED,Collections escalation
ACC-000996,0.5583259348057091,1.0422099445974635,60,4,0.5596513336328419,642,0.2413361205218035,0,RED,Collections escalation
ACC-000997,0.7773625015996508,0.6409562291661043,0,0,-0.07757382891940029,559,0.025936645549222634,0,GREEN,Continue monitoring
ACC-000998,0.6007352778980343,0.7700228267602901,0,1,0.41930262632117327,587,0.029602325610045943,0,GREEN,Continue monitoring
ACC-000999,0.34125042658079147,0.41432675170117417,0,0,0.1157807888078849,624,0.01664436936374831,0,GREEN,Continue monitoring
ACC-001000,0.18332191833674566,0.9949873857086291,60,5,0.5780662827402103,547,0.24983412119324505,0,RED,Collections escalation
ACC-001001,0.5467766912342733,0.6594271734678255,0,1,0.17625342941309927,651,0.01994757369082286,0,GREEN,Continue monitoring
ACC-001002,0.06209160908862779,0.9613798586891925,7,1,0.2191959987424344,635,0.005374450683609943,0,GREEN,Continue monitoring
ACC-001003,0.3149895420429424,1.05237836924133,0,0,0.09549296141086326,708,0.0027389013606166387,0,GREEN,Continue monitoring
ACC-001004,0.3619601943751951,0.7274943488260717,30,2,0.3351284376234082,582,0.06945133971259346,0,AMBER,Reduce limit and contact customer
ACC-001005,0.49326627283469204,0.5313800188709747,0,0,0.22175064199516936,622,0.020057547902882656,0,GREEN,Continue monitoring
ACC-001006,0.28726856064228723,0.7172947982889997,7,0,-0.11137530131109771,657,0.006642528234050535,0,GREEN,Continue monitoring
ACC-001007,0.24674478750209866,0.734252500559639,7,0,-0.06191349831601148,687,0.005515099613659362,0,GREEN,Continue monitoring
ACC-001008,0.5658111397442034,0.7217001135346038,0,1,0.31059817143843205,705,0.017037561431838006,0,GREEN,Continue monitoring
ACC-001009,0.3854086291033872,0.9700789324983983,90,2,0.4359214632496767,535,0.33763670626796544,0,RED,Collections escalation
ACC-001010,0.6691367380150575,0.7611652262409012,7,0,-0.13668232734987606,579,0.017621800019234142,0,GREEN,Continue monitoring
ACC-001011,0.8456445636184674,0.7593929273245102,0,1,0.20515798326918977,643,0.031618161092109874,0,GREEN,Continue monitoring
ACC-001012,0.7367358807404326,0.6340170113853809,0,0,0.12786894540852525,670,0.019818552540031113,0,GREEN,Continue monitoring
ACC-001013,0.8448011953923036,0.6669794883719153,60,0,0.48133919018808197,607,0.27135526374347924,0,RED,Collections escalation
ACC-001014,0.7437726074889676,0.9666203233856301,60,1,0.6848479153437688,557,0.25057786269152416,0,RED,Collections escalation
ACC-001015,0.7994441407977282,0.6785709173031105,0,1,0.11505355107625889,583,0.0389767545001952,0,GREEN,Continue monitoring
ACC-001016,0.418393726177037,0.8133372075171841,60,3,0.2658777395667242,561,0.21705959460466942,0,RED,Collections escalation
ACC-001017,0.5477818193946323,0.6892787546811572,0,0,0.1048811485457424,715,0.009672655321991014,0,GREEN,Continue monitoring
ACC-001018,0.39928892435482594,0.9827017766122165,15,0,0.16109025663299806,656,0.00851154280710747,0,GREEN,Continue monitoring
ACC-001019,0.3083564838967273,0.5282688037789177,0,1,0.08164679107214792,609,0.017164133179083968,0,GREEN,Continue monitoring
ACC-001020,0.6856034459571132,0.6597968956472439,0,0,0.07232350541218896,563,0.02409425256956225,0,GREEN,Continue monitoring
ACC-001021,0.5645055313366756,0.949102659613881,0,1,0.2940541210557141,669,0.011734973826546384,0,GREEN,Continue monitoring
ACC-001022,0.16722325638228627,0.8790857746707805,0,0,0.3729270077155464,551,0.007526961673100229,0,GREEN,Continue monitoring
ACC-001023,0.30944328624341544,0.8896628310896011,0,0,0.07763556157284074,662,0.004540695225151841,0,GREEN,Continue monitoring
ACC-001024,0.23029525094973238,0.8765586623543964,0,1,0.09656743112291494,648,0.005950635862413228,0,GREEN,Continue monitoring
ACC-001025,0.23774502697695693,1.0124678040380433,0,1,0.32178964388298953,632,0.006193137174670945,0,GREEN,Continue monitoring
ACC-001026,0.8142150779509189,0.8286217924064436,0,0,-0.3520093248192254,655,0.009384074657499825,0,GREEN,Continue monitoring
ACC-001027,0.40017265543010755,0.8250259047193046,0,0,0.19883434895193158,635,0.008093077740882752,0,GREEN,Continue monitoring
ACC-001028,0.7688284721437298,0.7773542068138245,7,0,0.17464925802477316,706,0.018080838055432327,0,GREEN,Continue monitoring
ACC-001029,0.8550130648523672,0.8904261306202655,0,0,0.02121097460675722,624,0.015437317074975788,0,GREEN,Continue monitoring
ACC-001030,0.17897551123418945,0.42438962811369074,30,2,0.548191755457973,607,0.10272087532880361,0,AMBER,Reduce limit and contact customer
ACC-001031,0.26294406158787575,0.9489711549440092,7,0,0.1585865735824735,678,0.004770526663456581,0,GREEN,Continue monitoring
ACC-001032,0.7059459354699519,0.8180946964232186,0,1,-0.10901903709632763,691,0.012127755791277603,0,GREEN,Continue monitoring
ACC-001033,0.5741744572445934,0.7195203711931397,90,4,0.27596219139003053,601,0.6187421411672666,1,RED,Collections escalation
ACC-001034,0.125590507068024,0.8153931675434936,0,0,0.2407322713901674,639,0.004815134093453324,0,GREEN,Continue monitoring
ACC-001035,0.3504836631217295,0.6822624602469516,0,1,0.1492958207631875,587,0.015773303002511483,0,GREEN,Continue monitoring
ACC-001036,0.19788456771058013,0.7545963718404989,30,2,0.42434680246996964,688,0.03484908492287324,0,AMBER,Reduce limit and contact customer
ACC-001037,0.554274299685216,0.5108388342787473,0,0,0.15618374188102718,582,0.02578696912775829,0,GREEN,Continue monitoring
ACC-001038,0.26786385731098744,1.013947636999293,15,0,-0.2203415952454954,636,0.004224808302318256,0,GREEN,Continue monitoring
ACC-001039,0.38828236080445977,0.7154137729917784,60,0,0.7463740612642549,604,0.1493694395230559,0,RED,Collections escalation
ACC-001040,0.4853898779839217,1.0497858716816935,15,0,0.23492635307181553,745,0.006719120324772162,0,GREEN,Continue monitoring
ACC-001041,0.5770406750895348,0.7653222710750067,30,2,0.35194963266280477,638,0.0809446525892551,0,AMBER,Reduce limit and contact customer
ACC-001042,0.3418208398341864,0.6878799316486421,0,1,0.04681322707318898,643,0.010907961360329408,0,GREEN,Continue monitoring
ACC-001043,0.08713618037378022,0.48693193888536496,90,3,0.5337609682845301,621,0.4650423934247664,0,RED,Collections escalation
ACC-001044,0.48930733936440074,0.6956200266231733,0,0,0.44520403932891456,577,0.0214229726886602,0,GREEN,Continue monitoring
ACC-001045,0.7032445086287907,0.6213106081569373,0,0,-0.25777218984697936,749,0.00898389244609832,0,GREEN,Continue monitoring
ACC-001046,0.5540957364858815,0.891000006146882,60,1,0.7088999718169297,575,0.20224007197961727,0,RED,Collections escalation
ACC-001047,0.18072006966094736,0.8985503141422913,0,0,0.32244591306733783,577,0.006338396562813303,0,GREEN,Continue monitoring
ACC-001048,0.6862721973605337,0.8822162275868612,0,0,0.013373667576686801,709,0.007819820872049662,0,GREEN,Continue monitoring
ACC-001049,0.4774754990698725,0.5053849310769095,60,3,0.6073721070940629,502,0.5372255001276658,0,RED,Collections escalation
ACC-001050,0.26009344613876134,0.5329447362569804,15,1,0.16322359569063066,653,0.023702362950156916,0,GREEN,Continue monitoring
ACC-001051,0.7345074313582761,0.8325673830344417,0,0,0.31742554047960614,698,0.014234590639062085,0,GREEN,Continue monitoring
ACC-001052,0.87376548442373,0.9299053029518771,0,1,0.24541103451122298,551,0.034675920939244015,0,GREEN,Continue monitoring
ACC-001053,0.3889269835058911,1.0609020730289926,0,1,0.09642955472049528,717,0.004201509805045793,0,GREEN,Continue monitoring
ACC-001054,0.07526411199685665,0.7461049857930764,0,0,0.28595500264542023,706,0.004060941950106058,0,GREEN,Continue monitoring
ACC-001055,0.4019698515336286,0.5124690272560265,0,1,-0.04172182639152941,558,0.022870773530301185,0,GREEN,Continue monitoring
ACC-001056,0.3335805786190548,0.7402279389448302,0,0,0.15456862272643873,525,0.012442665536830523,0,GREEN,Continue monitoring
ACC-001057,0.5418935670699635,0.5154043798311236,0,1,-0.22094550292559922,707,0.013808456304444367,0,GREEN,Continue monitoring
ACC-001058,0.39700967215112815,0.8364464854315005,15,0,0.15839353769267459,695,0.009951419686692942,0,GREEN,Continue monitoring
ACC-001059,0.28369557183228994,0.8516184197390724,0,0,0.2909456185700694,531,0.010058516780971506,0,GREEN,Continue monitoring
ACC-001060,0.9000174694655709,0.5243346456148248,90,1,0.3854291556410402,676,0.6071442362097633,1,RED,Collections escalation
ACC-001061,0.42947800211111303,0.7867865242220597,0,0,0.23235016084847715,722,0.00688293703556468,0,GREEN,Continue monitoring
ACC-001062,0.7216993967542794,0.2892407791869543,0,0,0.18500552211909616,682,0.04078430198322709,0,GREEN,Continue monitoring
ACC-001063,0.5012076819131579,0.7224530849495561,0,1,-0.11011241673999014,484,0.022090808700056676,0,GREEN,Continue monitoring
ACC-001064,0.17614402813029884,0.659008614047185,30,6,0.6063286314681178,641,0.1915942307487456,0,AMBER,Reduce limit and contact customer
ACC-001065,0.7928619132964039,0.6306919176968224,90,0,0.7831477491079402,508,0.6844755150868505,1,RED,Collections escalation
ACC-001066,0.42094997670029016,0.7161798662803628,7,0,0.18965815984357592,564,0.017859732988628006,0,GREEN,Continue monitoring
ACC-001067,0.2529307428491596,0.6168363679666223,0,0,0.07101082702716699,583,0.009982437364891381,0,GREEN,Continue monitoring
ACC-001068,0.5429904473587727,0.9961547429976908,30,3,0.4146999752374838,716,0.05114896786253593,0,AMBER,Reduce limit and contact customer
ACC-001069,0.8143595306616769,0.7282041521212956,0,0,-0.2819844331118944,626,0.014155668204112737,0,GREEN,Continue monitoring
ACC-001070,0.4187815944050308,0.6726932282739572,7,0,-0.16722811027007656,647,0.00939432590032052,0,GREEN,Continue monitoring
ACC-001071,0.8185832437663919,0.6700999075741213,0,0,0.06975863413429859,613,0.025340003427832332,0,GREEN,Continue monitoring
ACC-001072,0.3543948994190036,0.7717097441317402,0,0,-0.21384005355240027,641,0.005045087324426011,0,GREEN,Continue monitoring
ACC-001073,0.8035885615536345,0.4846192262592951,0,1,0.12067295111444788,607,0.05422450346298953,0,GREEN,Continue monitoring
ACC-001074,0.2888012377079479,0.8050275128216893,15,0,0.14701224446442204,560,0.014332429597903549,0,GREEN,Continue monitoring
ACC-001075,0.5019444907970205,0.69740257153541,0,0,0.2683670828628567,620,0.015168115814299334,0,GREEN,Continue monitoring
ACC-001076,0.615217382282404,0.5283471710027975,0,1,-0.07342509410677306,640,0.02394500802375981,0,GREEN,Continue monitoring
ACC-001077,0.7926597123180688,0.7888463181880835,0,0,0.06587351431556909,593,0.020038067910436212,0,GREEN,Continue monitoring
ACC-001078,0.7494224926980689,0.47332436982035087,90,2,0.411672817387677,635,0.6802733198494756,1,RED,Collections escalation
ACC-001079,0.331225860325943,0.6372225880322852,0,0,-0.030704288779490496,588,0.009798173552400861,0,GREEN,Continue monitoring
ACC-001080,0.5388946155184884,0.6958637776865064,0,2,-0.05172370381998398,655,0.019074265474378495,0,GREEN,Continue monitoring
ACC-001081,0.5124123413655584,0.9918107368099307,60,2,0.2711839102604924,680,0.09309807462130663,0,RED,Collections escalation
ACC-001082,0.4830385926774686,0.766892743522563,15,0,0.2699838136079763,591,0.023539108392832776,0,GREEN,Continue monitoring
ACC-001083,0.6726163951469917,0.7798919493652703,15,0,0.034438224176890964,690,0.01762541042608154,0,GREEN,Continue monitoring
ACC-001084,0.44551671131309895,0.6252899357035833,0,0,-0.006236604118641326,616,0.011727834056740502,0,GREEN,Continue monitoring
ACC-001085,0.32623815392659755,0.9961635911934075,90,4,0.2342061156670309,568,0.36367214024124483,0,RED,Collections escalation
ACC-001086,0.18987645502736086,0.9286344072787136,0,0,0.3613408087510713,607,0.005612793038744657,0,GREEN,Continue monitoring
ACC-001087,0.7225453814903774,0.5830388695492821,0,0,0.2538428525993296,732,0.019356941502514075,0,GREEN,Continue monitoring
ACC-001088,0.779762008461474,0.8191074661212641,7,0,0.33753525278895247,562,0.035461726523219016,0,GREEN,Continue monitoring
ACC-001089,0.43426056388680434,0.8598850903553694,15,1,-0.014002070685569856,687,0.011980004329680513,0,GREEN,Continue monitoring
ACC-001090,0.34573567559409774,0.6586550902313977,0,0,0.019328716050504,656,0.007797713548522961,0,GREEN,Continue monitoring
ACC-001091,0.49694327002199157,0.642072682918704,0,1,0.006517125510773283,592,0.019464814257054628,0,GREEN,Continue monitoring
ACC-001092,0.9059379075407902,0.3094981691382133,0,0,0.1807727662533846,627,0.06907890624910379,0,GREEN,Continue monitoring
ACC-001093,0.6531679462495155,0.8209961917357976,0,0,-0.06857163596519952,686,0.008322364477759863,0,GREEN,Continue monitoring
ACC-001094,0.6153285578265522,0.48245147810036104,0,0,0.07983908952049314,476,0.043041230414899836,0,GREEN,Continue monitoring
ACC-001095,0.640616003734964,0.75654025795751,0,0,0.21824974696039445,691,0.012687885173242139,0,GREEN,Continue monitoring
ACC-001096,0.7193304758750481,0.5033266666246567,0,0,0.13388481465086643,595,0.034117582799173526,0,GREEN,Continue monitoring
ACC-001097,0.47266543072764283,0.43859971057605585,0,1,0.22706858243740494,685,0.025545950519979047,0,GREEN,Continue monitoring
ACC-001098,0.14665679051844624,0.4688547532456155,0,0,0.5700729222604953,692,0.012630089428306316,0,GREEN,Continue monitoring
ACC-001099,0.6925205833005218,0.36809144734546767,0,0,0.30330072575141565,665,0.03964791897136001,0,GREEN,Continue monitoring
ACC-001100,0.4654600479265857,0.609419565705213,0,0,0.4169322345645149,688,0.015414588231484413,0,GREEN,Continue monitoring
ACC-001101,0.11821705813238512,0.8778764851928804,90,1,0.49827503460054445,595,0.1776631730394223,1,RED,Collections escalation
ACC-001102,0.3998253202927024,0.6289841865085068,0,0,0.12650874416673125,577,0.014366149113276544,0,GREEN,Continue monitoring
ACC-001103,0.6622613360783932,0.8809943509876149,0,0,0.19506985169292995,774,0.007089772052545829,0,GREEN,Continue monitoring
ACC-001104,0.6247442197373757,0.8139119259921717,0,0,0.04881787954319894,552,0.015484758857982242,0,GREEN,Continue monitoring
ACC-001105,0.3087169007289102,0.6298705926950737,15,0,0.35309444327602507,629,0.020966386998073266,0,GREEN,Continue monitoring
ACC-001106,0.4587883627416387,0.7854470913688241,30,8,0.786124284982309,530,0.5471406060481531,1,RED,Collections escalation
ACC-001107,0.5153819455949438,0.7480921532383901,7,0,-0.04106666426366504,732,0.00802492073426427,0,GREEN,Continue monitoring
ACC-001108,0.486291865001409,0.7771002277057664,7,0,-0.18907528560496112,607,0.009833967798351367,0,GREEN,Continue monitoring
ACC-001109,0.7375818956591131,0.996482172743569,0,1,0.17657859916111826,692,0.012140775591766994,0,GREEN,Continue monitoring
ACC-001110,0.8261776717147584,0.7067077901291656,0,1,-0.04507270299645963,583,0.03237637023424644,0,GREEN,Continue monitoring
ACC-001111,0.23954616110166518,0.5929695413892191,0,1,0.2777537435040106,527,0.0222340196425081,0,GREEN,Continue monitoring
ACC-001112,0.49213258782971553,0.9206907190277797,0,1,-0.010414733897535222,663,0.0077790597525418045,0,GREEN,Continue monitoring
ACC-001113,0.1381050754393679,0.8508301254409972,30,4,0.6034590060866099,525,0.10525678455720214,0,AMBER,Reduce limit and contact customer
ACC-001114,0.47909279713796915,0.7669193313114778,0,1,-0.20512757333135428,643,0.009170991761519406,0,GREEN,Continue monitoring
ACC-001115,0.8138210284204254,0.5907837415400394,0,0,-0.007565831751729479,571,0.032142253503478366,0,GREEN,Continue monitoring
ACC-001116,0.34366422591948104,0.635269951789893,0,2,-0.039456727226614696,522,0.024772029015119743,0,GREEN,Continue monitoring
ACC-001117,0.813219191326722,0.4335185508681947,0,1,0.33657227425719094,615,0.07511128426546204,0,GREEN,Continue monitoring
ACC-001118,0.6913150638245453,0.676139370514852,15,0,0.3731286918756326,478,0.07474823928020598,0,GREEN,Continue monitoring
ACC-001119,0.5772360808223017,0.5544747114471342,0,0,0.24999568999180435,625,0.023158719706338458,0,GREEN,Continue monitoring
ACC-001120,0.17603249075704502,0.538507655283347,30,6,0.4981075545068303,583,0.2558766535122209,0,AMBER,Reduce limit and contact customer
ACC-001121,0.3989894870309922,1.017530916793327,0,1,-0.0818447052216843,601,0.00610961368639291,0,GREEN,Continue monitoring
ACC-001122,0.045575915989795865,0.9117866490145771,60,2,0.6061200172720758,599,0.08548338169046851,1,RED,Collections escalation
ACC-001123,0.7199073432861892,1.0565943738174008,60,4,0.6670675372690936,602,0.36501764437566486,0,RED,Collections escalation
ACC-001124,0.42078976382281075,0.9348959331231841,0,1,-0.18264010945163323,607,0.006682203900341927,0,GREEN,Continue monitoring
ACC-001125,0.24821480555783695,0.8802623671865561,15,0,0.30947549047681916,511,0.016290166646371396,0,GREEN,Continue monitoring
ACC-001126,0.6279038370538355,0.8856400539526681,0,0,-0.03880672799937804,656,0.00799094712110448,0,GREEN,Continue monitoring
ACC-001127,0.21971218876560614,0.6790805305125595,0,0,-0.07226615023002284,677,0.004752088409579064,0,GREEN,Continue monitoring
ACC-001128,0.4429228795990898,0.6834737646671506,7,0,-0.09663222882712266,696,0.00860598300810734,0,GREEN,Continue monitoring
ACC-001129,0.5112020758010629,1.1445267020450909,0,1,0.19263419204905494,685,0.005734929045304789,0,GREEN,Continue monitoring
ACC-001130,0.5844173847303307,0.7698579020177273,15,0,-0.2543978922852597,674,0.011515514835897273,0,GREEN,Continue monitoring
ACC-001131,0.7500967828705905,0.5766430326770459,0,1,0.1585802513166506,540,0.05396508381417063,0,GREEN,Continue monitoring
ACC-001132,0.41847171971351727,0.9560349925348008,0,0,0.1268363788321701,571,0.00749606507391498,0,GREEN,Continue monitoring
ACC-001133,0.4718247242123156,0.939683700964088,90,0,0.4071964618600669,572,0.2193687886853821,0,RED,Collections escalation
ACC-001134,0.643151020665168,0.6626969240749687,0,1,0.4539448567672783,732,0.023985530040705357,0,GREEN,Continue monitoring
ACC-001135,0.4353756787344603,0.7850102720787868,0,0,0.28861731001535956,606,0.011803355541936972,0,GREEN,Continue monitoring
ACC-001136,0.26676250310718047,0.8440763749115646,0,1,0.3064654495000851,590,0.011022621302131027,0,GREEN,Continue monitoring
ACC-001137,0.8371858779352284,0.6306159227915783,7,0,0.025061633475261205,579,0.039437631415032225,0,GREEN,Continue monitoring
ACC-001138,0.5037548255923806,0.9610862520362112,7,0,0.0700463979192317,579,0.01028104450810621,0,GREEN,Continue monitoring
ACC-001139,0.22119335612636318,0.8749984336403897,0,2,0.31629939323243533,672,0.00951264717787348,0,GREEN,Continue monitoring
ACC-001140,0.09759784066597266,1.0156594012039604,0,0,0.20399916731292175,643,0.002757721140105581,0,GREEN,Continue monitoring
ACC-001141,0.3603124180423607,0.9365865501594414,0,2,0.19003304014294523,684,0.009170433732269627,0,GREEN,Continue monitoring
ACC-001142,0.19883254185209656,0.4668207797060897,0,1,0.36747604351571694,572,0.024922719272038093,0,GREEN,Continue monitoring
ACC-001143,0.5854940925834841,0.9412521430192752,0,0,-0.17108512160034545,688,0.004902022637268663,0,GREEN,Continue monitoring
ACC-001144,0.03225376768908984,0.9080150520744759,0,0,0.07340991968011974,639,0.0026699977666663575,0,GREEN,Continue monitoring
ACC-001145,0.18977367304742665,0.6711017591772714,7,1,-0.13881325675068906,713,0.006458110543424333,0,GREEN,Continue monitoring
ACC-001146,0.7404028942005637,0.6685065082784891,15,1,0.08009064635258176,656,0.04256355411371468,0,GREEN,Continue monitoring
ACC-001147,0.5185078507860591,0.7378534923286015,0,1,-0.20228411037650074,599,0.012677263429157377,0,GREEN,Continue monitoring
ACC-001148,0.6532030175183688,0.7676260093773343,0,1,0.10011823706268702,603,0.02172711366341944,0,GREEN,Continue monitoring
ACC-001149,0.746338210988812,0.8477275174267894,30,3,0.5511666926902168,684,0.13199494020593933,1,AMBER,Reduce limit and contact customer
ACC-001150,0.3312094588546408,1.1331615628042555,15,0,-0.03316598973557913,716,0.003347506039023777,0,GREEN,Continue monitoring
ACC-001151,0.20035773096018897,0.8811601526402235,15,1,0.056995827745802294,672,0.008109084872953263,0,GREEN,Continue monitoring
ACC-001152,0.4402882642649923,0.8227131450047863,0,1,0.39398710869544695,550,0.021367598973676644,0,GREEN,Continue monitoring
ACC-001153,0.4111215285491271,0.7081503469819371,30,5,0.3921867351423107,543,0.2245805465436983,0,AMBER,Reduce limit and contact customer
ACC-001154,0.5132976745510638,0.8328300802294374,90,1,0.3023178818370067,535,0.35651534392396156,0,RED,Collections escalation
ACC-001155,0.4808236968409451,0.7675674041512246,15,0,0.18502597228592016,527,0.027322617116071465,0,GREEN,Continue monitoring
ACC-001156,0.7157693991605706,1.2,0,0,0.13763736234486068,497,0.011117882920340987,0,GREEN,Continue monitoring
ACC-001157,0.5271816805517225,0.6657021807401021,0,1,0.29932528063416336,708,0.017327413255832928,0,GREEN,Continue monitoring
ACC-001158,0.8435193893245024,0.8605998554186431,90,1,0.4093776442259225,622,0.4550134086304664,0,RED,Collections escalation
ACC-001159,0.2842754873397482,1.2,0,1,0.4187778525413185,589,0.006009095395007752,0,GREEN,Continue monitoring
ACC-001160,0.7872874133365029,0.2513934914671652,0,0,0.301210308076065,740,0.045908963422348945,0,GREEN,Continue monitoring
ACC-001161,0.13248440155192062,0.8885262953167059,0,2,-0.013209581696526251,684,0.00500936832055702,0,GREEN,Continue monitoring
ACC-001162,0.33724319596902597,1.0364074619594654,0,1,0.02754518236880306,543,0.007370831849080603,0,GREEN,Continue monitoring
ACC-001163,0.6434783451031647,0.7292946129496976,0,0,-0.08650143710348826,673,0.010303377925720737,0,GREEN,Continue monitoring
ACC-001164,0.18608412788421402,1.2,0,2,-0.07851738809664527,523,0.004993512119826033,0,GREEN,Continue monitoring
ACC-001165,0.11848275768477871,0.8560899718862481,0,0,0.04168507689603869,680,0.0029337301548249765,0,GREEN,Continue monitoring
ACC-001166,0.22258207563538848,0.808903436616871,0,0,0.05698569606212783,606,0.00553327397746058,0,GREEN,Continue monitoring
ACC-001167,0.5618228961064229,0.5208701955932926,0,0,0.27733766950006816,627,0.024685501187449128,0,GREEN,Continue monitoring
ACC-001168,0.6794908389255396,0.6600487590028056,30,4,0.7732565903695479,696,0.25505674365589986,0,AMBER,Reduce limit and contact customer
ACC-001169,0.7005034665736644,1.0038359116120468,60,2,0.5071283227637418,511,0.2767735536034861,0,RED,Collections escalation
ACC-001170,0.1743350181689103,1.2,0,0,0.030861646653703764,557,0.002497649707357053,0,GREEN,Continue monitoring
ACC-001171,0.6199737457652069,0.6859928239840558,0,0,0.17105807004681675,695,0.01324836967063969,0,GREEN,Continue monitoring
ACC-001172,0.5573668367856327,0.6636808063143165,0,0,0.3601957145813314,721,0.013635332025458581,0,GREEN,Continue monitoring
ACC-001173,0.541383483267042,0.8725573722625736,60,2,0.6672751383190565,494,0.3197428287384139,1,RED,Collections escalation
ACC-001174,0.48368584634461603,0.882343471080369,0,0,0.06897050391829039,594,0.008638047068183434,0,GREEN,Continue monitoring
ACC-001175,0.34141505646045994,0.9195885162636215,0,0,0.047742054250071844,543,0.007057663068594283,0,GREEN,Continue monitoring
ACC-001176,0.3851706260990903,1.0887601893868368,0,0,0.3316026645449388,632,0.0052011873930434506,0,GREEN,Continue monitoring
ACC-001177,0.036730956300255795,0.9135713338632245,0,2,0.24141685916688133,673,0.005444223554071244,0,GREEN,Continue monitoring
ACC-001178,0.5757604134259129,0.6028438971995885,0,0,0.11190716625301561,692,0.013692024425902883,0,GREEN,Continue monitoring
ACC-001179,0.38153590810265603,1.0881030078203235,0,0,0.12147956129342018,697,0.003132383165451628,0,GREEN,Continue monitoring
ACC-001180,0.8080174231172419,0.4219248740692531,0,0,0.02115081722432806,652,0.03431173787269205,0,GREEN,Continue monitoring
ACC-001181,0.17621305794547382,0.7233512759644878,0,0,0.0023027872004298955,700,0.003911904467532274,0,GREEN,Continue monitoring
ACC-001182,0.23798497318592837,0.7948665546448392,0,0,-0.0929641748766317,713,0.003241218694096066,0,GREEN,Continue monitoring
ACC-001183,0.33418452871675175,0.8928666549034829,0,1,0.32406573350757534,691,0.0078116893183194725,0,GREEN,Continue monitoring
ACC-001184,0.10117972106898913,1.0943621975227278,60,1,0.13696146633140793,641,0.024262557447475085,0,RED,Collections escalation
ACC-001185,0.20327578918320532,1.0065847552152045,0,0,-0.056476181326334446,724,0.0018897438502945808,0,GREEN,Continue monitoring
ACC-001186,0.0999359921835405,1.2,0,0,0.38248386977676163,576,0.00296899715611143,0,GREEN,Continue monitoring
ACC-001187,0.19345902172503487,1.0941609123071632,0,0,0.19675364196293751,732,0.0019737927529074398,0,GREEN,Continue monitoring
ACC-001188,0.4536556899044852,1.0230494983206766,0,0,0.4922869105426441,580,0.01019929367460491,0,GREEN,Continue monitoring
ACC-001189,0.16398055147236798,0.6961390119637605,15,0,0.06190682321880691,622,0.00995480676349273,0,GREEN,Continue monitoring
ACC-001190,0.18075731792909044,0.9231166331544314,7,0,0.2704291765498823,627,0.005902468928986153,0,GREEN,Continue monitoring
ACC-001191,0.5797391804505896,0.8485192736944482,15,1,0.06292522289452566,608,0.02469720365253193,0,GREEN,Continue monitoring
ACC-001192,0.26382782627821555,0.7261415433050711,15,0,-0.11679593783490227,722,0.006289664685241727,0,GREEN,Continue monitoring
ACC-001193,0.3952058427692165,0.49302538902653553,0,0,0.22356239370606412,594,0.01989546345704119,0,GREEN,Continue monitoring
ACC-001194,0.49647921118089366,0.5146505787732815,0,0,0.2434777802246535,639,0.02006012147955462,0,GREEN,Continue monitoring
ACC-001195,0.5758213288608687,0.6935091896007195,15,0,0.5340730343166568,559,0.05039765076260144,0,GREEN,Continue monitoring
ACC-001196,0.3624974063700237,0.5572697847949531,30,2,0.6079362056902597,642,0.1047977159866972,1,AMBER,Reduce limit and contact customer
ACC-001197,0.46133973657246563,0.854907799664946,0,2,0.08625864583288233,603,0.01654125964192715,0,GREEN,Continue monitoring
ACC-001198,0.6651909618479398,0.41779183194965885,30,2,0.5366076174551418,501,0.32737715209634505,0,AMBER,Reduce limit and contact customer
ACC-001199,0.6767578237301991,0.8500913190500958,0,1,0.040413790580072134,671,0.013671222144364241,0,GREEN,Continue monitoring
ACC-001200,0.7763722683494065,0.7324025116977682,90,1,0.6074590194021768,644,0.5253649169420325,1,RED,Collections escalation
ACC-001201,0.26942504683169427,0.8943351048179594,0,0,0.12966752788400637,463,0.009699624487959286,0,GREEN,Continue monitoring
ACC-001202,0.3303878807345899,1.1614998352044617,0,0,0.07225648063526433,555,0.0039908861365560615,0,GREEN,Continue monitoring
ACC-001203,0.36460349445384443,0.8489428944447754,0,1,-0.3946876874361739,563,0.006706413875628696,0,GREEN,Continue monitoring
ACC-001204,0.4507118862766567,0.563908445075473,90,2,0.736952636390705,634,0.5756464580790951,0,RED,Collections escalation
ACC-001205,0.49358492572517715,0.7139004998273749,0,0,0.28891719535617244,571,0.01786428891305012,0,GREEN,Continue monitoring
ACC-001206,0.39137822250990095,0.9051550255794394,7,0,0.1617414154093707,649,0.007714794151143605,0,GREEN,Continue monitoring
ACC-001207,0.23178449978526003,0.8995763899090375,60,0,0.5932262243306251,586,0.07074832825571906,1,RED,Collections escalation
ACC-001208,0.2710654807076346,1.0363725209735972,7,1,0.09110305344363434,768,0.0036003428826144384,0,GREEN,Continue monitoring
ACC-001209,0.6651804361245394,0.9028220829893641,0,2,0.4262990099238707,654,0.027248821497889323,0,GREEN,Continue monitoring
ACC-001210,0.6788469247577258,0.37824189764051125,0,0,0.12800466119523302,608,0.03859443382868425,0,GREEN,Continue monitoring
ACC-001211,0.6245846952574505,0.7704819921306765,0,0,0.10842296850850237,591,0.015626399668719326,0,GREEN,Continue monitoring
ACC-001212,0.8305727268417097,0.5843251060321346,0,0,0.2258968717810989,625,0.035478878265997035,0,GREEN,Continue monitoring
ACC-001213,0.2613547716808864,0.6851370968368677,0,0,-0.044769092321156834,648,0.00591642261954792,0,GREEN,Continue monitoring
ACC-001214,0.4585598724819795,0.6894977894971703,7,0,0.19559945140881096,681,0.013007378853595436,0,GREEN,Continue monitoring
ACC-001215,0.681351631903697,0.7220701785438459,0,1,0.37894610992282957,570,0.03934988432012895,0,GREEN,Continue monitoring
ACC-001216,0.5493383561022046,0.6803630850429248,30,3,0.35192451013307596,635,0.12329719736628882,0,AMBER,Reduce limit and contact customer
ACC-001217,0.8028029796403969,0.8849424462161335,7,0,0.12595286975130496,596,0.022349900979298024,0,GREEN,Continue monitoring
ACC-001218,0.28032609847795814,1.0183477674371684,0,1,-0.08017064556983575,593,0.004924190617574515,0,GREEN,Continue monitoring
ACC-001219,0.0984645214848729,0.7271689442891529,0,2,-0.058203713533716395,666,0.006776914581586497,0,GREEN,Continue monitoring
ACC-001220,0.15334211266782374,1.016129227098854,15,0,0.18349736451292445,660,0.004778407870440537,0,GREEN,Continue monitoring
ACC-001221,0.2401955498926168,0.7742684757110185,0,0,0.035300141774808766,608,0.005986551786316027,0,GREEN,Continue monitoring
ACC-001222,0.6262350547352987,0.6233337339568326,0,0,0.2321005474351546,679,0.017543128291296953,0,GREEN,Continue monitoring
ACC-001223,0.7464730845620406,0.8922664866048602,0,1,0.11855496865351395,730,0.012503687391427038,0,GREEN,Continue monitoring
ACC-001224,0.28430248240070066,0.834060927232199,0,1,0.002214314532137801,704,0.005257145585084147,0,GREEN,Continue monitoring
ACC-001225,0.4104410494579101,0.8529220034331547,15,0,-0.3192577508690002,669,0.0063464706588381836,0,GREEN,Continue monitoring
ACC-001226,0.39238385780645746,0.6070722361241129,90,1,0.5586841931414309,606,0.4171501274756843,0,RED,Collections escalation
ACC-001227,0.5919770641270343,0.8390508306125255,0,1,0.33629431636076373,638,0.018691922944852772,1,GREEN,Continue monitoring
ACC-001228,0.6369646645634489,0.38978497706200305,0,1,0.2612826399239305,714,0.03668357157447946,0,GREEN,Continue monitoring
ACC-001229,0.518816786348163,0.674962309327506,60,0,0.10390882225638448,489,0.16057597537080262,1,RED,Collections escalation
ACC-001230,0.22685417288193993,0.7505019807360327,0,0,0.210880287917326,673,0.005786171749750704,0,GREEN,Continue monitoring
ACC-001231,0.45140568579915974,0.9137475620292228,7,1,0.06550093434140292,597,0.013110312528797519,0,GREEN,Continue monitoring
ACC-001232,0.3638426226118219,0.722140775391227,0,1,0.10523528746404041,693,0.009292718165883245,0,GREEN,Continue monitoring
ACC-001233,0.8344775447934311,0.6840297729118973,0,0,-0.029977924678631945,624,0.021750870355662724,0,GREEN,Continue monitoring
ACC-001234,0.2927811255946108,0.8659346909777362,15,0,-0.04383556969359581,594,0.008888987000084942,0,GREEN,Continue monitoring
ACC-001235,0.2353222881667856,1.0133399340500437,0,0,0.11777945980901289,700,0.002676171138459801,0,GREEN,Continue monitoring
ACC-001236,0.8129496916533051,0.49173414047557445,7,0,-0.052940466324638946,479,0.06738581421351762,0,GREEN,Continue monitoring
ACC-001237,0.39605704939953357,0.7247747713211187,7,0,0.15690797522451383,731,0.008300717745642953,0,GREEN,Continue monitoring
ACC-001238,0.6652130828273356,0.5394028694994454,0,0,0.4042766716676533,644,0.031534042398780764,0,GREEN,Continue monitoring
ACC-001239,0.5460722154505739,0.916443702890672,0,0,0.11478041350342466,794,0.004333284327592597,0,GREEN,Continue monitoring
ACC-001240,0.5084200011913271,0.8278334743552078,0,0,0.14791688552913668,450,0.019714680312265535,0,GREEN,Continue monitoring
ACC-001241,0.630287984275081,0.6088664122593023,7,0,0.0723244852632586,559,0.030951268336287762,0,GREEN,Continue monitoring
ACC-001242,0.10826863118357614,0.714238668028024,30,1,0.21549011926562678,595,0.02610637314908853,0,AMBER,Reduce limit and contact customer
ACC-001243,0.44672730600805055,0.40152822024800905,15,0,-0.05185615427747181,607,0.031406875732561804,0,GREEN,Continue monitoring
ACC-001244,0.4741001235931745,0.31210144711057725,0,0,0.36419805468377386,647,0.03287470234991771,0,GREEN,Continue monitoring
ACC-001245,0.276417457008722,0.8752200464754525,90,1,0.24925695876400591,511,0.24153909467211654,0,RED,Collections escalation
ACC-001246,0.4016821283454972,0.735350110267544,60,0,0.5249277616510063,626,0.10957552810089682,0,RED,Collections escalation
ACC-001247,0.5413518254235351,0.697838768033743,0,0,-0.01876147615746898,588,0.013450384254155276,0,GREEN,Continue monitoring
ACC-001248,0.4465810985827697,0.791521130674435,15,0,0.1635422236946475,598,0.017883115357783076,0,GREEN,Continue monitoring
ACC-001249,0.8874210199721575,0.5669164279034031,15,0,-0.26881862401779844,501,0.06341393512632518,0,GREEN,Continue monitoring
ACC-001250,0.5934888758821353,0.9909791536304817,0,0,0.19874251138943433,617,0.009057096490220223,0,GREEN,Continue monitoring
ACC-001251,0.5320455694904797,0.588197396457682,30,1,0.21536487220246564,450,0.13358079120272653,0,AMBER,Reduce limit and contact customer
ACC-001252,0.15310024061468078,0.8502161883761716,0,0,0.21431411693434071,594,0.005494307761097224,0,GREEN,Continue monitoring
ACC-001253,0.33325688592644614,0.8750670243242712,0,1,0.12040653351294206,670,0.006984604059055714,0,GREEN,Continue monitoring
ACC-001254,0.5173222540526589,0.7148202922190438,7,0,0.017668571092352217,662,0.012241367045498795,0,GREEN,Continue monitoring
ACC-001255,0.3156546419744403,0.9243918648681084,0,0,0.24798708578031384,675,0.004933975813376151,0,GREEN,Continue monitoring
ACC-001256,0.5344836545862234,0.8865556789579376,0,0,-0.037617512788268886,542,0.010355818685812061,0,GREEN,Continue monitoring
ACC-001257,0.25355355662098655,0.4969839638896103,0,1,-0.09709782064080033,584,0.014789158756143457,0,GREEN,Continue monitoring
ACC-001258,0.2736098687993495,1.172140799595259,30,1,0.4579872792954115,607,0.017157188441271877,0,AMBER,Reduce limit and contact customer
ACC-001259,0.241943758974618,0.6335425153477292,0,0,-0.2111775620930425,610,0.006127576144263756,0,GREEN,Continue monitoring
ACC-001260,0.5028823666414446,1.1818522189273781,30,4,0.3481693750301009,541,0.07876076972969917,0,AMBER,Reduce limit and contact customer
ACC-001261,0.33762218582128595,0.7154730563372994,30,3,0.7776673170978572,461,0.21455938977567718,0,AMBER,Reduce limit and contact customer
ACC-001262,0.41004073626170834,0.8368894827200284,90,1,0.5028607825987762,647,0.26293788854468,1,RED,Collections escalation
ACC-001263,0.03313421211480662,1.0954889452604673,0,0,-0.1868096766537941,758,0.0008172030750619158,0,GREEN,Continue monitoring
ACC-001264,0.42536240891206506,0.7425816945374928,0,0,0.10778551959097044,545,0.013142508719458384,0,GREEN,Continue monitoring
ACC-001265,0.1953946160202715,0.46647848507872036,0,0,-0.045440435519118555,630,0.008919439772013054,0,GREEN,Continue monitoring
ACC-001266,0.38912184688854873,0.7335032195062771,0,0,0.22831431199266,698,0.007779225201625782,0,GREEN,Continue monitoring
ACC-001267,0.38014701590317695,0.9251485577411873,0,0,0.24775638718300724,634,0.006623478763963372,0,GREEN,Continue monitoring
ACC-001268,0.6114389796740535,0.566644220891871,0,0,0.08816840853255223,516,0.03084560889577282,0,GREEN,Continue monitoring
ACC-001269,0.5310073942168747,0.6590334252066717,0,0,0.04439384002795203,547,0.018126776925627423,0,GREEN,Continue monitoring
ACC-001270,0.7755444710184637,0.8631700150566857,0,1,0.27312145387991854,768,0.014473903951872332,0,GREEN,Continue monitoring
ACC-001271,0.5896313068705612,0.7533987301949608,0,0,0.3278935331534909,572,0.02080508422756612,0,GREEN,Continue monitoring
ACC-001272,0.11857191472902989,1.1093442925257917,0,0,0.36079570571203223,630,0.0029639858288596135,0,GREEN,Continue monitoring
ACC-001273,0.36969381856896416,1.0178586212509968,0,0,0.07355232463197844,680,0.003610775780220397,0,GREEN,Continue monitoring
ACC-001274,0.528005551679446,0.8510305650607011,0,0,0.016337544553282998,625,0.008451974560934916,0,GREEN,Continue monitoring
ACC-001275,0.2808497231333651,1.1277952617389784,0,0,-0.013653019972104774,709,0.0018986804609429156,0,GREEN,Continue monitoring
ACC-001276,0.6905672214942438,0.9142157256655087,60,5,0.14912443564631772,467,0.492251350738428,1,RED,Collections escalation
ACC-001277,0.43292608835713836,0.6518916188777847,15,1,-0.31929821292836164,603,0.018500059238729948,0,GREEN,Continue monitoring
ACC-001278,0.8004945167656002,0.5378423435117005,15,1,0.11041497419570366,682,0.05885606226117454,0,GREEN,Continue monitoring
ACC-001279,0.5344719929196209,0.7064279314712726,0,0,0.006049597550055047,669,0.009721013027359119,0,GREEN,Continue monitoring
ACC-001280,0.8907019630025584,0.859357846959711,0,0,-0.03614648683881319,575,0.020144888520593943,0,GREEN,Continue monitoring
ACC-001281,0.512897905292803,0.5989682220419588,15,0,0.07274546864957068,703,0.01858493653505683,0,GREEN,Continue monitoring
ACC-001282,0.6093226968176059,0.6979338401777263,0,0,0.16313484936534894,801,0.00820966123769495,0,GREEN,Continue monitoring
ACC-001283,0.3430427434830128,0.9590050374345132,60,1,0.3884616124645402,490,0.1199562585556226,0,RED,Collections escalation
ACC-001284,0.253751984234637,0.7811820413092855,0,2,0.27030875161343204,659,0.01247782573065629,0,GREEN,Continue monitoring
ACC-001285,0.5735945892865283,0.7966639056727508,7,0,0.14391434406639955,614,0.016049090542035942,0,GREEN,Continue monitoring
ACC-001286,0.2744756557329613,1.03222786625823,0,0,0.12849304725421823,541,0.0053005945534324046,0,GREEN,Continue monitoring
ACC-001287,0.46473856863383795,0.8533301192342849,15,1,-0.05392860311776679,517,0.024171829233262,0,GREEN,Continue monitoring
ACC-001288,0.34831767446858725,0.5547474182442069,15,0,0.06395893666207025,667,0.01664557181872966,0,GREEN,Continue monitoring
ACC-001289,0.7500703228901435,0.8636457893795555,7,0,0.0555766971669476,620,0.01766237482110662,0,GREEN,Continue monitoring
ACC-001290,0.38053994121094664,0.6107545839197357,0,1,0.015608027947975528,507,0.023012559538649894,0,GREEN,Continue monitoring
ACC-001291,0.38420483311610465,0.42319023193385097,30,1,0.7679286358124902,525,0.18470088000416146,1,AMBER,Reduce limit and contact customer
ACC-001292,0.5624640510426878,0.7240573436981401,0,0,0.4147869300332366,632,0.018233930545102216,0,GREEN,Continue monitoring
ACC-001293,0.20493858666348144,1.1283242141874323,30,5,0.28833933462873096,581,0.05375800183467402,0,AMBER,Reduce limit and contact customer
ACC-001294,0.45679297398396645,0.8194797584368628,0,1,0.3446857820782725,650,0.014235397185271238,0,GREEN,Continue monitoring
ACC-001295,0.5501931983212442,0.8339270997974082,7,1,-0.04751567221731848,767,0.008602674480202714,0,GREEN,Continue monitoring
ACC-001296,0.6213180111121741,0.5389699187293318,7,0,0.02432990414123526,740,0.016464972199598745,0,GREEN,Continue monitoring
ACC-001297,0.7236443054466155,0.44419698853094186,7,2,0.023436694439929365,666,0.062186305688962946,0,GREEN,Continue monitoring
ACC-001298,0.4664372803683218,0.9743594429793153,30,1,0.449686141501996,592,0.040781490039457996,0,AMBER,Reduce limit and contact customer
ACC-001299,0.33448767592603046,0.9317432212745304,60,1,0.7658457310979253,702,0.08571683528971895,0,RED,Collections escalation
ACC-001300,0.23539319670346778,0.9500561229013641,0,0,0.6335068230903004,554,0.009906855621919569,0,GREEN,Continue monitoring
ACC-001301,0.8307316139316958,0.7817943529330023,0,0,0.21650348130603714,774,0.012790809193777562,0,GREEN,Continue monitoring
ACC-001302,0.18488650176312274,1.0443747729123078,15,0,0.2256333902184346,538,0.008160577512381936,0,GREEN,Continue monitoring
ACC-001303,0.3034969270948155,1.0180862801256265,0,0,0.4186107022021311,584,0.006831187587636806,0,GREEN,Continue monitoring
ACC-001304,0.6253088443700963,0.4841517112918859,15,2,0.03501958115915485,662,0.06308663245983691,0,GREEN,Continue monitoring
ACC-001305,0.6089027549342466,0.8067679240346705,0,0,-0.20274783852614653,711,0.006076966012935805,0,GREEN,Continue monitoring
ACC-001306,0.4693386078497061,0.6885253437118264,0,0,0.0932491415499613,799,0.005824693317041236,0,GREEN,Continue monitoring
ACC-001307,0.0847223069904745,0.6438419936453151,0,0,0.11468945745141707,754,0.0035217606860058963,0,GREEN,Continue monitoring
ACC-001308,0.32079059944734456,0.906488776253801,0,1,0.3615461609036157,671,0.008324779019353521,0,GREEN,Continue monitoring
ACC-001309,0.3800589116775947,0.9550676631694422,0,2,0.2249231341263379,681,0.009672183759239925,0,GREEN,Continue monitoring
ACC-001310,0.542467657830357,0.4841296200337575,15,0,0.08538972294676822,574,0.04222508015028282,0,GREEN,Continue monitoring
ACC-001311,0.619821177985959,0.5645058503645741,15,1,0.05866547515389117,661,0.03975153762586168,1,GREEN,Continue monitoring
ACC-001312,0.20792610020213748,0.644067137287634,0,1,0.0033621262704274374,701,0.006888442100703262,0,GREEN,Continue monitoring
ACC-001313,0.394750983392933,0.5281779957807126,0,0,0.2270063443039953,708,0.011800338274700768,0,GREEN,Continue monitoring
ACC-001314,0.4796456597676381,0.7673721401530749,7,0,-0.2070772244118897,691,0.006958779335557093,0,GREEN,Continue monitoring
ACC-001315,0.287987245679473,0.9029978856896,60,2,0.5242049618601646,566,0.14111563017037632,0,RED,Collections escalation
ACC-001316,0.143939360338797,0.6526180397010484,0,0,0.2948750311498822,637,0.0076434019184303,0,GREEN,Continue monitoring
ACC-001317,0.3522585324229728,0.7081496822578892,7,0,-0.06269706059691157,716,0.00649814302736982,0,GREEN,Continue monitoring
ACC-001318,0.23532717431871156,0.5569135921804569,0,0,0.03759638054645231,756,0.005314322993802043,0,GREEN,Continue monitoring
ACC-001319,0.6502901973534293,0.7002114602833708,0,0,0.3097121421329618,567,0.02635011172033576,0,GREEN,Continue monitoring
ACC-001320,0.6574516953976137,0.7759526351431709,0,0,0.05747430233342796,675,0.011161971769103269,0,GREEN,Continue monitoring
ACC-001321,0.12658004596180236,1.1336395372065968,30,2,0.4268668120121346,591,0.019587004078072713,0,AMBER,Reduce limit and contact customer
ACC-001322,0.24353645094267137,1.2,0,0,0.5055230616256587,646,0.003494934377297313,0,GREEN,Continue monitoring
ACC-001323,0.4010935976043,0.37150353655171936,7,0,0.284953708915523,736,0.020452502119852216,0,GREEN,Continue monitoring
ACC-001324,0.4939815737686731,0.5014941669599915,0,0,0.3570439357418467,501,0.039850915566796985,0,GREEN,Continue monitoring
ACC-001325,0.2957301842908482,0.6572530522149854,30,2,0.2594288902459163,658,0.04877590111478984,0,AMBER,Reduce limit and contact customer
ACC-001326,0.5279463572746794,0.930796586158489,0,0,0.2241919184760943,746,0.005549782847226747,0,GREEN,Continue monitoring
ACC-001327,0.35091356788138905,0.7700522807721819,30,2,0.23671159385826893,419,0.10232364279243104,0,AMBER,Reduce limit and contact customer
ACC-001328,0.37488001072962984,0.9230617558515022,0,2,-0.026934822743343884,619,0.009817570374142074,0,GREEN,Continue monitoring
ACC-001329,0.7864593595314844,0.827220969130696,0,0,0.00662874497813816,611,0.015873257597436588,0,GREEN,Continue monitoring
ACC-001330,0.6997526003900328,0.7844828250127309,0,0,0.4706915512078646,659,0.020333453364831767,0,GREEN,Continue monitoring
ACC-001331,0.33618924942982825,0.9246133701419101,0,0,0.3750185170552022,599,0.008032340107825922,0,GREEN,Continue monitoring
ACC-001332,0.5928396548142201,0.790137545470757,0,1,-0.03987720483106463,577,0.017293551633825836,0,GREEN,Continue monitoring
ACC-001333,0.1830543563178187,0.5476173299697904,0,0,0.10369816728870118,461,0.016859928014145084,0,GREEN,Continue monitoring
ACC-001334,0.7109912843857908,0.3137665245978561,15,0,0.11682418242781177,679,0.05855523193407501,0,GREEN,Continue monitoring
ACC-001335,0.43810482712561477,1.0356481375017559,0,0,-0.1193053441456983,651,0.0036008268915999654,0,GREEN,Continue monitoring
ACC-001336,0.35000128677977893,0.44373299243434006,0,0,0.37316255305613266,789,0.011115708250196882,0,GREEN,Continue monitoring
ACC-001337,0.19610517445004894,0.7517105983623668,0,0,0.4393759907091981,498,0.014028034160471926,0,GREEN,Continue monitoring
ACC-001338,0.4384514688692952,1.111010924612009,90,2,0.5004799589527686,532,0.3127032680842952,0,RED,Collections escalation
ACC-001339,0.5106797136177992,0.5599400614719731,0,1,0.05697941264732535,671,0.018553629176015524,0,GREEN,Continue monitoring
ACC-001340,0.7385922738746626,0.3320740772897235,0,0,0.34193233365434816,653,0.05112141713813031,0,GREEN,Continue monitoring
ACC-001341,0.3378362634828981,0.6569420997389747,0,2,0.14224315057146547,642,0.017967518390709526,0,GREEN,Continue monitoring
ACC-001342,0.7391338147673698,0.6844183202269548,90,2,0.4818223167307312,602,0.617802795138718,0,RED,Collections escalation
ACC-001343,0.7160400831636178,0.7269088221127324,30,3,0.7827062595779024,544,0.29896152137361726,0,AMBER,Reduce limit and contact customer
ACC-001344,0.2936180894868966,0.6727243787128024,0,0,0.4019423413524933,722,0.008084955760283383,0,GREEN,Continue monitoring
ACC-001345,0.3248383334086895,0.4208515768503817,7,1,0.11697806683312313,657,0.02454677758470591,0,GREEN,Continue monitoring
ACC-001346,0.2628046046423638,0.7931169935976399,0,0,0.40868193209235765,670,0.007222570621163058,0,GREEN,Continue monitoring
ACC-001347,0.5144586027406248,0.7449076681173404,15,0,0.3409233102177557,616,0.025851448955697867,0,GREEN,Continue monitoring
ACC-001348,0.49889358091342056,0.777173826874987,0,1,-0.06791127908377351,696,0.008866078465629586,0,GREEN,Continue monitoring
ACC-001349,0.3040941388032904,1.0489670678937657,0,0,0.15546464795535653,555,0.005304953643012459,0,GREEN,Continue monitoring
ACC-001350,0.5701362242722845,0.7103228538191223,0,0,0.2956001113194747,677,0.014012749521051892,0,GREEN,Continue monitoring
ACC-001351,0.576572003005624,0.7379423073248024,0,0,0.5174655456126689,582,0.024928223518443364,0,GREEN,Continue monitoring
ACC-001352,0.5920429166220377,0.481744365152339,0,0,0.25295243876354917,444,0.0560416817510428,0,GREEN,Continue monitoring
ACC-001353,0.07339638036719404,0.8143073430306536,0,0,0.34757520875377335,536,0.007354618392560159,0,GREEN,Continue monitoring
ACC-001354,0.7495275832989161,0.41955676151618876,90,3,0.26710227684003196,718,0.669273424464261,0,RED,Collections escalation
ACC-001355,0.13705329686475357,0.8500896759754022,30,0,0.5857332582775865,630,0.01979025764701092,0,AMBER,Reduce limit and contact customer
ACC-001356,0.1126568600787194,0.8014941442112136,0,0,0.011879454377096962,732,0.0025652469796630145,0,GREEN,Continue monitoring
ACC-001357,0.2318051536335026,0.8767219148764976,0,0,-0.19050140093193352,574,0.004157757200587243,0,GREEN,Continue monitoring
ACC-001358,0.769328641147063,0.7346583117797775,0,0,-0.034298599230014576,662,0.014647167692120803,0,GREEN,Continue monitoring
ACC-001359,0.5692226892564127,0.7419649037211326,0,0,0.23766414263707403,574,0.018317267484931073,0,GREEN,Continue monitoring
ACC-001360,0.3642100778451484,0.9154857414056518,0,0,0.283092710438695,556,0.009276178872803804,0,GREEN,Continue monitoring
ACC-001361,0.364122917018502,0.6858197071259777,0,1,0.24938608836410636,521,0.023344401282546005,0,GREEN,Continue monitoring
ACC-001362,0.23503416025902996,0.6529261213950628,7,0,-0.005524124626880067,702,0.006468749504880663,0,GREEN,Continue monitoring
ACC-001363,0.7209085480958564,0.4625892688488382,7,1,0.27776231189942424,577,0.08031282318197339,0,GREEN,Continue monitoring
ACC-001364,0.8003781274525132,0.5341640014379746,15,0,-0.03285187487337185,688,0.03620812406913153,0,GREEN,Continue monitoring
ACC-001365,0.7351870628649826,0.7027256037421398,7,0,-0.10157042092898588,615,0.02068705902768051,0,GREEN,Continue monitoring
ACC-001366,0.2078720855806492,0.9184178153522378,0,0,0.34418652705008823,594,0.006147159690969234,0,GREEN,Continue monitoring
ACC-001367,0.19453357524775436,0.7765034372196935,30,0,0.3760993418393477,635,0.020273180476711967,0,AMBER,Reduce limit and contact customer
ACC-001368,0.3039200723633018,0.8886029327437848,60,2,0.6085841029617047,581,0.1538432687155207,0,RED,Collections escalation
ACC-001369,0.5494467424907017,0.860402117400964,7,1,-0.24163842074730135,552,0.015205240655787917,1,GREEN,Continue monitoring
ACC-001370,0.34003164047639617,0.7706665419648516,0,1,0.4149839534405948,623,0.014969378496794883,0,GREEN,Continue monitoring
ACC-001371,0.37969982712478073,0.9130847379092988,0,1,0.2342190521496727,549,0.012975599976318072,0,GREEN,Continue monitoring
ACC-001372,0.497594408442393,0.7701803939632598,90,2,0.24886491381580875,561,0.4208498210113246,0,RED,Collections escalation
ACC-001373,0.4652717260508954,0.5550134550431656,0,0,-0.16002616316086465,641,0.010840856726329881,0,GREEN,Continue monitoring
ACC-001374,0.5118699515881531,0.5937051493054901,0,0,0.03822978288901263,734,0.00949742636000352,0,GREEN,Continue monitoring
ACC-001375,0.4002099436993632,0.5108675746497179,0,0,0.341994616595243,701,0.014522780457272897,0,GREEN,Continue monitoring
ACC-001376,0.2010535379838951,0.4987115026367274,0,0,0.051614878480828935,654,0.008553828341617113,0,GREEN,Continue monitoring
ACC-001377,0.339686930880657,0.6575837220442841,90,2,0.7108589334656513,521,0.5716403640110205,1,RED,Collections escalation
ACC-001378,0.3718276891442946,0.5751190613920694,7,0,0.494872015188029,633,0.023560230803179656,0,GREEN,Continue monitoring
ACC-001379,0.16105304279583846,0.7574230663456457,0,0,-0.005442547649777085,793,0.0024062299441422624,0,GREEN,Continue monitoring
ACC-001380,0.3751940787058864,1.1241547918156798,15,0,0.0027630382175564266,705,0.004076203973393968,0,GREEN,Continue monitoring
ACC-001381,0.46589997606718664,0.81214125554558,0,0,0.06874727661264114,629,0.008428178115675448,0,GREEN,Continue monitoring
ACC-001382,0.19761079377488902,0.8992670741828999,0,0,0.3461251931181838,675,0.004554831211438908,0,GREEN,Continue monitoring
ACC-001383,0.7084840753207794,0.8607732464713651,0,0,-0.13036726821150074,485,0.01764593594283441,0,GREEN,Continue monitoring
ACC-001384,0.5641117303943219,0.7281512907763826,15,0,-0.26583179912501265,700,0.010777423576244952,0,GREEN,Continue monitoring
ACC-001385,0.6014972352880513,0.6137370368156622,0,1,-0.13634974801235328,715,0.01341667432952877,0,GREEN,Continue monitoring
ACC-001386,0.3716062912742652,0.611966750639067,0,0,0.028844689122177844,664,0.008925796495336823,0,GREEN,Continue monitoring
ACC-001387,0.6901653906471832,0.5704394648687346,0,0,-0.09325029139981628,722,0.013105273825824524,0,GREEN,Continue monitoring
ACC-001388,0.21156898114883016,0.7703005785913094,0,0,0.3096714923201316,640,0.006862906301062219,0,GREEN,Continue monitoring
ACC-001389,0.21404159117125035,0.8270168052337618,30,0,0.3327693504051549,579,0.022409684083207124,0,AMBER,Reduce limit and contact customer
ACC-001390,0.5262548060112959,0.6304280558353672,0,0,0.06776590685541417,628,0.014226254337435297,0,GREEN,Continue monitoring
ACC-001391,0.12686816304641432,0.6671479640744822,0,1,0.18717676889870166,600,0.010185405453315751,0,GREEN,Continue monitoring
ACC-001392,0.1500369535178869,0.7231690597211139,0,0,-0.0008131086553029576,644,0.004615770104298018,0,GREEN,Continue monitoring
ACC-001393,0.4693331862215672,0.8566148068350092,0,0,0.17680522516472089,582,0.010501132191239926,0,GREEN,Continue monitoring
ACC-001394,0.38153451610052275,1.1170535241638304,0,0,0.46913811633735214,579,0.006991432012591908,0,GREEN,Continue monitoring
ACC-001395,0.2552068560746288,0.6022134720090251,15,0,-0.0989352250904117,653,0.010841666103154153,0,GREEN,Continue monitoring
ACC-001396,0.08951705748854069,0.9160731048021248,0,0,0.12097882796438247,538,0.004661791277877292,0,GREEN,Continue monitoring
ACC-001397,0.6358488064352816,1.0014611102321282,0,0,0.21964541738394072,707,0.006936437915736049,0,GREEN,Continue monitoring
ACC-001398,0.484821292171162,0.8982216868641743,15,0,0.05574772340396458,621,0.012429722673994855,0,GREEN,Continue monitoring
ACC-001399,0.5285139802640126,0.8160805897647261,0,0,0.12728707750566853,717,0.007170631439523938,0,GREEN,Continue monitoring
ACC-001400,0.09849050348485672,1.2,0,0,-0.12118889442350966,669,0.0011438724114164898,0,GREEN,Continue monitoring
ACC-001401,0.4825825147000717,1.0193574691597636,0,0,0.023436715434411212,665,0.004567437044805402,0,GREEN,Continue monitoring
ACC-001402,0.2777785714528606,0.9464583565102214,0,0,-0.21141750093597955,689,0.002421147822272685,0,GREEN,Continue monitoring
ACC-001403,0.7614713102145193,0.6533957875227762,30,2,0.46621875455796946,519,0.2328762627219385,1,AMBER,Reduce limit and contact customer
ACC-001404,0.47361928354620897,0.9007986425555076,0,0,0.1578791332327029,668,0.006702761412318222,0,GREEN,Continue monitoring
ACC-001405,0.6906203872939238,0.8131991555252752,0,0,-0.016699549098006444,619,0.0126875379565238,0,GREEN,Continue monitoring
ACC-001406,0.5408246657935811,0.656582406335982,0,1,0.1387326463883173,618,0.0216112174739844,0,GREEN,Continue monitoring
ACC-001407,0.07155287705392566,1.093400200007613,0,0,0.313104667260952,709,0.0019177539435891741,0,GREEN,Continue monitoring
ACC-001408,0.525678591299266,1.046688314180137,0,0,0.08613623561094459,660,0.005150744361601507,0,GREEN,Continue monitoring
ACC-001409,0.9240499061208298,0.6086970113519992,7,0,0.20564847878530226,775,0.02819432635081055,0,GREEN,Continue monitoring
ACC-001410,0.6936367544382177,0.6008639056904957,30,4,0.17242302388125363,535,0.27716641007734844,0,AMBER,Reduce limit and contact customer
ACC-001411,0.17018475994975693,0.6960036003334007,90,4,0.8990679551612308,562,0.6367879752833885,1,RED,Collections escalation
ACC-001412,0.7822397844649145,0.9253306655779513,0,0,0.10598189363779496,521,0.02031460381791288,0,GREEN,Continue monitoring
ACC-001413,0.3868342838561879,0.6946898158024241,0,0,-0.18892688089076798,641,0.0065787170691824146,0,GREEN,Continue monitoring
ACC-001414,0.47026139117688714,0.5444039755158757,0,0,0.18863426385755855,672,0.014707632430419575,0,GREEN,Continue monitoring
ACC-001415,0.07426183151915389,1.2,90,0,0.5309822268403769,495,0.097657084931967,0,RED,Collections escalation
ACC-001416,0.2415060006007622,0.6822571309647011,15,0,-0.06388781854040534,625,0.010313531637744754,0,GREEN,Continue monitoring
ACC-001417,0.3318333951224473,0.9799198605491712,90,0,0.6634824346015504,709,0.12945472489830936,0,RED,Collections escalation
ACC-001418,0.5844314454189975,0.5393689924944719,15,1,-0.13966537366839787,530,0.051876173773874,0,GREEN,Continue monitoring
ACC-001419,0.23175103019197324,0.516235499363416,15,0,-0.06209740672622402,713,0.010248713922096066,0,GREEN,Continue monitoring
ACC-001420,0.6738074319716837,0.801636992341039,60,5,0.37437087473907826,471,0.6053363127670653,1,RED,Collections escalation
ACC-001421,0.5602939933054941,0.6690693973780444,60,0,0.6660915771629916,571,0.22554025371237948,0,RED,Collections escalation
ACC-001422,0.5314919326536724,0.722490528454919,0,0,-0.16777664313871488,556,0.011961261028261597,0,GREEN,Continue monitoring
ACC-001423,0.25155717625655716,0.6137891725121639,90,3,0.2063453332824312,540,0.4688288061263389,1,RED,Collections escalation
ACC-001424,0.1736227629145563,0.8009360834133655,7,0,0.029750916294336002,634,0.005610742201529307,0,GREEN,Continue monitoring
ACC-001425,0.32455053091267866,0.7082000299701378,7,1,-0.015591740515450786,655,0.01141143545827146,0,GREEN,Continue monitoring
ACC-001426,0.2188885886425954,0.8524511214098928,7,0,-0.14497003643749357,685,0.0036822907713568863,0,GREEN,Continue monitoring
ACC-001427,0.2708717485375329,0.5634428061326308,7,1,0.2281119564887425,741,0.013110178614518915,0,GREEN,Continue monitoring
ACC-001428,0.5291391810628397,0.8374370084931794,0,0,-0.359788785920472,630,0.0055533861852203395,0,GREEN,Continue monitoring
ACC-001429,0.3068873910915542,0.6585337844435316,0,0,-0.07776819923152847,715,0.005083914036546444,0,GREEN,Continue monitoring
ACC-001430,0.37053148568908933,0.7677131925734342,60,2,0.5818825291353322,476,0.28708389215228447,0,RED,Collections escalation
ACC-001431,0.07000181361512833,1.043648587352713,15,0,0.20250069658498665,724,0.0029933071702913493,0,GREEN,Continue monitoring
ACC-001432,0.4023221845142996,0.6114327710867459,90,2,0.42869027796614856,573,0.4974991197933895,0,RED,Collections escalation
ACC-001433,0.26821778486491793,1.1191126707595462,0,1,-0.13384291159552064,614,0.0033267430292438943,0,GREEN,Continue monitoring
ACC-001434,0.6901057054327219,0.5926091079485264,0,0,-0.05632480092606046,715,0.013359191115425079,0,GREEN,Continue monitoring
ACC-001435,0.528658261870024,0.7419413729670147,0,0,0.41563688467586146,657,0.01487352934837845,0,GREEN,Continue monitoring
ACC-001436,0.8643780016145727,0.6422124482516369,0,0,0.15340586846253446,753,0.018790114913080677,0,GREEN,Continue monitoring
ACC-001437,0.5585978192590433,0.883310058633842,0,0,0.06686475672690942,687,0.006951783671157797,0,GREEN,Continue monitoring
ACC-001438,0.3345366614732878,0.8252965795828288,0,0,-0.028118862943758788,675,0.004636845454547955,0,GREEN,Continue monitoring
ACC-001439,0.32457516661214614,1.2,0,0,-0.11526465494041496,627,0.0021920942887131744,0,GREEN,Continue monitoring
ACC-001440,0.812499247768403,0.7763689587573137,7,0,0.36253813307754484,633,0.03252335742240957,0,GREEN,Continue monitoring
ACC-001441,0.34306684007518234,0.41726777212670574,0,0,0.23757295596114195,693,0.014535439695779601,0,GREEN,Continue monitoring
ACC-001442,0.4361996246413323,0.6938706828650137,0,2,-0.1131054579007437,548,0.02201146329928631,0,GREEN,Continue monitoring
ACC-001443,0.37011879743457493,0.7858581856957783,0,0,0.276692759814959,577,0.011375509139193172,0,GREEN,Continue monitoring
ACC-001444,0.09160639151329854,0.7850453472377237,15,0,0.10586643031717187,778,0.00397409604470834,0,GREEN,Continue monitoring
ACC-001445,0.21599088522678278,0.6274624817489809,60,4,0.6347260415291611,582,0.3477608925785967,0,RED,Collections escalation
ACC-001446,0.24077850777385,0.7344937163712077,15,0,-0.04771746738901758,610,0.00992094925367641,0,GREEN,Continue monitoring
ACC-001447,0.05787284054263687,0.683163895044497,0,0,0.2170814384404884,529,0.008411094879113444,0,GREEN,Continue monitoring
ACC-001448,0.29619469724530967,0.9761431600047163,30,3,0.402593122346018,676,0.037351635920718905,0,AMBER,Reduce limit and contact customer
ACC-001449,0.053563697521852055,0.9685237025210007,90,0,0.37993949541931527,668,0.06764804553167551,0,RED,Collections escalation
ACC-001450,0.6626865405486997,0.5399688290301549,15,0,-0.09189467021258221,697,0.02440251390014593,0,GREEN,Continue monitoring
ACC-001451,0.45183657551716566,0.6839850870140787,60,3,0.6512586424024516,515,0.42596812475949314,0,RED,Collections escalation
ACC-001452,0.3722983594364951,0.9717140466540737,0,0,-0.028521485265971508,584,0.005244286551230681,0,GREEN,Continue monitoring
ACC-001453,0.43137422812804677,0.5921509688918946,90,4,0.3912082371039533,533,0.7043372967545953,0,RED,Collections escalation
ACC-001454,0.5613978028876595,0.8870738544236196,30,0,0.39154224172121393,611,0.037764330053188896,0,AMBER,Reduce limit and contact customer
ACC-001455,0.6104396358477462,0.6279373654834833,7,0,0.2484416710194881,679,0.02177284175380604,0,GREEN,Continue monitoring
ACC-001456,0.6737778142357813,0.8305227025818792,90,5,0.4645515220194366,613,0.7210832539912501,1,RED,Collections escalation
ACC-001457,0.20546304098118756,0.8797759228809401,7,0,-0.012035088013315626,643,0.0046506126372409225,0,GREEN,Continue monitoring
ACC-001458,0.7114175581532745,0.9038711661170664,0,0,-0.04937594027772302,670,0.008558781521747357,0,GREEN,Continue monitoring
ACC-001459,0.6281682580936375,0.6970983213767902,30,2,0.46543147674165997,614,0.12503347171689483,0,AMBER,Reduce limit and contact customer
ACC-001460,0.3679343197246581,0.9085570993513147,90,2,0.5517289386288695,684,0.2614222143086017,0,RED,Collections escalation
ACC-001461,0.5140047321049568,0.7781659195999264,0,0,-0.12435012606794993,521,0.01234502188355556,0,GREEN,Continue monitoring
ACC-001462,0.5041564015757332,0.5467019171003753,0,0,-0.054832949162304634,671,0.01198670251290129,0,GREEN,Continue monitoring
ACC-001463,0.15538282942715256,1.0354494091671607,7,1,0.12127001099992074,694,0.003930614534231951,0,GREEN,Continue monitoring
ACC-001464,0.758845253192907,0.14071193710840169,0,0,0.17887420483120825,662,0.06403759417444001,0,GREEN,Continue monitoring
ACC-001465,0.5876585943746243,0.6423901450907987,7,0,0.3021714018568767,649,0.02398989973970006,0,GREEN,Continue monitoring
ACC-001466,0.5535850364854542,0.7913358422487757,0,1,0.21915687558966362,685,0.013947749054736489,0,GREEN,Continue monitoring
ACC-001467,0.6575739144354007,0.569797884352693,0,1,0.1433008881316687,597,0.036017484147687844,0,GREEN,Continue monitoring
ACC-001468,0.7388817256925226,0.7269109328550829,0,0,-0.06668957601057912,641,0.014617956007038958,0,GREEN,Continue monitoring
ACC-001469,0.19394264818465368,1.1953616064132768,0,0,0.365989133003346,653,0.002640947480833004,0,GREEN,Continue monitoring
ACC-001470,0.5509713907012513,1.0100946498689185,0,0,0.4031166626979366,511,0.01524460895521187,0,GREEN,Continue monitoring
ACC-001471,0.5341903838476487,0.9615209478000202,15,0,0.008188159348766572,632,0.010892187132608469,0,GREEN,Continue monitoring
ACC-001472,0.46890595903061116,0.8322279610694389,0,0,0.14149823041334997,558,0.011677302512266544,0,GREEN,Continue monitoring
ACC-001473,0.8675427202726727,0.6253767957472661,0,0,0.05495334506807409,645,0.026776131394662495,0,GREEN,Continue monitoring
ACC-001474,0.1317176599030903,1.0709421836304374,60,4,0.34007744829505304,544,0.12286026809236328,0,RED,Collections escalation
ACC-001475,0.8520038059937155,0.5362263340362097,30,0,0.48149508123369095,521,0.1990724531694776,0,AMBER,Reduce limit and contact customer
ACC-001476,0.4834599997888867,0.5566813460100828,60,4,0.5075712833212083,693,0.3777449003871456,1,RED,Collections escalation
ACC-001477,0.6999472395972659,0.7139549443130194,0,1,0.5300287450401939,638,0.037882037721516444,0,GREEN,Continue monitoring
ACC-001478,0.25952924141052475,1.175429793602087,0,1,0.07330617574748913,514,0.005466250204943662,0,GREEN,Continue monitoring
ACC-001479,0.28947515893294895,0.8069633052302478,60,1,0.4719595560850574,537,0.1343055031850911,0,RED,Collections escalation
ACC-001480,0.2568471269626383,0.6614906628547037,7,0,0.2578618716577169,683,0.009657414425754199,0,GREEN,Continue monitoring
ACC-001481,0.5834887948002642,0.6961081863293697,0,0,-0.2172849440996622,683,0.008091641145656688,0,GREEN,Continue monitoring
ACC-001482,0.2400614889162074,0.729699497203627,60,2,0.49926938915120833,705,0.10817247799934343,0,RED,Collections escalation
ACC-001483,0.8345351843479294,0.5880222427485705,0,2,0.3676617714296011,711,0.05603731184713233,1,GREEN,Continue monitoring
ACC-001484,0.37580083233715067,0.686278099544833,0,0,-0.024092120192168165,627,0.008343524031728517,0,GREEN,Continue monitoring
ACC-001485,0.09073487987288668,0.65605970800707,15,0,0.18559047781621935,723,0.007177991953133884,0,GREEN,Continue monitoring
ACC-001486,0.49457312077864707,0.7491087298632393,30,1,0.5132163698439893,621,0.06637845344932675,0,AMBER,Reduce limit and contact customer
ACC-001487,0.1303853901011076,0.7588565602304503,0,0,0.12137124817589111,498,0.00840119263602582,0,GREEN,Continue monitoring
ACC-001488,0.3198175865970457,0.9563314316710114,30,0,0.8286705113727508,506,0.04846738475233673,0,AMBER,Reduce limit and contact customer
ACC-001489,0.5852423023585217,0.5035530538520527,0,0,-0.14499081968883376,701,0.012470846903470209,0,GREEN,Continue monitoring
ACC-001490,0.20044140999991308,0.7995124735871212,60,1,0.4408936668238226,648,0.07487969670832967,0,RED,Collections escalation
ACC-001491,0.3565304595828615,0.7256021490510715,7,0,-0.029352523248514867,554,0.01244098654357972,0,GREEN,Continue monitoring
ACC-001492,0.8013009995033428,0.6279671289438614,0,0,0.13493891596409074,669,0.023199111801459615,0,GREEN,Continue monitoring
ACC-001493,0.3949868263636918,0.6926982296480391,0,1,0.1412279378547694,596,0.01619145452587332,0,GREEN,Continue monitoring
ACC-001494,0.49595202568089347,0.6533028446713329,0,1,0.10881957382915522,525,0.027566997496895566,0,GREEN,Continue monitoring
ACC-001495,0.1405232620912977,1.0069701479388238,90,1,0.7946688098478203,649,0.16177427789895577,1,RED,Collections escalation
ACC-001496,0.16795408923018762,0.9717574726185128,0,0,0.2581069546688234,643,0.0037534402169298793,0,GREEN,Continue monitoring
ACC-001497,0.7608651925400711,0.5418580147855955,15,0,0.11671075085114394,673,0.04107417329991649,0,GREEN,Continue monitoring
ACC-001498,0.22713954783884743,0.5196229296282366,0,0,0.08585922367158144,631,0.009832745904358895,0,GREEN,Continue monitoring
ACC-001499,0.4642270036165444,0.3045484977368322,0,0,0.05933224282433287,600,0.02796405914074807,0,GREEN,Continue monitoring
ACC-001500,0.5360450877847877,0.8572676678951185,7,0,-0.1991747141229408,629,0.008296811083103364,0,GREEN,Continue monitoring
ACC-001501,0.45538757918145795,0.6721643856578681,30,2,0.7464977394676298,605,0.1304232070055253,1,AMBER,Reduce limit and contact customer
ACC-001502,0.6048021298146541,0.6743352743013645,60,4,0.6921971237061202,593,0.5268594178330657,0,RED,Collections escalation
ACC-001503,0.3991614942592455,0.8369432426245137,0,0,0.00032937091310607236,554,0.008648118241007108,0,GREEN,Continue monitoring
ACC-001504,0.08200855060281474,1.1757252656572743,0,1,0.2761712929824509,572,0.003773660684668696,0,GREEN,Continue monitoring
ACC-001505,0.6878666221713632,0.8430087730948319,0,0,0.2174562152347069,610,0.01597632537899088,0,GREEN,Continue monitoring
ACC-001506,0.6269884578886342,0.5714320680882898,0,1,-0.007604053974180652,643,0.02382756311731291,0,GREEN,Continue monitoring
ACC-001507,0.2832292467995267,0.6135353151533014,0,2,0.2076629446736456,575,0.024682434053230524,0,GREEN,Continue monitoring
ACC-001508,0.42000417293418757,0.8778413788653617,0,0,0.16390589899817876,610,0.00798737525960495,0,GREEN,Continue monitoring
ACC-001509,0.2590269860324926,0.7076970224408613,0,0,0.003917406099624432,731,0.0042521155708798745,0,GREEN,Continue monitoring
ACC-001510,0.2201574564746713,0.8121281136180677,0,0,0.3393243642357601,670,0.005840280800765192,0,GREEN,Continue monitoring
ACC-001511,0.5843407317276844,0.7538461230035772,0,0,0.33863813096276946,661,0.014657553069486469,0,GREEN,Continue monitoring
ACC-001512,0.32597857002741415,0.7031422101190583,0,0,0.3369382548077584,636,0.01053193874817081,0,GREEN,Continue monitoring
ACC-001513,0.6593813467677733,0.6203618998031709,60,2,0.5161584412187114,612,0.35480999904457633,1,RED,Collections escalation
ACC-001514,0.7133781182588979,0.7631055476118391,0,0,0.036969237614907086,649,0.013961314981650798,0,GREEN,Continue monitoring
ACC-001515,0.5198982081399673,0.851636628912645,0,0,0.10401403238382581,742,0.005751803257544834,0,GREEN,Continue monitoring
ACC-001516,0.32536613587215835,0.9465751917358931,0,2,0.20697655459326864,638,0.010190350412796794,0,GREEN,Continue monitoring
ACC-001517,0.6723223418008505,0.9060078442232695,0,1,-0.015866568199655595,551,0.018029330839683687,0,GREEN,Continue monitoring
ACC-001518,0.31037413211373654,0.7224684476241103,7,0,0.1481395432970911,605,0.011361207549454909,0,GREEN,Continue monitoring
ACC-001519,0.16911491138612833,0.8047484290071794,0,0,0.08670505475546304,539,0.006731460591700582,0,GREEN,Continue monitoring
ACC-001520,0.7761066049772962,0.6735824393086587,0,0,0.5944220204215396,725,0.026820819954371838,0,GREEN,Continue monitoring
ACC-001521,0.5602156144039787,0.6200751018662592,7,0,0.15309460565949579,653,0.019798702797760588,0,GREEN,Continue monitoring
ACC-001522,0.5725453772870708,0.6521718269696465,30,1,0.34972382394614365,559,0.09906233463483603,0,AMBER,Reduce limit and contact customer
ACC-001523,0.09167157203639549,0.7014401235980118,0,0,-0.27814157334650236,709,0.0023993829200730124,0,GREEN,Continue monitoring
ACC-001524,0.6563790091805302,0.5219790004675752,0,0,0.14059463513651668,561,0.03310350697751191,0,GREEN,Continue monitoring
ACC-001525,0.7996027076125544,0.5805021788840721,0,0,-0.0958083491488392,501,0.037834853606658496,0,GREEN,Continue monitoring
ACC-001526,0.21841620811487003,0.985614727555266,7,1,0.253815042935593,689,0.0059464444591509815,0,GREEN,Continue monitoring
ACC-001527,0.38631798380008375,0.7398125897107618,0,0,-0.07765556341256766,646,0.006629135763455256,0,GREEN,Continue monitoring
ACC-001528,0.3905374254809638,1.0382276414924703,0,0,0.20509580291258844,667,0.004413362561520456,0,GREEN,Continue monitoring
ACC-001529,0.6708886640546462,0.8970389677905861,30,1,0.510264686606666,550,0.08960984563285163,0,AMBER,Reduce limit and contact customer
ACC-001530,0.322233372562156,0.72863807156755,15,0,0.03451669845348179,664,0.01057123914166008,0,GREEN,Continue monitoring
ACC-001531,0.21585721226510288,0.5068308884244885,0,0,0.07356116369104555,634,0.009610246180741955,0,GREEN,Continue monitoring
ACC-001532,0.7544780533443269,0.8290435609762996,15,0,0.2275796104786769,600,0.0330760570220171,0,GREEN,Continue monitoring
ACC-001533,0.643825430564279,0.9067970182293258,15,0,-0.18784213807064803,607,0.013592837311919117,0,GREEN,Continue monitoring
ACC-001534,0.5522758929858209,0.5106412619220961,30,2,0.3057618867016184,687,0.10222552329894534,0,AMBER,Reduce limit and contact customer
ACC-001535,0.5291493238576226,0.6885173612731118,0,1,0.17573320511513763,723,0.01357579528820961,1,GREEN,Continue monitoring
ACC-001536,0.6046257136260955,0.49444368760760005,0,1,-0.16118157843853892,585,0.028319466076754455,0,GREEN,Continue monitoring
ACC-001537,0.6755959393229796,0.48756630664984546,30,3,0.3045605200067235,561,0.26304962076168653,1,AMBER,Reduce limit and contact customer
ACC-001538,0.5154790304593766,0.7098555789172886,30,7,0.787199777088428,619,0.4468388807752997,1,RED,Collections escalation
ACC-001539,0.26494914070512016,1.0329171373918167,0,0,0.0733150913552563,669,0.0029255300500121185,0,GREEN,Continue monitoring
ACC-001540,0.3345865688485047,0.818997562332132,0,0,-0.09905467048876257,598,0.005910070346941902,0,GREEN,Continue monitoring
ACC-001541,0.4820269227661148,0.5619258232441282,7,1,0.5083917701963443,680,0.03537824489430361,0,GREEN,Continue monitoring
ACC-001542,0.17694824986165048,0.9235645985885239,0,0,0.09836979930935541,581,0.0045307943893262235,0,GREEN,Continue monitoring
ACC-001543,0.8766437598883049,0.4367420232727466,0,0,-0.00017383946649632276,560,0.05301272492559283,0,GREEN,Continue monitoring
ACC-001544,0.5726972722341761,0.8808779889902766,0,0,0.2539110171353667,668,0.009601041635980813,0,GREEN,Continue monitoring
ACC-001545,0.8843111685530834,0.5727303426309875,0,0,0.2610187147191091,608,0.044968459285884735,0,GREEN,Continue monitoring
ACC-001546,0.30486194639462233,0.844343946986319,7,0,0.047794147463591216,579,0.008545353994491802,0,GREEN,Continue monitoring
ACC-001547,0.5611991848160209,0.6257453385289614,0,0,-0.10178602172310217,672,0.010728233235563238,0,GREEN,Continue monitoring
ACC-001548,0.3105149747467559,0.6662594221138565,0,0,0.46950151806389095,526,0.019850775285775786,0,GREEN,Continue monitoring
ACC-001549,0.29535974249703756,0.5761049354908366,30,3,0.6407420034171611,522,0.1850945404808818,1,AMBER,Reduce limit and contact customer
ACC-001550,0.4606153248693345,0.5042821105249046,0,0,0.10461014418226537,667,0.014605632708628573,0,GREEN,Continue monitoring
ACC-001551,0.6991816430938024,0.7766285510197418,0,0,0.3767985030279763,638,0.020193231380724576,0,GREEN,Continue monitoring
ACC-001552,0.43719696314584466,0.6945809909365719,0,0,0.35943668004657525,673,0.011998212353230982,0,GREEN,Continue monitoring
ACC-001553,0.6048786696876718,0.9712604345053301,0,1,-0.03695372923328938,723,0.006729581519393357,0,GREEN,Continue monitoring
ACC-001554,0.44259061311248127,0.5829380911308804,7,0,0.2668305726790093,592,0.02436133354822504,0,GREEN,Continue monitoring
ACC-001555,0.6875512014662145,0.7796167553684764,60,3,0.2301614768342887,506,0.38630167738984017,0,RED,Collections escalation
ACC-001556,0.4054217704318616,0.6267062267892238,0,0,-0.017316119249008027,487,0.01768251075533524,0,GREEN,Continue monitoring
ACC-001557,0.6239810722759662,0.5765600936401811,0,1,0.2642963496382307,575,0.041321479310026464,0,GREEN,Continue monitoring
ACC-001558,0.3823781650453101,0.7458529496283426,7,1,-0.04712865067565161,596,0.014449105965825841,1,GREEN,Continue monitoring
ACC-001559,0.4895144337293635,0.9398575706756411,0,0,0.3796177500114448,703,0.007120486824728368,0,GREEN,Continue monitoring
ACC-001560,0.7440772841179125,0.53491947157674,0,2,0.3069612480114182,635,0.06519825534008569,0,GREEN,Continue monitoring
ACC-001561,0.6113724934953874,0.2397716657836213,0,0,-0.3992478398508025,757,0.014028297672306582,0,GREEN,Continue monitoring
ACC-001562,0.4837855974451913,0.9335592838365098,0,0,0.026718321007290352,679,0.005235194427555976,0,GREEN,Continue monitoring
ACC-001563,0.7472845896283452,0.4659225320492138,0,0,0.33531775586739154,718,0.030324501167850647,0,GREEN,Continue monitoring
ACC-001564,0.725758200465585,0.2681825200852583,0,0,0.1471758856793923,573,0.0624186030237212,0,GREEN,Continue monitoring
ACC-001565,0.4998849942321559,0.7641613663564139,0,1,0.14849714003016118,599,0.01713695660152722,0,GREEN,Continue monitoring
ACC-001566,0.62826480085472,0.7947500004556985,0,1,0.08375462101368034,632,0.017076978620477405,0,GREEN,Continue monitoring
ACC-001567,0.28544266968884796,0.6001836522124631,0,0,0.15647192096042076,644,0.00959034492624268,0,GREEN,Continue monitoring
ACC-001568,0.08264361377555925,0.9203622092486904,0,0,0.09503996256361893,818,0.0014460043437163404,0,GREEN,Continue monitoring
ACC-001569,0.6437607043748617,0.9251390072346956,0,1,0.07869071070567021,510,0.021320464259839585,0,GREEN,Continue monitoring
ACC-001570,0.5121134994732767,1.0118799253142035,0,1,0.20002008506340258,619,0.010074886481953923,0,GREEN,Continue monitoring
ACC-001571,0.488459911752102,0.6834650050329727,0,0,0.12799455736138673,664,0.010905199619498535,0,GREEN,Continue monitoring
ACC-001572,0.08191096312494975,0.9547631144062333,60,1,0.4427887460835552,574,0.05701898779982142,0,RED,Collections escalation
ACC-001573,0.5871926504816625,0.6174374921616758,15,3,0.04989900346628873,624,0.07100944271230587,0,GREEN,Continue monitoring
ACC-001574,0.22087100203814516,0.6083326915103098,0,0,0.1474193975302408,737,0.005629629364519073,0,GREEN,Continue monitoring
ACC-001575,0.5991039342036377,0.463954623081124,0,1,0.21844763110962906,608,0.0416707047214818,0,GREEN,Continue monitoring
ACC-001576,0.4842136953847725,0.6985425098288818,7,1,0.10113519555293642,668,0.017602300394010322,0,GREEN,Continue monitoring
ACC-001577,0.21911579018561805,1.0642313509726065,30,0,0.7170160149272259,527,0.02566387726679069,0,AMBER,Reduce limit and contact customer
ACC-001578,0.3468409332511488,0.8698357477816553,30,3,0.1929028053468163,620,0.0509686104299546,0,AMBER,Reduce limit and contact customer
ACC-001579,0.5273828019345508,0.6760669680880423,30,0,0.41445866366688383,599,0.05898753127108868,0,AMBER,Reduce limit and contact customer
ACC-001580,0.4694882592120202,0.7149094925649628,15,0,0.3875650403092143,636,0.02458894921809565,0,GREEN,Continue monitoring
ACC-001581,0.4451857319208835,0.9987688549037846,0,0,0.03416739023767304,624,0.005267427220679565,0,GREEN,Continue monitoring
ACC-001582,0.7433163858626555,0.6694442413708536,0,0,0.32647299410610353,583,0.03259314412048448,0,GREEN,Continue monitoring
ACC-001583,0.19160824379683192,0.6256716682213546,0,0,0.18656731061080253,707,0.005998820373847885,0,GREEN,Continue monitoring
ACC-001584,0.8453438859322797,1.0542216666237676,90,3,0.5138882242584182,596,0.5695716361986912,0,RED,Collections escalation
ACC-001585,0.32197220450934094,0.5950896031491161,0,0,0.01991225943810522,618,0.009926634798175297,0,GREEN,Continue monitoring
ACC-001586,0.4556130660298929,0.6747564121367164,7,0,0.24605230402198494,663,0.015141374612254514,0,GREEN,Continue monitoring
ACC-001587,0.30238429602049527,0.8399234204727234,0,0,0.21874427725772733,600,0.007518351629584172,0,GREEN,Continue monitoring
ACC-001588,0.5244876807757893,0.7995948379198883,0,1,-0.04905008627617069,656,0.010671149233175173,0,GREEN,Continue monitoring
ACC-001589,0.7654617441045571,0.6734554397272486,0,0,0.15935541445495477,622,0.02407100327899234,0,GREEN,Continue monitoring
ACC-001590,0.2589471426131798,0.43869180812328107,0,0,0.03029118351394576,575,0.0146264379610665,0,GREEN,Continue monitoring
ACC-001591,0.17272554759681819,1.0688337236510617,0,0,0.14839296309748667,687,0.002264297065538469,0,GREEN,Continue monitoring
ACC-001592,0.34580519395655684,0.6315593794565342,0,0,0.011520731067442183,640,0.008738589000508163,0,GREEN,Continue monitoring
ACC-001593,0.13305503468304614,0.9215066315962663,90,4,0.42509545731523896,579,0.34833407250887594,0,RED,Collections escalation
ACC-001594,0.37222371788617664,0.8811965112322038,0,0,-0.07865730616578917,618,0.00526427081101507,0,GREEN,Continue monitoring
ACC-001595,0.5339571704206871,0.6594735826217203,0,0,0.0836490426484493,601,0.015394051738061115,0,GREEN,Continue monitoring
ACC-001596,0.5822945443978368,0.8616256054304893,0,0,0.13848156228211062,693,0.008107060601391975,0,GREEN,Continue monitoring
ACC-001597,0.5815921817661724,0.6413401349207972,30,0,0.6344114816291626,573,0.09771578075485697,0,AMBER,Reduce limit and contact customer
ACC-001598,0.8181917581437463,0.7739676934856917,0,0,0.06749809942546846,637,0.018372378299725718,0,GREEN,Continue monitoring
ACC-001599,0.6793362795391001,0.5854874236667887,0,1,0.2743996747433636,687,0.029739828317711013,0,GREEN,Continue monitoring
ACC-001600,0.5730542812118862,0.7706994434272624,90,1,0.1997616265793682,605,0.3264795798011314,1,RED,Collections escalation
ACC-001601,0.4283907390012366,0.7280774167531714,15,0,0.18244769272004538,661,0.015801521369557533,0,GREEN,Continue monitoring
ACC-001602,0.5088953075429066,0.9970182143390439,15,0,-0.10053253146578825,705,0.006328112917140461,0,GREEN,Continue monitoring
ACC-001603,0.21586395588884005,1.0179324990104244,7,1,0.20101083340096665,601,0.007334600444736235,0,GREEN,Continue monitoring
ACC-001604,0.4708138963210228,0.9616262964371276,60,2,0.6895923839987294,647,0.1565462928747399,0,RED,Collections escalation
ACC-001605,0.3690664225134945,0.7776026389384639,60,3,0.6264118786470225,582,0.2739455131243261,0,RED,Collections escalation
ACC-001606,0.1304565468076431,0.7978514956328263,0,0,0.2786397289553629,797,0.0028124216231147276,0,GREEN,Continue monitoring
ACC-001607,0.18944601828431265,0.9863567795177804,0,0,0.3711985194100789,653,0.004152158647951322,0,GREEN,Continue monitoring
ACC-001608,0.18380208390092445,0.9271799689514906,60,0,0.2470256490471845,668,0.03038590360291799,0,RED,Collections escalation
ACC-001609,0.2425205234643023,1.0377188729520432,30,0,0.36139321076961844,663,0.011201768770018716,0,AMBER,Reduce limit and contact customer
ACC-001610,0.4439550174592221,0.9153197821002715,0,0,0.24273602112797082,533,0.011454005325371002,0,GREEN,Continue monitoring
ACC-001611,0.3087255576203416,0.8369077051784342,0,0,-0.16474327793104349,665,0.0038216794680899623,0,GREEN,Continue monitoring
ACC-001612,0.10588795037912185,0.8865222085542555,0,0,-0.18826840043980853,645,0.0023646134951317388,0,GREEN,Continue monitoring
ACC-001613,0.5534442320667603,0.8337322200992444,90,1,0.47636752615762,521,0.4374187661117279,0,RED,Collections escalation
ACC-001614,0.5464272031068773,0.8174453967706992,0,1,0.08512750837271349,625,0.014142527129314837,0,GREEN,Continue monitoring
ACC-001615,0.5963312195303624,0.7617562301939151,15,0,0.17711970192543966,606,0.025561887927272032,0,GREEN,Continue monitoring
ACC-001616,0.6204933856675139,0.880805382738655,0,1,0.26897575680984137,660,0.01539488472346479,0,GREEN,Continue monitoring
ACC-001617,0.45075145478883183,0.7194518787708326,7,0,-0.19551115767073157,606,0.010326905424876243,0,GREEN,Continue monitoring
ACC-001618,0.28289832086580924,1.1357875652326064,15,0,0.11410592482770218,610,0.005433570279558576,0,GREEN,Continue monitoring
ACC-001619,0.1409049160739701,1.0130965408083854,7,1,-0.10901585137009862,519,0.006166162304871637,0,GREEN,Continue monitoring
ACC-001620,0.25840853656318113,0.6911495289350403,60,2,0.7154195124223865,623,0.19666877944944777,1,RED,Collections escalation
ACC-001621,0.28820937802014673,0.69387955208854,60,2,0.43207981034167453,585,0.1785585422356764,1,RED,Collections escalation
ACC-001622,0.10139924129663976,0.7842404615486755,60,1,0.6673516502520347,471,0.15175341891872318,0,RED,Collections escalation
ACC-001623,0.45094551341358136,0.8474822366951863,0,0,0.17248571412646918,633,0.008395324709870828,0,GREEN,Continue monitoring
ACC-001624,0.5629727267220974,0.5224043104504796,0,1,0.18208197103995913,682,0.02470587450131378,0,GREEN,Continue monitoring
ACC-001625,0.717651054322371,0.6379095555586293,7,2,-0.10262832834198748,669,0.0353719189466851,0,GREEN,Continue monitoring
ACC-001626,0.4658898843680728,0.8604031390299949,0,0,0.15769374319354046,758,0.0050255290258699615,0,GREEN,Continue monitoring
ACC-001627,0.21960481352750993,1.2,0,1,-0.21258218894163294,581,0.0026299996229337554,0,GREEN,Continue monitoring
ACC-001628,0.4246592900028793,1.2,30,2,0.4169137204359735,704,0.01987558870170102,0,AMBER,Reduce limit and contact customer
ACC-001629,0.641836700246863,0.27745276376727646,0,1,-0.044657799264409215,675,0.03901881183135708,0,GREEN,Continue monitoring
ACC-001630,0.6689051356801122,1.0596668029691987,7,1,-0.09856887103723533,715,0.007803716886548375,0,GREEN,Continue monitoring
ACC-001631,0.5548566680104957,0.6141661604595507,0,0,-0.003116360432524154,710,0.010455313178558174,0,GREEN,Continue monitoring
ACC-001632,0.3962478602911572,1.0056771871354926,15,0,0.29377108096740523,629,0.010392039808381954,0,GREEN,Continue monitoring
ACC-001633,0.578136111063063,0.8010582237975394,60,2,0.20242075235375662,552,0.21641409461726058,0,RED,Collections escalation
ACC-001634,0.44889544631914485,0.6929315070743943,0,0,0.4017244379260942,561,0.020113358338906956,0,GREEN,Continue monitoring
ACC-001635,0.48038446759022374,0.647382104707888,0,0,-0.020731541208042825,707,0.008260693029149386,0,GREEN,Continue monitoring
ACC-001636,0.5318879541869329,0.8333687496618102,15,0,0.0036078212671777216,753,0.008828553872106076,0,GREEN,Continue monitoring
ACC-001637,0.554449397761832,1.0539671133752981,0,1,0.17419460229618355,537,0.013489177540671665,0,GREEN,Continue monitoring
ACC-001638,0.5049315614866127,0.49642726357904293,30,1,0.5759544640054808,582,0.13719298966362362,1,AMBER,Reduce limit and contact customer
ACC-001639,0.48079867079182015,0.9249364369145702,0,0,-0.1885691731403824,692,0.003939049018155323,0,GREEN,Continue monitoring
ACC-001640,0.1912471271339786,0.7772102008391738,7,0,0.32867898383164684,679,0.007211637912770609,0,GREEN,Continue monitoring
ACC-001641,0.3485226627121306,1.0369755681973898,0,0,-0.05961368905135003,586,0.004143036716512028,0,GREEN,Continue monitoring
ACC-001642,0.6740698167979016,1.1070519780178163,15,0,0.044965868636862485,761,0.006640116536308175,0,GREEN,Continue monitoring
ACC-001643,0.2861394127452581,1.0673301746337782,0,0,0.10040601329443753,696,0.0026270985638579807,0,GREEN,Continue monitoring
ACC-001644,0.5195745088669901,0.8547498744156259,0,0,0.5013102003455758,729,0.009472037703651057,0,GREEN,Continue monitoring
ACC-001645,0.7786461765706847,0.821967557708908,7,2,0.27131923528557156,599,0.05353861150318459,0,GREEN,Continue monitoring
ACC-001646,0.7947393465680721,0.9195577185909298,0,0,0.33357145401938504,626,0.018026885093244453,0,GREEN,Continue monitoring
ACC-001647,0.5485076105988612,0.768401435008032,0,2,0.06518292337506877,603,0.023238852622826784,0,GREEN,Continue monitoring
ACC-001648,0.46364626966582595,0.6251529210987704,90,2,0.5256855233426515,597,0.5255201124754767,1,RED,Collections escalation
ACC-001649,0.45868416435893544,0.7306437449387028,15,0,-0.04676345083196298,697,0.011158922972466881,0,GREEN,Continue monitoring
ACC-001650,0.2524167755707571,0.7554762558359815,15,0,0.021129662976540745,672,0.008223437899545449,0,GREEN,Continue monitoring
ACC-001651,0.8042459986915763,0.8635322138744499,0,0,0.2135313978448134,677,0.014828687348277941,0,GREEN,Continue monitoring
ACC-001652,0.7310457823769719,0.614386739167525,0,0,0.19625904436659533,757,0.01568744358848665,0,GREEN,Continue monitoring
ACC-001653,0.2923785558995155,0.8069362155858246,0,0,0.14801224828086204,781,0.0035523084145975764,0,GREEN,Continue monitoring
ACC-001654,0.49892596931093847,0.7346309501398374,60,5,0.5459456871639012,570,0.5014439204312502,0,RED,Collections escalation
ACC-001655,0.3322545982353309,0.691104609383341,0,0,0.3251574059262934,677,0.009218211956669182,0,GREEN,Continue monitoring
ACC-001656,0.5589283756725789,0.9345913770803718,0,0,0.1473564113988052,699,0.006498689373617432,0,GREEN,Continue monitoring
ACC-001657,0.1932878137103744,1.0104947696857385,0,0,-0.06444377376673813,671,0.0022458791939951274,0,GREEN,Continue monitoring
ACC-001658,0.3437851173821385,0.586114940108223,15,0,0.10528422245516307,646,0.01750561159283026,0,GREEN,Continue monitoring
ACC-001659,0.6641855058919922,0.6693376812048585,7,1,-0.01869982419479857,642,0.026255519101303335,0,GREEN,Continue monitoring
ACC-001660,0.8647193806433632,0.3503239123028311,0,0,0.434608952659647,665,0.06677672581507106,0,GREEN,Continue monitoring
ACC-001661,0.3189055636341404,0.8589734160240053,0,0,0.06692499401862215,702,0.004185858704693408,0,GREEN,Continue monitoring
ACC-001662,0.5999179846015957,0.7787645191629423,0,2,0.0692168434579886,646,0.02144005456343532,0,GREEN,Continue monitoring
ACC-001663,0.4847331608551628,1.0435394899842327,0,1,0.20134418658555986,658,0.007608203414819642,0,GREEN,Continue monitoring
ACC-001664,0.41815645472752816,0.5858839096815718,0,1,0.047667666579463794,659,0.015007268552987549,0,GREEN,Continue monitoring
ACC-001665,0.6574929290338886,0.592463539854857,0,0,-0.08828570160049418,638,0.016357609928178984,0,GREEN,Continue monitoring
ACC-001666,0.7662168563703512,0.6606838759897498,15,1,-0.12252195883354558,624,0.04111223763618083,0,GREEN,Continue monitoring
ACC-001667,0.9066300453855041,0.31978197188246743,0,0,-0.0316553442340648,676,0.044720130534377955,0,GREEN,Continue monitoring
ACC-001668,0.42686516623304094,1.1088096103354665,0,0,0.1132438525744872,579,0.005223023488779186,0,GREEN,Continue monitoring
ACC-001669,0.3078363158802478,0.6135437637977925,0,1,0.021524713916208443,667,0.010593498312727323,0,GREEN,Continue monitoring
ACC-001670,0.7766184150491366,0.5311275301311366,0,0,0.47903572339908035,690,0.036619810065446214,0,GREEN,Continue monitoring
ACC-001671,0.7189056012697318,0.8244325673448805,0,0,-0.04967525562338562,696,0.009294073091472118,0,GREEN,Continue monitoring
ACC-001672,0.1101745647380735,0.5272965712318343,60,2,0.7237800167711232,499,0.29880407546023585,1,RED,Collections escalation
ACC-001673,0.6175025130096459,0.6095486119910091,0,0,0.07340224833164384,749,0.01123394395223575,0,GREEN,Continue monitoring
ACC-001674,0.2515461238712841,0.6567609566104594,0,1,0.2101021693322231,659,0.010973603580441305,0,GREEN,Continue monitoring
ACC-001675,0.40324267324375984,0.9255346343048201,0,0,0.1606808907222039,697,0.0049047764909726,0,GREEN,Continue monitoring
ACC-001676,0.044338486475078646,0.6879349444465344,60,5,0.6705252379704428,563,0.3373814632389178,0,RED,Collections escalation
ACC-001677,0.7217682690047944,1.1460374102704791,0,1,0.1408158899458447,573,0.013014020559369621,0,GREEN,Continue monitoring
ACC-001678,0.3050828153854284,0.7766871076256346,30,0,0.6661518281283612,701,0.027128295311331048,0,AMBER,Reduce limit and contact customer
ACC-001679,0.2843895884014734,0.8572088643800573,0,0,0.2173294711829391,676,0.005145701173334787,0,GREEN,Continue monitoring
ACC-001680,0.8308647833569013,0.4853294752552966,0,0,0.1309254654860679,655,0.03512406691580497,0,GREEN,Continue monitoring
ACC-001681,0.34613866696295725,0.530604088276438,30,2,0.2211017811594271,541,0.10331617848337532,0,AMBER,Reduce limit and contact customer
ACC-001682,0.4268411506771362,0.781474174718967,30,5,0.472065615988285,523,0.23226939487369158,0,AMBER,Reduce limit and contact customer
ACC-001683,0.39756519455423545,0.750838309429145,0,0,0.08573231182478733,591,0.009890401876167723,0,GREEN,Continue monitoring
ACC-001684,0.6482242479014253,0.9794942820297041,0,0,0.002524848775170757,756,0.004796916312890439,0,GREEN,Continue monitoring
ACC-001685,0.34876322865555914,0.7910745814399227,30,2,0.4464282268498862,561,0.07243620685645956,0,AMBER,Reduce limit and contact customer
ACC-001686,0.15464995412591967,1.0298624721182357,0,3,-0.020778558507954875,657,0.005913691751178872,0,GREEN,Continue monitoring
ACC-001687,0.4695921142935837,0.5323041261835053,0,0,0.016540670393026466,517,0.022808287217575815,0,GREEN,Continue monitoring
ACC-001688,0.3666944467017338,0.5176902344556741,7,0,0.11036256933783084,601,0.019396472242032847,0,GREEN,Continue monitoring
ACC-001689,0.3844447613102874,0.4636734813474201,0,0,0.1881807194295153,640,0.016682668272710827,0,GREEN,Continue monitoring
ACC-001690,0.4235578114946966,0.8200737216499853,15,0,0.16760641558090875,748,0.00891668206134867,0,GREEN,Continue monitoring
ACC-001691,0.5412385977444627,0.6605430569648354,30,2,0.26852277938467406,580,0.10524317208210508,0,AMBER,Reduce limit and contact customer
ACC-001692,0.49609872461026294,0.968982671828527,0,1,0.2902467524183171,541,0.016090605323012073,0,GREEN,Continue monitoring
ACC-001693,0.2794323289078021,0.6524440909082461,7,1,0.35094465416693543,719,0.013810226048472625,0,GREEN,Continue monitoring
ACC-001694,0.8456991614458627,0.511642995357622,0,1,0.28352804745960514,612,0.06520137921404423,0,GREEN,Continue monitoring
ACC-001695,0.6968759739307641,0.5809420907919864,0,0,-0.012838867022453265,711,0.014867148201706235,0,GREEN,Continue monitoring
ACC-001696,0.3717928748414714,0.5158561580804725,0,1,0.6235985557055896,588,0.03989000554149264,0,GREEN,Continue monitoring
ACC-001697,0.7741284190590018,0.7299546026114045,0,1,0.22516933090232832,719,0.02209572145053769,0,GREEN,Continue monitoring
ACC-001698,0.4738108552537697,0.5502626596193179,0,0,0.1740041028464141,560,0.02234340717849054,0,GREEN,Continue monitoring
ACC-001699,0.4507688213457462,0.4654750768790144,0,0,0.35221965986473913,680,0.019584191647019744,0,GREEN,Continue monitoring
ACC-001700,0.4045998036329495,0.36133034614210285,90,1,0.0979049472176462,570,0.46185459073600776,0,RED,Collections escalation
ACC-001701,0.6201935229404559,0.490975878355171,7,0,0.17197857616382942,659,0.029484489274589746,0,GREEN,Continue monitoring
ACC-001702,0.8255904001691742,0.6341754907133516,60,3,0.6184334814029734,513,0.6377037162769686,1,RED,Collections escalation
ACC-001703,0.7948925331788675,0.6271187664983523,0,0,-0.11453691458593035,642,0.019258098802190707,0,GREEN,Continue monitoring
ACC-001704,0.38327132420147314,1.069243808815216,0,0,-0.2271439938928863,724,0.001968474950777125,0,GREEN,Continue monitoring
ACC-001705,0.21105295109099523,0.8445979647359938,0,0,0.08257788571204938,686,0.003729366380861979,0,GREEN,Continue monitoring
ACC-001706,0.5981042494721678,0.8777966229277876,90,3,0.40194976489208134,631,0.4702268502071475,1,RED,Collections escalation
ACC-001707,0.216245243047345,0.5006758289423123,0,0,-0.2276978567509692,649,0.006524323046410504,0,GREEN,Continue monitoring
ACC-001708,0.5372372252790822,0.7439874233312934,0,0,0.030088433206368406,572,0.013597097914182546,0,GREEN,Continue monitoring
ACC-001709,0.3995682606261656,1.1585156232959886,0,0,-0.03935180948851694,615,0.0032104877745274324,0,GREEN,Continue monitoring
ACC-001710,0.7123962435244273,0.5754516559522774,0,0,-0.3056308620951142,649,0.014196613241107681,0,GREEN,Continue monitoring
ACC-001711,0.5264972356259318,0.943899333638188,0,1,-0.09198735003172692,642,0.007860593425769825,0,GREEN,Continue monitoring
ACC-001712,0.5140226664599432,1.085759971469237,0,0,0.21302921905667038,676,0.00502166918098539,0,GREEN,Continue monitoring
ACC-001713,0.4528883494801849,0.4522020022005965,7,0,-0.07345708315673471,568,0.024655641130911184,0,GREEN,Continue monitoring
ACC-001714,0.4102113254452008,0.6193587649231694,0,0,0.17892906387846363,660,0.011471572374502984,0,GREEN,Continue monitoring
ACC-001715,0.19280886711452194,0.9149350310716897,0,1,0.01133970526147049,546,0.006897577943488699,0,GREEN,Continue monitoring
ACC-001716,0.6667334782472171,0.6764799957293457,0,2,0.3562783385389905,658,0.04028991757368179,0,GREEN,Continue monitoring
ACC-001717,0.41043582345597995,1.0493484031678257,60,0,0.09433170383025347,556,0.048215611010350524,0,RED,Collections escalation
ACC-001718,0.7307031830966532,0.49745095443049947,0,0,0.4289794639431055,612,0.0457771390345858,0,GREEN,Continue monitoring
ACC-001719,0.3428304771632813,0.6118687879494865,0,1,-0.03533097392612733,642,0.011805074355071657,0,GREEN,Continue monitoring
ACC-001720,0.48874784027109425,0.7301742484367892,0,0,0.2637317999698645,679,0.010810799788356105,0,GREEN,Continue monitoring
ACC-001721,0.7810903661948754,0.38488378375244686,0,0,0.20401886363009403,691,0.03704089979683665,0,GREEN,Continue monitoring
ACC-001722,0.20082502647459116,0.9701181948132724,0,0,-0.05591034973374101,610,0.0032027042597056092,0,GREEN,Continue monitoring
ACC-001723,0.4805863438904595,0.7120557409401306,0,0,0.22303191709649967,676,0.01068196160438746,0,GREEN,Continue monitoring
ACC-001724,0.345568555339217,0.8366817606093545,0,1,-0.2270561579854556,691,0.004808857374837378,0,GREEN,Continue monitoring
ACC-001725,0.7498837594790664,0.7897637929041407,0,0,0.42989732407944253,697,0.01837808798208006,0,GREEN,Continue monitoring
ACC-001726,0.5075316970689213,0.7380816107372606,0,0,0.35711612526178266,591,0.01739585719003897,0,GREEN,Continue monitoring
ACC-001727,0.23286280586164912,0.6850344513299581,0,0,0.3457190163416798,630,0.009336636715665512,0,GREEN,Continue monitoring
ACC-001728,0.6687985813112644,0.639178754401947,30,3,0.9236988809655096,537,0.36151960888833107,1,RED,Collections escalation
ACC-001729,0.21516381978410076,1.0212045494537807,7,1,0.1841447683232024,665,0.005532497489052339,0,GREEN,Continue monitoring
ACC-001730,0.15704347969978877,0.8813544610514932,0,0,0.1464395781605689,646,0.003880116895540549,0,GREEN,Continue monitoring
ACC-001731,0.1788904765012308,0.8423419602099236,7,0,0.3837241156625687,686,0.006327145653352505,0,GREEN,Continue monitoring
ACC-001732,0.6098226650193095,0.7102939607318438,7,2,-0.16432813085020154,548,0.036332698017518206,0,GREEN,Continue monitoring
ACC-001733,0.6767962435635153,0.6063118960931128,0,2,-0.09767295451089245,683,0.026139412852413946,0,GREEN,Continue monitoring
ACC-001734,0.5524894575373719,0.7127899886441454,0,1,0.21851872858816862,704,0.015315032188132498,0,GREEN,Continue monitoring
ACC-001735,0.7552081388172835,0.8675794451405581,15,1,0.10182288209586932,600,0.03651541755060541,0,GREEN,Continue monitoring
ACC-001736,0.6672231074003634,0.6066658787324567,0,0,0.19225051156534567,591,0.026596613716418128,0,GREEN,Continue monitoring
ACC-001737,0.6958090944186103,0.4848519039821154,0,1,0.17848453650570623,672,0.03626207607749395,0,GREEN,Continue monitoring
ACC-001738,0.47478451674939137,0.9651659450494405,0,0,0.06280609125258604,633,0.006011096042557766,0,GREEN,Continue monitoring
ACC-001739,0.2861683090505578,0.8346042526159743,0,0,0.011338738323418321,659,0.004580164841400143,0,GREEN,Continue monitoring
ACC-001740,0.34764749768994124,0.8199209444030332,90,1,0.18262382632694685,574,0.23083598223336835,1,RED,Collections escalation
ACC-001741,0.38595565096019036,0.7186717433935098,7,0,0.09521382843127288,684,0.009252494819991302,0,GREEN,Continue monitoring
ACC-001742,0.43909001738593983,0.47064151256763204,0,0,-0.02198344700025731,592,0.017468387728996875,0,GREEN,Continue monitoring
ACC-001743,0.41096242187170745,0.8141206021371764,0,1,0.003138792568695592,615,0.010204995974982168,0,GREEN,Continue monitoring
ACC-001744,0.1268798379190463,0.8721554393346022,0,0,-0.14749718797863615,494,0.004877974456428268,0,GREEN,Continue monitoring
ACC-001745,0.3681448901580424,0.7525518132383391,0,0,0.28260716743882197,690,0.007856352735032983,0,GREEN,Continue monitoring
ACC-001746,0.3293673032661193,0.7725079487411479,7,0,0.34302332604546704,574,0.01498994102305111,0,GREEN,Continue monitoring
ACC-001747,0.14782720132595864,0.5670973941963079,0,1,-0.049923786351238064,710,0.006519396042953501,0,GREEN,Continue monitoring
ACC-001748,0.39996404366246213,0.878768375188387,0,0,-0.12358179824661172,648,0.004722358316376888,0,GREEN,Continue monitoring
ACC-001749,0.523974267653493,0.6511822096778551,0,0,0.30756225704775414,572,0.02216034690762626,0,GREEN,Continue monitoring
ACC-001750,0.34747325442201077,0.9138721998013518,60,2,0.43239465317759823,689,0.09100692847919507,0,RED,Collections escalation
ACC-001751,0.5038659384879335,0.896560290012782,30,3,0.4379977844681565,583,0.09763070824024433,0,AMBER,Reduce limit and contact customer
ACC-001752,0.5274747953852318,0.5967256377454706,0,0,0.039636225854762855,682,0.012030265391158113,0,GREEN,Continue monitoring
ACC-001753,0.043677885742645,0.6302781906772279,15,0,0.18878789563630483,481,0.017979833596367675,0,GREEN,Continue monitoring
ACC-001754,0.4266010284879124,0.8112293189051539,0,0,-0.09385549287829978,521,0.009928321355414974,0,GREEN,Continue monitoring
ACC-001755,0.3371110604162198,0.743600510025482,0,0,0.28531769626279924,539,0.013676887547711368,0,GREEN,Continue monitoring
ACC-001756,0.23368417493934085,0.9596056591074502,0,3,0.17263725968456975,618,0.011829448907782288,0,GREEN,Continue monitoring
ACC-001757,0.46180061304753145,0.9654610429742367,0,0,0.1054513945954648,719,0.004366268776207852,0,GREEN,Continue monitoring
ACC-001758,0.48905522326351347,0.659713469938261,0,0,0.14483568885407216,627,0.013531962355986065,0,GREEN,Continue monitoring
ACC-001759,0.6294553460869219,0.9356275157235555,0,2,-0.09630603412487376,666,0.012465938790286174,0,GREEN,Continue monitoring
ACC-001760,0.6339423856847467,0.7225154195142929,0,0,0.4972710488028285,629,0.023582646488616632,0,GREEN,Continue monitoring
ACC-001761,0.5117322156094455,0.48274909500647817,0,0,-0.05412094381624008,737,0.010756571053728885,0,GREEN,Continue monitoring
ACC-001762,0.2984893391539307,1.1653177109978106,0,1,-0.013322359171893172,629,0.003470260304761503,0,GREEN,Continue monitoring
ACC-001763,0.3748350361814037,0.5603081575214524,0,0,0.23516163637389975,712,0.010524933161404054,0,GREEN,Continue monitoring
ACC-001764,0.5979770771097122,0.3914600946296083,0,0,0.09729935606532154,626,0.028759686757545522,0,GREEN,Continue monitoring
ACC-001765,0.6017943832979745,0.9995610594274726,0,0,0.3762197267007162,599,0.011892303810123624,0,GREEN,Continue monitoring
ACC-001766,0.38257784222170876,0.6440843425515408,0,1,-0.1542495271222208,638,0.010600703312627746,0,GREEN,Continue monitoring
ACC-001767,0.15665245725316454,1.0107044776213134,0,0,0.022873672592476926,581,0.0032881251748112395,0,GREEN,Continue monitoring
ACC-001768,0.3085014715775167,0.9904351509219909,30,2,-0.014355490506488433,707,0.014959415213786248,0,AMBER,Reduce limit and contact customer
ACC-001769,0.3535011089932072,1.2,0,0,0.24194578909567016,579,0.004238049489624285,0,GREEN,Continue monitoring
ACC-001770,0.5596323175121652,0.5610053131211917,0,0,0.10756011395560218,626,0.018669599485901807,0,GREEN,Continue monitoring
ACC-001771,0.25565839030655774,0.6665245777443438,0,0,0.29080867971101493,683,0.007778373377811737,0,GREEN,Continue monitoring
ACC-001772,0.45914108944226334,1.046215309757695,0,0,0.42963635393511646,540,0.01070767451243368,0,GREEN,Continue monitoring
ACC-001773,0.16180826852871585,0.9054342324515374,0,0,0.40749647630571434,684,0.004320844516245296,0,GREEN,Continue monitoring
ACC-001774,0.25501826464060096,0.9735534780160208,0,0,0.04745517280293539,684,0.0029915535970936537,0,GREEN,Continue monitoring
ACC-001775,0.24872633305952296,0.7481698971335646,0,0,0.14107544356453086,532,0.009831976946271182,0,GREEN,Continue monitoring
ACC-001776,0.47897676373343634,0.6630296818736815,0,1,0.1651912083978648,686,0.014782570100501585,0,GREEN,Continue monitoring
ACC-001777,0.5279175756668084,0.44359759191528275,0,1,0.26789332731731297,640,0.03517426440355996,0,GREEN,Continue monitoring
ACC-001778,0.5366422136706643,0.5913921676909654,0,0,-0.11947375793256187,723,0.008792326744414495,0,GREEN,Continue monitoring
ACC-001779,0.13279485100767202,1.137199705098687,0,0,0.1655478177621414,579,0.0028185596606914013,0,GREEN,Continue monitoring
ACC-001780,0.8692919714158487,0.6607633967222996,0,0,0.37355646010271404,622,0.038833970275931586,0,GREEN,Continue monitoring
ACC-001781,0.3915709908547141,1.1540163354501596,60,3,0.6984375901608337,674,0.11493889355043843,0,RED,Collections escalation
ACC-001782,0.4287775310690399,0.6494406019925266,60,0,0.32444848283977923,529,0.15561314029254802,0,RED,Collections escalation
ACC-001783,0.30667207509194977,1.146464925035977,0,0,0.3907594052765226,585,0.005008688493265318,0,GREEN,Continue monitoring
ACC-001784,0.4241992507089152,0.7843601102652819,0,0,0.02594227557156814,613,0.008324283611901812,0,GREEN,Continue monitoring
ACC-001785,0.7862219427790631,0.87633656608138,7,0,0.16765347880990084,739,0.013172022552892132,0,GREEN,Continue monitoring
ACC-001786,0.3031362523039408,1.0838624982643523,0,0,-0.03117072428235859,700,0.0022209019141711103,0,GREEN,Continue monitoring
ACC-001787,0.6475673282707474,0.7430141313822161,0,0,-0.04921324705967273,658,0.011157429445331374,0,GREEN,Continue monitoring
ACC-001788,0.4240104431811086,0.5585888749452863,0,1,-0.08336125818205659,652,0.014290289962887164,0,GREEN,Continue monitoring
ACC-001789,0.677313055520547,0.8311202010830631,0,2,0.05508599507662676,649,0.021854024745772235,0,GREEN,Continue monitoring
ACC-001790,0.17063385547880855,0.8596750328283289,90,2,0.2848592118574491,494,0.29042981921579686,0,RED,Collections escalation
ACC-001791,0.7473123971389156,0.7943588546802757,0,0,0.10128891830844887,639,0.01568510805441455,0,GREEN,Continue monitoring
ACC-001792,0.09710581954804143,1.0301843619936022,0,0,0.22782722686896195,646,0.0027146175449875762,0,GREEN,Continue monitoring
ACC-001793,0.3357704555357302,0.8535730036990545,60,2,0.7317170591549829,512,0.24178332123207902,0,RED,Collections escalation
ACC-001794,0.2750902171622204,0.7403147231104039,30,2,0.6294761415782572,592,0.07540280066211041,0,AMBER,Reduce limit and contact customer
ACC-001795,0.8905624273897699,0.8695633393675335,0,0,0.23395659613147152,730,0.014531754049719556,0,GREEN,Continue monitoring
ACC-001796,0.35134623980892976,0.924445560927879,90,0,0.608162350587227,631,0.18328692107094238,0,RED,Collections escalation
ACC-001797,0.7118706422459784,0.8165135827303616,0,0,0.05667504102492282,676,0.011419231338841287,0,GREEN,Continue monitoring
ACC-001798,0.42428681898530257,0.5663867765100656,60,3,0.3283533050612749,572,0.3323215314943439,1,RED,Collections escalation
ACC-001799,0.12280023746312344,0.8266633349237464,0,0,0.203376200515822,641,0.004430847939347131,0,GREEN,Continue monitoring
ACC-001800,0.5455671813872014,0.7847423419175252,0,0,-0.34007816695054427,565,0.00854979148584061,0,GREEN,Continue monitoring
ACC-001801,0.6263171601895136,0.8073944356113913,30,0,0.5227499022288837,594,0.06243782804344143,0,AMBER,Reduce limit and contact customer
ACC-001802,0.30906467432101803,0.9656146917432649,0,0,-0.09536049298656193,589,0.004226287532795724,0,GREEN,Continue monitoring
ACC-001803,0.5138663323220796,0.8177214496962684,0,0,0.43401212466267963,697,0.010656488553561513,0,GREEN,Continue monitoring
ACC-001804,0.09033359622971252,0.8625363850843268,15,1,0.36744544739981133,581,0.013721397062560068,0,GREEN,Continue monitoring
ACC-001805,0.3900236326198171,0.9299859957193103,0,0,-0.1892935623382075,641,0.00395167085536106,0,GREEN,Continue monitoring
ACC-001806,0.6603206084122493,0.7440285492618125,0,1,-0.2690481166023561,601,0.01546329597321915,0,GREEN,Continue monitoring
ACC-001807,0.384134464856867,0.4407222089802619,30,1,0.27548509496842954,504,0.1187456715898059,0,AMBER,Reduce limit and contact customer
ACC-001808,0.40655057720055593,0.7419250432363651,15,0,0.1047700668715556,572,0.019004432759596686,0,GREEN,Continue monitoring
ACC-001809,0.3100302810010984,1.2,0,0,0.25009324371760344,638,0.0030974422666100463,0,GREEN,Continue monitoring
ACC-001810,0.7340705256284477,0.6846860064880947,7,0,0.3488614311798005,572,0.04190690527882685,0,GREEN,Continue monitoring
ACC-001811,0.4743987022877991,0.5387908831514491,0,0,0.4213786695585365,608,0.025085023665820595,0,GREEN,Continue monitoring
ACC-001812,0.33392850847363886,0.7748873190046766,7,0,0.10942318974109519,549,0.012720933109365024,0,GREEN,Continue monitoring
ACC-001813,0.44504013206505466,0.9515938130428747,0,0,-0.09074828538574234,613,0.0052853083506387375,0,GREEN,Continue monitoring
ACC-001814,0.3850418957026197,1.0944207163129127,0,0,0.05387579561084968,689,0.0029750979772791286,0,GREEN,Continue monitoring
ACC-001815,0.5195122011662686,0.8740924008310125,0,0,-0.053318219039204695,687,0.005679098380500065,0,GREEN,Continue monitoring
ACC-001816,0.55498303435729,0.7016516774202751,0,1,-0.10125399885588016,534,0.021387174374028466,0,GREEN,Continue monitoring
ACC-001817,0.4193214920651891,0.5427058103544118,15,0,0.27435257209161135,594,0.033174317402142606,0,GREEN,Continue monitoring
ACC-001818,0.16182656128728462,0.9579614493147118,0,1,-0.20150912061773268,672,0.002789922650500569,0,GREEN,Continue monitoring
ACC-001819,0.3010734840377426,0.874634763744317,0,0,-0.10112792181392763,707,0.0031452507953453838,1,GREEN,Continue monitoring
ACC-001820,0.45907666013062565,0.9898713287923021,0,0,-0.04050285149369098,606,0.005459068651691507,0,GREEN,Continue monitoring
ACC-001821,0.38332996204655156,1.0181936175068587,0,1,-0.1566267793280422,647,0.004525069894605327,0,GREEN,Continue monitoring
ACC-001822,0.1241247686504815,0.4880626379967137,0,1,-0.22631187580427142,646,0.00778029537232166,0,GREEN,Continue monitoring
ACC-001823,0.5175063245543559,0.6311935701473478,0,1,0.29947403910841264,628,0.02508771402978823,0,GREEN,Continue monitoring
ACC-001824,0.309408575353438,0.9907127457450274,0,0,0.08468949860284328,651,0.00384645890190053,0,GREEN,Continue monitoring
ACC-001825,0.3272874522242347,0.7110980018080367,0,0,0.13949359097546615,647,0.007950629760794567,0,GREEN,Continue monitoring
ACC-001826,0.4705838071538998,0.7830442799124282,7,2,0.03343544538538508,600,0.02379859668475946,0,GREEN,Continue monitoring
ACC-001827,0.4389775891335033,0.5273270054972928,7,0,0.35815000622651805,644,0.02465654117636193,0,GREEN,Continue monitoring
ACC-001828,0.18286613384638956,0.8309161578988654,0,0,0.0879131558512124,719,0.003199884886763795,0,GREEN,Continue monitoring
ACC-001829,0.8306262102408838,0.4934353364309909,15,0,0.14082189389469266,743,0.04116835137022376,0,GREEN,Continue monitoring
ACC-001830,0.2942027346856535,0.9144527659540301,30,0,0.5298351969181926,563,0.029047812110300514,0,AMBER,Reduce limit and contact customer
ACC-001831,0.40588184695518054,0.6583632903651307,0,0,0.41146553457821117,590,0.017892789769186124,0,GREEN,Continue monitoring
ACC-001832,0.6798179198692992,0.40947222566689995,0,0,0.16502831438831195,748,0.021959100836825975,0,GREEN,Continue monitoring
ACC-001833,0.24310573010063213,1.082968153081798,0,0,0.20653593739371057,740,0.002203993481644668,0,GREEN,Continue monitoring
ACC-001834,0.5283646502032749,0.8828038218735152,0,0,-0.0864516551579273,561,0.009013471316438027,0,GREEN,Continue monitoring
ACC-001835,0.5964152475055838,0.9939207802978349,0,0,0.045924566598524355,724,0.004979101272512595,0,GREEN,Continue monitoring
ACC-001836,0.37346136317808143,0.7015726571635111,0,0,0.448778536129293,713,0.009802940770101383,0,GREEN,Continue monitoring
ACC-001837,0.273042953165022,0.7674960581491084,0,0,0.16936215660255158,573,0.008708915910705285,0,GREEN,Continue monitoring
ACC-001838,0.38907932044435406,0.7081099201351304,0,0,0.7096619518951609,555,0.024906558018218478,0,GREEN,Continue monitoring
ACC-001839,0.3596392834500856,0.8111103524945896,0,1,0.19452348670950897,694,0.008391481587353844,0,GREEN,Continue monitoring
ACC-001840,0.15459368612928395,0.5410069630716752,0,0,0.21971012629105072,609,0.010254241791489722,0,GREEN,Continue monitoring
ACC-001841,0.6204216270355247,0.6291364277751678,0,0,-0.08442801463450925,592,0.01682095348323285,0,GREEN,Continue monitoring
ACC-001842,0.27321904190362,0.5671312781025863,60,1,0.39702503466601663,629,0.13886071254073343,0,RED,Collections escalation
ACC-001843,0.3330836921150203,0.6388139942314376,0,0,-0.010398415612109163,720,0.005939930977492251,0,GREEN,Continue monitoring
ACC-001844,0.8945555913094373,0.606001468967994,0,0,0.01696352409163182,633,0.029586073038664302,0,GREEN,Continue monitoring
ACC-001845,0.061603145552610254,0.7557013322436652,7,0,0.06712844634489834,564,0.006754496627901727,0,GREEN,Continue monitoring
ACC-001846,0.431337411102313,0.8138199650064822,60,2,0.253388648310936,556,0.17075211765625078,0,RED,Collections escalation
ACC-001847,0.645538958113643,0.6904723275013804,60,3,0.6705675732254486,615,0.4290094924818609,0,RED,Collections escalation
ACC-001848,0.31663373496758485,0.5629289995090846,0,1,0.1330906838031883,714,0.011350466185066108,0,GREEN,Continue monitoring
ACC-001849,0.848799832971316,0.9147949369098197,0,1,0.11975377356008045,584,0.02605313558996522,0,GREEN,Continue monitoring
ACC-001850,0.15588105266309935,1.0588816802057504,0,0,-0.0023205852982395164,631,0.0023543964945489555,0,GREEN,Continue monitoring
ACC-001851,0.7505809249182194,0.7791082050543623,0,0,0.42726884351939276,637,0.02376600113893377,0,GREEN,Continue monitoring
ACC-001852,0.26770566807098417,0.7621756799016138,0,0,-0.043084204343255855,588,0.006442830461896157,0,GREEN,Continue monitoring
ACC-001853,0.37846489893047613,0.507804768393054,0,0,-0.3702226306052809,639,0.007958894717063703,0,GREEN,Continue monitoring
ACC-001854,0.8136028454774381,0.6475519984196453,0,0,0.12543203285269028,610,0.028321318837651193,0,GREEN,Continue monitoring
ACC-001855,0.2140766315673267,0.8134751768706642,0,0,0.21979421552438388,582,0.007133386833650854,0,GREEN,Continue monitoring
ACC-001856,0.1258488196096308,0.9929322369870631,0,1,-0.12048429518629061,756,0.0018830690127709555,0,GREEN,Continue monitoring
ACC-001857,0.7719877646017199,0.6722359678361282,60,1,0.6328332718077453,686,0.27571635688263735,1,RED,Collections escalation
ACC-001858,0.33512492460004584,0.38746987784789894,15,0,0.20987416731857303,673,0.026683756366501835,0,GREEN,Continue monitoring
ACC-001859,0.5835975858108953,0.9323716276104671,0,0,0.17606985721786322,720,0.006517268762609829,0,GREEN,Continue monitoring
ACC-001860,0.40803448857585534,0.7968100807260226,0,1,0.2522103743901658,633,0.013012004988472116,0,GREEN,Continue monitoring
ACC-001861,0.014731742568948526,1.1898958492224798,0,0,0.15383013000642884,677,0.0013071573024670247,0,GREEN,Continue monitoring
ACC-001862,0.15436090074568265,0.8649513738972755,7,0,-0.010512381061736409,598,0.00515979357487366,0,GREEN,Continue monitoring
ACC-001863,0.8358679585189391,0.7292720711020386,0,0,0.2664679029701501,639,0.026036779508049977,0,GREEN,Continue monitoring
ACC-001864,0.18970577582097384,1.0710348988661076,15,0,-0.09070259668595165,592,0.0043778607599207,0,GREEN,Continue monitoring
ACC-001865,0.6970385768140879,0.6986158677572527,7,0,-0.04228184313895253,595,0.022344501179488992,0,GREEN,Continue monitoring
ACC-001866,0.5271773754632405,0.629053968394625,0,2,0.16735375118766532,682,0.024756027991775165,0,GREEN,Continue monitoring
ACC-001867,0.5139433784041433,0.7930902387891838,0,4,0.13659277349469434,644,0.0359887723820511,0,GREEN,Continue monitoring
ACC-001868,0.20463612685866636,0.6124682271200865,0,0,-0.2591257479695902,694,0.00401592094679862,0,GREEN,Continue monitoring
ACC-001869,0.16028486884432552,0.42608349528910144,0,0,-0.10644663833382276,473,0.015687655940149963,0,GREEN,Continue monitoring
ACC-001870,0.17193280761183313,0.9849537251641638,7,0,-0.1003451717159419,597,0.003736282745955092,0,GREEN,Continue monitoring
ACC-001871,0.5131727088402864,0.8374732264917416,0,0,-0.2011012805035688,589,0.007578837878555638,0,GREEN,Continue monitoring
ACC-001872,0.16457093838236317,0.8039917688791568,30,2,0.5685692999218624,590,0.050115363861266436,0,AMBER,Reduce limit and contact customer
ACC-001873,0.7258458442972096,0.7696419961726606,0,0,0.25391822809102926,612,0.020883113639554238,0,GREEN,Continue monitoring
ACC-001874,0.5627868568338291,0.5855648060357186,0,0,0.18496032565696874,611,0.020609830138160083,0,GREEN,Continue monitoring
ACC-001875,0.23905085464768408,0.7806076030738728,0,0,0.19837542969644956,654,0.005903040087432029,0,GREEN,Continue monitoring
ACC-001876,0.05023647247606605,1.2,90,0,0.33498646322733333,611,0.04894561740812304,0,RED,Collections escalation
ACC-001877,0.4405667905926046,0.6359868997400687,0,1,0.217450676882378,698,0.014644467383132107,0,GREEN,Continue monitoring
ACC-001878,0.37628460289633353,0.818039720863617,0,1,0.2688231416537147,681,0.009788584028092134,0,GREEN,Continue monitoring
ACC-001879,0.1919464624664881,0.7289468906310997,15,0,-0.17187299023845265,542,0.010310986402644662,0,GREEN,Continue monitoring
ACC-001880,0.1891590491627976,0.660864037595544,90,1,0.9177151724354562,604,0.38685620379552277,1,RED,Collections escalation
ACC-001881,0.6974742050856252,0.6413686092577807,0,0,-0.0810653112231057,628,0.01672469651240402,0,GREEN,Continue monitoring
ACC-001882,0.14055994365134875,0.7963817494438273,0,0,0.22887719405345844,642,0.005051764393037534,0,GREEN,Continue monitoring
ACC-001883,0.6729648434238186,0.6993654271169728,30,4,-0.001381108758520877,700,0.11102729477759993,0,AMBER,Reduce limit and contact customer
ACC-001884,0.4571964075995267,0.7081917041633233,0,0,-0.23048123521063607,616,0.007775720678834518,0,GREEN,Continue monitoring
ACC-001885,0.44624527347650855,0.6742111305124802,0,0,0.18591179274594327,600,0.01399714208204441,0,GREEN,Continue monitoring
ACC-001886,0.2784897609369867,0.7223301980726586,0,1,-0.008143255392133147,618,0.009225262308089064,0,GREEN,Continue monitoring
ACC-001887,0.44774394840975573,0.6295392532176628,15,1,0.06920633728208464,582,0.03355301847424609,0,GREEN,Continue monitoring
ACC-001888,0.8822090129023514,0.880638882121862,90,2,0.26786446655789253,580,0.5478028805738276,1,RED,Collections escalation
ACC-001889,0.20214948509369463,0.8427594564626715,0,0,0.28452945685123743,649,0.0053816235907787205,0,GREEN,Continue monitoring
ACC-001890,0.29264620786558865,0.5791787048553121,7,0,0.13956063653818798,576,0.01665462952014978,0,GREEN,Continue monitoring
ACC-001891,0.6312600009555562,0.6408300402694393,30,1,0.2914099534417747,539,0.11433028727261853,0,AMBER,Reduce limit and contact customer
ACC-001892,0.5709679450852979,0.9602511083210766,0,0,0.06717787774917719,639,0.007277040794831932,0,GREEN,Continue monitoring
ACC-001893,0.4476129135165333,0.48606543379011885,0,2,0.025700044793992904,665,0.026075819315050375,0,GREEN,Continue monitoring
ACC-001894,0.5245968213122891,0.7792276709876482,0,1,-0.17382886876636128,622,0.011058945133467479,0,GREEN,Continue monitoring
ACC-001895,0.28090922572166305,0.6720802115471884,0,0,-0.014265363079482035,571,0.008920524877105925,0,GREEN,Continue monitoring
ACC-001896,0.06132775193803318,0.6449882887073111,30,0,0.7167171946760962,700,0.02328572246582608,0,AMBER,Reduce limit and contact customer
ACC-001897,0.24632125304436595,0.8676887274214778,30,3,0.744032632997442,760,0.04488264417099827,0,AMBER,Reduce limit and contact customer
ACC-001898,0.4450824316023139,0.9035794004627875,7,0,0.25041999310092156,659,0.009193628652125257,0,GREEN,Continue monitoring
ACC-001899,0.3101938421221414,0.7323634995782009,0,0,0.14262876407402036,583,0.009462713450160696,0,GREEN,Continue monitoring
ACC-001900,0.42666749712578733,0.47783661103858605,0,1,-0.02899341471768177,744,0.012638167164426234,0,GREEN,Continue monitoring
ACC-001901,0.3644776558001496,0.587810761951804,0,1,0.16593325459960986,776,0.00964186552344618,0,GREEN,Continue monitoring
ACC-001902,0.25551483677268894,0.5918314502933261,0,1,-0.25810365369616795,731,0.005600602130951194,0,GREEN,Continue monitoring
ACC-001903,0.6193514561126765,1.0948812853688226,0,0,0.35589678652016243,725,0.005945335887952343,0,GREEN,Continue monitoring
ACC-001904,0.49113457699551527,0.9356477306840646,0,1,0.06711025470095441,610,0.010144738838209494,0,GREEN,Continue monitoring
ACC-001905,0.7759277741410717,0.6652420295362704,60,3,0.31312844907824927,599,0.42486201177110355,0,RED,Collections escalation
ACC-001906,0.75928879111762,0.7809389652081034,0,0,0.3544532499727718,591,0.026548543385005743,0,GREEN,Continue monitoring
ACC-001907,0.22422226154198108,0.85908476809709,0,0,0.0065245877165522465,688,0.003379654384940691,0,GREEN,Continue monitoring
ACC-001908,0.8362660545843611,0.18787839815214397,0,0,0.4363740486670957,699,0.0776842676055476,0,GREEN,Continue monitoring
ACC-001909,0.5108710722873453,0.881020884965198,15,0,0.17485245065848556,545,0.021032331722740816,0,GREEN,Continue monitoring
ACC-001910,0.7715086556986264,0.8386850148717578,0,0,0.4086984314344873,639,0.021204255163508545,0,GREEN,Continue monitoring
ACC-001911,0.5924046267684498,0.5941812909684141,0,1,0.19890343209371902,673,0.02372765950241098,0,GREEN,Continue monitoring
ACC-001912,0.6178084235016421,0.6629544185890337,0,1,0.3097412656329474,596,0.0328608159412573,0,GREEN,Continue monitoring
ACC-001913,0.4644193731393836,0.6562238310417311,0,0,-0.21935709009901477,548,0.011717963550667605,0,GREEN,Continue monitoring
ACC-001914,0.3368719334261133,0.634630526569635,7,1,0.12029720465932704,625,0.018042080312571082,0,GREEN,Continue monitoring
ACC-001915,0.5581263422338038,0.9355112717673677,0,0,-0.027957798114522314,744,0.004428618469923507,0,GREEN,Continue monitoring
ACC-001916,0.25121963635157823,1.010397152986582,0,0,-0.0059544751869880785,596,0.0036540322276760726,0,GREEN,Continue monitoring
ACC-001917,0.7611490707439503,0.5595749156113707,0,0,0.18974453299382743,605,0.03365264323492313,0,GREEN,Continue monitoring
ACC-001918,0.6776179154154807,0.9705369041944958,0,0,0.204462459559907,625,0.011016175181596631,0,GREEN,Continue monitoring
ACC-001919,0.6149389882089741,0.9960814812818513,0,0,0.3779860952719363,634,0.0107347804564417,0,GREEN,Continue monitoring
ACC-001920,0.8014879971751431,0.6291339999326939,0,1,0.23883644251961095,635,0.04077846494736051,0,GREEN,Continue monitoring
ACC-001921,0.4413057115799478,0.9738743747877178,0,0,0.19513177353586986,575,0.008046620786475233,0,GREEN,Continue monitoring
ACC-001922,0.3617635026862898,0.81111828896272,0,1,0.05933611526615833,586,0.011069724783983471,0,GREEN,Continue monitoring
ACC-001923,0.5622562511364029,0.6093067923986935,0,0,0.2034676314023589,614,0.01977315139472137,0,GREEN,Continue monitoring
ACC-001924,0.6900702429501315,0.4657394115406439,7,1,0.025764704131359284,664,0.0410808837688875,0,GREEN,Continue monitoring
ACC-001925,0.24738041563371713,0.8722036551592436,0,0,-0.043002217495044015,591,0.004802631250545584,0,GREEN,Continue monitoring
ACC-001926,0.18609457400985752,0.7233646646314833,0,0,0.26395916532863845,671,0.006039227767027541,0,GREEN,Continue monitoring
ACC-001927,0.46780949488932555,0.7646185249439978,0,0,0.4291569775507763,635,0.013822584141982293,0,GREEN,Continue monitoring
ACC-001928,0.3261858373404261,0.9764269016195621,0,0,0.04313454816701465,588,0.005019259316320914,0,GREEN,Continue monitoring
ACC-001929,0.5697096734057903,0.5426613193031515,7,0,0.13115247589131993,578,0.031206037636649874,0,GREEN,Continue monitoring
ACC-001930,0.1511354360972033,0.4349908493181965,0,0,0.10783064879702706,586,0.01236091381624127,0,GREEN,Continue monitoring
ACC-001931,0.7200190016335368,0.22276148446550048,0,0,0.09824427203881783,602,0.05764293238644484,0,GREEN,Continue monitoring
ACC-001932,0.19081916371634486,0.9415931141984154,15,0,0.09393147795515955,755,0.0037526137973553537,0,GREEN,Continue monitoring
ACC-001933,0.6220325559493282,0.6160262807989605,30,1,0.5497123970881127,606,0.12082026238146612,0,AMBER,Reduce limit and contact customer
ACC-001934,0.7492150148860832,0.32837302377683353,60,1,0.391052539453876,582,0.4700833446949604,1,RED,Collections escalation
ACC-001935,0.5601694393933249,0.5345141130444307,0,0,0.006862839537815427,564,0.022523566479874337,0,GREEN,Continue monitoring
ACC-001936,0.8164563852501167,0.7044172881259355,7,1,0.026905090930999923,508,0.058168994918767904,0,GREEN,Continue monitoring
ACC-001937,0.11101030913617058,1.0233563969564587,0,0,0.13751123819163974,673,0.0022980060849064742,0,GREEN,Continue monitoring
ACC-001938,0.8530321676155186,0.3509184397152557,0,0,-0.060105004032454584,599,0.048883947346538247,0,GREEN,Continue monitoring
ACC-001939,0.390135300881081,0.598531798699073,15,0,0.03965161295616246,705,0.01378111860382426,0,GREEN,Continue monitoring
ACC-001940,0.42429902885761317,0.8032247681675049,0,0,0.3773894581383251,682,0.009081820560670952,0,GREEN,Continue monitoring
ACC-001941,0.5329900651609087,1.015353338148053,30,6,0.5059646239277549,624,0.17962804402506766,0,AMBER,Reduce limit and contact customer
ACC-001942,0.519443887518448,0.780469848306907,0,0,0.11980951512500398,635,0.01046961327615798,0,GREEN,Continue monitoring
ACC-001943,0.31445151724690884,0.9551109423661952,7,0,0.059606057757193597,730,0.003803805244206936,0,GREEN,Continue monitoring
ACC-001944,0.27958953946510956,0.9634120917188216,60,1,0.3789780460887289,575,0.07661842675381764,0,RED,Collections escalation
ACC-001945,0.6218561881687996,0.7609095124877086,15,0,0.36667458736915964,672,0.02583419643007862,0,GREEN,Continue monitoring
ACC-001946,0.48958881136405413,0.4593379313379821,0,0,0.12042852217476424,622,0.020777226347321678,0,GREEN,Continue monitoring
ACC-001947,0.6402689539975626,0.7097137848366923,7,1,0.3801159324932916,658,0.03363554962585885,0,GREEN,Continue monitoring
ACC-001948,0.27634600445939506,0.7877523801434542,0,0,0.34518580172645663,626,0.008297708963108571,0,GREEN,Continue monitoring
ACC-001949,0.5317076822501338,0.6552266100364932,0,0,0.175101608448145,735,0.010104806778438382,0,GREEN,Continue monitoring
ACC-001950,0.44713817294505115,0.7918172031537154,0,0,0.16864582616809579,745,0.005991131373752635,0,GREEN,Continue monitoring
ACC-001951,0.1770894291091756,0.9312771549312912,30,5,0.4509999660700825,617,0.07964803665126534,0,AMBER,Reduce limit and contact customer
ACC-001952,0.40525661845354494,0.9549767458871997,0,0,0.12224587865695809,674,0.00483071710120578,0,GREEN,Continue monitoring
ACC-001953,0.19466704717888678,0.7648638661780338,30,2,0.5560125493273613,629,0.049078860389285585,0,AMBER,Reduce limit and contact customer
ACC-001954,0.2613377274486195,0.7027348862409554,0,0,-0.06428603743040312,709,0.004370947814652956,0,GREEN,Continue monitoring
ACC-001955,0.6993023209435805,0.9055936026571201,0,0,0.018063750167877216,593,0.012163925043926634,0,GREEN,Continue monitoring
ACC-001956,0.11986108369714747,0.6528923737609632,0,0,0.4246617832119909,584,0.010423712137382682,0,GREEN,Continue monitoring
ACC-001957,0.3564225800071174,0.9332584320177775,30,2,0.7189095900629254,483,0.09771355201958451,0,AMBER,Reduce limit and contact customer
ACC-001958,0.6328553742622944,0.5343008821122711,0,0,0.1745965401796248,680,0.020060804227336478,0,GREEN,Continue monitoring
ACC-001959,0.2856524966774579,1.14834364870512,90,2,0.3378245075645483,594,0.1644021301520881,0,RED,Collections escalation
ACC-001960,0.3443506669352189,0.594423490168082,0,0,0.07600611519615993,643,0.010031673238577121,0,GREEN,Continue monitoring
ACC-001961,0.6453653203228471,0.669126088389227,60,3,0.32214684060626086,641,0.32267903853405144,1,RED,Collections escalation
ACC-001962,0.46472166577359486,0.645332678677775,0,0,0.16500509049398518,658,0.012053034022020754,0,GREEN,Continue monitoring
ACC-001963,0.23810627713431737,0.6495131206592644,0,0,0.3809289556042775,558,0.01415444386587125,0,GREEN,Continue monitoring
ACC-001964,0.519877207730213,0.6561937986812348,0,0,0.15069205713978304,595,0.016629301101976166,0,GREEN,Continue monitoring
ACC-001965,0.4836650109102472,0.6540442205495656,90,2,0.4906458476333755,581,0.5261411341742787,0,RED,Collections escalation
ACC-001966,0.42867524400327717,0.7792542660646266,0,1,0.4946396372629737,593,0.02170678210845835,0,GREEN,Continue monitoring
ACC-001967,0.22647625450710748,0.39050996349964207,0,0,0.3651504314768229,640,0.017207527165278815,0,GREEN,Continue monitoring
ACC-001968,0.7217236858912909,0.5327121624500519,0,0,0.2185471126569922,611,0.033253151802833426,0,GREEN,Continue monitoring
ACC-001969,0.18151973292879925,0.7102305454988429,0,0,0.2740465320722244,631,0.007297654521951712,0,GREEN,Continue monitoring
ACC-001970,0.7197700696363194,0.5911947293609288,15,0,0.2879824787168938,598,0.05482715407896057,0,GREEN,Continue monitoring
ACC-001971,0.25931355025363134,1.0057341491355833,0,0,-0.16541828761384053,585,0.0032730270870758877,0,GREEN,Continue monitoring
ACC-001972,0.37279949093951087,0.6975044103027093,0,1,0.3211152579074129,628,0.016496974717009623,0,GREEN,Continue monitoring
ACC-001973,0.5514192524105702,0.8403370379060631,0,0,0.22006241379051641,615,0.01189671447734003,0,GREEN,Continue monitoring
ACC-001974,0.5094629704037437,0.6446467628705818,7,0,0.19600516344946364,738,0.01269411183330676,0,GREEN,Continue monitoring
ACC-001975,0.5500402984409629,0.5150248349441771,0,0,0.1664792736379404,578,0.02605679824622678,0,GREEN,Continue monitoring
ACC-001976,0.09541012836821514,1.1456912382723605,0,1,0.15673103988670933,582,0.003470990870881832,0,GREEN,Continue monitoring
ACC-001977,0.6003198226470176,0.9141124311414253,0,0,-0.09818834896896247,767,0.004271250114233398,0,GREEN,Continue monitoring
ACC-001978,0.2330413414373173,0.857584993220824,0,0,-0.14521305884643088,696,0.0028103346910056622,0,GREEN,Continue monitoring
ACC-001979,0.16981612753908745,0.5929718372551218,30,3,0.8026857472163236,570,0.14362943710415624,0,AMBER,Reduce limit and contact customer
ACC-001980,0.48558125332501495,0.8272004253891273,30,1,0.6102315676934642,625,0.06069411637944435,1,AMBER,Reduce limit and contact customer
ACC-001981,0.6733555785743085,1.0910097982618652,30,8,0.5230455753349617,618,0.3341992424758312,0,AMBER,Reduce limit and contact customer
ACC-001982,0.12593092852439894,0.9686219356683408,60,2,0.6069036635092471,655,0.07228716873496345,0,RED,Collections escalation
ACC-001983,0.5925918147819257,0.8775191879721422,0,0,0.3182400899136537,726,0.008597551489775472,0,GREEN,Continue monitoring
ACC-001984,0.05943374379876849,0.732009474444135,30,2,0.1586943051984051,674,0.021685816570420714,0,AMBER,Reduce limit and contact customer
ACC-001985,0.7513058735983722,0.5184499567776828,0,0,0.09549921417746512,710,0.021601086030508688,0,GREEN,Continue monitoring
ACC-001986,0.47327231770495903,0.7383002997125677,90,2,0.5552670899148296,568,0.5059809793890203,1,RED,Collections escalation
ACC-001987,0.39443277115761,0.5119373766494317,15,1,0.39173701201515393,636,0.044806401492380035,0,GREEN,Continue monitoring
ACC-001988,0.7492566654326127,0.8267322451034691,30,3,0.18815320568327037,634,0.11450553414573732,0,AMBER,Reduce limit and contact customer
ACC-001989,0.6907791808382048,0.5855224008150062,0,0,0.2461424860197251,631,0.02661153092993057,0,GREEN,Continue monitoring
ACC-001990,0.25072287433354373,0.761131508173491,7,0,-0.11604338418928617,682,0.005040854524718173,0,GREEN,Continue monitoring
ACC-001991,0.35677669195657147,0.5695700453415963,0,0,-0.09929217082695896,616,0.009918658123644085,0,GREEN,Continue monitoring
ACC-001992,0.2241992119438682,0.874662217354671,90,8,0.5905754929267032,442,0.8489218978494092,1,RED,Collections escalation
ACC-001993,0.2614277848447456,0.9004716805136078,15,0,-0.11320419973615095,519,0.009618712249086725,0,GREEN,Continue monitoring
ACC-001994,0.23435941325651774,0.8807439823039244,0,1,-0.21407551894388427,734,0.002965099426822261,0,GREEN,Continue monitoring
ACC-001995,0.0908568180107657,0.9114417087161522,15,0,-0.03645430937116825,659,0.004121837755977757,0,GREEN,Continue monitoring
ACC-001996,0.39341621797232584,0.6216456508244708,0,1,0.04905890425626952,668,0.012777689727285808,0,GREEN,Continue monitoring
ACC-001997,0.45785130416849484,0.5618641773087912,0,0,0.5397136139235423,724,0.01674343353572132,0,GREEN,Continue monitoring
ACC-001998,0.6819777560675188,0.6943724141221076,0,0,0.045154702116402476,684,0.013379710483701296,0,GREEN,Continue monitoring
ACC-001999,0.41169484226325337,0.810084450375684,7,0,0.05949971005410247,692,0.0074462599109260275,0,GREEN,Continue monitoring
ACC-002000,0.4483857882640945,0.4793846241712599,0,0,0.328702515732642,602,0.02496291610105826,0,GREEN,Continue monitoring
ACC-002001,0.5222638936636743,0.7792595962866979,0,0,0.14274618366563546,695,0.00852284926195549,0,GREEN,Continue monitoring
ACC-002002,0.7380066838825473,0.5219922776137125,0,1,0.19628673320868,563,0.05638879120956231,0,GREEN,Continue monitoring
ACC-002003,0.2575611580240399,0.6729517984866958,0,0,0.2754137098896333,548,0.012884011904145454,0,GREEN,Continue monitoring
ACC-002004,0.44900536215771203,0.7437311399643128,0,0,0.0227389766799799,470,0.016772145801176305,0,GREEN,Continue monitoring
ACC-002005,0.6879506013680218,0.7762818067728698,0,0,0.09333412366402744,589,0.017423505210927597,0,GREEN,Continue monitoring
ACC-002006,0.1142761957731684,0.8370225618179467,90,0,0.4346642780299071,541,0.16303504541519684,0,RED,Collections escalation
ACC-002007,0.28340894216439005,0.7389134882346766,90,0,0.3352679680529944,524,0.24750396127495747,0,RED,Collections escalation
ACC-002008,0.09638119514609171,0.7280235447946186,0,0,-0.07040773326072006,652,0.0036398985503747865,0,GREEN,Continue monitoring
ACC-002009,0.7187616251518917,0.7181298842258089,0,0,-0.09773439400661574,512,0.02291171188355171,0,GREEN,Continue monitoring
ACC-002010,0.42988491890482455,0.7487176224665948,0,0,-0.2100729809933261,614,0.006928502414737215,0,GREEN,Continue monitoring
ACC-002011,0.2754182028520683,0.6996716943833886,30,2,0.3238377204911562,581,0.06157328670102387,0,AMBER,Reduce limit and contact customer
ACC-002012,0.6571004950404287,0.7001259450776762,0,0,-0.026774403112028222,686,0.011446943301844297,0,GREEN,Continue monitoring
ACC-002013,0.6008108173136992,0.2525738822302333,90,1,0.26460531167530243,643,0.5982347085196211,0,RED,Collections escalation
ACC-002014,0.19906252926415258,0.5461263925957582,30,1,0.3070864668286949,549,0.05912098678787522,0,AMBER,Reduce limit and contact customer
ACC-002015,0.6230346666071908,0.6684668441432863,60,4,0.7274809420826643,543,0.598650579388189,0,RED,Collections escalation
ACC-002016,0.5966904786126688,0.6300317621343182,90,3,0.4090805514398261,547,0.6826496002947376,1,RED,Collections escalation
ACC-002017,0.5106715676631883,0.6837471739359777,7,0,-0.09492493785302131,628,0.01299875424476567,0,GREEN,Continue monitoring
ACC-002018,0.5086223569322905,0.5280536273708714,15,0,0.22354996947255185,707,0.02500747216652183,0,GREEN,Continue monitoring
ACC-002019,0.35467158289723805,0.8047817987687739,0,0,-0.020342332733019525,626,0.006220069703868764,0,GREEN,Continue monitoring
ACC-002020,0.16921410890932123,0.720872565812553,0,0,-0.1033464378307225,679,0.003731201319909558,0,GREEN,Continue monitoring
ACC-002021,0.39755427831191115,0.6938275965283591,15,0,0.12122074701011434,674,0.014136513040107511,0,GREEN,Continue monitoring
ACC-002022,0.23676131026956113,0.8895601971260216,0,0,0.12200519488418751,580,0.005702229742539728,0,GREEN,Continue monitoring
ACC-002023,0.3326817990448098,0.7202123941026494,7,1,0.21811746242058427,774,0.009213138060530543,0,GREEN,Continue monitoring
ACC-002024,0.4015552777867,0.9297961130947242,0,1,0.02609427017397388,616,0.007947398337048339,0,GREEN,Continue monitoring
ACC-002025,0.39543113412003383,0.8118936773693622,0,0,-0.003384089537329993,584,0.008015328269268497,0,GREEN,Continue monitoring
ACC-002026,0.25176213553861165,0.6465127217329316,0,0,0.12860002964791215,628,0.008316861536695086,0,GREEN,Continue monitoring
ACC-002027,0.27922114038545975,0.5543350401862595,0,0,0.1906165732135252,663,0.0100549898455014,0,GREEN,Continue monitoring
ACC-002028,0.3374697121026492,0.8792657416177008,0,0,0.0007108162032569698,627,0.005188927392378609,0,GREEN,Continue monitoring
ACC-002029,0.15689168623279812,0.5971373905726576,0,0,0.25648430881136364,621,0.009064661268118668,0,GREEN,Continue monitoring
ACC-002030,0.4229605748596397,0.8507370955753785,0,1,0.2305681584396625,428,0.025994208504186572,0,GREEN,Continue monitoring
ACC-002031,0.674697045551545,1.0362458610667715,60,0,0.4393375228473897,666,0.07980331104548999,0,RED,Collections escalation
ACC-002032,0.42241955601187503,0.579608344247601,0,0,0.240007667078736,670,0.013197877257097484,0,GREEN,Continue monitoring
ACC-002033,0.7945957202930621,0.7214665433615154,30,0,0.40591234212254823,636,0.07828997883827311,0,AMBER,Reduce limit and contact customer
ACC-002034,0.31457151279154594,0.636635343344679,90,1,0.48728185768157356,629,0.3239470920812655,0,RED,Collections escalation
ACC-002035,0.7744156218523517,0.6429003674354852,0,1,-0.03511598966684604,682,0.02304929484800241,0,GREEN,Continue monitoring
ACC-002036,0.6258923868067018,0.7935112506712534,0,0,0.15448778762336035,556,0.017988316117066735,0,GREEN,Continue monitoring
ACC-002037,0.8488026772233412,0.4288966355277478,0,0,0.15143224122839802,694,0.03611761376154284,0,GREEN,Continue monitoring
ACC-002038,0.4266010779558982,0.7806969556355804,0,1,0.37165989011954587,636,0.015815895532947648,0,GREEN,Continue monitoring
ACC-002039,0.47380753289580907,0.877696633355366,0,0,0.4148942239321551,641,0.010492106334951665,0,GREEN,Continue monitoring
ACC-002040,0.2409449724634491,0.6679145844622993,0,2,0.25886481626387636,653,0.01565782189165734,0,GREEN,Continue monitoring
ACC-002041,0.6094007164545785,0.8894590910462803,0,0,0.3949595508825563,681,0.011310561108829272,0,GREEN,Continue monitoring
ACC-002042,0.4764512727500318,0.6904086774278957,15,0,0.13313162321877842,695,0.015621954684630384,0,GREEN,Continue monitoring
ACC-002043,0.5550493232770585,0.5351467719236004,0,1,0.04864218097776721,598,0.02817480015746769,0,GREEN,Continue monitoring
ACC-002044,0.6721097599179565,0.8193240154909491,30,1,0.48524468955446387,585,0.08995429608855438,0,AMBER,Reduce limit and contact customer
ACC-002045,0.16721283500505818,0.6878453339674296,0,0,0.10698878557148309,653,0.005635260275608757,0,GREEN,Continue monitoring
ACC-002046,0.42969646521407157,1.0985034418708906,0,0,0.31282635903466377,552,0.007502433649202563,0,GREEN,Continue monitoring
ACC-002047,0.4010367266938767,0.8532774818857716,15,0,0.43158319168530707,637,0.016538248753491875,0,GREEN,Continue monitoring
ACC-002048,0.32097928316811125,0.8688349260515827,0,0,0.079196619328193,615,0.005900452604716159,0,GREEN,Continue monitoring
ACC-002049,0.3137441835088759,0.4601115895863668,15,1,0.023890821857341427,725,0.01999517679843652,0,GREEN,Continue monitoring
ACC-002050,0.5497188717554372,1.0340172199401234,60,1,0.4672081276574132,674,0.0854368765293354,0,RED,Collections escalation
ACC-002051,0.4071454428977179,0.7424174123001687,30,4,0.7454236679793828,469,0.2790468587743647,0,AMBER,Reduce limit and contact customer
ACC-002052,0.5146294007709129,0.7960034961242621,90,0,0.3440220813160303,542,0.3066773890356539,0,RED,Collections escalation
ACC-002053,0.2544647405906502,0.8801840092215758,0,0,0.1377077161759459,525,0.007646990764053254,0,GREEN,Continue monitoring
ACC-002054,0.7009391456568741,0.7913409337835066,0,0,0.262105090115877,610,0.0192466390335636,0,GREEN,Continue monitoring
ACC-002055,0.4078340609077074,0.5055153227295782,0,1,-0.11771883345004436,656,0.014691073928563364,0,GREEN,Continue monitoring
ACC-002056,0.47290903000353723,0.6812905591377162,7,0,0.17641765772332282,692,0.012761950946121398,0,GREEN,Continue monitoring
ACC-002057,0.48162460123693496,0.8828586022045685,0,0,0.034131149710524666,593,0.00828414423984047,0,GREEN,Continue monitoring
ACC-002058,0.5559700654994439,0.8385047220992832,90,1,0.17149406922231258,601,0.28385225806287934,1,RED,Collections escalation
ACC-002059,0.45733423905211906,0.6875125093822549,0,0,0.15087401792169447,524,0.01802622176180466,0,GREEN,Continue monitoring
ACC-002060,0.28847768707709914,0.8329305838630809,15,0,0.27925813916268977,612,0.012712536586567135,0,GREEN,Continue monitoring
ACC-002061,0.8283504800032286,0.7054723759554898,0,1,0.005164584541533915,712,0.020897210096526713,0,GREEN,Continue monitoring
ACC-002062,0.7233686225153406,0.8844356822348034,0,0,0.11466255938674717,629,0.012974674721326032,0,GREEN,Continue monitoring
ACC-002063,0.4884392513848405,0.6319962114683597,0,0,0.1719392962196633,606,0.016089931412263312,0,GREEN,Continue monitoring
ACC-002064,0.42440673932902195,0.5953015463304123,7,1,-0.050626286993244785,678,0.01571453095529286,0,GREEN,Continue monitoring
ACC-002065,0.6344308684401394,0.6778889724731636,90,2,0.6336252802097564,659,0.5548363655923741,1,RED,Collections escalation
ACC-002066,0.6410413031295983,0.5630872988523924,0,0,-0.112284538012737,651,0.01554243154713272,0,GREEN,Continue monitoring
ACC-002067,0.6101457219048892,0.6383702164698742,60,3,0.5524514078967748,728,0.3030044461193371,1,RED,Collections escalation
ACC-002068,0.28756745727028427,0.7044717504575246,0,1,0.10427838970092104,572,0.013310099862898116,0,GREEN,Continue monitoring
ACC-002069,0.7151257365925066,0.6581866603638824,0,0,0.2597525747325654,680,0.02005124606852085,0,GREEN,Continue monitoring
ACC-002070,0.2974503276076286,0.6673917877580959,0,0,0.405444823994451,725,0.008161473471700742,0,GREEN,Continue monitoring
ACC-002071,0.7832944866771706,0.5350801692941008,0,0,0.05106661713930388,708,0.021272402040273235,0,GREEN,Continue monitoring
ACC-002072,0.4625001703908413,0.9023143745590269,30,2,0.5508585306863234,532,0.08945597881272381,0,AMBER,Reduce limit and contact customer
ACC-002073,0.722014711826102,0.3013647666740724,0,1,0.21157346971833924,573,0.08406562096945981,0,GREEN,Continue monitoring
ACC-002074,0.4023722664020986,1.0109093829428177,15,0,-0.10899045035515928,519,0.010158254585875668,0,GREEN,Continue monitoring
ACC-002075,0.458852223051293,0.8116330420933654,0,1,-0.2692070821517463,668,0.006718968926251004,0,GREEN,Continue monitoring
ACC-002076,0.9011073067494008,0.8943482695754532,0,0,0.1980830009955415,595,0.02301766507339397,0,GREEN,Continue monitoring
ACC-002077,0.3198839833427576,0.7197377193993749,0,0,0.34908041078889296,668,0.00896747510951676,0,GREEN,Continue monitoring
ACC-002078,0.32315730974689166,0.9423807744235345,0,0,0.2681991124078895,545,0.008249884698953847,0,GREEN,Continue monitoring
ACC-002079,0.5769193083734613,0.6485909285887944,0,0,0.17452557116933407,696,0.013118712916802193,0,GREEN,Continue monitoring
ACC-002080,0.19713940873330107,0.7855668776995485,0,0,-0.23375844712872773,532,0.0053023638703925775,0,GREEN,Continue monitoring
ACC-002081,0.44735849855598386,0.7043497377745251,15,1,0.13708059836136596,599,0.02892762264390005,0,GREEN,Continue monitoring
ACC-002082,0.5084493149365671,0.7826568768837189,0,0,0.11376196084972895,642,0.009806546956942908,0,GREEN,Continue monitoring
ACC-002083,0.8808748832227212,0.6663504800983463,0,0,0.20838340703617536,611,0.03410094211006643,0,GREEN,Continue monitoring
ACC-002084,0.6623243255853962,0.8652624814561016,0,0,0.29297864192969425,535,0.021071115049083277,0,GREEN,Continue monitoring
ACC-002085,0.34316705634698147,0.8493575275576009,0,1,0.15503599631059697,636,0.008978321529824897,0,GREEN,Continue monitoring
ACC-002086,0.473684294445751,0.7378796152751212,90,2,0.13425123321754284,575,0.3808198301088631,0,RED,Collections escalation
ACC-002087,0.490581858707261,0.7495900784799455,0,0,-0.11016627774464346,684,0.006674745169217499,0,GREEN,Continue monitoring
ACC-002088,0.1115210556595791,0.7115141198484056,7,1,-0.20096982596033974,652,0.005964086459243844,0,GREEN,Continue monitoring
ACC-002089,0.37282763966765303,0.702132480394072,0,0,0.08052292659318658,626,0.009053172216324856,0,GREEN,Continue monitoring
ACC-002090,0.837656025596266,0.4490354735610138,0,0,-0.012824978323744185,661,0.03203181135430787,0,GREEN,Continue monitoring
ACC-002091,0.5712233065294119,0.636528877201325,0,0,0.4493319297222581,593,0.027167457144098003,0,GREEN,Continue monitoring
ACC-002092,0.09664752779383878,0.8851503231387287,7,1,-0.05386606620218451,580,0.006227063407209989,0,GREEN,Continue monitoring
ACC-002093,0.23951232735498315,0.867114037551111,0,0,0.29869344590110597,668,0.00518352599562557,0,GREEN,Continue monitoring
ACC-002094,0.17327697510251575,0.8257515831216266,0,0,0.1881065601811278,608,0.005548575257349953,0,GREEN,Continue monitoring
ACC-002095,0.13831765969455267,1.0818215869757708,7,0,0.2600513996481939,736,0.002440418011975481,0,GREEN,Continue monitoring
ACC-002096,0.11811963588168817,0.775419250317928,7,1,0.059889927263071636,631,0.007689948850730037,0,GREEN,Continue monitoring
ACC-002097,0.8563089874377755,0.4004866442240389,0,1,0.1949106611357186,718,0.051121148804451934,0,GREEN,Continue monitoring
ACC-002098,0.6481143977433829,0.6144719252251094,0,0,0.19461868432473062,616,0.022911553808429342,0,GREEN,Continue monitoring
ACC-002099,0.824031803533938,0.3790291086071524,60,4,0.2683500457512339,583,0.6836571633328418,1,RED,Collections escalation
ACC-002100,0.5427610243287405,0.646159012683272,0,0,0.1375029570227163,726,0.010460270633620315,0,GREEN,Continue monitoring
ACC-002101,0.325701498135915,0.8353969854777957,0,1,0.2517312976561706,645,0.009591312454744682,0,GREEN,Continue monitoring
ACC-002102,0.7451968999498881,0.1434581395374328,0,1,0.07642192651947882,638,0.08261698227595292,0,GREEN,Continue monitoring
ACC-002103,0.11040824957870027,0.9635023473293127,60,2,0.6385518672724289,619,0.08373915031450999,0,RED,Collections escalation
ACC-002104,0.6032142657351456,0.5446572124485305,0,2,-0.0007055676436459046,610,0.037830073573515,0,GREEN,Continue monitoring
ACC-002105,0.3007363561896972,1.1391297818921724,15,0,0.0842836525575229,674,0.004199004078420391,0,GREEN,Continue monitoring
ACC-002106,0.42047257800628685,0.934326803012593,0,1,0.03234532927978674,641,0.0074463295261394166,0,GREEN,Continue monitoring
ACC-002107,0.2611105607029361,1.0827433007098264,0,0,0.3241715995220317,653,0.003704296485152787,0,GREEN,Continue monitoring
ACC-002108,0.8004157549397297,0.31560495265962923,0,0,0.17550845534118342,593,0.06272633123091235,0,GREEN,Continue monitoring
ACC-002109,0.6236010259538705,0.9960689344880191,0,1,0.05180494885039193,660,0.009448910182777494,0,GREEN,Continue monitoring
ACC-002110,0.2605633697321832,0.607648693596226,0,0,-0.004849692284497192,518,0.012264534804869612,0,GREEN,Continue monitoring
ACC-002111,0.605757336437888,0.4551435104741364,0,0,0.06552377166398518,572,0.030384761922406918,0,GREEN,Continue monitoring
ACC-002112,0.6809437153571487,0.5398988783279663,0,0,0.05265549222079935,793,0.012212976529915268,0,GREEN,Continue monitoring
ACC-002113,0.7725328311902524,0.8902610688891908,15,0,0.3875992173191135,666,0.02786163599817328,0,GREEN,Continue monitoring
ACC-002114,0.34577155013824523,0.8054300983205526,0,0,0.23714079699008966,635,0.007898538751704421,0,GREEN,Continue monitoring
ACC-002115,0.44597273789719466,0.8337676248165323,30,1,0.5763843815274835,533,0.07530681722505358,0,AMBER,Reduce limit and contact customer
ACC-002116,0.3488937902175419,0.9537343682423052,0,1,0.3531593631351338,716,0.006594610939173105,0,GREEN,Continue monitoring
ACC-002117,0.38578521892084167,0.537605315152057,60,3,0.5055110000706039,666,0.29151674641954267,0,RED,Collections escalation
ACC-002118,0.7803319079292818,0.6723794325677468,0,0,0.2760045591512037,552,0.03717939627349442,0,GREEN,Continue monitoring
ACC-002119,0.39512547953345256,0.9998480743797493,0,1,-0.06178558472602086,676,0.004778175000083759,0,GREEN,Continue monitoring
ACC-002120,0.30071226149466296,0.5622067473506224,60,1,0.15123568167450535,558,0.1475602410236338,1,RED,Collections escalation
ACC-002121,0.10940265176366905,0.4942578612570201,30,2,0.6394663020083153,549,0.1062972800497714,0,AMBER,Reduce limit and contact customer
ACC-002122,0.19184161861528828,0.8087907008387062,30,2,0.5554637210024704,580,0.05364416507147967,0,AMBER,Reduce limit and contact customer
ACC-002123,0.13929808727322412,0.7146779986870984,0,0,0.6236466090855011,757,0.005988612088274026,0,GREEN,Continue monitoring
ACC-002124,0.3492065338229403,0.4961379975469157,0,0,0.2450330803709418,689,0.012710960412436209,0,GREEN,Continue monitoring
ACC-002125,0.521563738011865,0.725397261720006,0,1,0.30361852956738467,535,0.02980438765089388,0,GREEN,Continue monitoring
ACC-002126,0.7389746009483532,0.7214075106333938,0,1,0.2839498547111017,697,0.0243802628214391,0,GREEN,Continue monitoring
ACC-002127,0.4027685885629755,0.9935327154363409,60,3,0.30784369516216703,534,0.17477810120165152,0,RED,Collections escalation
ACC-002128,0.37923669590170667,0.5578307692936244,7,0,0.3055496969410441,603,0.0225867868711908,0,GREEN,Continue monitoring
ACC-002129,0.4247900995689234,0.9233157665207303,0,0,-0.07372443939337711,493,0.008865244297945296,0,GREEN,Continue monitoring
ACC-002130,0.2528499522902955,0.8497966019410336,90,0,0.43617000029232433,614,0.15889070341252018,0,RED,Collections escalation
ACC-002131,0.5017898090231239,0.846262672547743,60,2,0.41935277815681654,584,0.19434650268580864,0,RED,Collections escalation
ACC-002132,0.5028975528965571,0.5799144219376916,0,0,0.047245854585914335,594,0.01692502351653966,0,GREEN,Continue monitoring
ACC-002133,0.6221980351233195,0.7900572214607259,0,0,0.18804960189439396,617,0.01469024267059966,0,GREEN,Continue monitoring
ACC-002134,0.39284984435682074,0.8045177071345452,0,0,-0.03366710692889768,669,0.0055896085196655764,0,GREEN,Continue monitoring
ACC-002135,0.8150406956505886,0.3982012292950623,0,0,0.006384195613259189,601,0.043806892759484135,0,GREEN,Continue monitoring
ACC-002136,0.7702601387858306,0.9647699087976513,7,1,-0.1487463540332406,582,0.01887198474146263,0,GREEN,Continue monitoring
ACC-002137,0.5120659063580352,0.6276243736558533,0,0,0.2981889246255772,556,0.023924097087211882,0,GREEN,Continue monitoring
ACC-002138,0.7288378703659902,0.6431839174041134,0,1,0.23284965777457556,757,0.021070706381994275,0,GREEN,Continue monitoring
ACC-002139,0.8527609571212175,0.4779487680236637,0,0,0.053282325127491245,568,0.04776152042511267,1,GREEN,Continue monitoring
ACC-002140,0.5211600814256812,0.9148237154233413,15,0,0.19356988449078097,720,0.010208701932461888,0,GREEN,Continue monitoring
ACC-002141,0.5216310901321521,0.771266716287541,0,0,0.23118166076217822,528,0.018535632729023345,0,GREEN,Continue monitoring
ACC-002142,0.5859098990894456,0.825567142964065,30,3,0.5342846515961813,640,0.1178074878358169,0,AMBER,Reduce limit and contact customer
ACC-002143,0.2557602332936801,0.9127083969490681,0,0,0.05470202326727387,704,0.0031913348802521863,0,GREEN,Continue monitoring
ACC-002144,0.42972344575522753,1.0582485697245168,0,1,0.2712964358782626,639,0.007676772335743258,0,GREEN,Continue monitoring
ACC-002145,0.6705362803537822,0.8474549799021357,0,0,-0.09787127533792994,633,0.009745449794692593,0,GREEN,Continue monitoring
ACC-002146,0.6129586147534365,0.9012339525586957,90,4,0.19205115392924416,560,0.5584663884549382,0,RED,Collections escalation
ACC-002147,0.1293971646814518,1.2,0,0,-0.05506304252500793,686,0.0012312734135684362,0,GREEN,Continue monitoring
ACC-002148,0.3179423545026569,1.007368923861345,0,0,-0.1255144132856703,616,0.0034081166243103644,0,GREEN,Continue monitoring
ACC-002149,0.5614275586640748,0.5081285570892167,7,0,0.17306954944637665,601,0.031693175286320555,0,GREEN,Continue monitoring
ACC-002150,0.48927242213310906,0.522470918601135,0,0,0.06804244644773097,553,0.022371318163624667,0,GREEN,Continue monitoring
ACC-002151,0.28827182285921926,0.6854922144905821,0,1,0.20420244825614495,613,0.013216043480551398,0,GREEN,Continue monitoring
ACC-002152,0.5684142547626896,0.6804253210159982,0,0,-0.01255980046161323,610,0.013656396118435039,0,GREEN,Continue monitoring
ACC-002153,0.15604512139028998,0.7318263362914494,0,0,-0.39806797545561634,788,0.0016360728205380103,0,GREEN,Continue monitoring
ACC-002154,0.1577477751854779,0.525117693779459,90,0,0.7029516349874696,631,0.2866840644592257,1,RED,Collections escalation
ACC-002155,0.11255381196016781,0.6329647412978191,0,0,0.27421088151015893,748,0.004704992933433773,0,GREEN,Continue monitoring
ACC-002156,0.2605882228324315,0.714789946005556,7,0,-0.01960273043463792,693,0.006077937178002912,0,GREEN,Continue monitoring
ACC-002157,0.4139747866826234,0.5863803107755351,0,0,0.29820728674404906,643,0.01519006810350084,0,GREEN,Continue monitoring
ACC-002158,0.5607837497717794,0.7658128161069245,0,0,0.2796949511166179,573,0.017973477750444652,0,GREEN,Continue monitoring
ACC-002159,0.10799793860130331,0.7555143650614473,0,0,0.3324509559044747,659,0.005430668795190688,0,GREEN,Continue monitoring
ACC-002160,0.30511670413270103,0.9843760578771499,0,0,-0.11428730262646603,584,0.0040186385102775855,0,GREEN,Continue monitoring
ACC-002161,0.6340158627947241,1.0180480906886724,0,0,0.16547646002161404,536,0.012327583417999442,0,GREEN,Continue monitoring
ACC-002162,0.22241300298784675,0.7606067937813286,0,0,0.28405129458400796,698,0.00552266827701944,0,GREEN,Continue monitoring
ACC-002163,0.7194886776699085,0.753016837629475,0,2,0.14099342010186067,689,0.026508029904845767,0,GREEN,Continue monitoring
ACC-002164,0.35087045292484037,0.9345206215837436,0,1,0.06765975788971121,597,0.007995715931749511,0,GREEN,Continue monitoring
ACC-002165,0.2869484050328818,0.5573623778672414,0,0,-0.15101075438626738,557,0.010488919964918316,0,GREEN,Continue monitoring
ACC-002166,0.5142447199725408,0.8280069476687677,30,6,0.4769672741932979,501,0.3341855745651162,0,AMBER,Reduce limit and contact customer
ACC-002167,0.386683558013485,0.8706602693864642,0,2,-0.014314280549695302,640,0.010558932991584157,0,GREEN,Continue monitoring
ACC-002168,0.4057170359456295,0.9374977485172804,0,0,0.3981892144014479,639,0.00792919660059396,0,GREEN,Continue monitoring
ACC-002169,0.14416793525120283,0.7559083236697431,0,0,0.014043094107302409,652,0.004170582626467204,0,GREEN,Continue monitoring
ACC-002170,0.44153771249273993,1.0733899223447732,0,0,-0.008115150340831268,560,0.005456478905318238,0,GREEN,Continue monitoring
ACC-002171,0.39858807235605265,0.8136266702243083,0,1,0.2765193511022374,667,0.011049614380865422,1,GREEN,Continue monitoring
ACC-002172,0.24068418723549548,0.5702533057703798,0,0,0.14472240890658614,592,0.011274709025581529,0,GREEN,Continue monitoring
ACC-002173,0.5301129441723713,0.9571181543587538,15,0,0.036634649688979934,599,0.012838898904925483,0,GREEN,Continue monitoring
ACC-002174,0.24540129254105889,0.5926412773653651,0,1,0.02087312977478066,583,0.013550050707666263,0,GREEN,Continue monitoring
ACC-002175,0.3929980818677327,1.1971282971643173,0,1,0.23037344228415746,621,0.005388899156766861,0,GREEN,Continue monitoring
ACC-002176,0.24319213281399588,0.6110636835856675,0,1,0.11137772512335818,750,0.007399010533205291,0,GREEN,Continue monitoring
ACC-002177,0.5381462189229813,0.890448678947805,0,0,0.4405625621490011,699,0.009552996733291984,0,GREEN,Continue monitoring
ACC-002178,0.6955459803057651,0.73629095314653,0,1,0.29630955459932595,698,0.021802542901454003,0,GREEN,Continue monitoring
ACC-002179,0.5031676185833452,0.580046392971999,0,0,0.6783400349486646,648,0.027841465448082976,0,GREEN,Continue monitoring
ACC-002180,0.3288522979266576,1.030907022656252,0,2,0.12525264388090251,580,0.00980687982122095,0,GREEN,Continue monitoring
ACC-002181,0.6460797320348225,0.6977701975249747,60,3,0.5016360808620294,564,0.4285476683731758,0,RED,Collections escalation
ACC-002182,0.673971289905178,0.8711227879839164,0,1,0.13819962633100014,716,0.012157845895503984,0,GREEN,Continue monitoring
ACC-002183,0.5334461634852905,0.67761153458032,0,0,0.05536961024541617,710,0.009308229384086519,0,GREEN,Continue monitoring
ACC-002184,0.3435096962851969,1.0188360138034223,0,0,0.043955207230146384,551,0.005508303332457837,0,GREEN,Continue monitoring
ACC-002185,0.13319347553671604,0.7822737705140155,0,1,0.5662009987474165,728,0.007440356958752504,0,GREEN,Continue monitoring
ACC-002186,0.41524677546443445,0.8323171044229729,0,1,-0.11804639864995081,738,0.005276517234830332,0,GREEN,Continue monitoring
ACC-002187,0.7811659251162245,0.7311196117388378,0,0,0.03567403933328707,614,0.019706175026039892,0,GREEN,Continue monitoring
ACC-002188,0.6274655682544747,0.7277633751470334,0,0,0.13589551868425964,784,0.008298204180344755,0,GREEN,Continue monitoring
ACC-002189,0.4123612339860325,0.9833586982925252,0,0,0.23158072461553292,809,0.0030557920036843773,0,GREEN,Continue monitoring
ACC-002190,0.1579129350983079,1.2,15,0,-0.20764040694850427,692,0.0018096738439997277,0,GREEN,Continue monitoring
ACC-002191,0.21733325984626226,0.9864870926977085,30,4,0.8774564143965358,629,0.08532611338217648,0,AMBER,Reduce limit and contact customer
ACC-002192,0.4731430720055638,0.8472626096630793,15,1,0.05744513393485651,593,0.02100432716614497,0,GREEN,Continue monitoring
ACC-002193,0.2835408547477469,0.8402513124789185,0,1,0.1021035473475913,560,0.010267217637958353,0,GREEN,Continue monitoring
ACC-002194,0.3961589851926485,0.6929026780192376,0,0,0.007811128155996813,717,0.006217468208799938,0,GREEN,Continue monitoring
ACC-002195,0.1555125591490424,0.9141447310946967,7,0,0.0971733661910633,675,0.0038698934371390577,0,GREEN,Continue monitoring
ACC-002196,0.31944822733180384,1.1207793202259273,0,0,0.19651985799205995,680,0.002982283596552454,0,GREEN,Continue monitoring
ACC-002197,0.42483440247325077,0.5239059289163428,7,1,0.1777417247780697,647,0.026784184692115368,1,GREEN,Continue monitoring
ACC-002198,0.2522003135666206,1.1103552067192615,0,0,-0.0526027871811732,632,0.002412585781728267,0,GREEN,Continue monitoring
ACC-002199,0.6942121254161991,0.5234572931854897,0,0,0.4376348860247344,676,0.03178191968115258,0,GREEN,Continue monitoring
ACC-002200,0.3274010687384834,0.5409834309646535,7,0,0.25828729725844246,559,0.023735736421504224,0,GREEN,Continue monitoring
ACC-002201,0.5049977613480502,0.6327853918686224,60,1,0.6457633716284796,659,0.21122496970982985,0,RED,Collections escalation
ACC-002202,0.6462169115360848,0.5224768238867133,0,1,-0.05776408398875821,628,0.027572108666603076,0,GREEN,Continue monitoring
ACC-002203,0.4535751757832955,0.8908322353217569,90,2,0.16598396226200024,551,0.3247284824903278,1,RED,Collections escalation
ACC-002204,0.9517818643565963,0.4874918302875154,7,0,0.15632149887208657,554,0.08408670085572051,0,GREEN,Continue monitoring
ACC-002205,0.27773487062275587,0.9696210076155569,0,0,-0.034399779910143785,610,0.003864544589682094,0,GREEN,Continue monitoring
ACC-002206,0.5603025403395681,0.7404502194736531,0,0,0.26047565481899493,632,0.014722245308926424,0,GREEN,Continue monitoring
ACC-002207,0.8141000614128534,0.5204097001420763,0,0,0.3055638747442947,659,0.037548214761202736,0,GREEN,Continue monitoring
ACC-002208,0.3995070840482183,0.7486873931022706,15,0,0.18664084783154355,535,0.023456894373223347,0,GREEN,Continue monitoring
ACC-002209,0.7091963335136546,0.4830655415923063,15,0,0.24961396830935342,589,0.06659874271257137,0,GREEN,Continue monitoring
ACC-002210,0.5123276951773518,0.7127781488930195,0,1,0.4874040682446213,722,0.01774584226594707,0,GREEN,Continue monitoring
ACC-002211,0.15015178667720755,1.0930253497725098,15,1,-0.25624069342025607,734,0.0025056840792164296,0,GREEN,Continue monitoring
ACC-002212,0.41218205914656453,0.710229930151818,15,0,0.026793963394246348,642,0.014324284869544969,0,GREEN,Continue monitoring
ACC-002213,0.4806627450212936,0.8248328928897785,0,1,0.0806674262984128,664,0.010342659322111715,0,GREEN,Continue monitoring
ACC-002214,0.443104951243569,0.8696230591109703,30,1,0.50915940886938,644,0.042442452715328,0,AMBER,Reduce limit and contact customer
ACC-002215,0.5274905102379437,0.8755042584981423,0,1,0.3958317446811211,687,0.013368163316788114,0,GREEN,Continue monitoring
ACC-002216,0.5882651104391226,0.9432392864628096,0,0,0.4509419832551393,646,0.011803140194698223,0,GREEN,Continue monitoring
ACC-002217,0.26364733555110004,0.5480879188724082,0,0,0.18420104033938117,546,0.015590800863125646,0,GREEN,Continue monitoring
ACC-002218,0.5231346144415663,0.7642843910384322,0,0,-0.13641500887436492,585,0.00994499107307043,0,GREEN,Continue monitoring
ACC-002219,0.13105423356946513,0.8708357965189564,15,1,0.24441055357855246,687,0.008355857696501622,0,GREEN,Continue monitoring
ACC-002220,0.33943914082106436,0.9427152905181604,0,0,-0.15147559608905375,625,0.0038478347688689443,0,GREEN,Continue monitoring
ACC-002221,0.6161106887170273,0.822897960626837,90,5,0.5755660776196209,591,0.7429150622858766,1,RED,Collections escalation
ACC-002222,0.4820903352504861,0.7099579768008668,0,2,0.1330641721889243,685,0.018031924380963647,0,GREEN,Continue monitoring
ACC-002223,0.47432695397781255,0.6229206130734276,15,0,-0.14595298025280085,464,0.03245069049304292,0,GREEN,Continue monitoring
ACC-002224,0.311761382221453,0.9414666321832527,0,1,-0.17469318678095458,626,0.004908539655962407,0,GREEN,Continue monitoring
ACC-002225,0.31190991262228324,0.924583162653475,0,0,0.4470896111768588,575,0.009123293852786967,0,GREEN,Continue monitoring
ACC-002226,0.19062442712274238,0.8218758793403057,90,1,0.5870935680343722,538,0.28366553201621,0,RED,Collections escalation
ACC-002227,0.8174559211027803,0.6204277705807514,15,1,0.0854679720648626,726,0.042250812447567315,0,GREEN,Continue monitoring
ACC-002228,0.6221542789535202,0.7622853123098594,0,0,0.16150698827415758,531,0.021220724564899693,0,GREEN,Continue monitoring
ACC-002229,0.844484416926981,0.6062947001558788,0,0,-0.11998726570820009,655,0.021062347758469994,0,GREEN,Continue monitoring
ACC-002230,0.8801392991965123,0.7886312223341322,0,0,-0.15129047717874583,639,0.01570045799895471,0,GREEN,Continue monitoring
ACC-002231,0.2263078134478082,0.9052136934624989,0,0,0.05131501344923041,705,0.0030259999341779964,0,GREEN,Continue monitoring
ACC-002232,0.3437717314880941,0.4362257456763864,0,0,0.2220857446334928,493,0.029998484852547292,0,GREEN,Continue monitoring
ACC-002233,0.07740838053874531,0.8739039118762266,30,2,0.5602054113221434,649,0.028642615518528806,0,AMBER,Reduce limit and contact customer
ACC-002234,0.6814439104598695,0.9932282922606097,15,1,0.3648115938494054,671,0.02443497066608395,0,GREEN,Continue monitoring
ACC-002235,0.5764992403362958,0.6393303303364805,0,0,0.3221578541157449,538,0.029308912743614902,0,GREEN,Continue monitoring
ACC-002236,0.27556951213662406,1.0929800821130569,0,0,0.15689914606683197,581,0.004100300155606169,0,GREEN,Continue monitoring
ACC-002237,0.66324894508226,1.0033180754566056,0,0,-0.10451244177569208,647,0.006407670985965562,0,GREEN,Continue monitoring
ACC-002238,0.36378514837071535,0.743794927182144,0,0,-0.03621806240062783,639,0.006738990622857331,0,GREEN,Continue monitoring
ACC-002239,0.7058669182817432,0.8496385230505368,0,2,0.07866657662766718,632,0.02444617146084032,0,GREEN,Continue monitoring
ACC-002240,0.44289432791720323,0.7790438290101929,0,0,0.6135568582865487,575,0.019868659406642678,0,GREEN,Continue monitoring
ACC-002241,0.30851696763393277,0.7936203404977882,0,0,0.4925542223973951,753,0.0062735348584497825,0,GREEN,Continue monitoring
ACC-002242,0.07546980854098963,0.7264209339942242,0,0,0.4378472423871896,696,0.005269799027809511,0,GREEN,Continue monitoring
ACC-002243,0.26547659373947213,0.7977050897306995,30,0,0.42269371239785336,740,0.015607082364869965,0,AMBER,Reduce limit and contact customer
ACC-002244,0.5857208875441525,0.7760486925311161,7,0,0.18861735637378055,626,0.017274355749492532,0,GREEN,Continue monitoring
ACC-002245,0.71757695599877,0.8616996397573394,0,0,-0.14209875726419136,757,0.006040649907243967,0,GREEN,Continue monitoring
ACC-002246,0.5735325409885488,0.5236138862521578,15,0,0.08018238915611588,759,0.02005281796710079,0,GREEN,Continue monitoring
ACC-002247,0.6772103321750611,0.7814436812544139,0,0,-0.0017090867418414618,706,0.009519895909740072,0,GREEN,Continue monitoring
ACC-002248,0.6915422756582429,0.5882091130897256,60,3,0.6663329691310116,552,0.570216007648355,0,RED,Collections escalation
ACC-002249,0.4457575191356145,0.5937924200414868,0,2,0.1261538030189436,626,0.026827188315535468,0,GREEN,Continue monitoring
ACC-002250,0.2865317377206516,1.0284327962817128,15,1,0.2715952769517318,577,0.013083798827109056,0,GREEN,Continue monitoring
ACC-002251,0.8242506392264167,0.7591993483616466,15,1,0.0270206499246555,640,0.04165254710673794,0,GREEN,Continue monitoring
ACC-002252,0.4501806328967694,0.8999782611391871,0,0,0.1324312317924785,636,0.007056138775292221,0,GREEN,Continue monitoring
ACC-002253,0.40516066355587643,0.8946934437198405,0,1,0.2636498106981189,737,0.0070064751452710615,0,GREEN,Continue monitoring
ACC-002254,0.8940175213991063,0.924634756448717,30,0,0.39706576239695424,655,0.05783523561397662,0,AMBER,Reduce limit and contact customer
ACC-002255,0.2719367769911489,0.5660105604538638,0,0,-0.05962694875173327,639,0.007993669739865806,0,GREEN,Continue monitoring
ACC-002256,0.49213684695346416,0.9704277401524711,30,2,0.34144781865957896,656,0.04135212386675822,0,AMBER,Reduce limit and contact customer
ACC-002257,0.08309835300641792,0.8800086197420438,0,1,0.2363251765164525,574,0.006845201378267914,0,GREEN,Continue monitoring
ACC-002258,0.2048345568524258,0.6771485128383552,15,1,0.34334263493417166,688,0.016578051475942567,0,GREEN,Continue monitoring
ACC-002259,0.3110067622025272,0.7599095448394416,0,0,0.018155259850017924,589,0.007578325087683743,0,GREEN,Continue monitoring
ACC-002260,0.5155808630305725,0.9888645313506567,0,0,0.47534388953562806,602,0.011241595379650225,0,GREEN,Continue monitoring
ACC-002261,0.7586392955128691,0.6289069326259543,60,2,0.5360665036913395,515,0.5006343929394995,1,RED,Collections escalation
ACC-002262,0.5592808452827194,0.4287859215135753,90,3,0.48073022832859114,644,0.6954953932096386,0,RED,Collections escalation
ACC-002263,0.47650764705595094,0.8221902248650376,0,0,0.23010124673006774,742,0.0064830230322855354,0,GREEN,Continue monitoring
ACC-002264,0.285485718572848,1.021175631172216,0,0,0.14383811169534264,558,0.005299457000281053,0,GREEN,Continue monitoring
ACC-002265,0.30262788872473895,0.6291802851361252,30,3,0.013107657625799796,469,0.10973785162523057,0,AMBER,Reduce limit and contact customer
ACC-002266,0.5200153973910029,1.051879664420233,90,4,0.4455824837032762,560,0.5000320863014255,0,RED,Collections escalation
ACC-002267,0.4282425056953089,0.7863381694390487,0,0,0.08403274719199583,521,0.012870155219487223,0,GREEN,Continue monitoring
ACC-002268,0.7574018945771094,0.5681928847020654,30,3,0.7337999959104913,673,0.2709908506514541,1,AMBER,Reduce limit and contact customer
ACC-002269,0.4222111848605038,0.7609538831138704,0,0,0.08129580832136268,633,0.008598373817883247,0,GREEN,Continue monitoring
ACC-002270,0.26320977567013637,0.6567088449524646,0,0,0.06451666847708934,586,0.00915560280607249,0,GREEN,Continue monitoring
ACC-002271,0.713408739802837,0.5598747491636624,0,1,0.14295044035281954,668,0.03124323008535341,0,GREEN,Continue monitoring
ACC-002272,0.43346576502877276,0.7687495036319028,0,1,0.14009237252951473,708,0.009514986610095758,0,GREEN,Continue monitoring
ACC-002273,0.680842504431039,0.4537704106616984,0,0,0.5719787566928509,692,0.03919145002946961,0,GREEN,Continue monitoring
ACC-002274,0.5905454184856815,0.4220390868885918,0,0,0.3920998980469749,704,0.027217942467798573,0,GREEN,Continue monitoring
ACC-002275,0.6412044315065548,0.8752284170456346,0,0,-0.22739791675285465,673,0.006350021435778262,0,GREEN,Continue monitoring
ACC-002276,0.7144032485827335,0.5567526449251005,0,0,0.3088713083588226,586,0.037883957554343824,0,GREEN,Continue monitoring
ACC-002277,0.6148489219712864,1.2,7,1,0.122930880056199,542,0.013077748881870828,0,GREEN,Continue monitoring
ACC-002278,0.43337903764065083,0.9395087988692006,0,0,0.10366386301805461,666,0.005365832251978452,0,GREEN,Continue monitoring
ACC-002279,0.7704280381037394,0.7581506406871956,0,0,0.4139436761547636,636,0.025601123600251702,0,GREEN,Continue monitoring
ACC-002280,0.42668181981522313,0.8574323046222936,7,0,0.34938364106031916,620,0.012793793354672183,0,GREEN,Continue monitoring
ACC-002281,0.31742263510396296,0.7060395135066138,30,2,0.6807347396220653,580,0.09665533225135611,0,AMBER,Reduce limit and contact customer
ACC-002282,0.5451955728344491,0.8919174640441516,0,1,-0.04994704139810957,687,0.008034390180400579,0,GREEN,Continue monitoring
ACC-002283,0.7973004953906825,0.7641661492254462,0,1,0.05507023955052784,619,0.026335124392350726,0,GREEN,Continue monitoring
ACC-002284,0.15874098858811592,0.6876539628427603,60,0,0.17213793620272627,515,0.07836890478941595,0,RED,Collections escalation
ACC-002285,0.33831359697016183,0.7962961307440047,90,1,0.5232618496955047,543,0.34225849469085795,0,RED,Collections escalation
ACC-002286,0.6621016078714834,0.8046941792673089,0,0,0.06283036812007385,603,0.014185777582390315,0,GREEN,Continue monitoring
ACC-002287,0.2848031738997388,0.7176768733246007,0,0,0.3260066750967735,630,0.009491351157731689,0,GREEN,Continue monitoring
ACC-002288,0.33961111401334737,0.5743341963923372,0,0,0.47179903567994824,731,0.011479634812792421,0,GREEN,Continue monitoring
ACC-002289,0.7076261784138155,0.7400758711958064,60,1,0.23909956777671015,549,0.2395146748055048,1,RED,Collections escalation
ACC-002290,0.6307624483723757,0.9425323965759898,0,0,0.372148021040824,780,0.006950066663875006,0,GREEN,Continue monitoring
ACC-002291,0.5292192499852861,0.8117749665760913,0,1,-0.09575393959226416,544,0.015468750667630331,0,GREEN,Continue monitoring
ACC-002292,0.2744005853810368,0.8536591131112287,7,0,0.2471818759934773,626,0.008168359862426934,0,GREEN,Continue monitoring
ACC-002293,0.7825597232909465,0.634588965155161,15,0,0.043536331929363375,629,0.03861748352278013,0,GREEN,Continue monitoring
ACC-002294,0.6721088123257838,0.6901236782241156,0,0,0.10304973322611073,699,0.013311215488459486,0,GREEN,Continue monitoring
ACC-002295,0.26012423178346267,0.9819210949995409,0,0,0.12197788342241539,677,0.0033185254902719907,0,GREEN,Continue monitoring
ACC-002296,0.2365672778240618,0.5295178420118465,7,1,0.37855669778883505,682,0.019694174813392824,0,GREEN,Continue monitoring
ACC-002297,0.2655661602706011,0.6622795882089743,0,0,-0.1851986059145866,691,0.004495612144332947,0,GREEN,Continue monitoring
ACC-002298,0.7011877985892055,0.4567120700295024,7,0,0.21780837412957418,698,0.03384295900405752,0,GREEN,Continue monitoring
ACC-002299,0.3882239105346028,0.6136859615447028,60,4,0.12020715342154076,695,0.2177765455774913,0,RED,Collections escalation
ACC-002300,0.20864144233950982,0.7146385722895988,15,0,0.1956777586930169,627,0.011970042353127104,0,GREEN,Continue monitoring
ACC-002301,0.6122406975048191,1.0302428715287602,7,0,0.0985907907144058,640,0.008969231550100104,0,GREEN,Continue monitoring
ACC-002302,0.5365086348030315,0.567870862473298,30,0,0.36087133331653065,694,0.04955222998795841,0,AMBER,Reduce limit and contact customer
ACC-002303,0.6085904519895552,0.5383795709116987,0,0,0.1273289823717412,467,0.04106304847593668,0,GREEN,Continue monitoring
ACC-002304,0.26613367642675057,0.9511565213874668,0,1,0.2569292810074172,629,0.007059891222351124,0,GREEN,Continue monitoring
ACC-002305,0.6466754384745131,0.4796362358750634,0,0,0.38559971809173405,627,0.036158914271559504,0,GREEN,Continue monitoring
ACC-002306,0.7818462190358798,0.8422469085148417,0,1,-0.15428984452799616,672,0.013816416801310679,0,GREEN,Continue monitoring
ACC-002307,0.7974859768982915,0.704360206463015,0,1,-0.07707577285044348,543,0.03457834355255682,0,GREEN,Continue monitoring
ACC-002308,0.707031690580483,0.7672793544810206,0,0,0.1834765309016962,622,0.017981064212179817,0,GREEN,Continue monitoring
ACC-002309,0.42935380294231074,0.7558052287968308,0,0,0.11017958665201054,632,0.009158514387003517,0,GREEN,Continue monitoring
ACC-002310,0.44518097505872745,0.30191989615480314,15,1,0.40403117048089476,615,0.08379381503458766,1,GREEN,Continue monitoring
ACC-002311,0.6370797984803637,0.845737452121747,30,1,0.08822259782575337,575,0.05390512924288002,0,AMBER,Reduce limit and contact customer
ACC-002312,0.692175684130179,0.613885334542033,0,1,0.08166694782322309,639,0.027880737477543584,0,GREEN,Continue monitoring
ACC-002313,0.4818273604757652,0.8324574270644787,0,0,-0.037072739611022504,664,0.0064189393924016305,0,GREEN,Continue monitoring
ACC-002314,0.4507925910665758,0.4334243763838807,0,0,0.42718901471228693,624,0.02832145273286069,0,GREEN,Continue monitoring
ACC-002315,0.3615938902637292,1.1418522830826001,60,3,0.6698017836130818,562,0.15936891418361177,0,RED,Collections escalation
ACC-002316,0.08306956030394742,0.9783615281927559,7,0,0.00999751875064453,591,0.0036535506178802064,0,GREEN,Continue monitoring
ACC-002317,0.2107182311265049,0.8243824940794463,0,0,0.16253477241532593,668,0.004601761049264818,0,GREEN,Continue monitoring
ACC-002318,0.6226125585152603,0.5980025094558712,30,1,0.5093873316824621,540,0.15135425214853024,0,AMBER,Reduce limit and contact customer
ACC-002319,0.4966614898416945,0.7841348002821357,0,0,0.28652998641281946,760,0.007273842842612372,0,GREEN,Continue monitoring
ACC-002320,0.24160166318514406,0.688521732846103,0,1,0.10919024648294,621,0.010391391532229175,0,GREEN,Continue monitoring
ACC-002321,0.625924322301955,0.9116929314216072,0,0,0.608082246975178,705,0.01295897341867244,0,GREEN,Continue monitoring
ACC-002322,0.6629133313404765,0.904524048312465,0,0,-0.05533856699264536,666,0.007795909119682064,0,GREEN,Continue monitoring
ACC-002323,0.2783708982898733,1.0583245594041044,0,1,0.10030641451550436,580,0.005816113828723471,0,GREEN,Continue monitoring
ACC-002324,0.45088853320051414,0.9157609718450697,0,0,-0.12113541184763527,608,0.005708280229871767,0,GREEN,Continue monitoring
ACC-002325,0.17714493676690143,0.7325031370056202,0,0,0.2627327494956423,707,0.005038369047830458,0,GREEN,Continue monitoring
ACC-002326,0.29277996960491737,0.9276863899105806,30,3,0.6376423451826337,598,0.07124814696723179,0,AMBER,Reduce limit and contact customer
ACC-002327,0.498806793724726,0.8027026458894492,30,2,0.4319831137428239,675,0.060976854190668346,0,AMBER,Reduce limit and contact customer
ACC-002328,0.388471269764008,0.8655081900988013,60,1,0.5519349724840374,543,0.1522442788532674,1,RED,Collections escalation
ACC-002329,0.0810412129296756,1.092955372048368,30,2,0.5271735563815309,627,0.01889927082196554,0,AMBER,Reduce limit and contact customer
ACC-002330,0.17170389577751305,1.045255751901158,0,0,0.17443420343021143,609,0.0033444209106675287,0,GREEN,Continue monitoring
ACC-002331,0.4412772472669464,0.739359534741398,0,0,-0.05704851295145938,714,0.005793376685984323,0,GREEN,Continue monitoring
ACC-002332,0.5601251285855,0.816760934729133,0,1,0.18999762422173616,674,0.013512163476103676,0,GREEN,Continue monitoring
ACC-002333,0.7954664206348414,0.5668598296745184,30,0,0.5704942008194792,582,0.15193717989378222,0,AMBER,Reduce limit and contact customer
ACC-002334,0.8443126036945293,0.7206469077680121,7,1,0.059001204098832034,518,0.05932655118497486,0,GREEN,Continue monitoring
ACC-002335,0.313401373507127,0.713424744213486,7,0,0.16403729259356337,649,0.009989760779577124,0,GREEN,Continue monitoring
ACC-002336,0.6674667838649548,0.24605936845573584,15,0,0.19985782434514848,696,0.06351756013406198,0,GREEN,Continue monitoring
ACC-002337,0.28099791070166263,0.9286767493207297,7,0,-0.036392301362511564,644,0.004733840118915739,0,GREEN,Continue monitoring
ACC-002338,0.20413572230447263,0.8823157376263594,7,0,-0.015759276450798776,616,0.005104408993873467,0,GREEN,Continue monitoring
ACC-002339,0.588754151537266,0.6436753868693476,0,1,-0.026512161065486622,636,0.018938989702582912,1,GREEN,Continue monitoring
ACC-002340,0.38731339651281355,0.7067147127237243,7,3,-0.01136802770004891,614,0.029341594630360072,0,GREEN,Continue monitoring
ACC-002341,0.5928222355393626,0.6428953170108294,7,0,0.18267264329359484,684,0.018473813005754933,0,GREEN,Continue monitoring
ACC-002342,0.1748025917336588,0.8423892477857043,15,0,0.18015589657225162,693,0.006390301889030033,0,GREEN,Continue monitoring
ACC-002343,0.689315376021141,0.8991157568022103,90,2,0.5334212829366087,556,0.5369534005147731,0,RED,Collections escalation
ACC-002344,0.5908219283532702,1.0166652503044495,0,2,0.13132628020635784,708,0.010574362479879622,0,GREEN,Continue monitoring
ACC-002345,0.18533342548854606,0.9155269623449138,0,0,0.3173829510199496,649,0.004588391054079795,0,GREEN,Continue monitoring
ACC-002346,0.4284100000617444,0.8597294900380031,0,0,0.2168627757692431,641,0.007927065534697693,0,GREEN,Continue monitoring
ACC-002347,0.5078838033614234,0.6726295493940817,7,0,0.031432947509707265,705,0.011283603893121944,0,GREEN,Continue monitoring
ACC-002348,0.8680034781925168,0.8137852711738567,0,0,0.5835993855656014,691,0.02709521936453884,0,GREEN,Continue monitoring
ACC-002349,0.4546947459551589,0.7701255843693185,7,0,0.006004210932740547,718,0.0075396083828376675,0,GREEN,Continue monitoring
ACC-002350,0.7211379586452291,0.5529316352924564,0,1,0.06490813538861095,591,0.03986521790794022,0,GREEN,Continue monitoring
ACC-002351,0.4315547473388709,0.7435673245012482,15,0,0.05110459602659598,636,0.014627164291094117,0,GREEN,Continue monitoring
ACC-002352,0.7602755446043014,0.5757671810828114,60,0,0.3013712493571351,639,0.21402416817075018,0,RED,Collections escalation
ACC-002353,0.23951315300143325,0.7747201172706514,15,0,0.17511877595497516,644,0.010207861748482943,0,GREEN,Continue monitoring
ACC-002354,0.18339350866230414,1.0399930172142893,0,0,0.24131559548299278,681,0.0028091213532461987,0,GREEN,Continue monitoring
ACC-002355,0.6330420857788998,0.9129024075713564,7,0,0.20202936487088313,739,0.009190995070172405,0,GREEN,Continue monitoring
ACC-002356,0.46749164555265177,0.8877382075370379,0,1,0.3521823984193593,609,0.014869561682743278,0,GREEN,Continue monitoring
ACC-002357,0.5112820180435445,0.8241135013860655,0,0,0.29661147334843124,625,0.011889234296800536,0,GREEN,Continue monitoring
ACC-002358,0.41331337370108745,0.7068529439862913,0,0,0.06653337224255514,588,0.01116122709021656,0,GREEN,Continue monitoring
ACC-002359,0.46498991288359864,1.0553278115345377,0,0,0.4232887856477162,554,0.00996859299371907,0,GREEN,Continue monitoring
ACC-002360,0.19500706563389725,0.6913450529642474,0,2,0.2776245996704473,664,0.013235307315470402,0,GREEN,Continue monitoring
ACC-002361,0.8784279388139731,0.7043314010009051,0,0,0.12958155744663466,643,0.02536900870096494,0,GREEN,Continue monitoring
ACC-002362,0.17679018288750561,1.0042385890733496,0,0,-0.14388389727901324,828,0.0010722702136135784,0,GREEN,Continue monitoring
ACC-002363,0.05166295712826982,0.8161028568749469,15,0,0.3995253391660061,617,0.009089629706279018,0,GREEN,Continue monitoring
ACC-002364,0.21780947546154283,0.7999056045803263,0,0,0.17835070131165084,684,0.004700066646076331,0,GREEN,Continue monitoring
ACC-002365,0.2602997856703689,0.8521259784642422,0,0,0.2778113090454838,633,0.006281533811609351,0,GREEN,Continue monitoring
ACC-002366,0.46463988580199356,0.7832347936027076,0,0,0.10781883553726779,482,0.01673395935521106,0,GREEN,Continue monitoring
ACC-002367,0.48580186060294156,0.4901384352287528,0,0,0.38363358977599754,677,0.02090072400001566,0,GREEN,Continue monitoring
ACC-002368,0.392296311722295,1.2,7,0,0.20223657495995756,597,0.005227589758953506,0,GREEN,Continue monitoring
ACC-002369,0.4402869719409033,0.5953509431479383,0,1,0.4475178419374195,594,0.031073505630493117,1,GREEN,Continue monitoring
ACC-002370,0.3741966342245089,0.9373324839332695,7,0,0.18333512729725815,611,0.00825638777228781,0,GREEN,Continue monitoring
ACC-002371,0.3477355700594473,0.7901573589397782,7,1,-0.007645286847972582,702,0.008377990737439554,0,GREEN,Continue monitoring
ACC-002372,0.19858095038898166,0.8905412422175328,60,0,0.4320206838418884,527,0.07076720565446372,0,RED,Collections escalation
ACC-002373,0.22435289302367512,0.9192581469845676,60,2,0.41614287613347345,543,0.11853877726452375,0,RED,Collections escalation
ACC-002374,0.9318915154691306,0.48488507234499695,0,1,0.04933291723658069,625,0.06032257658387154,0,GREEN,Continue monitoring
ACC-002375,0.24158353120921053,0.3697875927637109,60,3,0.35309075575793336,776,0.1920841311794865,0,RED,Collections escalation
ACC-002376,0.48829695551264035,0.8346234791633711,15,0,0.2253924166985254,608,0.018347435852488023,0,GREEN,Continue monitoring
ACC-002377,0.2454548885923513,0.9487900398295248,30,4,0.34468884253593934,607,0.0597672001830925,0,AMBER,Reduce limit and contact customer
ACC-002378,0.8139220283372967,0.740754469521641,30,3,0.4193375974572987,617,0.19985474668437217,0,AMBER,Reduce limit and contact customer
ACC-002379,0.398206701305883,0.8040885319993359,0,0,0.19461705743922808,559,0.011334841624620647,0,GREEN,Continue monitoring
ACC-002380,0.06847522728420102,0.7639134385380499,0,0,0.23094824983283702,620,0.0051059448076880105,0,GREEN,Continue monitoring
ACC-002381,0.6388678289787655,0.774810728516902,0,0,0.09811850960770171,661,0.011951530334285396,0,GREEN,Continue monitoring
ACC-002382,0.30955414647441043,0.8812041522928769,0,1,0.11181896506652297,597,0.008659943106846904,0,GREEN,Continue monitoring
ACC-002383,0.8346525915983326,0.5287381388375468,0,0,0.199956770976288,621,0.03969273623881722,0,GREEN,Continue monitoring
ACC-002384,0.5522110240047489,1.0214078052431765,0,1,-0.14088643510383886,623,0.007160585059776811,0,GREEN,Continue monitoring
ACC-002385,0.3761268687692458,0.8455097832064918,90,2,0.37834424251235554,635,0.2914963457608906,0,RED,Collections escalation
ACC-002386,0.2478662141998293,0.8115617816163717,0,0,0.45785402235171185,621,0.008631460668786336,0,GREEN,Continue monitoring
ACC-002387,0.3319222312251477,0.6370171788933373,15,0,0.11599568142333525,676,0.013768887526173256,0,GREEN,Continue monitoring
ACC-002388,0.65757472744502,0.7461674849577751,30,1,0.3041902883098312,543,0.09745254252547954,0,AMBER,Reduce limit and contact customer
ACC-002389,0.8923942492032263,0.4835087167659895,7,1,0.2647509181859817,734,0.059088521484599914,0,GREEN,Continue monitoring
ACC-002390,0.2729420347393549,0.5286217027720822,0,0,0.04893867867961399,570,0.012947839216628879,0,GREEN,Continue monitoring
ACC-002391,0.5300058445651125,0.349207244284656,7,0,-0.07206468578431183,696,0.02192732642978453,0,GREEN,Continue monitoring
ACC-002392,0.27666660881441923,0.8081963242673154,90,1,0.4276507346165214,600,0.24112511043134555,0,RED,Collections escalation
ACC-002393,0.7181575161016021,0.48373746682247554,7,0,-0.147272532718009,642,0.02733818228414903,0,GREEN,Continue monitoring
ACC-002394,0.18122926454565486,0.8945014809799439,30,3,0.71926960157281,479,0.1034636107094045,0,AMBER,Reduce limit and contact customer
ACC-002395,0.547039182230115,0.8298340953870132,0,0,0.22817213428267,544,0.016133175260587565,0,GREEN,Continue monitoring
ACC-002396,0.524627990735176,0.9416363561938936,0,1,-0.24400862471046225,625,0.007091382917817573,0,GREEN,Continue monitoring
ACC-002397,0.6418671563001883,0.6168420662239537,7,0,-0.010437819973039025,762,0.012779042876239502,0,GREEN,Continue monitoring
ACC-002398,0.36598977539846517,0.9371734661160771,0,0,0.018419129162980857,850,0.002041511738983089,0,GREEN,Continue monitoring
ACC-002399,0.11426671969839888,0.8951684666852501,0,0,0.4999706857850462,674,0.004619377873545377,0,GREEN,Continue monitoring
ACC-002400,0.7414901779789138,0.7490840983017566,0,3,-0.031235920982340043,700,0.030449443134158063,0,GREEN,Continue monitoring
ACC-002401,0.4251924058476386,0.6795020571920406,90,2,0.5755829039684581,563,0.5241146866427197,1,RED,Collections escalation
ACC-002402,0.42374649376120993,0.8436239345373417,60,1,0.4750768960612284,547,0.15433549423311682,0,RED,Collections escalation
ACC-002403,0.5486046855828853,0.6796301016414282,0,1,0.12713057837140254,722,0.013685070493231546,0,GREEN,Continue monitoring
ACC-002404,0.7984172284420528,0.6650249940617281,0,0,0.10016424079405782,571,0.029938720241082045,0,GREEN,Continue monitoring
ACC-002405,0.8303057257560973,0.8655146407733554,15,0,0.0998083268486024,653,0.025228377269437104,0,GREEN,Continue monitoring
ACC-002406,0.3831344102261035,0.7653479737375077,30,2,0.5532390546954583,555,0.09306904116856361,0,AMBER,Reduce limit and contact customer
ACC-002407,0.3648152324050109,1.0678042880114305,0,0,0.18636062347022167,501,0.007439207513225603,0,GREEN,Continue monitoring
ACC-002408,0.2581840847276436,0.5816514234766126,0,1,0.21328443594398316,624,0.015089667607661077,0,GREEN,Continue monitoring
ACC-002409,0.4901944907431825,0.40156459760913316,0,1,0.08667197276439242,630,0.030259703820975196,0,GREEN,Continue monitoring
ACC-002410,0.6537058024262149,0.5775850520480549,60,2,0.40160047885507955,641,0.3184601088871575,1,RED,Collections escalation
ACC-002411,0.5263882271240196,0.8465079369046036,90,2,0.6117322997558827,552,0.5067325797964765,1,RED,Collections escalation
ACC-002412,0.590700293291568,0.5866474743233987,15,0,-0.2886979930386554,724,0.01373431384972592,0,GREEN,Continue monitoring
ACC-002413,0.663345155642774,0.6268839820179593,15,1,0.5421101157554367,629,0.0726550227645085,0,GREEN,Continue monitoring
ACC-002414,0.6830492595813786,0.5150625735725258,30,2,0.22803909005087852,650,0.1361716658827133,0,AMBER,Reduce limit and contact customer
ACC-002415,0.45351127417811504,0.6152211253510989,0,1,0.4069060878516968,673,0.02152064577331207,0,GREEN,Continue monitoring
ACC-002416,0.6190202099396477,0.8737025119416924,0,0,-0.0760790456776837,543,0.012097573528511166,0,GREEN,Continue monitoring
ACC-002417,0.5971503907469782,0.7554440436872396,30,1,0.4229022462875082,688,0.05658703756606883,0,AMBER,Reduce limit and contact customer
ACC-002418,0.607139287478122,0.546597620020628,0,0,0.2033933380722665,684,0.018869621701938802,1,GREEN,Continue monitoring
ACC-002419,0.26817256358426866,1.0158845659075884,0,1,0.04744744027855001,626,0.004905812354898825,0,GREEN,Continue monitoring
ACC-002420,0.6706009598605793,0.5399133463569139,0,0,0.10349849553512944,601,0.026990367737333425,0,GREEN,Continue monitoring
ACC-002421,0.6568406551267894,0.7219592657903326,30,5,0.5344603849769748,584,0.32042775505895427,1,AMBER,Reduce limit and contact customer
ACC-002422,0.3628986631649619,0.5623775359218435,0,0,0.2951091016196322,699,0.011507153922570618,0,GREEN,Continue monitoring
ACC-002423,0.6367909920153662,0.5619609849844127,90,1,0.4762972733204925,685,0.46710883936935865,1,RED,Collections escalation
ACC-002424,0.45866548274337765,0.6861602799454227,7,0,0.002065764604080797,560,0.016930177108364496,0,GREEN,Continue monitoring
ACC-002425,0.39891393298038985,0.6827011565082735,30,3,0.5602105871278548,658,0.10595418919723816,0,AMBER,Reduce limit and contact customer
ACC-002426,0.43211181985601765,0.7763903271445596,0,0,0.30979793764489605,628,0.011246521553692275,0,GREEN,Continue monitoring
ACC-002427,0.5892630737899422,0.8585466007447545,0,0,0.20245500199576413,649,0.010613871585899467,0,GREEN,Continue monitoring
ACC-002428,0.3930571666135247,0.8973866370084973,0,1,0.2941442641537735,691,0.008426538005866933,0,GREEN,Continue monitoring
ACC-002429,0.8687749564115274,0.47318958072866035,7,0,0.26682099190392944,671,0.05359803083966847,0,GREEN,Continue monitoring
ACC-002430,0.41244405068253487,0.6724192301028231,0,0,0.15717593106979033,623,0.011578014946115473,0,GREEN,Continue monitoring
ACC-002431,0.5462611909149997,0.6744037460298142,0,2,0.009976439924074446,602,0.026774460097775517,0,GREEN,Continue monitoring
ACC-002432,0.5903199405321731,0.8155722641946275,0,0,0.30320544607190725,782,0.007716964638494885,0,GREEN,Continue monitoring
ACC-002433,0.5007490519550094,0.8774556106723497,0,0,0.20026721064691244,616,0.009614831294543545,0,GREEN,Continue monitoring
ACC-002434,0.28824436060743064,0.8154150873181494,0,0,-0.010518912715873546,599,0.00593954849602692,0,GREEN,Continue monitoring
ACC-002435,0.8339990068316575,0.7318555286809504,0,1,0.404802059668296,624,0.0439173630171667,0,GREEN,Continue monitoring
ACC-002436,0.5800161724429893,0.8632952608084831,90,4,0.3848415809423281,551,0.6238807919670911,0,RED,Collections escalation
ACC-002437,0.7957715699368332,0.6350970928931294,0,0,0.19136160778970102,759,0.016858654137653764,0,GREEN,Continue monitoring
ACC-002438,0.7349433606139527,0.8175100527143722,0,2,0.09979696308171564,642,0.027396516235023118,0,GREEN,Continue monitoring
ACC-002439,0.24278421977853,0.6255596587163059,30,2,0.9666338292327626,675,0.09405914712999955,0,AMBER,Reduce limit and contact customer
ACC-002440,0.33452715729490823,1.1378805579818152,7,0,0.2509191813311654,563,0.006421215066203702,0,GREEN,Continue monitoring
ACC-002441,0.4277564930166201,0.7138472754215841,60,1,0.32336124190198606,581,0.15226552091512777,0,RED,Collections escalation
ACC-002442,0.215436881937401,0.8547543882091083,0,0,0.023831723367289365,638,0.004178397238633952,0,GREEN,Continue monitoring
ACC-002443,0.7145631758104268,0.5155661895702501,0,1,0.19508994698854842,699,0.032383563384564044,0,GREEN,Continue monitoring
ACC-002444,0.32917281053936404,1.1346460691117386,15,1,0.05249017699371972,612,0.007682157562800358,0,GREEN,Continue monitoring
ACC-002445,0.8462800694787184,0.7004799556781837,60,2,0.48562893165802995,616,0.39332507060763144,0,RED,Collections escalation
ACC-002446,0.6680102091389302,0.6022199625529194,0,0,0.2651823181284818,666,0.021820252264861756,0,GREEN,Continue monitoring
ACC-002447,0.5717143923612643,0.8586971501649691,0,0,0.29573330226253525,542,0.017316620957223385,0,GREEN,Continue monitoring
ACC-002448,0.6220553457345521,0.5943643124332468,0,0,0.16516259830340552,611,0.02238901511631251,0,GREEN,Continue monitoring
ACC-002449,0.4897240511185333,0.5373232023888723,30,1,0.19838757508805155,625,0.0711402390598518,0,AMBER,Reduce limit and contact customer
ACC-002450,0.3370498979092374,0.8505775891914487,90,4,0.5856313101403877,467,0.6429493492219348,1,RED,Collections escalation
ACC-002451,0.24140548234828962,0.8506991586327378,0,0,0.08586876764863581,592,0.005743627829251769,0,GREEN,Continue monitoring
ACC-002452,0.49424147924845585,0.8366331358096246,7,1,-0.043913955957815054,609,0.014235900243792586,0,GREEN,Continue monitoring
ACC-002453,0.5466087360573688,0.7854052069660018,15,1,0.15103737101353398,582,0.03225748357648011,0,GREEN,Continue monitoring
ACC-002454,0.4056361770276209,0.8084130037431889,0,0,0.37375258206440526,657,0.009487532800277086,0,GREEN,Continue monitoring
ACC-002455,0.35812029454535926,0.8661310040787091,0,1,-0.03292660154628263,640,0.007078073385910198,0,GREEN,Continue monitoring
ACC-002456,0.6709039362106267,0.5792120520564862,0,0,-0.1543057183570124,711,0.012006958104162907,0,GREEN,Continue monitoring
ACC-002457,0.6421280551640698,0.8913031088111975,60,1,0.34486338641505065,574,0.16749174387280555,0,RED,Collections escalation
ACC-002458,0.707567921649204,0.9680314797529872,0,1,-0.015088968061262836,671,0.010571396236103116,0,GREEN,Continue monitoring
ACC-002459,0.7997077506559656,0.7589301926189793,15,0,0.42552494489497433,542,0.06490507207175217,1,GREEN,Continue monitoring
ACC-002460,0.5695725616352899,0.46228422235617095,0,0,-0.14473824297293725,668,0.015047173399005215,0,GREEN,Continue monitoring
ACC-002461,0.787073515998465,0.561822977611535,0,0,-0.13927963780347324,636,0.02165827622668633,0,GREEN,Continue monitoring
ACC-002462,0.3555434351225207,0.8640028937388858,0,0,-0.05016817607332211,501,0.008697332075839512,0,GREEN,Continue monitoring
ACC-002463,0.25831501385120037,0.9176480827306693,60,6,0.2165837024938258,687,0.19530262852280442,0,RED,Collections escalation
ACC-002464,0.4867295808690619,1.1142768117569497,15,0,-0.027807301357570535,498,0.011547312185670545,0,GREEN,Continue monitoring
ACC-002465,0.7219076169317974,0.8247382291329406,0,0,0.1208747522460336,612,0.015809640415531807,0,GREEN,Continue monitoring
ACC-002466,0.3385677284828154,1.1465302007037195,60,2,0.561028306657486,603,0.08781425230836788,0,RED,Collections escalation
ACC-002467,0.4151154949249599,0.8451394616493809,7,1,-0.1525025787376097,729,0.006525672528517247,0,GREEN,Continue monitoring
ACC-002468,0.37900223816267414,0.6802560952001002,0,0,-0.12787069461390826,694,0.005782488621929616,0,GREEN,Continue monitoring
ACC-002469,0.28158346814051544,1.0049342970963717,30,2,0.6683189632938538,487,0.06844568465419838,0,AMBER,Reduce limit and contact customer
ACC-002470,0.6254671393491037,0.8136782765967733,15,0,0.2742380690624185,624,0.025264748363060557,0,GREEN,Continue monitoring
ACC-002471,0.40853191839573944,0.4234772828424465,0,0,0.5044477615347754,706,0.021047401208703333,0,GREEN,Continue monitoring
ACC-002472,0.7373366715136418,0.6263325464329638,7,1,0.284766980561781,638,0.04732120955783783,0,GREEN,Continue monitoring
ACC-002473,0.2694797561112401,0.6850893926531189,0,1,0.0937731032768083,646,0.009855876492908807,0,GREEN,Continue monitoring
ACC-002474,0.2687155688266551,1.112555508942404,0,0,0.05705981694624143,568,0.003640887726020617,0,GREEN,Continue monitoring
ACC-002475,0.5756679509643384,0.790931533188303,60,3,0.29523760182677766,563,0.2939691918821255,1,RED,Collections escalation
ACC-002476,0.44898033380161684,0.690253708773898,0,0,-0.1803350505102464,729,0.005368846631518941,0,GREEN,Continue monitoring
ACC-002477,0.09772995505028129,0.7761529684162556,15,0,0.049778035677420965,707,0.005126343259551982,0,GREEN,Continue monitoring
ACC-002478,0.6317613362463648,0.8260747912135431,0,0,0.025735243556316054,645,0.010324414487815972,0,GREEN,Continue monitoring
ACC-002479,0.5596038012921314,0.6939775046214076,0,2,0.4172703814955357,597,0.042140365121034654,0,GREEN,Continue monitoring
ACC-002480,0.37951335486059534,0.7539634056965197,30,2,0.5054666909115882,537,0.09604178942997414,0,AMBER,Reduce limit and contact customer
ACC-002481,0.5186650153227694,0.6586318169848742,0,0,0.36747972324948197,544,0.025678113319788337,0,GREEN,Continue monitoring
ACC-002482,0.40655528842775346,0.8689855501034595,90,3,0.34193186942230197,730,0.27545226914373844,1,RED,Collections escalation
ACC-002483,0.6106508051932918,0.671442566006204,0,1,0.1712869162423388,536,0.034416294710850025,0,GREEN,Continue monitoring
ACC-002484,0.46229275291852806,0.5125029256105393,0,0,-0.3426489848795094,549,0.01380280845200211,0,GREEN,Continue monitoring
ACC-002485,0.4167451208018606,0.9397941608123793,0,1,-0.0748360172149545,611,0.007299825135702038,0,GREEN,Continue monitoring
ACC-002486,0.5036419453720666,0.9479153552896681,15,0,-0.007076747352801754,676,0.008689142563819027,0,GREEN,Continue monitoring
ACC-002487,0.355303674065415,0.6674180906455587,15,0,0.2549876941651479,582,0.022897159823119427,0,GREEN,Continue monitoring
ACC-002488,0.5680437480267599,0.6549282399647913,0,1,0.2031872033852758,582,0.028310797598272496,0,GREEN,Continue monitoring
ACC-002489,0.660034885520212,0.5736252194404154,60,3,0.5195378739277111,506,0.5658637887872117,0,RED,Collections escalation
ACC-002490,0.21968631333382502,0.7610033949005259,60,2,0.07929323421175233,564,0.10521771646203736,0,RED,Collections escalation
ACC-002491,0.5560644938375751,1.034135868773263,0,0,0.3188979763011659,595,0.009555648669215055,0,GREEN,Continue monitoring
ACC-002492,0.7216827890047693,0.7698004009876188,0,0,0.1432346212850962,683,0.013821718189595832,0,GREEN,Continue monitoring
ACC-002493,0.8325824855898001,0.908516742648588,15,1,0.12618936438225978,651,0.03307658011971792,0,GREEN,Continue monitoring
ACC-002494,0.44852019863194675,0.5492258056169331,30,2,0.4453561139108882,566,0.13838229556873316,0,AMBER,Reduce limit and contact customer
ACC-002495,0.3101265662749796,0.9248370625729515,0,1,0.11297515449329583,646,0.0064915405672334265,0,GREEN,Continue monitoring
ACC-002496,0.5207718152262851,0.8841442180360217,0,0,0.1535215590645546,682,0.007208129163859815,0,GREEN,Continue monitoring
ACC-002497,0.3427389375642063,0.760354312510897,0,2,0.4279094149832174,690,0.016547718066426922,0,GREEN,Continue monitoring
ACC-002498,0.45353519676207965,0.6607730199705975,7,0,0.1496829991620596,606,0.017485838758725357,0,GREEN,Continue monitoring
ACC-002499,0.19461547077431546,1.2,0,0,-0.025389000113098997,541,0.0026100898691566545,0,GREEN,Continue monitoring
