application_id,pd_12m,risk_band,decision,interest_rate,credit_limit,expected_loss,expected_profit,raroc
APP-42-009600,0.10038982095235369,C,REVIEW,0.22,69007538,4502975,5498155,0.4672817858857722
APP-42-009601,0.040989626645256134,A,APPROVE,0.16,32869378,875747,1732497,0.5650177208011551
APP-42-009602,0.24252527426235512,D,DECLINE,,0,0,0,0.0
APP-42-009603,0.07475470353249655,B,APPROVE,0.18,54954000,2670245,3024695,0.4012249042783805
APP-42-009604,0.07274579101048931,B,APPROVE,0.18,38633519,1826777,2072910,0.3987213596805654
APP-42-009605,0.18324700234492636,D,DECLINE,,0,0,0,0.0
APP-42-009606,0.07310337119591129,B,APPROVE,0.18,51351180,2440064,2858566,0.4122431298794652
APP-42-009607,0.09216132158454067,B,APPROVE,0.18,27013262,1618226,1003233,0.23239226342031163
APP-42-009608,0.1788632513443947,C,REVIEW,0.22,67589641,7858047,1930399,0.10480091349597025
APP-42-009609,0.05784390385217442,B,APPROVE,0.18,25576808,961651,1501798,0.5097107751811053
APP-42-009610,0.0627083611844801,B,APPROVE,0.18,73344542,2989555,4728344,0.5305061392308502
APP-42-009611,0.09009706570637141,B,APPROVE,0.18,44261804,2592108,1926690,0.2770347414428606
APP-42-009612,0.04894657966502723,A,APPROVE,0.16,58177005,1850918,3035013,0.5034094553214423
APP-42-009613,0.07688120429808527,B,APPROVE,0.18,41849076,2091315,2162084,0.36917090172725847
APP-42-009614,0.070913468856823,B,APPROVE,0.18,14189026,654025,556767,0.29684570824643364
APP-42-009615,0.08137674000149078,B,APPROVE,0.18,69106507,3655380,3596335,0.35695560649283675
APP-42-009616,0.054954552191447334,B,APPROVE,0.18,65760866,2349008,4534687,0.6187783452298252
APP-42-009617,0.0682305050330026,B,APPROVE,0.18,27411514,1215696,1449571,0.4108932069229268
APP-42-009618,0.11745373912815811,C,REVIEW,0.22,57228881,4369135,3865197,0.3505076815408022
APP-42-009619,0.14466334645976006,C,REVIEW,0.22,65202974,6131112,3299334,0.22187341031436494
APP-42-009620,0.3781114480472775,D,DECLINE,,0,0,0,0.0
APP-42-009621,0.06763033570510366,B,APPROVE,0.18,57347164,2520965,3437223,0.4685535255106158
APP-42-009622,0.07882261023865739,B,APPROVE,0.18,34676063,1776618,1687749,0.34163046651203877
APP-42-009623,0.21126205857362257,D,DECLINE,,0,0,0,0.0
APP-42-009624,0.17862754601078526,C,REVIEW,0.22,68295789,7929681,1964687,0.10567838876145468
APP-42-009625,0.10443811878476364,C,REVIEW,0.22,15548820,1055528,926795,0.3391114932628294
APP-42-009626,0.05150966643226914,B,APPROVE,0.18,41002996,1372833,2787497,0.6355752064970612
APP-42-009627,0.12081681302112622,C,REVIEW,0.22,41348184,3247111,2605116,0.3197187521244215
APP-42-009628,0.1532045148659945,C,REVIEW,0.22,71867292,7156756,3273338,0.19044096037388747
APP-42-009629,0.1153606933054596,C,REVIEW,0.22,62948922,4720190,4372148,0.36561503190274597
APP-42-009630,0.1562722138760037,C,REVIEW,0.22,23883680,2426031,806521,0.13887791192391355
APP-42-009631,0.060580148536144615,B,APPROVE,0.18,18469447,727273,954366,0.435123060905109
APP-42-009632,0.09562808000859169,B,APPROVE,0.18,57945187,3601772,2422199,0.25439658173342017
APP-42-009633,0.08138277630376213,B,APPROVE,0.18,49259097,2605747,2462753,0.3429130910721736
APP-42-009634,0.12963259783275183,C,REVIEW,0.22,29947316,2523396,1618701,0.2592125660890062
APP-42-009635,0.1830091114656155,D,DECLINE,,0,0,0,0.0
APP-42-009636,0.09775386184752621,B,APPROVE,0.18,63767998,4051819,2612661,0.24521988437303813
APP-42-009637,0.10419912164089312,C,REVIEW,0.22,51853073,3511979,3915982,0.4304184508010545
APP-42-009638,0.1367091689029152,C,REVIEW,0.22,27195956,2416659,1312735,0.22170243405596582
APP-42-009639,0.22822611123448958,D,DECLINE,,0,0,0,0.0
APP-42-009640,0.10750107054216475,C,REVIEW,0.22,82459496,5761915,6257010,0.4221374605898062
APP-42-009641,0.10810845678706166,C,REVIEW,0.22,50506850,3549141,3676886,0.40323113578743164
APP-42-009642,0.10225287080670391,C,REVIEW,0.22,22893197,1521582,1562398,0.3946553507169135
APP-42-009643,0.03735023911079645,A,APPROVE,0.16,75561355,1834453,4616069,0.6898552621452392
APP-42-009644,0.08348881485803542,B,APPROVE,0.18,35269373,1913989,1615642,0.3084020909916657
APP-42-009645,0.04221538988305049,A,APPROVE,0.16,84684510,2323743,4947863,0.6157989577388008
APP-42-009646,0.20693488062008156,D,DECLINE,,0,0,0,0.0
APP-42-009647,0.12710193755417362,C,REVIEW,0.22,28189622,2328921,1549522,0.2678319408371907
APP-42-009648,0.16257525238133616,C,REVIEW,0.22,44895207,4744252,1640029,0.1453370566334711
APP-42-009649,0.05014724422182806,B,APPROVE,0.18,103683185,3379627,7675523,0.70375155233512
APP-42-009650,0.1079696515980786,C,REVIEW,0.22,19759032,1386694,1227161,0.34434530787333184
APP-42-009651,0.2306388147253375,D,DECLINE,,0,0,0,0.0
APP-42-009652,0.1465935231714077,C,REVIEW,0.22,33131231,3156936,1462749,0.1914813583570297
APP-42-009653,0.13729845330971474,C,REVIEW,0.22,27099936,2418507,1296484,0.2189632750493355
APP-42-009654,0.04071245356360913,A,APPROVE,0.16,17733507,469283,776732,0.4713445858172143
APP-42-009655,0.24826683742141487,D,DECLINE,,0,0,0,0.0
APP-42-009656,0.3531634507807044,D,DECLINE,,0,0,0,0.0
APP-42-009657,0.04465804691403855,A,APPROVE,0.16,52278460,1517525,2837536,0.5535372636431347
APP-42-009658,0.25021829894572223,D,DECLINE,,0,0,0,0.0
APP-42-009659,0.34128763407200263,D,DECLINE,,0,0,0,0.0
APP-42-009660,0.05795916389705153,B,APPROVE,0.18,66818946,2517301,4482783,0.5816237847332538
APP-42-009661,0.39786002388878233,D,DECLINE,,0,0,0,0.0
APP-42-009662,0.1351855725116826,C,REVIEW,0.22,33438314,2938245,1727502,0.2394643784152486
APP-42-009663,0.07596799981549518,B,APPROVE,0.18,38675630,1909772,1994548,0.3716616353903266
APP-42-009664,0.06683017475459334,B,APPROVE,0.18,60072400,2609522,3648442,0.4786763352135428
APP-42-009665,0.32328881766084533,D,DECLINE,,0,0,0,0.0
APP-42-009666,0.1510960630736032,C,REVIEW,0.22,73880799,7256014,3476106,0.19900696499998805
APP-42-009667,0.22136407245381712,D,DECLINE,,0,0,0,0.0
APP-42-009668,0.1770474129790436,C,REVIEW,0.22,21173460,2436659,389360,0.06806685792081749
APP-42-009669,0.0783783842878833,B,APPROVE,0.18,27653560,1408837,1283055,0.32699154828168214
APP-42-009670,0.08822579993123597,B,APPROVE,0.18,49479102,2837467,2255235,0.2946440854321675
APP-42-009671,0.11732343998990816,C,REVIEW,0.22,80338990,6126670,5574178,0.36039400670396077
APP-42-009672,0.10949201188631127,C,REVIEW,0.22,35308399,2512892,2433368,0.37796249858685993
APP-42-009673,0.16184310267733362,C,REVIEW,0.22,68524026,7208592,2720012,0.15852601623344023
APP-42-009674,0.07616145160937848,B,APPROVE,0.18,39313893,1946232,2028296,0.3711415952062147
APP-42-009675,0.11021946322203335,C,REVIEW,0.22,63214690,4528868,4603336,0.39730769615484
APP-42-009676,0.1826203076492101,D,DECLINE,,0,0,0,0.0
APP-42-009677,0.08896028876105502,B,APPROVE,0.18,201067435,11626561,10140857,0.324032310973524
APP-42-009678,0.05740007036281348,B,APPROVE,0.18,103015160,3843500,7138167,0.6045397032043495
APP-42-009679,0.07313491566918376,B,APPROVE,0.18,22202618,1055461,1036827,0.34572099274508467
APP-42-009680,0.12661892944341094,C,REVIEW,0.22,28901033,2378622,1606533,0.2716820630586787
APP-42-009681,0.13254937828616,C,REVIEW,0.22,31328876,2699205,1650126,0.24808092977759105
APP-42-009682,0.1025313874496718,C,REVIEW,0.22,60083035,4004258,4658197,0.4473943502276926
APP-42-009683,0.32328656381481247,D,DECLINE,,0,0,0,0.0
APP-42-009684,0.06815825130989063,B,APPROVE,0.18,50198453,2223935,2947895,0.45662671279131434
APP-42-009685,0.14553987659128165,C,REVIEW,0.22,33599615,3178554,1511388,0.1962562528932825
APP-42-009686,0.1666772575711089,C,REVIEW,0.22,75217034,8149030,2783525,0.14417375159801593
APP-42-009687,0.16493089486248938,C,REVIEW,0.22,40263766,4316480,1373085,0.1340443271783469
APP-42-009688,0.14272680255001977,C,REVIEW,0.22,47990117,4452159,2396358,0.22139459855932409
APP-42-009689,0.13967775772963176,C,REVIEW,0.22,43490404,3948517,2225043,0.2308938289447362
APP-42-009690,0.20848462065166182,D,DECLINE,,0,0,0,0.0
APP-42-009691,0.09453233187368831,B,APPROVE,0.18,57171235,3512945,2425891,0.2604917143572363
APP-42-009692,0.14989700150474203,C,REVIEW,0.22,27337674,2663593,1087058,0.16930542039132118
APP-42-009693,0.10476180201624669,C,REVIEW,0.22,21765372,1482117,1432689,0.3735973197058261
APP-42-009694,0.1395696463050751,C,REVIEW,0.22,56823493,5155043,3018481,0.2398851882216681
APP-42-009695,0.10330084450802288,C,REVIEW,0.22,23994638,1611133,1638063,0.391688730443983
APP-42-009696,0.1210249218736332,C,REVIEW,0.22,70039742,5509760,4646201,0.33616698733475636
APP-42-009697,0.11488237254172771,C,REVIEW,0.22,90608444,6766053,6475213,0.377421619603789
APP-42-009698,0.22114138940561667,D,DECLINE,,0,0,0,0.0
APP-42-009699,0.12158972018544774,C,REVIEW,0.22,33976414,2685269,2061193,0.30628792152017753
APP-42-009700,0.13220849303522314,C,REVIEW,0.22,44341098,3810475,2490689,0.26511940853211113
APP-42-009701,0.10766352691911286,C,REVIEW,0.22,86909288,6082024,6604369,0.42226288293007763
APP-42-009702,0.0494842288245768,A,APPROVE,0.16,37052782,1191793,1792957,0.46381194251643665
APP-42-009703,0.13456286790775351,C,REVIEW,0.22,46561176,4072513,2561663,0.25597497377928685
APP-42-009704,0.11130621209334106,C,REVIEW,0.22,22373385,1618693,1387315,0.3357229070292057
APP-42-009705,0.05113104171813672,B,APPROVE,0.18,34190934,1136342,2274661,0.624851787411593
APP-42-009706,0.25460777979053867,D,DECLINE,,0,0,0,0.0
APP-42-009707,0.12063052761729216,C,REVIEW,0.22,23025129,1805397,1298373,0.286502711012527
APP-42-009708,0.10703629619241198,C,REVIEW,0.22,62609138,4355943,4685428,0.41773566898523873
APP-42-009709,0.16492797258220265,C,REVIEW,0.22,53041408,5686208,1920003,0.14228496097775006
APP-42-009710,0.046730325338318626,A,APPROVE,0.16,34853534,1058666,1728152,0.4921444093481203
APP-42-009711,0.06338352126826914,B,APPROVE,0.18,68585621,2825679,4368740,0.5204112820445436
APP-42-009712,0.05406517438006591,B,APPROVE,0.18,22810062,801599,1357507,0.5396352952946251
APP-42-009713,0.18666181659288864,D,DECLINE,,0,0,0,0.0
APP-42-009714,0.13808545297316868,C,REVIEW,0.22,36933834,3315016,1875059,0.23127783655773915
APP-42-009715,0.14266929212738258,C,REVIEW,0.22,29327730,2719708,1329451,0.20105045555750908
APP-42-009716,0.16947163045802968,C,REVIEW,0.22,43450307,4786336,1381210,0.12211547870871854
APP-42-009717,0.1051222557533096,C,REVIEW,0.22,25362976,1733039,1721408,0.384191675837645
APP-42-009718,0.19603373757237724,D,DECLINE,,0,0,0,0.0
APP-42-009719,0.07977210020720542,B,APPROVE,0.18,59711358,3096145,3122104,0.3638500083808273
APP-42-009720,0.10596820834353517,C,REVIEW,0.22,43224836,2977298,3156427,0.41080115766940606
APP-42-009721,0.19422618951673137,D,DECLINE,,0,0,0,0.0
APP-42-009722,0.060415907443529655,B,APPROVE,0.18,98285983,3859724,6601734,0.5666293087676582
APP-42-009723,0.07582812047629253,B,APPROVE,0.18,18969707,934984,801684,0.30496682298925765
APP-42-009724,0.10301186028578267,C,REVIEW,0.22,43733624,2928303,3281740,0.43147005501604885
APP-42-009725,0.3773272010370834,D,DECLINE,,0,0,0,0.0
APP-42-009726,0.1056552354371827,C,REVIEW,0.22,19501826,1339306,1235968,0.3573522085908684
APP-42-009727,0.1440359114362388,C,REVIEW,0.22,47179762,4417127,2309837,0.21544086571203097
APP-42-009728,0.11210174110858853,C,REVIEW,0.22,24323772,1772379,1526187,0.33782311807930254
APP-42-009729,0.09703288563599188,B,APPROVE,0.18,37457358,2362487,1407822,0.22621911278702764
APP-42-009730,0.04398536626766949,A,APPROVE,0.16,28661960,819459,1410117,0.506253452314191
APP-42-009731,0.02432229702359837,A,APPROVE,0.16,9745902,154078,373053,0.5344668891945025
APP-42-009732,0.07811252924372572,B,APPROVE,0.18,76752146,3896948,4195788,0.38621092560360143
APP-42-009733,0.04893503071765304,A,APPROVE,0.16,55604740,1768663,2885764,0.5008689106826117
APP-42-009734,0.0866254678523242,B,APPROVE,0.18,29766607,1676055,1248272,0.27478179376877854
APP-42-009735,0.33403647218236265,D,DECLINE,,0,0,0,0.0
APP-42-009736,0.22251954066232849,D,DECLINE,,0,0,0,0.0
APP-42-009737,0.09218646190580633,B,APPROVE,0.18,38798015,2324824,1592958,0.25686375808461004
APP-42-009738,0.1228677058980382,C,REVIEW,0.22,72495843,5789809,4734568,0.32698531183762336
APP-42-009739,0.17216874519967373,C,REVIEW,0.22,78168002,8747756,2627444,0.1274083109530166
APP-42-009740,0.028835987600839927,A,APPROVE,0.16,53545637,1003627,3465480,0.8352408571369276
APP-42-009741,0.10323177382358852,C,REVIEW,0.22,60185608,4038494,4639348,0.4424995715382034
APP-42-009742,0.09073097826908363,B,APPROVE,0.18,42648860,2515222,1826152,0.2710873093057266
APP-42-009743,0.15668470182794025,C,REVIEW,0.22,42998769,4379212,1720603,0.16420516824993428
APP-42-009744,0.07160820571541118,B,APPROVE,0.18,34589480,1609979,1844864,0.4007492323149552
APP-42-009745,0.5131569168659639,D,DECLINE,,0,0,0,0.0
APP-42-009746,0.21041905302452116,D,DECLINE,,0,0,0,0.0
APP-42-009747,0.07383854499022603,B,APPROVE,0.18,46147825,2214867,2511393,0.4001807454252914
APP-42-009748,0.13142483432924945,C,REVIEW,0.22,67696300,5783034,4021411,0.28173139393132485
APP-42-009749,0.2963874985229417,D,DECLINE,,0,0,0,0.0
APP-42-009750,0.05000272551041998,B,APPROVE,0.18,62966596,2046526,4529800,0.6851171251327957
APP-42-009751,0.1655697780721664,C,REVIEW,0.22,74726998,8042146,2816904,0.14768775932243774
APP-42-009752,0.0687276624407133,B,APPROVE,0.18,25979940,1160601,1347192,0.40090224980846195
APP-42-009753,0.29150224081970355,D,DECLINE,,0,0,0,0.0
APP-42-009754,0.14303616518679596,C,REVIEW,0.22,53291406,4954689,2689022,0.223321514558507
APP-42-009755,0.08960442951784285,B,APPROVE,0.18,21983581,1280387,787807,0.2290058096354663
APP-42-009756,0.07665380534942567,B,APPROVE,0.18,25668506,1278933,1194603,0.3332592746735962
APP-42-009757,0.18468474073258984,D,DECLINE,,0,0,0,0.0
APP-42-009758,0.36711200955005646,D,DECLINE,,0,0,0,0.0
APP-42-009759,0.043724433692047586,A,APPROVE,0.16,12540565,356414,422237,0.34767737034010004
APP-42-009760,0.15524867123872543,C,REVIEW,0.22,53841988,5433283,2293015,0.17611150597169248
APP-42-009761,0.07883953394574406,B,APPROVE,0.18,77779430,3985861,4219876,0.3807556158570355
APP-42-009762,0.18661032041880604,D,DECLINE,,0,0,0,0.0
APP-42-009763,0.19613951454173553,D,DECLINE,,0,0,0,0.0
APP-42-009764,0.07470935872530624,B,APPROVE,0.18,41795041,2029612,2217842,0.38698861765122583
APP-42-009765,0.1826773837442427,D,DECLINE,,0,0,0,0.0
APP-42-009766,0.09104611707655261,B,APPROVE,0.18,114484644,6775198,5468112,0.3016093694703876
APP-42-009767,0.17520024931028294,C,REVIEW,0.22,76029457,8658247,2396172,0.1177036185926018
APP-42-009768,0.031247379660614336,A,APPROVE,0.16,77895825,1582126,5078498,0.808667006782973
APP-42-009769,0.19527563642714116,D,DECLINE,,0,0,0,0.0
APP-42-009770,0.10557629121752082,C,REVIEW,0.22,53637353,3680841,4014762,0.42228747090661206
APP-42-009771,0.28495198006504147,D,DECLINE,,0,0,0,0.0
APP-42-009772,0.12600178881816956,C,REVIEW,0.22,13895494,1138057,596267,0.21055115480743045
APP-42-009773,0.02574413656219616,A,APPROVE,0.16,66066775,1105541,4490469,0.925154035625068
APP-42-009774,0.1057182761698017,C,REVIEW,0.22,30623361,2104342,2139162,0.3936902299503886
APP-42-009775,0.4137388297949228,D,DECLINE,,0,0,0,0.0
APP-42-009776,0.15578147113934515,C,REVIEW,0.22,27858593,2820904,1007885,0.1491802943288003
APP-42-009777,0.026250068441321314,A,APPROVE,0.16,11656162,198884,500171,0.5788919752235581
APP-42-009778,0.1446508692320568,C,REVIEW,0.22,38648998,3633897,1813452,0.2057525506678177
APP-42-009779,0.2988266300439826,D,DECLINE,,0,0,0,0.0
APP-42-009780,0.09248497415742853,B,APPROVE,0.18,61048998,3669975,2695415,0.2755510107364749
APP-42-009781,0.16319770288196145,C,REVIEW,0.22,38928140,4129439,1359782,0.13852705216128852
APP-42-009782,0.09818446848278532,B,APPROVE,0.18,27418267,1749831,916178,0.19932546660080724
APP-42-009783,0.07291004621833913,B,APPROVE,0.18,21488413,1018369,995357,0.34366798133409165
APP-42-009784,0.06473551562844498,B,APPROVE,0.18,37372341,1572557,2188401,0.4716374540221628
APP-42-009785,0.11961892250986253,C,REVIEW,0.22,28196203,2192320,1687111,0.30605255181057683
APP-42-009786,0.20363492254347335,D,DECLINE,,0,0,0,0.0
APP-42-009787,0.16244074744961126,C,REVIEW,0.22,49747239,5252636,1859450,0.1488135748501349
APP-42-009788,0.15558788912190208,C,REVIEW,0.22,35944086,3635102,1406511,0.1615200150933994
APP-42-009789,0.06190453118618347,B,APPROVE,0.18,30715749,1235939,1792794,0.4844724409085056
APP-42-009790,0.09230540052212059,B,APPROVE,0.18,48594157,2915577,2079780,0.2674985912667579
APP-42-009791,0.06194350593825279,B,APPROVE,0.18,102606131,4131259,6805415,0.5502987904661715
APP-42-009792,0.04194169274228107,A,APPROVE,0.16,17185380,468510,728175,0.44826352435451916
APP-42-009793,0.09071573936999783,B,APPROVE,0.18,31607618,1863750,1263087,0.2530321841970113
APP-42-009794,0.15957763406608505,C,REVIEW,0.22,17318007,1796318,451383,0.105331431545787
APP-42-009795,0.07821821201767701,B,APPROVE,0.18,40876757,2078249,2068194,0.3571042244881975
APP-42-009796,0.13076357359521495,C,REVIEW,0.22,89409044,7599440,5461917,0.29091058948307635
APP-42-009797,0.23475454184789557,D,DECLINE,,0,0,0,0.0
APP-42-009798,0.16117688943063685,C,REVIEW,0.22,8212069,860337,21473,0.010479001133308916
APP-42-009799,0.13420407943631954,C,REVIEW,0.22,15967896,1392922,652262,0.1904660908308115
APP-42-009800,0.11620391868442193,C,REVIEW,0.22,20930838,1580960,1208666,0.3022305803774334
APP-42-009801,0.24503015252032206,D,DECLINE,,0,0,0,0.0
APP-42-009802,0.09373530113445352,B,APPROVE,0.18,60424780,3681558,2615168,0.26739668398464106
APP-42-009803,0.13991801821971914,C,REVIEW,0.22,100553705,9145029,5588027,0.2504470848832957
APP-42-009804,0.3584144276675978,D,DECLINE,,0,0,0,0.0
APP-42-009805,0.13589550533890746,C,REVIEW,0.22,36456001,3220234,1898166,0.24031343295981114
APP-42-009806,0.023759648140629756,A,APPROVE,0.16,24652514,380728,1487998,0.8514739191585863
APP-42-009807,0.07654303065635776,B,APPROVE,0.18,55842269,2778319,3014331,0.38693245965181566
APP-42-009808,0.21744412846220398,D,DECLINE,,0,0,0,0.0
APP-42-009809,0.035977680656236626,A,APPROVE,0.16,36253482,847806,2065008,0.6564436556327526
APP-42-009810,0.18701556097438501,D,DECLINE,,0,0,0,0.0
APP-42-009811,0.09939011624179069,B,APPROVE,0.18,40450505,2613247,1486308,0.21715320317171044
APP-42-009812,0.47340076950744275,D,DECLINE,,0,0,0,0.0
APP-42-009813,0.18015432822233687,D,DECLINE,,0,0,0,0.0
APP-42-009814,0.25537175943863094,D,DECLINE,,0,0,0,0.0
APP-42-009815,0.6174824289133501,D,DECLINE,,0,0,0,0.0
APP-42-009816,0.1602748139213817,C,REVIEW,0.22,29006761,3021885,979130,0.1359139602772708
APP-42-009817,0.12266956463587594,C,REVIEW,0.22,55351684,4413479,3539274,0.3205566735349689
APP-42-009818,0.12992080203932208,C,REVIEW,0.22,53915409,4553077,3184235,0.2827221834865749
APP-42-009819,0.017191538786589286,A,APPROVE,0.16,13953839,155927,749918,0.8619672549306099
APP-42-009820,0.04230755167036422,A,APPROVE,0.16,37024512,1018171,1964035,0.5583894385209001
APP-42-009821,0.18074798303029593,D,DECLINE,,0,0,0,0.0
APP-42-009822,0.13160718266882282,C,REVIEW,0.22,46213412,3953311,2628701,0.2694677665793873
APP-42-009823,0.06793125024474242,B,APPROVE,0.18,30971371,1367551,1689300,0.4250928416240113
APP-42-009824,0.09551327766631876,B,APPROVE,0.18,21796554,1353209,694412,0.19406296469218637
APP-42-009825,0.1042459556733956,C,REVIEW,0.22,68975294,4673757,5322537,0.43964198642268276
APP-42-009826,0.15038029076318543,C,REVIEW,0.22,17918252,1751459,586279,0.13894028353559443
APP-42-009827,0.2044520962580343,D,DECLINE,,0,0,0,0.0
APP-42-009828,0.04338704592682819,A,APPROVE,0.16,26896780,758532,1312179,0.5060592435486247
APP-42-009829,0.04743592074211448,A,APPROVE,0.16,51978287,1602665,2725381,0.5157349672384806
APP-42-009830,0.03428690539483223,A,APPROVE,0.16,21909484,488285,1133568,0.6117639014824348
APP-42-009831,0.06110790887745423,B,APPROVE,0.18,29014085,1152444,1689106,0.4874130560271733
APP-42-009832,0.10479152078803032,C,REVIEW,0.22,65823026,4483502,5039952,0.4344814604979291
APP-42-009833,0.09154765104298199,B,APPROVE,0.18,33603661,1999619,1346784,0.2520470689962119
APP-42-009834,0.17422818163302256,C,REVIEW,0.22,28416070,3218072,694338,0.0916886153402677
APP-42-009835,0.18322391829032694,D,DECLINE,,0,0,0,0.0
APP-42-009836,0.1711688515242046,C,REVIEW,0.22,40510634,4507203,1219392,0.11466020244760962
APP-42-009837,0.07338826284031467,B,APPROVE,0.18,41957738,2001484,2263868,0.3984786749894294
APP-42-009838,0.03532349572540364,A,APPROVE,0.16,15649198,359310,699118,0.5199497358883783
APP-42-009839,0.1242897634942085,C,REVIEW,0.22,43585580,3521207,2666630,0.3035146284453727
APP-42-009840,0.08195711231776474,B,APPROVE,0.18,46102251,2455965,2265283,0.3352984381106065
APP-42-009841,0.16808783812324904,C,REVIEW,0.22,53510987,5846455,1830193,0.13230295959164473
APP-42-009842,0.30818100382500657,D,DECLINE,,0,0,0,0.0
APP-42-009843,0.1321617418887954,C,REVIEW,0.22,61293368,5265415,3578590,0.27564587290479
APP-42-009844,0.08539249594691052,B,APPROVE,0.18,32161777,1785143,1402652,0.2888042095847795
APP-42-009845,0.0351280106940136,A,APPROVE,0.16,58660791,1339414,3590057,0.7144023381421793
APP-42-009846,0.08899667495521578,B,APPROVE,0.18,60703913,3511590,2815840,0.2979303672469179
APP-42-009847,0.22964558382106942,D,DECLINE,,0,0,0,0.0
APP-42-009848,0.09529850410779883,B,APPROVE,0.18,98140814,6079237,4366252,0.2714637623141819
APP-42-009849,0.18843953996907614,D,DECLINE,,0,0,0,0.0
APP-42-009850,0.07721464733511366,B,APPROVE,0.18,24478321,1228555,1114060,0.32420874538707545
APP-42-009851,0.062158996016090214,B,APPROVE,0.18,40360125,1630684,2458930,0.5043158171801152
APP-42-009852,0.09886085291782712,B,APPROVE,0.18,56862102,3653933,2250898,0.23490038524080747
APP-42-009853,0.10727965350891122,C,REVIEW,0.22,46066674,3212311,3347690,0.4049320438106388
APP-42-009854,0.15889229826751594,C,REVIEW,0.22,30333936,3132889,1067202,0.14269052392541723
APP-42-009855,0.15663801099125088,C,REVIEW,0.22,29583862,3012072,1075507,0.14922056299024766
APP-42-009856,0.28045390323200436,D,DECLINE,,0,0,0,0.0
APP-42-009857,0.04543400754100385,A,APPROVE,0.16,16082282,474944,622462,0.39070431730854344
APP-42-009858,0.07599072697927683,B,APPROVE,0.18,72588210,3585420,4049283,0.40193914366014305
APP-42-009859,0.13829222250154116,C,REVIEW,0.22,56088842,5041823,3021503,0.24510866418947513
APP-42-009860,0.055883004178417656,B,APPROVE,0.18,32014909,1162908,2008732,0.5569889694794402
APP-42-009861,0.06547127217093428,B,APPROVE,0.18,55939615,2380585,3422773,0.4890546603188295
APP-42-009862,0.1811222646615822,D,DECLINE,,0,0,0,0.0
APP-42-009863,0.08215419942220417,B,APPROVE,0.18,64990041,3470483,3328421,0.3488703653970863
APP-42-009864,0.22131235736348592,D,DECLINE,,0,0,0,0.0
APP-42-009865,0.10191976404399891,C,REVIEW,0.22,40666458,2694065,3055903,0.43563726382758966
APP-42-009866,0.07645524291493323,B,APPROVE,0.18,47235043,2347388,2498466,0.37946517045544836
APP-42-009867,0.16000653521869582,C,REVIEW,0.22,43856834,4561297,1667228,0.15328200657016486
APP-42-009868,0.158586260653259,C,REVIEW,0.22,19327932,1992344,556846,0.11703840116067064
APP-42-009869,0.10217952087517826,C,REVIEW,0.22,38678513,2568899,2882878,0.4312498017521884
APP-42-009870,0.13185459617234044,C,REVIEW,0.22,52270440,4479864,3010702,0.2724483311060135
APP-42-009871,0.1379041747560444,C,REVIEW,0.22,53971661,4837896,2907853,0.24570651794318354
APP-42-009872,0.058833784833431005,B,APPROVE,0.18,42390058,1621079,2691827,0.545151525577641
APP-42-009873,0.09817917730202792,B,APPROVE,0.18,58616666,3740708,2357125,0.23988446994232315
APP-42-009874,0.16634792159483333,C,REVIEW,0.22,14854007,1606107,271994,0.0714576434433994
APP-42-009875,0.08569454273097565,B,APPROVE,0.18,17136837,954547,580505,0.22373882517920635
APP-42-009876,0.08339202112612489,B,APPROVE,0.18,99220395,5378223,5186020,0.35218527659120735
APP-42-009877,0.11169414498678165,C,REVIEW,0.22,35557028,2581483,2402072,0.3647656171599097
APP-42-009878,0.056781228330582065,B,APPROVE,0.18,49008262,1808787,3232122,0.579450887658676
APP-42-009879,0.061418079687599964,B,APPROVE,0.18,17291232,690296,861739,0.41584878642693857
APP-42-009880,0.11342590141332945,C,REVIEW,0.22,14175752,1045133,731229,0.27517794336282125
APP-42-009881,0.22130354330296062,D,DECLINE,,0,0,0,0.0
APP-42-009882,0.06087259968923745,B,APPROVE,0.18,127443724,5042590,8626220,0.5681525368649472
APP-42-009883,0.1195714499858099,C,REVIEW,0.22,16415973,1275873,836523,0.26073018559393896
APP-42-009884,0.05768214464497111,B,APPROVE,0.18,65547459,2457597,4402624,0.5841276601743197
APP-42-009885,0.16424730581935942,C,REVIEW,0.22,25573670,2730264,755786,0.11657118056716828
APP-42-009886,0.0753317342030988,B,APPROVE,0.18,44382329,2173209,2358848,0.3853249322686008
APP-42-009887,0.3251553977950805,D,DECLINE,,0,0,0,0.0
APP-42-009888,0.1186098691108611,C,REVIEW,0.22,43072315,3320721,2790126,0.3335741895289618
APP-42-009889,0.08680054185577828,B,APPROVE,0.18,64714743,3651229,3117393,0.3151732234848982
APP-42-009890,0.22321365436234408,D,DECLINE,,0,0,0,0.0
APP-42-009891,0.06770142705077645,B,APPROVE,0.18,58073230,2555566,3482489,0.4684503558496304
APP-42-009892,0.17299807250323337,C,REVIEW,0.22,50030151,5625828,1528695,0.11534828426756871
APP-42-009893,0.08895013594312388,B,APPROVE,0.18,36497504,2110198,1554528,0.27367023098139753
APP-42-009894,0.20312610456098318,D,DECLINE,,0,0,0,0.0
APP-42-009895,0.10070229528048794,C,REVIEW,0.22,21743970,1423284,1488312,0.40047918112702385
APP-42-009896,0.12232866758170081,C,REVIEW,0.22,62151058,4941856,4030802,0.3258594964702766
APP-42-009897,0.09764459069208684,B,APPROVE,0.18,60359895,3830981,2458607,0.2439976021920937
APP-42-009898,0.17613469117396596,C,REVIEW,0.22,95236681,10903414,3032088,0.11836558974660365
APP-42-009899,0.1258791392240649,C,REVIEW,0.22,30192856,2470423,1708505,0.2778708151264211
APP-42-009900,0.05125501261888575,B,APPROVE,0.18,34229763,1140391,2274883,0.6232605928141964
APP-42-009901,0.09435946160420189,B,APPROVE,0.18,30343355,1861069,1126700,0.22826775430847626
APP-42-009902,0.14539512845612365,C,REVIEW,0.22,74028014,6996153,3758049,0.22166898269926708
APP-42-009903,0.07321683445880259,B,APPROVE,0.18,35480677,1688559,1864316,0.3886950784381855
APP-42-009904,0.09294741241948973,B,APPROVE,0.18,32806288,1982019,1276673,0.24196418327861088
APP-42-009905,0.09444157159772762,B,APPROVE,0.18,60023213,3684646,2567907,0.2628299959014351
APP-42-009906,0.060219817473667565,B,APPROVE,0.18,28426034,1112677,1664187,0.49494090013091313
APP-42-009907,0.07249394439293899,B,APPROVE,0.18,75499616,3557622,4397336,0.43386641712516427
APP-42-009908,0.10333368137560565,C,REVIEW,0.22,36121778,2426188,2642079,0.419561023444649
APP-42-009909,0.14950211415062994,C,REVIEW,0.22,89521008,8699327,4378824,0.20871924627345234
APP-42-009910,0.1825816664607363,D,DECLINE,,0,0,0,0.0
APP-42-009911,0.22383336943429213,D,DECLINE,,0,0,0,0.0
APP-42-009912,0.14213830704689065,C,REVIEW,0.22,26705740,2467341,1188520,0.19799067289099898
APP-42-009913,0.06759079141266393,B,APPROVE,0.18,46088851,2024868,2694905,0.45728364358058127
APP-42-009914,0.06193559649754697,B,APPROVE,0.18,67975515,2736568,4390739,0.5359686832868001
APP-42-009915,0.23966811087286052,D,DECLINE,,0,0,0,0.0
APP-42-009916,0.08572857806868274,B,APPROVE,0.18,20203988,1125838,746600,0.24400004415109564
APP-42-009917,0.07390875926802892,B,APPROVE,0.18,84637163,4066028,4894060,0.4249222354408085
APP-42-009918,0.5005933411483654,D,DECLINE,,0,0,0,0.0
APP-42-009919,0.18025491368002106,D,DECLINE,,0,0,0,0.0
APP-42-009920,0.10179303006753686,C,REVIEW,0.22,27867602,1843873,1986267,0.4135945859267149
APP-42-009921,0.08265765172546025,B,APPROVE,0.18,38790880,2084136,1832861,0.32043541363866146
APP-42-009922,0.19824585967695071,D,DECLINE,,0,0,0,0.0
APP-42-009923,0.046198336892744996,A,APPROVE,0.16,102965817,3091952,5824971,0.5653919354997161
APP-42-009924,0.10202883018077824,C,REVIEW,0.22,62017056,4112893,4839665,0.45203192274373777
APP-42-009925,0.20907836788131245,D,DECLINE,,0,0,0,0.0
APP-42-009926,0.06971649019412142,B,APPROVE,0.18,100046290,4533670,6121422,0.46838572751825286
APP-42-009927,0.14710401737180187,C,REVIEW,0.22,62750947,6000096,3062546,0.21106120034495104
APP-42-009928,0.1749652322378686,C,REVIEW,0.22,58631954,6668060,1776733,0.1133019774235654
APP-42-009929,0.3110409833128048,D,DECLINE,,0,0,0,0.0
APP-42-009930,0.18028978986881927,D,DECLINE,,0,0,0,0.0
APP-42-009931,0.3922619562005467,D,DECLINE,,0,0,0,0.0
APP-42-009932,0.1735052529779728,C,REVIEW,0.22,28990606,3269515,729076,0.0947017983858753
APP-42-009933,0.04883680995422619,A,APPROVE,0.16,51670426,1640222,2660116,0.49747261520799513
APP-42-009934,0.12314514424510176,C,REVIEW,0.22,73527660,5885473,4793676,0.3258332276383223
APP-42-009935,0.06192595416550871,B,APPROVE,0.18,9820840,395307,334985,0.2830586861492454
APP-42-009936,0.0827275875052093,B,APPROVE,0.18,38608681,2076102,1820853,0.31964128417530574
APP-42-009937,0.18172253586072476,D,DECLINE,,0,0,0,0.0
APP-42-009938,0.1598114139160238,C,REVIEW,0.22,60087856,6241771,2421407,0.1626518256796821
APP-42-009939,0.05380307680097389,B,APPROVE,0.18,20952226,732741,1222004,0.5304821651968892
APP-42-009940,0.30037752639054577,D,DECLINE,,0,0,0,0.0
APP-42-009941,0.040565283239411214,A,APPROVE,0.16,20649273,544468,963966,0.5034009054286079
APP-42-009942,0.23791296316888938,D,DECLINE,,0,0,0,0.0
APP-42-009943,0.14470256442825086,C,REVIEW,0.22,54467997,5123078,2697121,0.21707429663110103
APP-42-009944,0.12080015253528328,C,REVIEW,0.22,36166624,2839807,2235187,0.3136541197240616
APP-42-009945,0.14971717017868175,C,REVIEW,0.22,68299427,6646638,3248276,0.2026973316833071
APP-42-009946,0.08767069894273713,B,APPROVE,0.18,183496903,10456746,9377913,0.3319219525396549
APP-42-009947,0.16769129217569845,C,REVIEW,0.22,55678374,6068906,1932850,0.13455323513529804
APP-42-009948,0.05175115096073461,B,APPROVE,0.18,12082080,406420,572609,0.44178577373732686
APP-42-009949,0.08430988433377741,B,APPROVE,0.18,40511139,2220068,1886157,0.3112171739914938
APP-42-009950,0.07283535918109227,B,APPROVE,0.18,22474574,1064013,1058190,0.34958254146291434
APP-42-009951,0.23654972960911969,D,DECLINE,,0,0,0,0.0
APP-42-009952,0.06644093693276677,B,APPROVE,0.18,43375654,1873247,2548075,0.4648480850286324
APP-42-009953,0.13610281067412833,C,REVIEW,0.22,21196346,1875174,954278,0.2075330067646514
APP-42-009954,0.039380597676688806,A,APPROVE,0.16,91864487,2351491,5566313,0.6644311631032235
APP-42-009955,0.045120162607278906,A,APPROVE,0.16,47205154,1384438,2514026,0.5398286528294626
APP-42-009956,0.12817840536836678,C,REVIEW,0.22,82053447,6836362,5121655,0.3020758939339584
APP-42-009957,0.18053553574406325,D,DECLINE,,0,0,0,0.0
APP-42-009958,0.1720815398161625,C,REVIEW,0.22,56980480,6373438,1823634,0.12136449096134307
APP-42-009959,0.046032469241133994,A,APPROVE,0.16,10762488,322026,296598,0.27602086859510866
APP-42-009960,0.2870415889814057,D,DECLINE,,0,0,0,0.0
APP-42-009961,0.09358155291543341,B,APPROVE,0.18,90401413,5498938,4095217,0.2802269290286022
APP-42-009962,0.08034365030037885,B,APPROVE,0.18,38051505,1987178,1848488,0.3363078057509897
APP-42-009963,0.07277602231839267,B,APPROVE,0.18,40356035,1909019,2180145,0.401331632086227
APP-42-009964,0.09894926791655315,B,APPROVE,0.18,54430198,3500788,2136533,0.23276866221688255
APP-42-009965,0.09014272787193674,B,APPROVE,0.18,53730137,3148198,2412117,0.28560636030592734
APP-42-009966,0.08872714103830052,B,APPROVE,0.18,48952439,2823216,2211552,0.2908202964496845
APP-42-009967,0.24699838448422498,D,DECLINE,,0,0,0,0.0
APP-42-009968,0.4720338887415295,D,DECLINE,,0,0,0,0.0
APP-42-009969,0.049083119570260604,A,APPROVE,0.16,53402616,1703759,2752477,0.49651239507157174
APP-42-009970,0.3250633306852798,D,DECLINE,,0,0,0,0.0
APP-42-009971,0.05520012377503646,B,APPROVE,0.18,50743398,1820677,3411097,0.6014886699897518
APP-42-009972,0.06917569392785201,B,APPROVE,0.18,36716165,1650913,2037865,0.42718306436075093
APP-42-009973,0.17491736115043546,C,REVIEW,0.22,59680733,6785478,1816632,0.11383703024681523
APP-42-009974,0.06193415414588504,B,APPROVE,0.18,52768407,2124308,3330216,0.5236722167421433
APP-42-009975,0.2167086924597836,D,DECLINE,,0,0,0,0.0
APP-42-009976,0.3270402496437151,D,DECLINE,,0,0,0,0.0
APP-42-009977,0.1702629559683597,C,REVIEW,0.22,21357746,2363681,489980,0.0877838042488325
APP-42-009978,0.03147978647377424,A,APPROVE,0.16,17966852,367635,899381,0.6185802971533091
APP-42-009979,0.1335611717633208,C,REVIEW,0.22,52299911,4540404,2954582,0.2644440968792347
APP-42-009980,0.07804718706227248,B,APPROVE,0.18,99708253,5058267,5559641,0.39416483777706013
APP-42-009981,0.22610324326317774,D,DECLINE,,0,0,0,0.0
APP-42-009982,0.1609279588748388,C,REVIEW,0.22,94008929,9833632,3917707,0.16722598242497105
APP-42-009983,0.15974302012699554,C,REVIEW,0.22,42672238,4430785,1620051,0.15329110271300184
APP-42-009984,0.14792485934106356,C,REVIEW,0.22,73905033,7106055,3629700,0.21141861459553968
APP-42-009985,0.3293116518673925,D,DECLINE,,0,0,0,0.0
APP-42-009986,0.16416931989754163,C,REVIEW,0.22,24329512,2596204,703223,0.11405614295134932
APP-42-009987,0.09011740884702044,B,APPROVE,0.18,76363635,4473100,3576899,0.2980564206073912
APP-42-009988,0.056655755413145624,B,APPROVE,0.18,43782270,1612336,2853713,0.5734996215125555
APP-42-009989,0.09699548201877843,B,APPROVE,0.18,119679400,7545435,5269299,0.26508135886837736
APP-42-009990,0.13868449138049943,C,REVIEW,0.22,27116960,2444456,1273088,0.2131193593388037
APP-42-009991,0.30268739435382225,D,DECLINE,,0,0,0,0.0
APP-42-009992,0.036470334445360866,A,APPROVE,0.16,22310638,528890,1129068,0.5789482701484199
APP-42-009993,0.3106240579457542,D,DECLINE,,0,0,0,0.0
APP-42-009994,0.13336280717600887,C,REVIEW,0.22,43576407,3777457,2409004,0.2590892760951018
APP-42-009995,0.10878408380729863,C,REVIEW,0.22,101402180,7170113,7690214,0.41803016251052816
APP-42-009996,0.19575010983214808,D,DECLINE,,0,0,0,0.0
APP-42-009997,0.07192975711060604,B,APPROVE,0.18,50761527,2373322,2860446,0.42207495753519625
APP-42-009998,0.06887828498487919,B,APPROVE,0.18,44412672,1988395,2546999,0.44270261892943613
APP-42-009999,0.24743538819876815,D,DECLINE,,0,0,0,0.0
APP-42-010000,0.11001796585640934,C,REVIEW,0.22,61870588,4424470,4506119,0.397934749737027
APP-42-010001,0.1428375028434292,C,REVIEW,0.22,49498138,4595624,2479097,0.22191912214447582
APP-42-010002,0.033642190579217815,A,APPROVE,0.16,54178326,1184740,3341309,0.7365204554473339
APP-42-010003,0.09012101657250784,B,APPROVE,0.18,64897685,3801619,2987126,0.292879989487998
APP-42-010004,0.26809409898090175,D,DECLINE,,0,0,0,0.0
APP-42-010005,0.17105829125887037,C,REVIEW,0.22,35054785,3897668,1010550,0.10987195245606061
APP-42-010006,0.0906888464532688,B,APPROVE,0.18,23851367,1405984,867666,0.2303931295073953
APP-42-010007,0.08728613961308132,B,APPROVE,0.18,62356097,3537835,2971336,0.3104871998282112
APP-42-010008,0.07976792279013034,B,APPROVE,0.18,26241865,1360618,1175987,0.3118574375961075
APP-42-010009,0.22643580715365794,D,DECLINE,,0,0,0,0.0
APP-42-010010,0.1336372469380492,C,REVIEW,0.22,47135546,4094392,2625940,0.26065974432860556
APP-42-010011,0.2786045126275978,D,DECLINE,,0,0,0,0.0
APP-42-010012,0.11483832372145884,C,REVIEW,0.22,51966884,3879063,3565969,0.362513054244954
APP-42-010013,0.1679419299508048,C,REVIEW,0.22,51090988,5577207,1736441,0.13156793514332382
APP-42-010014,0.10970979401744288,C,REVIEW,0.22,82684352,5896334,6156319,0.40770208394228247
APP-42-010015,0.19295358826920292,D,DECLINE,,0,0,0,0.0
APP-42-010016,0.07023711653203027,B,APPROVE,0.18,27804884,1269408,1439130,0.39417292563250134
APP-42-010017,0.06259890170401669,B,APPROVE,0.18,104174309,4238778,6870396,0.5433492846535407
APP-42-010018,0.263518054239735,D,DECLINE,,0,0,0,0.0
APP-42-010019,0.13861142980871743,C,REVIEW,0.22,61375531,5529778,3326552,0.24614549409188724
APP-42-010020,0.10980878237464621,C,REVIEW,0.22,58084057,4145791,4216818,0.39725296101673785
APP-42-010021,0.05948323080170476,B,APPROVE,0.18,43797413,1693388,2774328,0.5398920325743848
APP-42-010022,0.12149476923496955,C,REVIEW,0.22,52658731,4158544,3390265,0.325254057165973
APP-42-010023,0.057315815640240984,B,APPROVE,0.18,54206792,2019489,3593258,0.5788807965434929
APP-42-010024,0.15698312817243543,C,REVIEW,0.22,91928644,9380310,4058987,0.1808997691501606
APP-42-010025,0.4179220074492694,D,DECLINE,,0,0,0,0.0
APP-42-010026,0.10201247478514626,C,REVIEW,0.22,22999630,1525062,1574883,0.39668495065637804
APP-42-010027,0.4580982203680993,D,DECLINE,,0,0,0,0.0
APP-42-010028,0.03453911641827295,A,APPROVE,0.16,56338770,1264829,3455660,0.7224563141515667
APP-42-010029,0.06028589605238174,B,APPROVE,0.18,64914453,2543727,4246863,0.5526867952842763
APP-42-010030,0.0973999745748724,B,APPROVE,0.18,54355630,3441254,2187865,0.24157333519799862
APP-42-010031,0.07198676924361808,B,APPROVE,0.18,48597002,2273922,2721748,0.41926437847546927
APP-42-010032,0.08998793765977839,B,APPROVE,0.18,60934902,3564214,2788625,0.2915196001717874
APP-42-010033,0.2607623001417485,D,DECLINE,,0,0,0,0.0
APP-42-010034,0.21574840997038833,D,DECLINE,,0,0,0,0.0
APP-42-010035,0.07792852380637191,B,APPROVE,0.18,16406002,831022,623638,0.26900848459839183
APP-42-010036,0.03485723124897618,A,APPROVE,0.16,62964607,1426602,3890213,0.7241933466182617
APP-42-010037,0.16666690864444816,C,REVIEW,0.22,29277514,3171735,869892,0.11576067295552778
APP-42-010038,0.20292306123413834,D,DECLINE,,0,0,0,0.0
APP-42-010039,0.05806098346162009,B,APPROVE,0.18,26582289,1003206,1570846,0.5117255672277341
APP-42-010040,0.13959379766427749,C,REVIEW,0.22,62662450,5685738,3363629,0.24237178757259764
APP-42-010041,0.19016730909831145,D,DECLINE,,0,0,0,0.0
APP-42-010042,0.17458543100248744,C,REVIEW,0.22,41949632,4760466,1181978,0.10554397234432009
APP-42-010043,0.16214967633276275,C,REVIEW,0.22,29846555,3145746,981237,0.13108761750426268
APP-42-010044,0.05666378549390686,B,APPROVE,0.18,62848232,2314792,4248513,0.5947372058884302
APP-42-010045,0.26618856556104536,D,DECLINE,,0,0,0,0.0
APP-42-010046,0.04724901505109537,A,APPROVE,0.16,49601909,1523367,2590805,0.5149876222716482
APP-42-010047,0.03948526879334343,A,APPROVE,0.16,23125990,593538,1137801,0.5387017461810021
APP-42-010048,0.12186316539949467,C,REVIEW,0.22,35835642,2838579,2186767,0.30753693969788054
APP-42-010049,0.04053171130971726,A,APPROVE,0.16,17543754,462201,766737,0.4715038305866628
APP-42-010050,0.22912326314388917,D,DECLINE,,0,0,0,0.0
APP-42-010051,0.20593524495679605,D,DECLINE,,0,0,0,0.0
APP-42-010052,0.022197794017142853,A,APPROVE,0.16,38936008,561791,2592450,0.9669633813089547
APP-42-010053,0.11256469701648569,C,REVIEW,0.22,11042193,807925,498404,0.2422334031192788
APP-42-010054,0.03930627366996475,A,APPROVE,0.16,13755367,351437,536546,0.4281789028170016
APP-42-010055,0.24680736535031725,D,DECLINE,,0,0,0,0.0
APP-42-010056,0.17190426778237392,C,REVIEW,0.22,46881971,5238487,1443809,0.11688625275708818
APP-42-010057,0.15106950482170656,C,REVIEW,0.22,31885844,3131036,1301840,0.17271501462025057
APP-42-010058,0.1151821424782035,C,REVIEW,0.22,33763460,2527816,2186703,0.3413432524705288
APP-42-010059,0.05997378608666176,B,APPROVE,0.18,22789262,888393,1268426,0.4718220975784399
APP-42-010060,0.1676094651879809,C,REVIEW,0.22,54075458,5891313,1870006,0.13409244852136165
APP-42-010061,0.3227769481114636,D,DECLINE,,0,0,0,0.0
APP-42-010062,0.18947801782177692,D,DECLINE,,0,0,0,0.0
APP-42-010063,0.1721149478257275,C,REVIEW,0.22,93912528,10506437,3230442,0.1304207987915537
APP-42-010064,0.05877923559173752,B,APPROVE,0.18,31735097,1212487,1928374,0.5219751641473188
APP-42-010065,0.13162602268913448,C,REVIEW,0.22,41864571,3581804,2347882,0.26565192007565314
APP-42-010066,0.039590147623191144,A,APPROVE,0.16,14725578,378942,596360,0.4427624375536792
APP-42-010067,0.08308567708974358,B,APPROVE,0.18,33945715,1833262,1550767,0.308650119499138
APP-42-010068,0.14219843973444715,C,REVIEW,0.22,43749227,4043697,2168687,0.2204541491535169
APP-42-010069,0.06856553883755404,B,APPROVE,0.18,88259310,3933506,5425018,0.47598805135861866
APP-42-010070,0.07147128201149225,B,APPROVE,0.18,84043965,3904374,4990462,0.44675335467191973
APP-42-010071,0.10596467619796619,C,REVIEW,0.22,25811045,1777788,1743868,0.3800918349679512
APP-42-010072,0.17009229187185226,C,REVIEW,0.22,30265053,3346104,843654,0.10675367366027873
APP-42-010073,0.09124344675963489,B,APPROVE,0.18,43417157,2574995,1850892,0.2687641920376126
APP-42-010074,0.04466807013443257,A,APPROVE,0.16,130378589,3785444,7598629,0.5942914370913334
APP-42-010075,0.15201229088335422,C,REVIEW,0.22,48320864,4774487,2123642,0.18495710273749408
APP-42-010076,0.13993939883082934,C,REVIEW,0.22,67640440,6152616,3643450,0.24272114132310066
APP-42-010077,0.2226437243860795,D,DECLINE,,0,0,0,0.0
APP-42-010078,0.08761161361155556,B,APPROVE,0.18,59189646,3370705,2790156,0.30630770886340414
APP-42-010079,0.12086501140458844,C,REVIEW,0.22,34410464,2703364,2108206,0.31080060165875023
APP-42-010080,0.14540368685656996,C,REVIEW,0.22,31511323,2978211,1398488,0.19378026472980978
APP-42-010081,0.0299356794320645,A,APPROVE,0.16,37507651,729831,2295858,0.7756358865725506
APP-42-010082,0.08441609416291841,B,APPROVE,0.18,31578982,1732753,1390935,0.2941495010585656
APP-42-010083,0.1429114594112684,C,REVIEW,0.22,117291397,10895485,6348224,0.23971280176564402
APP-42-010084,0.18593739052487215,D,DECLINE,,0,0,0,0.0
APP-42-010085,0.05754371178470872,B,APPROVE,0.18,54657070,2044361,3617917,0.5765600084600896
APP-42-010086,0.280267761380955,D,DECLINE,,0,0,0,0.0
APP-42-010087,0.03678053018328234,A,APPROVE,0.16,89005613,2127888,5532617,0.7078578726712853
APP-42-010088,0.049099138322551916,A,APPROVE,0.16,51497987,1643529,2641289,0.4939779570190613
APP-42-010089,0.05698651515394348,B,APPROVE,0.18,15361978,569027,770791,0.4398155204789558
APP-42-010090,0.17548958088257158,C,REVIEW,0.22,72816604,8306061,2266430,0.11607961466920473
APP-42-010091,0.2212573559783352,D,DECLINE,,0,0,0,0.0
APP-42-010092,0.0791644661063667,B,APPROVE,0.18,52491585,2701054,2723020,0.3629835569830583
APP-42-010093,0.13711668615854367,C,REVIEW,0.22,57686359,5141346,3161608,0.25111769454779614
APP-42-010094,0.30699208864931893,D,DECLINE,,0,0,0,0.0
APP-42-010095,0.04792880921058193,A,APPROVE,0.16,44636693,1390599,2276703,0.49854815419116844
APP-42-010096,0.2062113668754043,D,DECLINE,,0,0,0,0.0
APP-42-010097,0.07866986687067352,B,APPROVE,0.18,137389556,7025472,7737379,0.3958442287598775
APP-42-010098,0.08630097124284583,B,APPROVE,0.18,37740289,2117065,1684366,0.2932524448466608
APP-42-010099,0.07979909230434443,B,APPROVE,0.18,41161761,2135036,2042757,0.34526199978040184
APP-42-010100,0.11142699421934246,C,REVIEW,0.22,18227912,1320203,1063984,0.3157669685758248
APP-42-010101,0.07022517669365425,B,APPROVE,0.18,112936330,5155133,6917863,0.4665493966681282
APP-42-010102,0.2892573144179163,D,DECLINE,,0,0,0,0.0
APP-42-010103,0.1643068617155388,C,REVIEW,0.22,17243206,1841565,394916,0.09031067790299455
APP-42-010104,0.07491793884937104,B,APPROVE,0.18,102247916,4979132,5918139,0.4212743886220732
APP-42-010105,0.3050439945320436,D,DECLINE,,0,0,0,0.0
APP-42-010106,0.2741273282762663,D,DECLINE,,0,0,0,0.0
APP-42-010107,0.07075088811437621,B,APPROVE,0.18,37847050,1740513,2072662,0.41495506828042594
APP-42-010108,0.126932514068322,C,REVIEW,0.22,17226651,1421304,812693,0.23011554533096124
APP-42-010109,0.1797080917839884,C,REVIEW,0.22,38675667,4517715,933635,0.08822482581746796
APP-42-010110,0.1024062499118255,C,REVIEW,0.22,20823732,1386112,1387448,0.38484903314430097
APP-42-010111,0.20099906401582798,D,DECLINE,,0,0,0,0.0
APP-42-010112,0.03269852572013291,A,APPROVE,0.16,11086087,235624,412124,0.45056015412743966
APP-42-010113,0.11840801135351589,C,REVIEW,0.22,27884920,2146169,1686569,0.3118809686068937
APP-42-010114,0.09165819409761715,B,APPROVE,0.18,29006709,1728157,1112581,0.240996780230494
APP-42-010115,0.09014408690813701,B,APPROVE,0.18,36593831,2144166,1531155,0.2661912661989015
APP-42-010116,0.05073368333339538,B,APPROVE,0.18,23002120,758538,1421695,0.5833403224024293
APP-42-010117,0.07302007720267477,B,APPROVE,0.18,67498085,3203665,3871124,0.42505947603005684
APP-42-010118,0.06102118702730993,B,APPROVE,0.18,55782363,2212539,3573521,0.5368571424286205
APP-42-010119,0.10335644952330171,C,REVIEW,0.22,35099418,2358038,2556874,0.4177862950578282
APP-42-010120,0.0961509269155855,B,APPROVE,0.18,45731267,2858117,1822322,0.241511557704278
APP-42-010121,0.119071468797827,C,REVIEW,0.22,79926567,6186033,5452952,0.350241319983094
APP-42-010122,0.3462702614246262,D,DECLINE,,0,0,0,0.0
APP-42-010123,0.16987058897312415,C,REVIEW,0.22,35488394,3918482,1054777,0.1139498398848496
APP-42-010124,0.17352373449631073,C,REVIEW,0.22,22133166,2496409,473566,0.08056378922687694
APP-42-010125,0.14002695635691273,C,REVIEW,0.22,38904212,3540965,1944667,0.22512672921603472
APP-42-010126,0.11480033542867583,C,REVIEW,0.22,56257474,4197945,3890676,0.3654524785175883
APP-42-010127,0.11645113009135397,C,REVIEW,0.22,32782120,2481385,2085933,0.33246976133462874
APP-42-010128,0.15849447446951842,C,REVIEW,0.22,34127745,3515888,1253273,0.14925453532536584
APP-42-010129,0.0698930848846309,B,APPROVE,0.18,71588805,3252316,4272453,0.4560599225504618
APP-42-010130,0.1571291669005639,C,REVIEW,0.22,34798687,3554128,1315675,0.1547816481083066
APP-42-010131,0.2408008947771821,D,DECLINE,,0,0,0,0.0
APP-42-010132,0.05975515433831009,B,APPROVE,0.18,32659857,1268537,1974048,0.5136111194880787
APP-42-010133,0.11972342967114105,C,REVIEW,0.22,16787676,1306421,861731,0.26237489126029706
APP-42-010134,0.35193492129179577,D,DECLINE,,0,0,0,0.0
APP-42-010135,0.18782090237123092,D,DECLINE,,0,0,0,0.0
APP-42-010136,0.0782163958105451,B,APPROVE,0.18,101903260,5180829,5678530,0.3933102458764948
APP-42-010137,0.1314093701093207,C,REVIEW,0.22,46328996,3957242,2642108,0.27049592278539764
APP-42-010138,0.08024537567731294,B,APPROVE,0.18,30791955,1606093,1431022,0.3220220775903936
APP-42-010139,0.19312467666822064,D,DECLINE,,0,0,0,0.0
APP-42-010140,0.06875239253928053,B,APPROVE,0.18,31071792,1388569,1679328,0.41774229551141184
APP-42-010141,0.07882253470217578,B,APPROVE,0.18,57321280,2936836,3018505,0.3696194156979052
APP-42-010142,0.17606980835187494,C,REVIEW,0.22,35958709,4115308,928498,0.09602873413526898
APP-42-010143,0.15203845036352037,C,REVIEW,0.22,49257156,4867838,2170735,0.1854384318786802
APP-42-010144,0.12229271779277655,C,REVIEW,0.22,113640922,9033347,7662791,0.33887665256639843
APP-42-010145,0.1491363633622756,C,REVIEW,0.22,26718507,2590056,1067720,0.1708666646737717
APP-42-010146,0.03392559813854591,A,APPROVE,0.16,28531140,629158,1588644,0.6620558044225231
APP-42-010147,0.06077595613887312,B,APPROVE,0.18,28526208,1126910,1660973,0.48925993163652887
APP-42-010148,0.11313883081679879,C,REVIEW,0.22,44657601,3284131,3064509,0.36680656554207086
APP-42-010149,0.11327587470913443,C,REVIEW,0.22,57044183,4200124,4006503,0.37506994384117476
APP-42-010150,0.08677532848573544,B,APPROVE,0.18,20896484,1178645,769969,0.24113151719030063
APP-42-010151,0.0811532853404045,B,APPROVE,0.18,66597821,3513011,3462750,0.3573553117557329
APP-42-010152,0.2029535273642815,D,DECLINE,,0,0,0,0.0
APP-42-010153,0.07277770197392458,B,APPROVE,0.18,30746904,1454498,1577662,0.3811815453857331
APP-42-010154,0.27100334076438465,D,DECLINE,,0,0,0,0.0
APP-42-010155,0.11729628709272244,C,REVIEW,0.22,36649954,2794287,2353206,0.3335716978497931
APP-42-010156,0.08301198747054578,B,APPROVE,0.18,65692700,3544633,3331564,0.3428602303853483
APP-42-010157,0.12860762265150855,C,REVIEW,0.22,59692219,4989968,3613865,0.2922035858998293
APP-42-010158,0.13350475338280235,C,REVIEW,0.22,96886689,8407642,5775362,0.27912768961379053
APP-42-010159,0.14421794140785013,C,REVIEW,0.22,37203159,3487486,1742988,0.20595151350044175
APP-42-010160,0.21824081115188598,D,DECLINE,,0,0,0,0.0
APP-42-010161,0.09611627503782988,B,APPROVE,0.18,50767625,3171737,2062702,0.2463169363665367
APP-42-010162,0.2505939126124565,D,DECLINE,,0,0,0,0.0
APP-42-010163,0.1382876104272101,C,REVIEW,0.22,59090934,5311504,3202136,0.2465715009157206
APP-42-010164,0.34351324620729584,D,DECLINE,,0,0,0,0.0
APP-42-010165,0.2145897572952464,D,DECLINE,,0,0,0,0.0
APP-42-010166,0.10747371946419045,C,REVIEW,0.22,31350469,2190078,2162492,0.3838169014216726
APP-42-010167,0.20729475683946946,D,DECLINE,,0,0,0,0.0
APP-42-010168,0.12484764381574727,C,REVIEW,0.22,122926426,9975599,8113365,0.3262539200004646
APP-42-010169,0.10365608416905635,C,REVIEW,0.22,22922664,1544448,1543952,0.3854288554954286
APP-42-010170,0.048659049031576335,A,APPROVE,0.16,52698923,1666782,2726121,0.5009852556166653
APP-42-010171,0.13397997062095865,C,REVIEW,0.22,33303032,2900261,1745194,0.24467710756982938
APP-42-010172,0.1306914769302547,C,REVIEW,0.22,70344550,5975732,4225951,0.2862093342968764
APP-42-010173,0.1284553207405226,C,REVIEW,0.22,49638348,4144601,2951151,0.2872239754758804
APP-42-010174,0.29106719311369594,D,DECLINE,,0,0,0,0.0
APP-42-010175,0.06866096531124602,B,APPROVE,0.18,36679901,1637010,2047779,0.4319099789179358
APP-42-010176,0.0897142480157442,B,APPROVE,0.18,21116848,1231413,741440,0.22416923137690764
APP-42-010177,0.1234437363048781,C,REVIEW,0.22,25952684,2082403,1460500,0.2807081631993015
APP-42-010178,0.06666746529526081,B,APPROVE,0.18,88122630,3818693,5524796,0.4949518079253078
APP-42-010179,0.1788167906829151,C,REVIEW,0.22,31964828,3715301,729423,0.08375320434959381
APP-42-010180,0.059211482746602255,B,APPROVE,0.18,20618648,793559,1124492,0.4662333417284447
APP-42-010181,0.08983057784403559,B,APPROVE,0.18,31355913,1830868,1268283,0.2579922157948342
APP-42-010182,0.11476744018149668,C,REVIEW,0.22,76306825,5692400,5403623,0.37428799923452505
APP-42-010183,0.20536391675126464,D,DECLINE,,0,0,0,0.0
APP-42-010184,0.0692361708977047,B,APPROVE,0.18,74361135,3346512,4483213,0.4637420973395394
APP-42-010185,0.19134668310782815,D,DECLINE,,0,0,0,0.0
APP-42-010186,0.10005795748894353,C,REVIEW,0.22,59631689,3878306,4716447,0.4650466253188605
APP-42-010187,0.06703059115552752,B,APPROVE,0.18,70768774,3083387,4351178,0.48359716537293856
APP-42-010188,0.06976897022780917,B,APPROVE,0.18,21151081,959198,1017421,0.36803884023139044
APP-42-010189,0.12400455984038114,C,REVIEW,0.22,31959266,2576012,1867878,0.2904765103942226
APP-42-010190,0.16180045588119585,C,REVIEW,0.22,22176256,2332283,644155,0.11603015286747283
APP-42-010191,0.15008147012457662,C,REVIEW,0.22,43550810,4248510,1934111,0.18889552497659995
APP-42-010192,0.08389850720729149,B,APPROVE,0.18,40024775,2182712,1870013,0.3134231886393775
APP-42-010193,0.07491158706129762,B,APPROVE,0.18,45603152,2220533,2445814,0.3903813055332613
APP-42-010194,0.07775445081888148,B,APPROVE,0.18,68257248,3449748,3708549,0.38511230268414204
APP-42-010195,0.09896294084617417,B,APPROVE,0.18,89384028,5749709,3732534,0.24760123727183891
APP-42-010196,0.5064525255214436,D,DECLINE,,0,0,0,0.0
APP-42-010197,0.17134186487837022,C,REVIEW,0.22,26699652,2973599,681348,0.09712481170511598
APP-42-010198,0.03706106431533626,A,APPROVE,0.16,57505780,1385297,3440224,0.6784348113373064
APP-42-010199,0.3040554416904212,D,DECLINE,,0,0,0,0.0
APP-42-010200,0.13372853615245295,C,REVIEW,0.22,37599581,3268289,2021648,0.25143122298933773
APP-42-010201,0.10674614476694758,C,REVIEW,0.22,30374845,2107558,2098668,0.3864872065749252
APP-42-010202,0.17721080423280566,C,REVIEW,0.22,39894758,4595358,1038855,0.09631063063678631
APP-42-010203,0.06967909920056223,B,APPROVE,0.18,31542989,1428627,1691102,0.4105640675541215
APP-42-010204,0.20912758517384725,D,DECLINE,,0,0,0,0.0
APP-42-010205,0.2329872847292449,D,DECLINE,,0,0,0,0.0
APP-42-010206,0.18705792500206928,D,DECLINE,,0,0,0,0.0
APP-42-010207,0.09219161394696224,B,APPROVE,0.18,54050065,3238926,2356581,0.2727570788335074
APP-42-010208,0.15931560354762617,C,REVIEW,0.22,57411570,5945263,2316472,0.16328144984713816
APP-42-010209,0.07596998872788702,B,APPROVE,0.18,69517408,3432804,3864111,0.4005794354462855
APP-42-010210,0.09219102432905812,B,APPROVE,0.18,173749047,10411767,8350628,0.30066897889216515
APP-42-010211,0.18573141575768318,D,DECLINE,,0,0,0,0.0
APP-42-010212,0.12953816875049667,C,REVIEW,0.22,23259386,1958436,1180472,0.24353452315601304
APP-42-010213,0.05060166759724943,B,APPROVE,0.18,46825963,1540157,3260699,0.6582813678705425
APP-42-010214,0.0606924871167717,B,APPROVE,0.18,50483119,1991565,3211578,0.5350441375711756
APP-42-010215,0.12558147424295668,C,REVIEW,0.22,51132638,4173853,3146043,0.3027075402483659
APP-42-010216,0.1185631029441238,C,REVIEW,0.22,32177643,2479803,1996844,0.3196631925213573
APP-42-010217,0.09537027038332643,B,APPROVE,0.18,63521465,3937739,2699623,0.2591720056885888
APP-42-010218,0.07940507371221772,B,APPROVE,0.18,37641585,1942806,1847768,0.3427329600087987
APP-42-010219,0.12633517938064587,C,REVIEW,0.22,24114568,1980237,1286948,0.26130630748133854
APP-42-010220,0.09399336127496409,B,APPROVE,0.18,128630220,7858751,5940573,0.28474595941284936
APP-42-010221,0.16562947371927775,C,REVIEW,0.22,62863924,6767877,2311711,0.14402907500197173
APP-42-010222,0.27034808922415204,D,DECLINE,,0,0,0,0.0
APP-42-010223,0.21580843239646003,D,DECLINE,,0,0,0,0.0
APP-42-010224,0.08891767424885547,B,APPROVE,0.18,92497143,5346010,4478676,0.31119406649918324
APP-42-010225,0.1560684304404416,C,REVIEW,0.22,47633470,4832153,1962868,0.16965672620049826
APP-42-010226,0.2710780063375531,D,DECLINE,,0,0,0,0.0
APP-42-010227,0.17631091229076157,C,REVIEW,0.22,74984228,8593349,2304285,0.11415223216632653
APP-42-010228,0.3469904314186155,D,DECLINE,,0,0,0,0.0
APP-42-010229,0.12931579721051706,C,REVIEW,0.22,21908205,1841500,1094731,0.2401078915035062
APP-42-010230,0.08328217344582994,B,APPROVE,0.18,22618000,1224390,913590,0.27242902254052975
APP-42-010231,0.11312002114543053,C,REVIEW,0.22,39458678,2901318,2667483,0.3613994613592834
APP-42-010232,0.16769073296958872,C,REVIEW,0.22,91106984,9930568,3385480,0.14402977135057976
APP-42-010233,0.09009379138549355,B,APPROVE,0.18,27212417,1593585,1049780,0.24552435379371482
APP-42-010234,0.19248487246221221,D,DECLINE,,0,0,0,0.0
APP-42-010235,0.05165988766676847,B,APPROVE,0.18,38570764,1295165,2597619,0.6284825619759363
APP-42-010236,0.08247902566482025,B,APPROVE,0.18,73930934,3963538,3818864,0.3508594353063467
APP-42-010237,0.22071694915821843,D,DECLINE,,0,0,0,0.0
APP-42-010238,0.10719479047320973,C,REVIEW,0.22,42657245,2972212,3076374,0.4021028800799835
APP-42-010239,0.018114315972159834,A,APPROVE,0.16,49486415,582668,3521109,1.1196632883582749
APP-42-010240,0.16139045960163967,C,REVIEW,0.22,73458676,7706094,2962707,0.16145072477033362
APP-42-010241,0.47230719178634545,D,DECLINE,,0,0,0,0.0
APP-42-010242,0.1614975897220259,C,REVIEW,0.22,38629633,4055085,1389360,0.14389524169800116
APP-42-010243,0.05820558179667885,B,APPROVE,0.18,44545756,1685328,2864706,0.5559851956722585
APP-42-010244,0.3680165652611958,D,DECLINE,,0,0,0,0.0
APP-42-010245,0.1873573401537623,D,DECLINE,,0,0,0,0.0
APP-42-010246,0.057093874525757836,B,APPROVE,0.18,29905067,1109807,1829750,0.5356696568848086
APP-42-010247,0.10768464533149502,C,REVIEW,0.22,11856998,829931,598619,0.28049634258904116
APP-42-010248,0.023378064261704967,A,APPROVE,0.16,24942645,379022,1515816,0.8633440086367669
APP-42-010249,0.05427447177761471,B,APPROVE,0.18,38604936,1361921,2534622,0.5938611399093839
APP-42-010250,0.2565357416761459,D,DECLINE,,0,0,0,0.0
APP-42-010251,0.2810661899678044,D,DECLINE,,0,0,0,0.0
APP-42-010252,0.030290243714255764,A,APPROVE,0.16,22215270,437389,1211985,0.6873048225359973
APP-42-010253,0.2016517930535909,D,DECLINE,,0,0,0,0.0
APP-42-010254,0.0815315085085014,B,APPROVE,0.18,149091008,7901150,8148861,0.3743859185118497
APP-42-010255,0.08911532671130032,B,APPROVE,0.18,38213093,2213492,1639948,0.27536666020304407
APP-42-010256,0.09031683144511367,B,APPROVE,0.18,117504478,6898211,5677282,0.3069364866454538
APP-42-010257,0.18831679369385218,D,DECLINE,,0,0,0,0.0
APP-42-010258,0.10531864115379333,C,REVIEW,0.22,115313132,7894005,9052965,0.4437611828438598
APP-42-010259,0.04891033420101125,A,APPROVE,0.16,36336983,1155215,1765113,0.4689574451265759
APP-42-010260,0.07435994390211921,B,APPROVE,0.18,55161831,2666190,3051611,0.40478457967841214
APP-42-010261,0.1818319677289927,D,DECLINE,,0,0,0,0.0
APP-42-010262,0.1018224620816967,C,REVIEW,0.22,28409920,1880299,2031189,0.4147826809567055
APP-42-010263,0.057135510058855574,B,APPROVE,0.18,54976750,2041731,3655711,0.581885050106988
APP-42-010264,0.058235776763359795,B,APPROVE,0.18,55059285,2084173,3622348,0.5685934256754802
APP-42-010265,0.07712491195253923,B,APPROVE,0.18,11204766,561708,320816,0.20413241551306194
APP-42-010266,0.11485817857219198,C,REVIEW,0.22,19400601,1448407,1111684,0.3026770956778962
APP-42-010267,0.42815042514514867,D,DECLINE,,0,0,0,0.0
APP-42-010268,0.17984325351701297,C,REVIEW,0.22,32619114,3813113,729754,0.08171032976541007
APP-42-010269,0.17500975378550157,C,REVIEW,0.22,58115673,6611026,1756325,0.11297104974227416
APP-42-010270,0.22432050171279333,D,DECLINE,,0,0,0,0.0
APP-42-010271,0.07723549665310117,B,APPROVE,0.18,46591169,2339020,2436009,0.37238237485023634
APP-42-010272,0.10873955465024497,C,REVIEW,0.22,67806459,4792609,5028360,0.40889368256298153
APP-42-010273,0.15680990306269055,C,REVIEW,0.22,47106451,4801393,1914575,0.16667256000680322
APP-42-010274,0.19973704125217023,D,DECLINE,,0,0,0,0.0
APP-42-010275,0.22389817319235894,D,DECLINE,,0,0,0,0.0
APP-42-010276,0.10164417433703468,C,REVIEW,0.22,26553116,1754330,1878637,0.41100974288871467
APP-42-010277,0.09821447611381726,B,APPROVE,0.18,27996239,1787263,942323,0.2007344248592839
APP-42-010278,0.07397755969404092,B,APPROVE,0.18,52371772,2518318,2892577,0.4056052071997436
APP-42-010279,0.20142892934605525,D,DECLINE,,0,0,0,0.0
APP-42-010280,0.12714360754722057,C,REVIEW,0.22,95887050,7924427,6108631,0.3103295552958387
APP-42-010281,0.07227092984861119,B,APPROVE,0.18,89134879,4187209,5267627,0.4411816919461474
APP-42-010282,0.20873974450083949,D,DECLINE,,0,0,0,0.0
APP-42-010283,0.16708415548372943,C,REVIEW,0.22,49635784,5390679,1704688,0.13352519097915355
APP-42-010284,0.1501989204838445,C,REVIEW,0.22,44269418,4321992,1968420,0.18900294026311534
APP-42-010285,0.046204436733738946,A,APPROVE,0.16,45534155,1367522,2380552,0.5224621723854462
APP-42-010286,0.03375102588615378,A,APPROVE,0.16,88506808,1941677,5673936,0.7643077889646323
APP-42-010287,0.13150241509677263,C,REVIEW,0.22,15415085,1317629,644634,0.19823548559177032
APP-42-010288,0.193743500114083,D,DECLINE,,0,0,0,0.0
APP-42-010289,0.0637227100762568,B,APPROVE,0.18,77635275,3215635,4974246,0.5215909089900511
APP-42-010290,0.27750166095574824,D,DECLINE,,0,0,0,0.0
APP-42-010291,0.11165540463285896,C,REVIEW,0.22,37676136,2734384,2567037,0.36799104210820843
APP-42-010292,0.2075821471035363,D,DECLINE,,0,0,0,0.0
APP-42-010293,0.20020087408556386,D,DECLINE,,0,0,0,0.0
APP-42-010294,0.2681290072036705,D,DECLINE,,0,0,0,0.0
APP-42-010295,0.04964763229908928,A,APPROVE,0.16,55464643,1789897,2851921,0.4918477835995068
APP-42-010296,0.281895270134337,D,DECLINE,,0,0,0,0.0
APP-42-010297,0.18694915849962698,D,DECLINE,,0,0,0,0.0
APP-42-010298,0.09124581925025502,B,APPROVE,0.18,14270799,846398,373390,0.1649519782331364
APP-42-010299,0.07620465595549286,B,APPROVE,0.18,22583946,1118651,1015583,0.323366042258694
APP-42-010300,0.04603877190116337,A,APPROVE,0.16,17914866,536106,726232,0.4059868526850678
APP-42-010301,0.2552674985403218,D,DECLINE,,0,0,0,0.0
APP-42-010302,0.2071253814091001,D,DECLINE,,0,0,0,0.0
APP-42-010303,0.04101266205809994,A,APPROVE,0.16,38322999,1021623,2077447,0.5809143674932039
APP-42-010304,0.11688002134138954,C,REVIEW,0.22,11340572,861566,489520,0.224885065946165
APP-42-010305,0.15986864784396268,C,REVIEW,0.22,46448156,4826643,1790581,0.15555103814973048
APP-42-010306,0.13686970273393287,C,REVIEW,0.22,52457755,4666920,2851743,0.24944938622984356
APP-42-010307,0.1386663569953078,C,REVIEW,0.22,85850573,7737981,4789605,0.25328443789226557
APP-42-010308,0.2386953901272507,D,DECLINE,,0,0,0,0.0
APP-42-010309,0.14985551371713235,C,REVIEW,0.22,46580440,4537218,2099848,0.1919833750928426
APP-42-010310,0.03923496675927334,A,APPROVE,0.16,9632688,245660,271282,0.309461197470986
APP-42-010311,0.1642206115185674,C,REVIEW,0.22,26099202,2785918,778963,0.11774274501676797
APP-42-010312,0.10330267101778508,C,REVIEW,0.22,27253012,1829951,1908001,0.4016825527957461
APP-42-010313,0.09101144072811929,B,APPROVE,0.18,26383349,1560771,991397,0.23735369885543395
APP-42-010314,0.2521471676216307,D,DECLINE,,0,0,0,0.0
APP-42-010315,0.14759288252217684,C,REVIEW,0.22,34880671,3346290,1535810,0.18989206805759382
APP-42-010316,0.2749029206639829,D,DECLINE,,0,0,0,0.0
APP-42-010317,0.1045568037270759,C,REVIEW,0.22,50219810,3413035,3769937,0.426711434599373
APP-42-010318,0.04016922816107549,A,APPROVE,0.16,19882179,519124,920272,0.5019117229977673
APP-42-010319,0.1465727904827594,C,REVIEW,0.22,29196890,2781655,1247878,0.18538756897951494
APP-42-010320,0.09926627114175818,B,APPROVE,0.18,58012115,3743120,2288213,0.23333096101236087
APP-42-010321,0.0671076315280255,B,APPROVE,0.18,29268909,1276709,1592871,0.42771134687009515
APP-42-010322,0.06100812644014119,B,APPROVE,0.18,134376415,5328735,9102671,0.5677627495508213
APP-42-010323,0.1682663549823451,C,REVIEW,0.22,28994144,3171180,827941,0.11036088321484895
APP-42-010324,0.10610676590129882,C,REVIEW,0.22,58136783,4009659,4360859,0.4215512245458844
APP-42-010325,0.30943508147964877,D,DECLINE,,0,0,0,0.0
APP-42-010326,0.08426630408831182,B,APPROVE,0.18,21948914,1202210,862171,0.26266654937143236
APP-42-010327,0.02883343024981719,A,APPROVE,0.16,53341443,999711,3451019,0.8349752143084083
APP-42-010328,0.10404897617380132,C,REVIEW,0.22,24542356,1659845,1671509,0.38859796974687605
APP-42-010329,0.2899495948259493,D,DECLINE,,0,0,0,0.0
APP-42-010330,0.13462126736554345,C,REVIEW,0.22,66013409,5776426,3775586,0.26601018026348827
APP-42-010331,0.06620424799098917,B,APPROVE,0.18,24376369,1048982,1282418,0.4173152965523924
APP-42-010332,0.15377457057473165,C,REVIEW,0.22,39470016,3945165,1625337,0.1716458811974769
APP-42-010333,0.27853189109597337,D,DECLINE,,0,0,0,0.0
APP-42-010334,0.21334215734779824,D,DECLINE,,0,0,0,0.0
APP-42-010335,0.20039664141712493,D,DECLINE,,0,0,0,0.0
APP-42-010336,0.11982170125953734,C,REVIEW,0.22,54514212,4245791,3581341,0.3355782306047475
APP-42-010337,0.19542898267195175,D,DECLINE,,0,0,0,0.0
APP-42-010338,0.1855984731455313,D,DECLINE,,0,0,0,0.0
APP-42-010339,0.21414938324427432,D,DECLINE,,0,0,0,0.0
APP-42-010340,0.02572834066139647,A,APPROVE,0.16,20407840,341289,1145417,0.7641758954420255
APP-42-010341,0.023486125968139218,A,APPROVE,0.16,35215141,537594,2281769,0.9186630853772606
APP-42-010342,0.1412484317719592,C,REVIEW,0.22,54798533,5031134,2838645,0.23164654806051665
APP-42-010343,0.03907804192278318,A,APPROVE,0.16,41478160,1053575,2329459,0.618504377522364
APP-42-010344,0.18771434441829604,D,DECLINE,,0,0,0,0.0
APP-42-010345,0.08364152241105688,B,APPROVE,0.18,50487650,2744862,2458780,0.3274344053757446
APP-42-010346,0.04534681910113594,A,APPROVE,0.16,46782134,1378924,2481468,0.5360547289983338
APP-42-010347,0.030254145665583678,A,APPROVE,0.16,20399376,401158,1084786,0.6703284602981275
APP-42-010348,0.10739665658058642,C,REVIEW,0.22,40585150,2833161,2904611,0.398452627914386
APP-42-010349,0.1784765752078649,C,REVIEW,0.22,37949533,4402517,939913,0.0910502624864781
APP-42-010350,0.28695612262215014,D,DECLINE,,0,0,0,0.0
APP-42-010351,0.0639348091422007,B,APPROVE,0.18,189990623,7895559,12653409,0.540957979271875
APP-42-010352,0.13099753576649809,C,REVIEW,0.22,48516748,4131123,2796389,0.27407739444178775
APP-42-010353,0.05271721867302483,B,APPROVE,0.18,68588121,2350254,4844440,0.6507816434606755
APP-42-010354,0.12075567270553526,C,REVIEW,0.22,46465219,3647110,2972673,0.32478183399854466
APP-42-010355,0.0759324778172105,B,APPROVE,0.18,43441462,2144102,2284459,0.37910913613777386
APP-42-010356,0.2480498043502549,D,DECLINE,,0,0,0,0.0
APP-42-010357,0.05534629465956369,B,APPROVE,0.18,81129961,2918658,5655638,0.6226952082209725
APP-42-010358,0.11149228135635653,C,REVIEW,0.22,31181916,2259753,2067535,0.358524791762521
APP-42-010359,0.09958587590855295,B,APPROVE,0.18,97108943,6285941,4046042,0.2458667431927602
APP-42-010360,0.12628178778645538,C,REVIEW,0.22,24525662,2013144,1315705,0.2627567082497113
APP-42-010361,0.07072942243026953,B,APPROVE,0.18,23031268,1058842,1124597,0.37006283943457113
APP-42-010362,0.052624855259045124,B,APPROVE,0.18,65991124,2257303,4651721,0.6502038311993498
APP-42-010363,0.07017925720993175,B,APPROVE,0.18,118400273,5401008,7273022,0.46807885561694523
APP-42-010364,0.21652968564025157,D,DECLINE,,0,0,0,0.0
APP-42-010365,0.07078864507141928,B,APPROVE,0.18,32161275,1479825,1707916,0.4022316349580847
APP-42-010366,0.09556737031561327,B,APPROVE,0.18,17291286,1074114,477928,0.16829156639079534
APP-42-010367,0.05386489334928933,B,APPROVE,0.18,30197646,1057285,1914456,0.5762134052794647
APP-42-010368,0.06696778294334814,B,APPROVE,0.18,47686644,2075755,2819776,0.4653882869524774
APP-42-010369,0.18133043301356605,D,DECLINE,,0,0,0,0.0
APP-42-010370,0.03423588922521263,A,APPROVE,0.16,21263190,473177,1090510,0.6068906669543579
APP-42-010371,0.29342923568746704,D,DECLINE,,0,0,0,0.0
APP-42-010372,0.18048402776845945,D,DECLINE,,0,0,0,0.0
APP-42-010373,0.04219785422637712,A,APPROVE,0.16,20825260,571208,953066,0.4824607602786942
APP-42-010374,0.2040443207835721,D,DECLINE,,0,0,0,0.0
APP-42-010375,0.21663933739458538,D,DECLINE,,0,0,0,0.0
APP-42-010376,0.05367690609313379,B,APPROVE,0.18,63760845,2224615,4439078,0.6341843940929262
APP-42-010377,0.09362378343933599,B,APPROVE,0.18,72159745,4391314,3196258,0.2739097115317535
APP-42-010378,0.17815887347303294,C,REVIEW,0.22,45136472,5226951,1193520,0.09735579791940639
APP-42-010379,0.11206312854951404,C,REVIEW,0.22,61576822,4485319,4401204,0.3849322160762675
APP-42-010380,0.10846027391554174,C,REVIEW,0.22,72040728,5078812,5377297,0.4123930218836524
APP-42-010381,0.040349774307909196,A,APPROVE,0.16,24716785,648256,1226255,0.5366111776905507
APP-42-010382,0.14078211628181053,C,REVIEW,0.22,69721613,6380112,3728130,0.23976521922573057
APP-42-010383,0.06488487000167725,B,APPROVE,0.18,70329942,2966177,4420117,0.5054131397628634
APP-42-010384,0.1919065621145773,D,DECLINE,,0,0,0,0.0
APP-42-010385,0.08813910979334005,B,APPROVE,0.18,81132845,4648135,3926478,0.31307673840947114
APP-42-010386,0.05123085562077336,B,APPROVE,0.18,42491432,1414967,2909090,0.6422412479417817
APP-42-010387,0.19899897144457188,D,DECLINE,,0,0,0,0.0
APP-42-010388,0.10086895591700012,C,REVIEW,0.22,32065746,2102385,2357477,0.42961641945671225
APP-42-010389,0.138510315654554,C,REVIEW,0.22,30169110,2716176,1459190,0.21978676255839294
APP-42-010390,0.19853513487421548,D,DECLINE,,0,0,0,0.0
APP-42-010391,0.03790857869689783,A,APPROVE,0.16,28748749,708386,1529002,0.5957022247451997
APP-42-010392,0.31686222911216644,D,DECLINE,,0,0,0,0.0
APP-42-010393,0.1096773746143856,C,REVIEW,0.22,84423269,6018560,6294931,0.4083891463035784
APP-42-010394,0.10535030802787743,C,REVIEW,0.22,72907478,4992536,5593585,0.43356515053910283
APP-42-010395,0.4103959458343025,D,DECLINE,,0,0,0,0.0
APP-42-010396,0.19876417039206182,D,DECLINE,,0,0,0,0.0
APP-42-010397,0.11382027193411703,C,REVIEW,0.22,29416842,2176351,1886175,0.34111890752067114
APP-42-010398,0.04040812043121112,A,APPROVE,0.16,43772448,1149696,2439825,0.6023828934315041
APP-42-010399,0.05048341445964969,B,APPROVE,0.18,165138785,5418900,12396366,0.7106642115665427
APP-42-010400,0.16329437128855895,C,REVIEW,0.22,34503203,3662216,1163264,0.13363847467540668
APP-42-010401,0.3658458532378948,D,DECLINE,,0,0,0,0.0
APP-42-010402,0.13931952334779824,C,REVIEW,0.22,49752546,4505476,2607406,0.23701424027248943
APP-42-010403,0.17498113118267938,C,REVIEW,0.22,53044107,6033117,1573499,0.11090356146375807
APP-42-010404,0.06649852631551174,B,APPROVE,0.18,49655364,2146306,2965784,0.47234700590893547
APP-42-010405,0.15160280754121955,C,REVIEW,0.22,95612202,9421801,4570029,0.2016062874795945
APP-42-010406,0.1441474206259244,C,REVIEW,0.22,38101890,3569988,1795296,0.20721201163568914
APP-42-010407,0.2838313171694385,D,DECLINE,,0,0,0,0.0
APP-42-010408,0.15063148573686286,C,REVIEW,0.22,81231389,7953403,3881305,0.2026149872638974
APP-42-010409,0.08036822421305224,B,APPROVE,0.18,45320690,2367523,2267753,0.34633420101361484
APP-42-010410,0.1170937188551538,C,REVIEW,0.22,29025563,2209162,1794672,0.32166349155664115
APP-42-010411,0.09598541240245022,B,APPROVE,0.18,115049834,7178019,5127463,0.2704639017512814
APP-42-010412,0.1935984336339368,D,DECLINE,,0,0,0,0.0
APP-42-010413,0.2924230978172911,D,DECLINE,,0,0,0,0.0
APP-42-010414,0.05470501089761924,B,APPROVE,0.18,40875407,1453458,2692837,0.5928834029616676
APP-42-010415,0.05858441255773389,B,APPROVE,0.18,41057270,1563455,2602844,0.5457610011590935
APP-42-010416,0.08750142748712147,B,APPROVE,0.18,26786676,1523517,1073017,0.2605358771406092
APP-42-010417,0.10089742435161976,C,REVIEW,0.22,25645956,1681947,1814946,0.4134526069086834
APP-42-010418,0.09730923926411808,B,APPROVE,0.18,36543756,2311429,1358384,0.22324916483253088
APP-42-010419,0.16496625071192975,C,REVIEW,0.22,30366256,3256115,948824,0.12279517748959798
APP-42-010420,0.05006915795303213,B,APPROVE,0.18,100945400,3285263,7468731,0.7040431352395669
APP-42-010421,0.2727081483785668,D,DECLINE,,0,0,0,0.0
APP-42-010422,0.16380933651018015,C,REVIEW,0.22,31822130,3388295,1035024,0.12858280767292823
APP-42-010423,0.17723609759406836,C,REVIEW,0.22,65312942,7524277,1922664,0.10886452316625972
APP-42-010424,0.16967822979334576,C,REVIEW,0.22,58982239,6505201,1992135,0.12961447821113967
APP-42-010425,0.06305409183258044,B,APPROVE,0.18,37053659,1518650,2207252,0.4883899607855839
APP-42-010426,0.2521845699381777,D,DECLINE,,0,0,0,0.0
APP-42-010427,0.08389284148165768,B,APPROVE,0.18,55205068,3010352,2712206,0.32959497314835867
APP-42-010428,0.11513214606086315,C,REVIEW,0.22,44420666,3324260,2988840,0.35474379027860886
APP-42-010429,0.05697705110319269,B,APPROVE,0.18,98440545,3645754,6832706,0.6084804938828627
APP-42-010430,0.09371445400868086,B,APPROVE,0.18,23822847,1451154,819359,0.21253218285150471
APP-42-010431,0.03939136961370568,A,APPROVE,0.16,42796951,1095790,2405936,0.6163601437598274
APP-42-010432,0.11404903069280937,C,REVIEW,0.22,37637231,2790118,2505466,0.3535934614245388
APP-42-010433,0.13444564859959868,C,REVIEW,0.22,23713647,2072328,1134719,0.22279095387223533
APP-42-010434,0.12532228406998833,C,REVIEW,0.22,62055974,5055048,3903348,0.30997814632611914
APP-42-010435,0.11143332685518212,C,REVIEW,0.22,31411362,2275177,2086527,0.3593242338877324
APP-42-010436,0.13028209637675262,C,REVIEW,0.22,37550028,3179863,2102642,0.267452904794486
APP-42-010437,0.1888441408102958,D,DECLINE,,0,0,0,0.0
APP-42-010438,0.05510352360074497,B,APPROVE,0.18,19846167,710836,1122242,0.50653715084156
APP-42-010439,0.3529849867670885,D,DECLINE,,0,0,0,0.0
APP-42-010440,0.2250172413441569,D,DECLINE,,0,0,0,0.0
APP-42-010441,0.4397293206002504,D,DECLINE,,0,0,0,0.0
APP-42-010442,0.254775462650893,D,DECLINE,,0,0,0,0.0
APP-42-010443,0.21757107950505772,D,DECLINE,,0,0,0,0.0
APP-42-010444,0.08875390758614468,B,APPROVE,0.18,64915980,3745005,3045752,0.30195875482123874
APP-42-010445,0.1876552613709109,D,DECLINE,,0,0,0,0.0
APP-42-010446,0.09809290637684381,B,APPROVE,0.18,93698305,5974240,3982573,0.25372504957334374
APP-42-010447,0.18124319158422542,D,DECLINE,,0,0,0,0.0
APP-42-010448,0.02516664451282129,A,APPROVE,0.16,34548102,565149,2194180,0.8734022965757339
APP-42-010449,0.1271089259918274,C,REVIEW,0.22,54299861,4486298,3308681,0.2968867339211683
APP-42-010450,0.07229033707692686,B,APPROVE,0.18,38892275,1827498,2100652,0.4031429858660018
APP-42-010451,0.07210516987993056,B,APPROVE,0.18,25096593,1176236,1234389,0.36777874584794895
APP-42-010452,0.05524581368351703,B,APPROVE,0.18,23938699,859633,1423624,0.5318349016214702
APP-42-010453,0.07850503313054591,B,APPROVE,0.18,22605135,1153501,983064,0.30613528837388077
APP-42-010454,0.06493412152719068,B,APPROVE,0.18,39617355,1672137,2335772,0.4738866953580885
APP-42-010455,0.07300954709843392,B,APPROVE,0.18,27380260,1299363,1362465,0.3688382854920572
APP-42-010456,0.12862792998452,C,REVIEW,0.22,61092272,5107812,3706029,0.29275112080248367
APP-42-010457,0.2344473219615262,D,DECLINE,,0,0,0,0.0
APP-42-010458,0.21767884850254351,D,DECLINE,,0,0,0,0.0
APP-42-010459,0.10695795117256902,C,REVIEW,0.22,34602376,2405650,2434707,0.3929866075464145
APP-42-010460,0.13457559303698247,C,REVIEW,0.22,61872468,5412241,3518630,0.2645709460028051
APP-42-010461,0.09599458573305485,B,APPROVE,0.18,37608864,2346661,1440314,0.23239586334402784
APP-42-010462,0.1656170541989651,C,REVIEW,0.22,41910023,4511659,1424844,0.13316647668539552
APP-42-010463,0.16079193570429848,C,REVIEW,0.22,24381430,2548219,758995,0.12500548128007324
APP-42-010464,0.1066021418016484,C,REVIEW,0.22,35234192,2441426,2493703,0.3963152178635544
APP-42-010465,0.12385103149250946,C,REVIEW,0.22,32499094,2616280,1908584,0.29216639765958624
APP-42-010466,0.17323145089354122,C,REVIEW,0.22,108818420,12253002,3719761,0.1288954579683627
APP-42-010467,0.07208698503839797,B,APPROVE,0.18,16103314,754546,666819,0.3096840110875785
APP-42-010468,0.06327165287090546,B,APPROVE,0.18,35163829,1446168,2071853,0.4819509063765771
APP-42-010469,0.14203562882542564,C,REVIEW,0.22,68979040,6368363,3628493,0.23415846175142244
APP-42-010470,0.2597162088593749,D,DECLINE,,0,0,0,0.0
APP-42-010471,0.12440905412407628,C,REVIEW,0.22,80369216,6499128,5206255,0.3211155754819001
APP-42-010472,0.16978967320544505,C,REVIEW,0.22,36669006,4046912,1103439,0.11541541917244016
APP-42-010473,0.1816228009067758,D,DECLINE,,0,0,0,0.0
APP-42-010474,0.17047119715562467,C,REVIEW,0.22,37082884,4109016,1103416,0.11373844458965769
APP-42-010475,0.11440092664447564,C,REVIEW,0.22,92431151,6873236,6641437,0.3807351464082287
APP-42-010476,0.11041375015456308,C,REVIEW,0.22,52102806,3739363,3726058,0.38963932552667147
APP-42-010477,0.11819943256348117,C,REVIEW,0.22,33567460,2578976,2106143,0.323989690664776
APP-42-010478,0.09174478945955399,B,APPROVE,0.18,42640255,2542814,1797614,0.2646961152227912
APP-42-010479,0.14434392719364914,C,REVIEW,0.22,78246896,7341402,4045633,0.22712094827284704
APP-42-010480,0.21211915223754046,D,DECLINE,,0,0,0,0.0
APP-42-010481,0.02578237091651384,A,APPROVE,0.16,71661605,1200944,4898600,0.9298164587742016
APP-42-010482,0.12058110174067281,C,REVIEW,0.22,35082229,2749665,2162669,0.3133114145421553
APP-42-010483,0.13657277852825853,C,REVIEW,0.22,69722331,6189412,3918938,0.2583735856779575
APP-42-010484,0.10316427808843226,C,REVIEW,0.22,21504392,1442015,1433644,0.3828965055280384
APP-42-010485,0.04417229850843474,A,APPROVE,0.16,54897458,1576215,3014556,0.5636443772620457
APP-42-010486,0.2022920259401282,D,DECLINE,,0,0,0,0.0
APP-42-010487,0.17159343782097525,C,REVIEW,0.22,41783266,4660327,1257163,0.11437084508162396
APP-42-010488,0.04821779408250827,A,APPROVE,0.16,15468886,484819,557381,0.350908365736354
APP-42-010489,0.11032160388779226,C,REVIEW,0.22,70769482,5074812,5190611,0.39988053977544996
APP-42-010490,0.2322637954080802,D,DECLINE,,0,0,0,0.0
APP-42-010491,0.25732584203802644,D,DECLINE,,0,0,0,0.0
APP-42-010492,0.1605567718877376,C,REVIEW,0.22,63561172,6633365,2550811,0.16135002506964458
APP-42-010493,0.11631380738850669,C,REVIEW,0.22,23989435,1813697,1434719,0.31278129102662466
APP-42-010494,0.10067483449672396,C,REVIEW,0.22,94896725,6209913,7674596,0.47328196746827594
APP-42-010495,0.17134285282810308,C,REVIEW,0.22,38944631,4337375,1154320,0.11280879776774148
APP-42-010496,0.04235098545145325,A,APPROVE,0.16,35763494,984502,1884212,0.5542542063377095
APP-42-010497,0.16609549619485836,C,REVIEW,0.22,58273548,6291333,2099699,0.14079082595684564
APP-42-010498,0.06600497992056327,B,APPROVE,0.18,66483969,2852377,4110859,0.4914877125044515
APP-42-010499,0.14124066745117797,C,REVIEW,0.22,38531339,3537425,1892276,0.21962086330366593
APP-42-010500,0.11033945458228307,C,REVIEW,0.22,40832508,2928534,2846342,0.380000338719402
APP-42-010501,0.11656996899318296,C,REVIEW,0.22,38318910,2903442,2494394,0.33985236765210114
APP-42-010502,0.13538891241917955,C,REVIEW,0.22,34384548,3025936,1781746,0.23989294437713907
APP-42-010503,0.1368447969676996,C,REVIEW,0.22,11291185,1004341,339337,0.137923327379635
APP-42-010504,0.068905828550644,B,APPROVE,0.18,26412734,1182994,1372406,0.4009955158106837
APP-42-010505,0.2505810247385967,D,DECLINE,,0,0,0,0.0
APP-42-010506,0.07631858824277533,B,APPROVE,0.18,90933297,4510936,5141727,0.4061651528978468
APP-42-010507,0.1300767913372816,C,REVIEW,0.22,61611340,5209234,3682467,0.2858410434293658
APP-42-010508,0.052290305541685615,B,APPROVE,0.18,49384320,1678509,3403766,0.63831906840733
APP-42-010509,0.12891374938594669,C,REVIEW,0.22,13529576,1133696,545740,0.19431197949805626
APP-42-010510,0.034335301846653864,A,APPROVE,0.16,63722129,1422147,3962845,0.7347882161665772
APP-42-010511,0.18274864990914708,D,DECLINE,,0,0,0,0.0
APP-42-010512,0.16859588903070283,C,REVIEW,0.22,12480822,1367740,154383,0.047727067451955936
APP-42-010513,0.07609619929915204,B,APPROVE,0.18,38755426,1916941,1996155,0.37075008138181204
APP-42-010514,0.23781610116775107,D,DECLINE,,0,0,0,0.0
APP-42-010515,0.07256823096007649,B,APPROVE,0.18,59816078,2821486,3408283,0.4241471753897787
APP-42-010516,0.12698837828016976,C,REVIEW,0.22,42671864,3522240,2528540,0.2889312207910726
APP-42-010517,0.12151965682169535,C,REVIEW,0.22,27546712,2175854,1606153,0.29451379888308854
APP-42-010518,0.11946331825551101,C,REVIEW,0.22,47257657,3669612,3069037,0.33252363826576553
APP-42-010519,0.06428490365956152,B,APPROVE,0.18,36229503,1513857,2121389,0.4738528782999455
APP-42-010520,0.09774126213876803,B,APPROVE,0.18,28669349,1821416,982212,0.20507166872980176
APP-42-010521,0.07754510533396355,B,APPROVE,0.18,44213059,2228529,2284907,0.36701916506566484
APP-42-010522,0.1960914400599793,D,DECLINE,,0,0,0,0.0
APP-42-010523,0.17208839117844862,C,REVIEW,0.22,26558416,2970757,663006,0.09466301822377217
APP-42-010524,0.20434527442070852,D,DECLINE,,0,0,0,0.0
APP-42-010525,0.17474343954601396,C,REVIEW,0.22,36304873,4123625,972106,0.10022285000908965
APP-42-010526,0.11678564434047309,C,REVIEW,0.22,65109870,4942534,4473947,0.3582177193460291
APP-42-010527,0.17382954432237002,C,REVIEW,0.22,72773151,8222580,2343392,0.12106745963385541
APP-42-010528,0.06586368490824855,B,APPROVE,0.18,22861303,978724,1186019,0.4129735624878192
APP-42-010529,0.1352249749402127,C,REVIEW,0.22,58077222,5104769,3256814,0.25986684294779083
APP-42-010530,0.12582065480800558,C,REVIEW,0.22,54147079,4428334,3343728,0.30335340983601905
APP-42-010531,0.13523447747440442,C,REVIEW,0.22,46027407,4045920,2508191,0.252512545378198
APP-42-010532,0.025198944282712372,A,APPROVE,0.16,17053275,279321,905474,0.7297659539650709
APP-42-010533,0.07192291059063452,B,APPROVE,0.18,13817405,645962,523952,0.2840434319613635
APP-42-010534,0.10200229315934287,C,REVIEW,0.22,82363536,5460825,6543705,0.46029944361820074
APP-42-010535,0.10055074476137145,C,REVIEW,0.22,57702372,3771311,4534045,0.4602756742964246
APP-42-010536,0.25525826770063414,D,DECLINE,,0,0,0,0.0
APP-42-010537,0.06817963839456809,B,APPROVE,0.18,109446820,4850329,6838821,0.4857624210030139
APP-42-010538,0.09978137450947626,B,APPROVE,0.18,57275851,3714791,2235553,0.22998054258190687
APP-42-010539,0.10287081334346955,C,REVIEW,0.22,25351208,1695135,1757547,0.3990508382212579
APP-42-010540,0.12197973672887454,C,REVIEW,0.22,61097399,4844219,3970391,0.32725696732500315
APP-42-010541,0.06886294753822489,B,APPROVE,0.18,77523875,3470040,4707587,0.4688348292699139
APP-42-010542,0.07238937339398795,B,APPROVE,0.18,13182474,620276,479796,0.27140063653623375
APP-42-010543,0.2792986087370745,D,DECLINE,,0,0,0,0.0
APP-42-010544,0.13025723288462682,C,REVIEW,0.22,115901310,9813040,7222157,0.2976719891482063
APP-42-010545,0.10718295508930299,C,REVIEW,0.22,59232369,4126655,4408200,0.414982957345052
APP-42-010546,0.08549369047033181,B,APPROVE,0.18,52859035,2937424,2527070,0.3163103612360348
APP-42-010547,0.06687990462991741,B,APPROVE,0.18,65382276,2842294,3999756,0.48190532071187303
APP-42-010548,0.08644252297883706,B,APPROVE,0.18,29950295,1682836,1261696,0.2764643427125538
APP-42-010549,0.08679676688349985,B,APPROVE,0.18,31192401,1759810,1321354,0.2771694901994711
APP-42-010550,0.40252573612959675,D,DECLINE,,0,0,0,0.0
APP-42-010551,0.05995992809322787,B,APPROVE,0.18,38585757,1503839,2390594,0.5252771673344431
APP-42-010552,0.09181272594294466,B,APPROVE,0.18,42374823,2528856,1782374,0.2639496667826742
APP-42-010553,0.13761829763701658,C,REVIEW,0.22,87910174,7863732,4972795,0.25840927949696835
APP-42-010554,0.11277690686765192,C,REVIEW,0.22,15332337,1123937,825914,0.28866323544513417
APP-42-010555,0.17279874938329728,C,REVIEW,0.22,37446228,4205930,1061004,0.107067152229738
APP-42-010556,0.08956316188648189,B,APPROVE,0.18,40014981,2329514,1722134,0.27511756068605264
APP-42-010557,0.09256882519956683,B,APPROVE,0.18,56110894,3376178,2446021,0.2718770055327214
APP-42-010558,0.2663752516892845,D,DECLINE,,0,0,0,0.0
APP-42-010559,0.2805631376044087,D,DECLINE,,0,0,0,0.0
APP-42-010560,0.0938933895140857,B,APPROVE,0.18,55911235,3412302,2387934,0.2635382182395647
APP-42-010561,0.04437950009216415,A,APPROVE,0.16,21246500,612891,949294,0.4573496906426712
APP-42-010562,0.06446432031217421,B,APPROVE,0.18,9791830,410295,316806,0.2613341041809181
APP-42-010563,0.1790749608740076,C,REVIEW,0.22,46494563,5411908,1212277,0.09557828935896479
APP-42-010564,0.2905143715895831,D,DECLINE,,0,0,0,0.0
APP-42-010565,0.07638299733180835,B,APPROVE,0.18,45816523,2274742,2415075,0.37841121500665975
APP-42-010566,0.15329724940314854,C,REVIEW,0.22,72706687,7244728,3311275,0.19032807838461596
APP-42-010567,0.11048339799540685,C,REVIEW,0.22,23212368,1666978,1464877,0.34367024192519713
APP-42-010568,0.30291040015491344,D,DECLINE,,0,0,0,0.0
APP-42-010569,0.13450786689279498,C,REVIEW,0.22,79721184,6970032,4638145,0.2707787581971987
APP-42-010570,0.11653075338977355,C,REVIEW,0.22,37518215,2841817,2435915,0.3390579939199837
APP-42-010571,0.08011133184536547,B,APPROVE,0.18,68645086,3574512,3626447,0.3664993093052848
APP-42-010572,0.04672966363373203,A,APPROVE,0.16,37210949,1130256,1868730,0.49846750692631875
APP-42-010573,0.14430269757664627,C,REVIEW,0.22,36821270,3453716,1719475,0.20518103376546998
APP-42-010574,0.07937518796083931,B,APPROVE,0.18,15416787,795412,550435,0.24934817213211877
APP-42-010575,0.04016624314755162,A,APPROVE,0.16,11572427,302134,389385,0.3648780646798627
APP-42-010576,0.04798097262570369,A,APPROVE,0.16,52001893,1621816,2708354,0.5087346428642464
APP-42-010577,0.09169738537517984,B,APPROVE,0.18,18107795,1079284,562573,0.19514270696781863
APP-42-010578,0.20969468490677048,D,DECLINE,,0,0,0,0.0
APP-42-010579,0.043556519085284566,A,APPROVE,0.16,46489244,1316191,2517841,0.5605225802586465
APP-42-010580,0.12336483491059921,C,REVIEW,0.22,30384008,2436407,1771194,0.29092375499892864
APP-42-010581,0.12705204359798994,C,REVIEW,0.22,34280505,2831015,1961060,0.2788270236647746
APP-42-010582,0.059750020395148686,B,APPROVE,0.18,13953988,541938,643000,0.3915873477441265
APP-42-010583,0.0735637418674264,B,APPROVE,0.18,74625865,3568343,4290503,0.42389066351825216
APP-42-010584,0.33519524404368123,D,DECLINE,,0,0,0,0.0
APP-42-010585,0.13824802421752028,C,REVIEW,0.22,24474849,2199340,1121888,0.2086195264042175
APP-42-010586,0.03868102232406215,A,APPROVE,0.16,75655058,1902170,4556785,0.6671191845623797
APP-42-010587,0.05452398615649268,B,APPROVE,0.18,22964611,813879,1362228,0.5349741612417267
APP-42-010588,0.06471733957126936,B,APPROVE,0.18,19655029,826814,985239,0.4038149966363061
APP-42-010589,0.18155896819042888,D,DECLINE,,0,0,0,0.0
APP-42-010590,0.03160336322451878,A,APPROVE,0.16,17029901,349831,832860,0.6031461549290791
APP-42-010591,0.10754438571150544,C,REVIEW,0.22,16486443,1152466,970501,0.3273863389997357
APP-42-010592,0.2387490637002037,D,DECLINE,,0,0,0,0.0
APP-42-010593,0.08300557919745792,B,APPROVE,0.18,76400165,4122066,3931952,0.347956104614337
APP-42-010594,0.21033532287630002,D,DECLINE,,0,0,0,0.0
APP-42-010595,0.07864557200592837,B,APPROVE,0.18,90800150,4641669,4996347,0.38685356880136906
APP-42-010596,0.16790564332045296,C,REVIEW,0.22,93601050,10215494,3474664,0.14372944238475077
APP-42-010597,0.06906581288805046,B,APPROVE,0.18,52017662,2335217,3036725,0.44980920225097665
APP-42-010598,0.06554543899665963,B,APPROVE,0.18,39292963,1674058,2298167,0.46712284465918
APP-42-010599,0.20273480563174892,D,DECLINE,,0,0,0,0.0
APP-42-010600,0.13811380835172374,C,REVIEW,0.22,60527870,5433827,3295353,0.24798028903892488
APP-42-010601,0.08351124952870635,B,APPROVE,0.18,24427220,1325966,1011028,0.27859532464818765
APP-42-010602,0.12650389277694443,C,REVIEW,0.22,58356246,4798490,3604947,0.30214378291922284
APP-42-010603,0.05339423138843604,B,APPROVE,0.18,39823815,1382135,2648484,0.6078376614385409
APP-42-010604,0.04881393238590787,A,APPROVE,0.16,50933152,1616061,2617923,0.49681161478256886
APP-42-010605,0.1230071434716433,C,REVIEW,0.22,47736202,3816731,2993699,0.3137092644066766
APP-42-010606,0.1064097599409679,C,REVIEW,0.22,32538470,2250567,2280203,0.39295744638634156
APP-42-010607,0.46190311248996635,D,DECLINE,,0,0,0,0.0
APP-42-010608,0.03648873130277636,A,APPROVE,0.16,24565534,582637,1278261,0.5951222275655607
APP-42-010609,0.07220641802435777,B,APPROVE,0.18,56294270,2642125,3200245,0.42465976481651485
APP-42-010610,0.058150907629106824,B,APPROVE,0.18,20843825,787857,1154964,0.47934426814026976
APP-42-010611,0.032753821262347736,A,APPROVE,0.16,41685314,887480,2514199,0.7303680968048757
APP-42-010612,0.18488030615294204,D,DECLINE,,0,0,0,0.0
APP-42-010613,0.0741924989445682,B,APPROVE,0.18,16503532,795885,669504,0.2973046556498032
APP-42-010614,0.1530115600647524,C,REVIEW,0.22,19001551,1889847,610386,0.13445339625887218
APP-42-010615,0.1061941299757041,C,REVIEW,0.22,53903014,3720719,4014733,0.4183076725098018
APP-42-010616,0.04451147203742119,A,APPROVE,0.16,38868860,1124572,2023626,0.5319874466647817
APP-42-010617,0.09667157817773665,B,APPROVE,0.18,45596097,2865100,1800470,0.23834521176523102
APP-42-010618,0.1931119543587495,D,DECLINE,,0,0,0,0.0
APP-42-010619,0.15072485259047155,C,REVIEW,0.22,55759928,5462865,2551125,0.1939115414415514
APP-42-010620,0.08123240477642803,B,APPROVE,0.18,23760428,1254576,1009071,0.29167542820594344
APP-42-010621,0.11329854739737324,C,REVIEW,0.22,51939078,3825004,3615857,0.3717122218633561
APP-42-010622,0.10161630157942408,C,REVIEW,0.22,57581592,3803298,4483940,0.45247259256039096
APP-42-010623,0.1437524253665964,C,REVIEW,0.22,49218805,4598960,2433861,0.2179576115999251
APP-42-010624,0.037246923384594906,A,APPROVE,0.16,34423467,833409,1914703,0.6290589000278796
APP-42-010625,0.1584141266328932,C,REVIEW,0.22,35672987,3673218,1327730,0.15133658491629412
APP-42-010626,0.050598645186202135,B,APPROVE,0.18,37501824,1233402,2541799,0.6407556228286532
APP-42-010627,0.07999187243207695,B,APPROVE,0.18,59555227,3096557,3104518,0.36202923589066444
APP-42-010628,0.048704775808777946,A,APPROVE,0.16,53114458,1681503,2748798,0.5009122338343875
APP-42-010629,0.0951028585211549,B,APPROVE,0.18,71781829,4437327,3108674,0.2646597364491561
APP-42-010630,0.1753017216242883,C,REVIEW,0.22,17932984,2043394,296554,0.06172919473768689
APP-42-010631,0.15209203150339756,C,REVIEW,0.22,61314239,6061515,2785621,0.19111538487075141
APP-42-010632,0.14346184989137062,C,REVIEW,0.22,50110641,4672827,2493769,0.2197137490385917
APP-42-010633,0.1995975392392771,D,DECLINE,,0,0,0,0.0
APP-42-010634,0.093689489191106,B,APPROVE,0.18,22395120,1363822,749641,0.20688618855275093
APP-42-010635,0.09242623232799084,B,APPROVE,0.18,68931519,4141202,3091265,0.2800143445584367
APP-42-010636,0.08056789880641729,B,APPROVE,0.18,39942024,2091729,1951893,0.33763126809089716
APP-42-010637,0.2017612695999243,D,DECLINE,,0,0,0,0.0
APP-42-010638,0.16627860729295837,C,REVIEW,0.22,47541214,5138306,1642876,0.1349023134211625
APP-42-010639,0.049862608695479156,A,APPROVE,0.16,47079259,1525872,2361262,0.47848089101164093
APP-42-010640,0.12019157940262479,C,REVIEW,0.22,15298243,1195168,749568,0.24966759486104192
APP-42-010641,0.16187724281161373,C,REVIEW,0.22,81421389,8567175,3296033,0.1616399145928445
APP-42-010642,0.08542857735422762,B,APPROVE,0.18,71657033,3979013,3553261,0.3282667985699488
APP-42-010643,0.059047424309543795,B,APPROVE,0.18,95399718,3661520,6482449,0.5819581970512905
APP-42-010644,0.20903472296277595,D,DECLINE,,0,0,0,0.0
APP-42-010645,0.1029888535352336,C,REVIEW,0.22,114313868,7652485,9144595,0.4600469563783969
APP-42-010646,0.09052768857486923,B,APPROVE,0.18,75472942,4441054,3510969,0.29501401703155133
APP-42-010647,0.3226113415921274,D,DECLINE,,0,0,0,0.0
APP-42-010648,0.12091481207272227,C,REVIEW,0.22,26221349,2060857,1522345,0.29442511877571464
APP-42-010649,0.16328841114870069,C,REVIEW,0.22,41196258,4372466,1456972,0.14019076270720715
APP-42-010650,0.18199094143220262,D,DECLINE,,0,0,0,0.0
APP-42-010651,0.16605623674391026,C,REVIEW,0.22,12230074,1320072,164439,0.052547402528612036
APP-42-010652,0.1903965749615673,D,DECLINE,,0,0,0,0.0
APP-42-010653,0.1755286920961343,C,REVIEW,0.22,76694506,8750356,2403820,0.11686903110732588
APP-42-010654,0.05196090128070534,B,APPROVE,0.18,27208575,918958,1723985,0.5891428215551837
APP-42-010655,0.086155840990871,B,APPROVE,0.18,63954817,3581553,3103477,0.31924514395798054
APP-42-010656,0.038559877196688325,A,APPROVE,0.16,31607385,792205,1702460,0.5976257515447692
APP-42-010657,0.29255565183698273,D,DECLINE,,0,0,0,0.0
APP-42-010658,0.05881071328481799,B,APPROVE,0.18,43182317,1650729,2749326,0.5467215088995708
APP-42-010659,0.09981259899027964,B,APPROVE,0.18,33190768,2153357,1147628,0.20368430305014373
APP-42-010660,0.11658930180807422,C,REVIEW,0.22,70738633,5360789,4900006,0.36159406696090646
APP-42-010661,0.11786753790789063,C,REVIEW,0.22,24469630,1874714,1445731,0.3057668521464745
APP-42-010662,0.05251223895153385,B,APPROVE,0.18,25406938,867214,1577549,0.5735072064866532
APP-42-010663,0.08966698534685028,B,APPROVE,0.18,34893090,2033693,1454547,0.2662489456093884
APP-42-010664,0.4296063070157302,D,DECLINE,,0,0,0,0.0
APP-42-010665,0.11222859369445812,C,REVIEW,0.22,33967986,2477917,2267281,0.35905653565851314
APP-42-010666,0.09481230819619114,B,APPROVE,0.18,51300246,3161532,2131495,0.2545047051039796
APP-42-010667,0.1498630350066134,C,REVIEW,0.22,42222600,4112945,1870445,0.18865199176275574
APP-42-010668,0.10403350798156326,C,REVIEW,0.22,55389628,3745545,4212899,0.43402078283164497
APP-42-010669,0.03848928374527668,A,APPROVE,0.16,20963754,524472,1012266,0.5363015411685139
APP-42-010670,0.08391619446693628,B,APPROVE,0.18,24590218,1341286,1013638,0.2764832012475043
APP-42-010671,0.057772714403820306,B,APPROVE,0.18,15916053,597684,803082,0.4383611970982814
APP-42-010672,0.0722129414953432,B,APPROVE,0.18,17542625,823423,756266,0.3220137935600777
APP-42-010673,0.19448954449152078,D,DECLINE,,0,0,0,0.0
APP-42-010674,0.07559308615282948,B,APPROVE,0.18,33233566,1632948,1672744,0.36401681176673145
APP-42-010675,0.08180205230114011,B,APPROVE,0.18,64439415,3426330,3312006,0.3512113612458149
APP-42-010676,0.11379747123166488,C,REVIEW,0.22,47804409,3536014,3284648,0.3656025602468903
APP-42-010677,0.15690474154871004,C,REVIEW,0.22,17825051,1817943,505815,0.11630902825728338
APP-42-010678,0.043615585616788806,A,APPROVE,0.16,48920681,1386908,2665954,0.5635499862035654
APP-42-010679,0.24229568771900215,D,DECLINE,,0,0,0,0.0
APP-42-010680,0.13441794990481248,C,REVIEW,0.22,76966480,6724690,4470282,0.27046659431423165
APP-42-010681,0.13771420513538768,C,REVIEW,0.22,45318826,4056680,2391144,0.2408942898370617
APP-42-010682,0.06225030023999403,B,APPROVE,0.18,97001230,3924931,6395204,0.5452047994611293
APP-42-010683,0.10811424178518778,C,REVIEW,0.22,36397932,2557838,2551852,0.38831563939606134
APP-42-010684,0.1293273500508189,C,REVIEW,0.22,44660875,3754317,2594814,0.27916026648413994
APP-42-010685,0.09588430943903282,B,APPROVE,0.18,26434090,1647499,910250,0.20913940818278506
APP-42-010686,0.09650557940706042,B,APPROVE,0.18,47364011,2971079,1888962,0.24103988033370605
APP-42-010687,0.10005588442102555,C,REVIEW,0.22,52701078,3427484,4127677,0.4605234582448657
APP-42-010688,0.05927176240900739,B,APPROVE,0.18,31263647,1204483,1884518,0.514964105674701
APP-42-010689,0.10490965151616453,C,REVIEW,0.22,52109096,3553386,3912979,0.42573400919170945
APP-42-010690,0.08066883664004411,B,APPROVE,0.18,93824080,4919642,5051007,0.37160944952298824
APP-42-010691,0.12056875606020359,C,REVIEW,0.22,70812396,5549546,4722314,0.33896452322254766
APP-42-010692,0.09442202478803148,B,APPROVE,0.18,40000695,2455015,1595061,0.24501487583254547
APP-42-010693,0.0564214241558507,B,APPROVE,0.18,102402488,3755501,7158772,0.6167579510998263
APP-42-010694,0.1394449359279031,C,REVIEW,0.22,22257146,2017370,971202,0.19719729418285153
APP-42-010695,0.13093777607778684,C,REVIEW,0.22,42064320,3580076,2379572,0.26909948816029705
APP-42-010696,0.11958647240042873,C,REVIEW,0.22,67286261,5230242,4512697,0.34312037428020664
APP-42-010697,0.05114142259511914,B,APPROVE,0.18,27596880,917373,1768283,0.6017389734249937
APP-42-010698,0.40844114242454904,D,DECLINE,,0,0,0,0.0
APP-42-010699,0.10349978004470839,C,REVIEW,0.22,23067866,1551887,1558293,0.3870102116655824
APP-42-010700,0.2356421392100274,D,DECLINE,,0,0,0,0.0
APP-42-010701,0.28953072855340334,D,DECLINE,,0,0,0,0.0
APP-42-010702,0.09418842352540602,B,APPROVE,0.18,65452981,4007194,2842634,0.26735318347105824
APP-42-010703,0.01684016605479659,A,APPROVE,0.16,22310475,244213,1413730,1.0238152392042235
APP-42-010704,0.05873318767233233,B,APPROVE,0.18,70185588,2679445,4690970,0.5744292501518229
APP-42-010705,0.20592454909183538,D,DECLINE,,0,0,0,0.0
APP-42-010706,0.08700156152005839,B,APPROVE,0.18,58471615,3306629,2775248,0.3100100935266447
APP-42-010707,0.07519942941184708,B,APPROVE,0.18,33125038,1619140,1674615,0.36697602698389487
APP-42-010708,0.14750975973407568,C,REVIEW,0.22,23709042,2273255,933101,0.1698131661296586
APP-42-010709,0.14375831325552665,C,REVIEW,0.22,44475313,4155902,2165395,0.21459060266423585
APP-42-010710,0.21269978924041466,D,DECLINE,,0,0,0,0.0
APP-42-010711,0.04776782013941173,A,APPROVE,0.16,65082407,2020749,3486668,0.5247216624951836
APP-42-010712,0.24254505717353642,D,DECLINE,,0,0,0,0.0
APP-42-010713,0.10876974039081616,C,REVIEW,0.22,51730420,3657358,3752205,0.3998542387379617
APP-42-010714,0.1400304491092711,C,REVIEW,0.22,55821111,5080826,2942341,0.2373909097391037
APP-42-010715,0.04951995532112721,A,APPROVE,0.16,115598332,3720876,6332974,0.5248748196824887
APP-42-010716,0.046882850273394124,A,APPROVE,0.16,63374880,1931277,3422462,0.5349646555038711
APP-42-010717,0.15269560001565013,C,REVIEW,0.22,34379930,3412282,1394708,0.17009129439918533
APP-42-010718,0.09606639810946256,B,APPROVE,0.18,55433388,3461436,2286237,0.25012964999717957
APP-42-010719,0.14064436917010986,C,REVIEW,0.22,41197002,3766182,2063368,0.22476179169931962
APP-42-010720,0.1094472403574964,C,REVIEW,0.22,99033448,7045309,7459708,0.41323541034645817
APP-42-010721,0.15019161906251952,C,REVIEW,0.22,44884766,4381855,2000860,0.1894914832460834
APP-42-010722,0.08727629599158163,B,APPROVE,0.18,94860980,5381425,4703283,0.3230878483348163
APP-42-010723,0.10261468926933902,C,REVIEW,0.22,36986994,2467016,2731033,0.42582497775565165
APP-42-010724,0.06043990225152707,B,APPROVE,0.18,45627407,1792515,2876499,0.5316879440884711
APP-42-010725,0.2403900412482359,D,DECLINE,,0,0,0,0.0
APP-42-010726,0.11735407438460428,C,REVIEW,0.22,77827718,5936710,5387448,0.3594860436430557
APP-42-010727,0.14303366454075594,C,REVIEW,0.22,36009757,3347895,1703569,0.20938188019617762
APP-42-010728,0.13314672718236753,C,REVIEW,0.22,69885903,6048302,4084584,0.27427969313169553
APP-42-010729,0.11644881911292325,C,REVIEW,0.22,126225816,9554251,9029622,0.37378077185421593
APP-42-010730,0.14803432311792314,C,REVIEW,0.22,21646858,2082911,814118,0.16179794440792053
APP-42-010731,0.07176536201644301,B,APPROVE,0.18,94209844,4394652,5618431,0.447409258623085
APP-42-010732,0.26685930749598746,D,DECLINE,,0,0,0,0.0
APP-42-010733,0.20877030726330428,D,DECLINE,,0,0,0,0.0
APP-42-010734,0.18379021931865278,D,DECLINE,,0,0,0,0.0
APP-42-010735,0.1525452330264425,C,REVIEW,0.22,60942329,6042700,2748649,0.18926058689104627
APP-42-010736,0.0837389415130475,B,APPROVE,0.18,45628087,2483551,2185539,0.3217706124424133
APP-42-010737,0.1458400821551776,C,REVIEW,0.22,36496810,3459754,1664768,0.19867437086356152
APP-42-010738,0.04205529030621314,A,APPROVE,0.16,23603937,645236,1129119,0.5052823265368783
APP-42-010739,0.11646550393002188,C,REVIEW,0.22,43784033,3314564,2903041,0.346404676235767
APP-42-010740,0.2693204970968818,D,DECLINE,,0,0,0,0.0
APP-42-010741,0.07186169512814612,B,APPROVE,0.18,16031992,748856,664663,0.31073667111970604
APP-42-010742,0.30138157165666335,D,DECLINE,,0,0,0,0.0
APP-42-010743,0.06989917287095618,B,APPROVE,0.18,20394873,926630,966806,0.36222779379069936
APP-42-010744,0.15177241626148755,C,REVIEW,0.22,82264472,8115561,3874110,0.19845148372987623
APP-42-010745,0.06344815023377107,B,APPROVE,0.18,28955892,1194179,1640970,0.46268902326662437
APP-42-010746,0.07005992486493234,B,APPROVE,0.18,52874377,2407844,3058338,0.4412764049121192
APP-42-010747,0.1259377954724996,C,REVIEW,0.22,59001730,4829856,3670403,0.3053635767323447
APP-42-010748,0.4405291467911283,D,DECLINE,,0,0,0,0.0
APP-42-010749,0.12567502213786536,C,REVIEW,0.22,39505669,3227169,2348681,0.29232210647027074
APP-42-010750,0.09871331765036681,B,APPROVE,0.18,36252874,2326117,1311699,0.2149498848900823
APP-42-010751,0.3924559205409191,D,DECLINE,,0,0,0,0.0
APP-42-010752,0.11817593239566315,C,REVIEW,0.22,64929301,4987502,4401893,0.3501297132994974
APP-42-010753,0.04517795203662267,A,APPROVE,0.16,82973981,2436586,4681072,0.5714106860519474
APP-42-010754,0.20187470235383034,D,DECLINE,,0,0,0,0.0
APP-42-010755,0.1067008770209147,C,REVIEW,0.22,54052406,3748835,4009025,0.4150229944329426
APP-42-010756,0.05886548609594832,B,APPROVE,0.18,48817319,1867876,3152029,0.554110914034246
APP-42-010757,0.2907812394131908,D,DECLINE,,0,0,0,0.0
APP-42-010758,0.08711632558547329,B,APPROVE,0.18,23788810,1347056,919713,0.2522758886039236
APP-42-010759,0.0709279656354214,B,APPROVE,0.18,21935775,1011309,1051626,0.362623654743381
APP-42-010760,0.0870982117084584,B,APPROVE,0.18,30501256,1726793,1278345,0.2735225541643776
APP-42-010761,0.19500519923193083,D,DECLINE,,0,0,0,0.0
APP-42-010762,0.17891695835355784,C,REVIEW,0.22,91529476,10644514,2734907,0.10961461558957232
APP-42-010763,0.3131497315747472,D,DECLINE,,0,0,0,0.0
APP-42-010764,0.0774086158284163,B,APPROVE,0.18,16824761,846548,654176,0.27648008858919176
APP-42-010765,0.061209991800879236,B,APPROVE,0.18,86842175,3455146,5747494,0.553496286245357
APP-42-010766,0.15372430345003843,C,REVIEW,0.22,36709771,3668070,1488396,0.1690488945382932
APP-42-010767,0.20438391260631972,D,DECLINE,,0,0,0,0.0
APP-42-010768,0.14797802619903203,C,REVIEW,0.22,41750012,4015755,1896747,0.19551048575170327
APP-42-010769,0.18430492063919623,D,DECLINE,,0,0,0,0.0
APP-42-010770,0.11596039875751567,C,REVIEW,0.22,37293248,2810951,2433036,0.3420244857938208
APP-42-010771,0.20285608220343426,D,DECLINE,,0,0,0,0.0
APP-42-010772,0.10968651639149811,C,REVIEW,0.22,38816592,2767477,2705012,0.38165320353726323
APP-42-010773,0.32853518432088663,D,DECLINE,,0,0,0,0.0
APP-42-010774,0.07003659128291045,B,APPROVE,0.18,23506690,1070113,1165622,0.3783880759468702
APP-42-010775,0.1696606139504441,C,REVIEW,0.22,25963567,2863247,681288,0.10070729888693292
APP-42-010776,0.11509371273809353,C,REVIEW,0.22,22266033,1665742,1324163,0.313624636952909
APP-42-010777,0.08548358904895517,B,APPROVE,0.18,42251885,2347698,1950010,0.30538225686537157
APP-42-010778,0.12518501316003625,C,REVIEW,0.22,18235526,1483829,901499,0.24384093435584794
APP-42-010779,0.25716167364523806,D,DECLINE,,0,0,0,0.0
APP-42-010780,0.04778600495519411,A,APPROVE,0.16,38715879,1202550,1931879,0.48862118838154744
APP-42-010781,0.153638444090282,C,REVIEW,0.22,63296062,6321060,2823349,0.18606534687283396
APP-42-010782,0.11009145609858023,C,REVIEW,0.22,63418782,4538213,4624604,0.39822042707567484
APP-42-010783,0.03106371887362994,A,APPROVE,0.16,20115709,406165,1054249,0.6519954916883615
APP-42-010784,0.08957515402978405,B,APPROVE,0.18,64798060,3772793,3004994,0.2964233640603753
APP-42-010785,0.16706587983103052,C,REVIEW,0.22,35241196,3826941,1109238,0.12238482342251378
APP-42-010786,0.1501531464182686,C,REVIEW,0.22,64717274,6316377,3041215,0.19979803479655375
APP-42-010787,0.049525534327810775,A,APPROVE,0.16,54321872,1748708,2790261,0.49208424733499706
APP-42-010788,0.19557377098669143,D,DECLINE,,0,0,0,0.0
APP-42-010789,0.03908212781835103,A,APPROVE,0.16,33853707,859999,1836835,0.5975107064792743
APP-42-010790,0.29758710980107644,D,DECLINE,,0,0,0,0.0
APP-42-010791,0.1744623150631268,C,REVIEW,0.22,84123165,9539609,2728865,0.12158473096994499
APP-42-010792,0.08310195949086371,B,APPROVE,0.18,83623567,4517033,4331559,0.34991158546075624
APP-42-010793,0.1909025583895196,D,DECLINE,,0,0,0,0.0
APP-42-010794,0.15078171632347276,C,REVIEW,0.22,30709783,3009808,1246659,0.17200030921401138
APP-42-010795,0.19813635378455693,D,DECLINE,,0,0,0,0.0
APP-42-010796,0.062457224066781336,B,APPROVE,0.18,42620422,1730270,2607977,0.5048977764223211
APP-42-010797,0.24233635096272824,D,DECLINE,,0,0,0,0.0
APP-42-010798,0.04148029179113413,A,APPROVE,0.16,39714992,1070803,2153546,0.5773263322195497
APP-42-010799,0.0642281813788444,B,APPROVE,0.18,49950273,2085340,3059190,0.4959221196599607
APP-42-010800,0.09811390710145103,B,APPROVE,0.18,103647143,6609997,4441189,0.25574222532475355
APP-42-010801,0.07475470353249655,B,APPROVE,0.18,63289321,3075263,3536562,0.40733947962488587
APP-42-010802,0.12958646009693314,C,REVIEW,0.22,36914832,3109381,2077844,0.27001280678946143
APP-42-010803,0.10927067882068725,C,REVIEW,0.22,51600151,3664949,3725073,0.3965415347600549
APP-42-010804,0.06100949732371472,B,APPROVE,0.18,102575192,4067740,6865532,0.5609787890169157
APP-42-010805,0.10950203083146816,C,REVIEW,0.22,28821349,2051398,1921805,0.36566459442342053
APP-42-010806,0.03565072537827302,A,APPROVE,0.16,60763957,1408081,3710675,0.7072368758125999
APP-42-010807,0.19923183813119966,D,DECLINE,,0,0,0,0.0
APP-42-010808,0.1582502927234173,C,REVIEW,0.22,59096555,6078831,2435653,0.16772707234884285
APP-42-010809,0.0817248425888381,B,APPROVE,0.18,49247660,2616092,2451150,0.34033872032993445
APP-42-010810,0.25235123218369,D,DECLINE,,0,0,0,0.0
APP-42-010811,0.03846272565396995,A,APPROVE,0.16,16313721,407856,710379,0.48382387541208655
APP-42-010812,0.10766172886131818,C,REVIEW,0.22,62479717,4372338,4649619,0.4135249829839029
APP-42-010813,0.04711901594204913,A,APPROVE,0.16,24735223,757575,1118595,0.44662389062114705
APP-42-010814,0.12209979811381651,C,REVIEW,0.22,43295000,3436102,2708148,0.31475438766399494
APP-42-010815,0.15952475706827604,C,REVIEW,0.22,38008529,3941146,1410133,0.1499721919183347
APP-42-010816,0.07014733951924555,B,APPROVE,0.18,194078835,8849174,12149498,0.47717130069308905
APP-42-010817,0.08817116918165264,B,APPROVE,0.18,45164302,2588423,2029650,0.2906384971696057
APP-42-010818,0.03255657022071681,A,APPROVE,0.16,13180010,278912,557289,0.5136181205746031
APP-42-010819,0.1880503481892839,D,DECLINE,,0,0,0,0.0
APP-42-010820,0.07583970826610881,B,APPROVE,0.18,22173794,1093075,996042,0.3241162122155182
APP-42-010821,0.18612039568770308,D,DECLINE,,0,0,0,0.0
APP-42-010822,0.06954102316798388,B,APPROVE,0.18,99154342,4481941,6075036,0.4698383424899081
APP-42-010823,0.056769072580651794,B,APPROVE,0.18,29581732,1091563,1812428,0.5383882880763592
APP-42-010824,0.23563308128900223,D,DECLINE,,0,0,0,0.0
APP-42-010825,0.03148505698386199,A,APPROVE,0.16,64689174,1323883,4148143,0.7923362176150535
APP-42-010826,0.17667978372221052,C,REVIEW,0.22,27881388,3201950,630258,0.08382027519714126
APP-42-010827,0.16582782099896518,C,REVIEW,0.22,40087694,4320976,1342178,0.13100226755517796
APP-42-010828,0.2365311296192428,D,DECLINE,,0,0,0,0.0
APP-42-010829,0.1052442802927511,C,REVIEW,0.22,27005654,1847424,1853424,0.3881456506844303
APP-42-010830,0.13992015108211198,C,REVIEW,0.22,44358979,4034365,2269482,0.2305660486308855
APP-42-010831,0.06359214223290065,B,APPROVE,0.18,40216780,1662356,2411490,0.4888104483948244
APP-42-010832,0.2632459021614767,D,DECLINE,,0,0,0,0.0
APP-42-010833,0.04857143872941149,A,APPROVE,0.16,49660143,1567842,2551571,0.49815037191937594
APP-42-010834,0.2978458701738648,D,DECLINE,,0,0,0,0.0
APP-42-010835,0.1323722982029159,C,REVIEW,0.22,61057813,5253536,3555136,0.274540924451037
APP-42-010836,0.14906993118528403,C,REVIEW,0.22,34975966,3389012,1507383,0.1843428083283936
APP-42-010837,0.33568292804157907,D,DECLINE,,0,0,0,0.0
APP-42-010838,0.07294909706111617,B,APPROVE,0.18,57053221,2705288,3220567,0.41865209599690917
APP-42-010839,0.08595592520742824,B,APPROVE,0.18,41148845,2299042,1877331,0.30065987519119364
APP-42-010840,0.09737199734489843,B,APPROVE,0.18,27165354,1719344,918845,0.2030460639510277
APP-42-010841,0.164790038080256,C,REVIEW,0.22,31380640,3361291,995805,0.12482189281994154
APP-42-010842,0.09685233517946262,B,APPROVE,0.18,54686358,3442726,2222773,0.24499023392253483
APP-42-010843,0.10708904329219822,C,REVIEW,0.22,68947018,4799256,5192797,0.4202518893722728
APP-42-010844,0.12760239813916324,C,REVIEW,0.22,61300820,5084386,3760737,0.29797922972017066
APP-42-010845,0.060234169322318634,B,APPROVE,0.18,64814008,2537612,4241929,0.5532145177214487
APP-42-010846,0.11147931001619235,C,REVIEW,0.22,43447868,3148300,3018880,0.3757389757047868
APP-42-010847,0.04965722803040946,A,APPROVE,0.16,24541658,792136,1066613,0.41568157936997635
APP-42-010848,0.12068053391123197,C,REVIEW,0.22,35212904,2762183,2169753,0.31296549064062074
APP-42-010849,0.2664446688156864,D,DECLINE,,0,0,0,0.0
APP-42-010850,0.22851577999530187,D,DECLINE,,0,0,0,0.0
APP-42-010851,0.18591273488091362,D,DECLINE,,0,0,0,0.0
APP-42-010852,0.11096103906690118,C,REVIEW,0.22,31627227,2281103,2112981,0.362600518974951
APP-42-010853,0.1078719300006399,C,REVIEW,0.22,51008520,3576552,3724726,0.4051502251953128
APP-42-010854,0.15131403043871403,C,REVIEW,0.22,73880628,7266464,3465630,0.19817015487714426
APP-42-010855,0.04872667829202403,A,APPROVE,0.16,49224335,1559050,2521140,0.4955973925775714
APP-42-010856,0.03159805563331406,A,APPROVE,0.16,96878912,1989770,6379332,0.8121677281710571
APP-42-010857,0.05010012752620137,B,APPROVE,0.18,23333839,759868,1456854,0.5938851299882427
APP-42-010858,0.1521930391825507,C,REVIEW,0.22,131622900,13020858,6372577,0.20355358093099205
APP-42-010859,0.05590094353268639,B,APPROVE,0.18,36053225,1310016,2305839,0.5676384222575634
APP-42-010860,0.05581274803421697,B,APPROVE,0.18,32719858,1187020,2062164,0.5599392773808529
APP-42-010861,0.20283069912168472,D,DECLINE,,0,0,0,0.0
APP-42-010862,0.25547465422500476,D,DECLINE,,0,0,0,0.0
APP-42-010863,0.059243195018072535,B,APPROVE,0.18,32582832,1254702,1979409,0.5191596899510864
APP-42-010864,0.041438370392147934,A,APPROVE,0.16,73799862,1987795,4304193,0.6213122038015015
APP-42-010865,0.15252350294556463,C,REVIEW,0.22,65889716,6532325,3001133,0.19115205154409146
APP-42-010866,0.07196257766673651,B,APPROVE,0.18,25426212,1189328,1257555,0.37033696760442
APP-42-010867,0.04080916089688373,A,APPROVE,0.16,27122013,719437,1371544,0.5434536379372351
APP-42-010868,0.10001766539495771,C,REVIEW,0.22,52111518,3387847,4078881,0.4603622337386414
APP-42-010869,0.13990348140607486,C,REVIEW,0.22,56105368,5102069,2963737,0.23808264860235287
APP-42-010870,0.0669733461461077,B,APPROVE,0.18,26394131,1149007,1404347,0.41873572375634643
APP-42-010871,0.06825896813471614,B,APPROVE,0.18,51460107,2283199,3027413,0.45698161161415457
APP-42-010872,0.23460719861587373,D,DECLINE,,0,0,0,0.0
APP-42-010873,0.1938537688528487,D,DECLINE,,0,0,0,0.0
APP-42-010874,0.0951247803687357,B,APPROVE,0.18,44958179,2779814,1815586,0.2467513962590368
APP-42-010875,0.09047762746248703,B,APPROVE,0.18,33605212,1976338,1370235,0.25868705859322916
APP-42-010876,0.28306480952319,D,DECLINE,,0,0,0,0.0
APP-42-010877,0.09862878396703056,B,APPROVE,0.18,51960795,3331140,2034548,0.23276687364669635
APP-42-010878,0.04002600709242856,A,APPROVE,0.16,51243538,1333198,2928720,0.6209996781127111
APP-42-010879,0.16900529964122268,C,REVIEW,0.22,41025800,4506825,1297045,0.12173469192317324
APP-42-010880,0.13379739517046102,C,REVIEW,0.22,20156468,1752974,920496,0.21346294817098677
APP-42-010881,0.20527320761343518,D,DECLINE,,0,0,0,0.0
APP-42-010882,0.04779314289421294,A,APPROVE,0.16,39514082,1227526,1978741,0.49031942666917955
APP-42-010883,0.0986641139714654,B,APPROVE,0.18,68289576,4379525,2782329,0.24213884482008358
APP-42-010884,0.1819577131609188,D,DECLINE,,0,0,0,0.0
APP-42-010885,0.08867324245411098,B,APPROVE,0.18,78446190,4521451,3757630,0.3084892540868208
APP-42-010886,0.11543395750957279,C,REVIEW,0.22,64836306,4864802,4510644,0.3660328342128993
APP-42-010887,0.13606078692494614,C,REVIEW,0.22,33681994,2978819,1723480,0.2359342049962906
APP-42-010888,0.1507562799215842,C,REVIEW,0.22,40010243,3920667,1730869,0.18332095145685467
APP-42-010889,0.26042682891646174,D,DECLINE,,0,0,0,0.0
APP-42-010890,0.09675489238764735,B,APPROVE,0.18,47962575,3016399,1909484,0.2401474061914575
APP-42-010891,0.14780911560430487,C,REVIEW,0.22,26756331,2570639,1092810,0.1759325139103233
APP-42-010892,0.2946354243015158,D,DECLINE,,0,0,0,0.0
APP-42-010893,0.11861056566774233,C,REVIEW,0.22,28387376,2188578,1719529,0.311924111457443
APP-42-010894,0.12267851657169727,C,REVIEW,0.22,46324397,3693955,2904704,0.31433175769768523
APP-42-010895,0.07494630699639979,B,APPROVE,0.18,27993457,1363704,1365576,0.3549582195804888
APP-42-010896,0.300071602297966,D,DECLINE,,0,0,0,0.0
APP-42-010897,0.1590228847717149,C,REVIEW,0.22,9361324,967632,86567,0.03747927083861753
APP-42-010898,0.1426774998824277,C,REVIEW,0.22,19632095,1820688,774126,0.17487823467618127
APP-42-010899,0.04246443141261989,A,APPROVE,0.16,18185871,501964,784764,0.4532637068922486
APP-42-010900,0.055109679507421176,B,APPROVE,0.18,25448335,911592,1537725,0.5412392917526517
APP-42-010901,0.046269104610528924,A,APPROVE,0.16,43909362,1320570,2281272,0.5187638722216552
APP-42-010902,0.1829911039609572,D,DECLINE,,0,0,0,0.0
APP-42-010903,0.117403283421904,C,REVIEW,0.22,46829380,3573650,3100757,0.34374653725733817
APP-42-010904,0.11809806244580677,C,REVIEW,0.22,86437684,6635280,5980373,0.3575052964583984
APP-42-010905,0.20864064888546746,D,DECLINE,,0,0,0,0.0
APP-42-010906,0.2176378542320441,D,DECLINE,,0,0,0,0.0
APP-42-010907,0.3210983570715064,D,DECLINE,,0,0,0,0.0
APP-42-010908,0.2810605800603194,D,DECLINE,,0,0,0,0.0
APP-42-010909,0.11946906075029819,C,REVIEW,0.22,46173390,3585589,2990419,0.33160135268167934
APP-42-010910,0.10302751472124005,C,REVIEW,0.22,23898908,1600459,1634377,0.3931744181735681
APP-42-010911,0.14154753092986264,C,REVIEW,0.22,32804076,3018168,1552443,0.2112598575743756
APP-42-010912,0.06189376708082905,B,APPROVE,0.18,31319848,1260027,1835156,0.48641130890014495
APP-42-010913,0.16875560997020714,C,REVIEW,0.22,72856276,7991688,2586753,0.13688241547819216
APP-42-010914,0.12657892480984498,C,REVIEW,0.22,28396854,2336388,1573140,0.27082710993047787
APP-42-010915,0.1209967268657164,C,REVIEW,0.22,41269767,3245779,2594686,0.3186654789140399
APP-42-010916,0.18142292997932036,D,DECLINE,,0,0,0,0.0
APP-42-010917,0.07057708926299287,B,APPROVE,0.18,44083458,2022333,2476847,0.42645399463527506
APP-42-010918,0.08431313170560434,B,APPROVE,0.18,70137818,3843800,3521360,0.33558767498328973
APP-42-010919,0.0887402561564391,B,APPROVE,0.18,25721168,1483627,995702,0.24916827394632302
APP-42-010920,0.10620541584242864,C,REVIEW,0.22,19947836,1377069,1265106,0.35616201983118795
APP-42-010921,0.09535840726773318,B,APPROVE,0.18,62455950,3871205,2648950,0.25867011369387893
APP-42-010922,0.17061182580223386,C,REVIEW,0.22,49086135,5443539,1569381,0.12212587924042015
APP-42-010923,0.1785405322119383,C,REVIEW,0.22,59405080,6894039,1666723,0.10311144608801288
APP-42-010924,0.06645282929062879,B,APPROVE,0.18,31833876,1375043,1776683,0.44158293953118366
APP-42-010925,0.11032326346911364,C,REVIEW,0.22,30040264,2154191,2001849,0.36331240435362283
APP-42-010926,0.10026968865418633,C,REVIEW,0.22,23331966,1520668,1629127,0.40988306040618444
APP-42-010927,0.06925830532375749,B,APPROVE,0.18,50455012,2271379,2928673,0.44637884429728525
APP-42-010928,0.18969858480799534,D,DECLINE,,0,0,0,0.0
APP-42-010929,0.07533106393543196,B,APPROVE,0.18,40756447,1995647,2137562,0.3802440683025716
APP-42-010930,0.22087623091355507,D,DECLINE,,0,0,0,0.0
APP-42-010931,0.05576007216864808,B,APPROVE,0.18,13252112,480310,627422,0.4208895976330408
APP-42-010932,0.16807031126978214,C,REVIEW,0.22,74464712,8134950,2684757,0.13947885355227063
APP-42-010933,0.13073042978766378,C,REVIEW,0.22,50875623,4323145,2958199,0.27695079883179163
APP-42-010934,0.09521049429900207,B,APPROVE,0.18,57637426,3566997,2423120,0.2567002526440024
APP-42-010935,0.08660495291217836,B,APPROVE,0.18,8493329,478117,106149,0.08190746486278908
APP-42-010936,0.19569694743446955,D,DECLINE,,0,0,0,0.0
APP-42-010937,0.05103328526687715,B,APPROVE,0.18,25092225,832350,1577795,0.5912910168541972
APP-42-010938,0.12967584814256228,C,REVIEW,0.22,26604298,2242458,1398187,0.2519670235315981
APP-42-010939,0.06814476413702383,B,APPROVE,0.18,36730594,1626948,2063417,0.4368757392458379
APP-42-010940,0.08866277389253405,B,APPROVE,0.18,15957671,919653,485690,0.19603154027069528
APP-42-010941,0.15038337619105202,C,REVIEW,0.22,67726944,6620254,3188787,0.19992916023001284
APP-42-010942,0.21014963961692168,D,DECLINE,,0,0,0,0.0
APP-42-010943,0.18052060149802776,D,DECLINE,,0,0,0,0.0
APP-42-010944,0.10544393658700943,C,REVIEW,0.22,53497117,3666615,4007952,0.42308703472450376
APP-42-010945,0.04687438652531369,A,APPROVE,0.16,89591177,2729695,4983510,0.551088084909556
APP-42-010946,0.11364749928554127,C,REVIEW,0.22,28603876,2112993,1827588,0.3403239920491705
APP-42-010947,0.1591260304493048,C,REVIEW,0.22,66439400,6871955,2743955,0.16729919540709795
APP-42-010948,0.40277153544331307,D,DECLINE,,0,0,0,0.0
APP-42-010949,0.20317576240698376,D,DECLINE,,0,0,0,0.0
APP-42-010950,0.17515732775506304,C,REVIEW,0.22,38745777,4411294,1050572,0.10128515510355199
APP-42-010951,0.07187657364099784,B,APPROVE,0.18,29675740,1386444,1527888,0.38583825502957386
APP-42-010952,0.17382918099063055,C,REVIEW,0.22,36721309,4149103,1009094,0.10331602011965896
APP-42-010953,0.24278042231288338,D,DECLINE,,0,0,0,0.0
APP-42-010954,0.1267121818256229,C,REVIEW,0.22,34088812,2807654,1955668,0.28022737419734856
APP-42-010955,0.04519045970592569,A,APPROVE,0.16,43321435,1272515,2276414,0.5321350699777598
APP-42-010956,0.103991020136834,C,REVIEW,0.22,76777432,5189706,5976908,0.44436297406526243
APP-42-010957,0.05211824317397676,B,APPROVE,0.18,22618968,766260,1371827,0.5628520800880193
APP-42-010958,0.05375025586086027,B,APPROVE,0.18,31809230,1111340,2037675,0.5830174664420449
APP-42-010959,0.03613168864073093,A,APPROVE,0.16,16554876,388801,751138,0.5216968084356806
APP-42-010960,0.14059283778217588,C,REVIEW,0.22,39831082,3639977,1984685,0.22367192027433364
APP-42-010961,0.08037852762961986,B,APPROVE,0.18,44207099,2309646,2203135,0.34490938579067554
APP-42-010962,0.08600386430436126,B,APPROVE,0.18,81456921,4553646,4056615,0.32805724957749194
APP-42-010963,0.18478369852288953,D,DECLINE,,0,0,0,0.0
APP-42-010964,0.15371307110650212,C,REVIEW,0.22,22697353,2267772,786831,0.14454671301326807
APP-42-010965,0.03884309012197563,A,APPROVE,0.16,50910308,1285384,2946544,0.6395547295410863
APP-42-010966,0.14926775720172797,C,REVIEW,0.22,37310631,3620028,1626566,0.18626622622475514
APP-42-010967,0.08076090984624615,B,APPROVE,0.18,44162708,2318303,2189595,0.34195771711996503
APP-42-010968,0.041201799693219326,A,APPROVE,0.16,56361932,1509438,3213135,0.6093152997749498
APP-42-010969,0.04700536471473601,A,APPROVE,0.16,137363198,4196925,7815763,0.5627556736314206
APP-42-010970,0.1388696610371388,C,REVIEW,0.22,80097387,7230013,4434595,0.2510538215908171
APP-42-010971,0.2702835136601451,D,DECLINE,,0,0,0,0.0
APP-42-010972,0.0913349384862313,B,APPROVE,0.18,58197801,3455070,2596688,0.2810860804821123
APP-42-010973,0.07996978519813393,B,APPROVE,0.18,38044930,1977589,1857353,0.33912021572903944
APP-42-010974,0.20643676691354285,D,DECLINE,,0,0,0,0.0
APP-42-010975,0.14644761022279337,C,REVIEW,0.22,29893958,2845634,1288460,0.1870850240397563
APP-42-010976,0.042121306798040985,A,APPROVE,0.16,57897650,1585171,3275617,0.5970596680892817
APP-42-010977,0.4344668312556683,D,DECLINE,,0,0,0,0.0
APP-42-010978,0.10547420660056507,C,REVIEW,0.22,74202044,5087161,5693145,0.43318904858632473
APP-42-010979,0.25490988704925344,D,DECLINE,,0,0,0,0.0
APP-42-010980,0.11607381974101182,C,REVIEW,0.22,83674794,6313094,5888125,0.36862568735962037
APP-42-010981,0.12704523631873657,C,REVIEW,0.22,35586161,2938684,2049240,0.28068652363520813
APP-42-010982,0.1723064230590984,C,REVIEW,0.22,44259284,4957003,1331889,0.11398889290005332
APP-42-010983,0.11485408472870709,C,REVIEW,0.22,67983237,5075299,4772186,0.3708013415097754
APP-42-010984,0.1465290817317691,C,REVIEW,0.22,55600189,5295579,2694449,0.21025474202749075
APP-42-010985,0.2781639932922054,D,DECLINE,,0,0,0,0.0
APP-42-010986,0.1779233605439487,C,REVIEW,0.22,60675265,7017106,1734184,0.10534966308762057
APP-42-010987,0.11345687600033678,C,REVIEW,0.22,30463349,2246580,1972923,0.345418176754202
APP-42-010988,0.045013467082157387,A,APPROVE,0.16,20936669,612581,921719,0.4468664122840647
APP-42-010989,0.09480091514850951,B,APPROVE,0.18,72457419,4464869,3155447,0.26677692072874576
APP-42-010990,0.22804099907604083,D,DECLINE,,0,0,0,0.0
APP-42-010991,0.29855467275122144,D,DECLINE,,0,0,0,0.0
APP-42-010992,0.1050527607179467,C,REVIEW,0.22,36275659,2477058,2614291,0.4081550573902952
APP-42-010993,0.20040635846748228,D,DECLINE,,0,0,0,0.0
APP-42-010994,0.13043694799598987,C,REVIEW,0.22,17742800,1504306,807114,0.21706398521221532
APP-42-010995,0.2167417043422972,D,DECLINE,,0,0,0,0.0
APP-42-010996,0.08745362810458153,B,APPROVE,0.18,11144913,633531,242409,0.1415233233250768
APP-42-010997,0.0747206618271635,B,APPROVE,0.18,34251674,1663550,1754134,0.373445119039939
APP-42-010998,0.04819029194721659,A,APPROVE,0.16,17030898,533471,649310,0.37142133534602567
APP-42-010999,0.28431259437591205,D,DECLINE,,0,0,0,0.0
APP-42-011000,0.05421237665041731,B,APPROVE,0.18,44814041,1579159,3000385,0.6060307092779014
APP-42-011001,0.05704502441832293,B,APPROVE,0.18,54154201,2007998,3598964,0.5821527947184174
APP-42-011002,0.22728527941428742,D,DECLINE,,0,0,0,0.0
APP-42-011003,0.054895061785611154,B,APPROVE,0.18,49711947,1773811,3344503,0.6041261294792151
APP-42-011004,0.1898981525276667,D,DECLINE,,0,0,0,0.0
APP-42-011005,0.11062719997035675,C,REVIEW,0.22,42771778,3075619,2990147,0.38032378879515943
APP-42-011006,0.19723041131197386,D,DECLINE,,0,0,0,0.0
APP-42-011007,0.057002245790157786,B,APPROVE,0.18,33353403,1235792,2083082,0.5473554807895785
APP-42-011008,0.06026360041015625,B,APPROVE,0.18,18087091,708496,931084,0.4349896574776659
APP-42-011009,0.1555392319579024,C,REVIEW,0.22,82151510,8305559,3667168,0.18430592015046554
APP-42-011010,0.22471818304966806,D,DECLINE,,0,0,0,0.0
APP-42-011011,0.11108705225032336,C,REVIEW,0.22,36293030,2620596,2473359,0.36954894106201497
APP-42-011012,0.1855232950226238,D,DECLINE,,0,0,0,0.0
APP-42-011013,0.07306044077934447,B,APPROVE,0.18,80734450,3834021,4696768,0.43099813579052215
APP-42-011014,0.13747637437597368,C,REVIEW,0.22,56557027,5053916,3079638,0.24895798345399353
APP-42-011015,0.0639348091422007,B,APPROVE,0.18,131551240,5466957,8653679,0.5343108412672896
APP-42-011016,0.14861046013967869,C,REVIEW,0.22,56551565,5462700,2670035,0.20246764692950883
APP-42-011017,0.12282523628950082,C,REVIEW,0.22,104884048,8373565,7009042,0.3346804151956842
APP-42-011018,0.04622072133300238,A,APPROVE,0.16,59738147,1794741,3231692,0.5405063787953558
APP-42-011019,0.09103287755330958,B,APPROVE,0.18,41889243,2478644,1779173,0.2682362471280391
APP-42-011020,0.23597496818142255,D,DECLINE,,0,0,0,0.0
APP-42-011021,0.10663133293681958,C,REVIEW,0.22,43361444,3005398,3148819,0.40654825189626814
APP-42-011022,0.11295473754997468,C,REVIEW,0.22,49118276,3606292,3411449,0.3717262497195071
APP-42-011023,0.14752170359360348,C,REVIEW,0.22,20434561,1959452,755732,0.15956222372348597
APP-42-011024,0.18853432736059128,D,DECLINE,,0,0,0,0.0
APP-42-011025,0.25091137440067424,D,DECLINE,,0,0,0,0.0
APP-42-011026,0.05246582206788832,B,APPROVE,0.18,44119611,1504602,2998556,0.628102936761909
APP-42-011027,0.08266690060199891,B,APPROVE,0.18,36978770,1986998,1730667,0.3173702158545825
APP-42-011028,0.1817785630627645,D,DECLINE,,0,0,0,0.0
APP-42-011029,0.23919923270727306,D,DECLINE,,0,0,0,0.0
APP-42-011030,0.023464627870895684,A,APPROVE,0.16,40240063,613742,2657864,0.93682879231273
APP-42-011031,0.1139457477897451,C,REVIEW,0.22,40665848,3011905,2737972,0.35788402813844844
APP-42-011032,0.10846857459623341,C,REVIEW,0.22,52481110,3700158,3822008,0.4023352491807666
APP-42-011033,0.33543615484422423,D,DECLINE,,0,0,0,0.0
APP-42-011034,0.025570760249052638,A,APPROVE,0.16,75154499,1249142,5164762,0.9382860057850012
APP-42-011035,0.23969657860637716,D,DECLINE,,0,0,0,0.0
APP-42-011036,0.18561203742867474,D,DECLINE,,0,0,0,0.0
APP-42-011037,0.04658710774699495,A,APPROVE,0.16,25956179,785995,1200061,0.45975164263367946
APP-42-011038,0.09935148066673041,B,APPROVE,0.18,75882185,4900355,3096686,0.2412500953768441
APP-42-011039,0.15609832465716592,C,REVIEW,0.22,29185719,2961297,1066561,0.15043119483407066
APP-42-011040,0.1910426860329183,D,DECLINE,,0,0,0,0.0
APP-42-011041,0.12482592312999496,C,REVIEW,0.22,46092028,3739762,2824042,0.30290465800846955
APP-42-011042,0.048644839079125556,A,APPROVE,0.16,23633002,747255,1029715,0.42204356210188027
APP-42-011043,0.06493975939023175,B,APPROVE,0.18,63738200,2690443,3970759,0.5007000411548608
APP-42-011044,0.09357485493357198,B,APPROVE,0.18,77885035,4737253,3480101,0.27641994755732063
APP-42-011045,0.08585066620937505,B,APPROVE,0.18,44232356,2468295,2047264,0.30529364432467115
APP-42-011046,0.19361488232626847,D,DECLINE,,0,0,0,0.0
APP-42-011047,0.24076570403561745,D,DECLINE,,0,0,0,0.0
APP-42-011048,0.15556776838547423,C,REVIEW,0.22,33717708,3409503,1298154,0.15893721356990392
APP-42-011049,0.0799756718412108,B,APPROVE,0.18,23774164,1235881,1029277,0.3007184749426806
APP-42-011050,0.0719016125851534,B,APPROVE,0.18,54171956,2531783,3077132,0.42557992126877653
APP-42-011051,0.1810033993995839,D,DECLINE,,0,0,0,0.0
APP-42-011052,0.06813425771554561,B,APPROVE,0.18,15604333,691073,675403,0.33663792774162477
APP-42-011053,0.01963001440542905,A,APPROVE,0.16,22564552,287913,1392897,0.9421605688154505
APP-42-011054,0.1780327749200971,C,REVIEW,0.22,40391855,4674198,1034580,0.094360952567292
APP-42-011055,0.1824317470603052,D,DECLINE,,0,0,0,0.0
APP-42-011056,0.051871283692290306,B,APPROVE,0.18,48417902,1632474,3343495,0.6427740755871214
APP-42-011057,0.02086066463146693,A,APPROVE,0.16,24778743,335986,1544101,0.9284358220665369
APP-42-011058,0.10511831031114165,C,REVIEW,0.22,152785784,10439379,12128488,0.44936654471532933
APP-42-011059,0.1708599151389488,C,REVIEW,0.22,59668490,6626720,1973554,0.12618487300313727
APP-42-011060,0.07836003593579932,B,APPROVE,0.18,44033894,2242823,2250905,0.3603175992392236
APP-42-011061,0.16683074177415666,C,REVIEW,0.22,91860273,9961326,3467715,0.14695534312285075
APP-42-011062,0.1478148582752694,C,REVIEW,0.22,25154132,2416800,1006319,0.17232186999829094
APP-42-011063,0.09629375611239378,B,APPROVE,0.18,14336784,897353,329693,0.1392182404499984
APP-42-011064,0.097797718051338,B,APPROVE,0.18,87852315,5584641,3729113,0.25396839722111403
APP-42-011065,0.08322610732218416,B,APPROVE,0.18,30867120,1669818,1375566,0.3007147528807832
APP-42-011066,0.058437355867857144,B,APPROVE,0.18,18861556,716443,1008329,0.46098230539085217
APP-42-011067,0.2306111851549162,D,DECLINE,,0,0,0,0.0
APP-42-011068,0.13655632628744327,C,REVIEW,0.22,68749226,6102292,3860092,0.25812150275226603
APP-42-011069,0.13887234462055445,C,REVIEW,0.22,35852067,3236259,1791551,0.22658921984244165
APP-42-011070,0.3570332552810738,D,DECLINE,,0,0,0,0.0
APP-42-011071,0.0696481534748043,B,APPROVE,0.18,40440421,1830790,2267656,0.42954555308361553
APP-42-011072,0.19273581165919543,D,DECLINE,,0,0,0,0.0
APP-42-011073,0.20658438074846866,D,DECLINE,,0,0,0,0.0
APP-42-011074,0.07096264234256491,B,APPROVE,0.18,19627002,905310,903661,0.3481376720561491
APP-42-011075,0.18789610477889845,D,DECLINE,,0,0,0,0.0
APP-42-011076,0.04242643479974785,A,APPROVE,0.16,21617700,596155,999438,0.485867156207574
APP-42-011077,0.048594030193524554,A,APPROVE,0.16,26627766,841068,1205431,0.4387779727337341
APP-42-011078,0.20830998041013754,D,DECLINE,,0,0,0,0.0
APP-42-011079,0.03636209200233834,A,APPROVE,0.16,29310340,692760,1595170,0.6236165120290107
APP-42-011080,0.11037727905949575,C,REVIEW,0.22,82745558,5936599,6125234,0.40342660421492504
APP-42-011081,0.05373964662522432,B,APPROVE,0.18,13477865,470792,661773,0.44693279162235555
APP-42-011082,0.08548358904895517,B,APPROVE,0.18,47661025,2648253,2244460,0.3116029667993301
APP-42-011083,0.07526261549082855,B,APPROVE,0.18,38345358,1875882,1992108,0.376894955336077
APP-42-011084,0.37514666281098147,D,DECLINE,,0,0,0,0.0
APP-42-011085,0.08375416106515376,B,APPROVE,0.18,41391349,2253354,1949695,0.31638764476415615
APP-42-011086,0.1119147024780238,C,REVIEW,0.22,69951732,5088608,5054152,0.38952147671200255
APP-42-011087,0.10682216251762164,C,REVIEW,0.22,71996204,4999014,5450417,0.4232388330396877
APP-42-011088,0.032479333596302416,A,APPROVE,0.16,42280385,892605,2562629,0.7371448902233315
APP-42-011089,0.10132082287653114,C,REVIEW,0.22,39134122,2577316,2942802,0.43791722946089545
APP-42-011090,0.24418580891871566,D,DECLINE,,0,0,0,0.0
APP-42-011091,0.21948943837028695,D,DECLINE,,0,0,0,0.0
APP-42-011092,0.12725572557735226,C,REVIEW,0.22,13001195,1075410,524770,0.19647907330299616
APP-42-011093,0.030249743415712477,A,APPROVE,0.16,22337442,439206,1221164,0.6891791674128132
APP-42-011094,0.05377529085957903,B,APPROVE,0.18,24382079,852250,1479779,0.5522011392795325
APP-42-011095,0.0552246329653615,B,APPROVE,0.18,40509820,1454141,2651939,0.5855883675451156
APP-42-011096,0.042260452968696585,A,APPROVE,0.16,15340749,421400,609268,0.41832992405898306
APP-42-011097,0.05635586689601278,B,APPROVE,0.18,73432729,2689937,5037663,0.605693345280891
APP-42-011098,0.2020849858566123,D,DECLINE,,0,0,0,0.0
APP-42-011099,0.4088158844514247,D,DECLINE,,0,0,0,0.0
APP-42-011100,0.0928150166542555,B,APPROVE,0.18,35108448,2118084,1393845,0.24711344960060594
APP-42-011101,0.24082435168829155,D,DECLINE,,0,0,0,0.0
APP-42-011102,0.3104269218580848,D,DECLINE,,0,0,0,0.0
APP-42-011103,0.060427131133588774,B,APPROVE,0.18,47432154,1863023,3004514,0.5342942900475298
APP-42-011104,0.09724585757270277,B,APPROVE,0.18,83919539,5304538,3576611,0.2560968008682607
APP-42-011105,0.05289985369823083,B,APPROVE,0.18,39500788,1358231,2636856,0.6137228012397503
APP-42-011106,0.10047692204148276,C,REVIEW,0.22,18467786,1206131,1214037,0.38528942296295143
APP-42-011107,0.07241915744482323,B,APPROVE,0.18,18641696,877510,823076,0.32913983595736934
APP-42-011108,0.16058222866637661,C,REVIEW,0.22,77198446,8057854,3171913,0.16517243070885756
APP-42-011109,0.14275607721346717,C,REVIEW,0.22,23556870,2185876,997654,0.18773979880513725
APP-42-011110,0.06963531140411175,B,APPROVE,0.18,40912841,1851836,2298577,0.4304300844597302
APP-42-011111,0.2253501211936535,D,DECLINE,,0,0,0,0.0
APP-42-011112,0.05932643625293487,B,APPROVE,0.18,36714620,1415796,2272812,0.5285392853901314
APP-42-011113,0.05089912848687182,B,APPROVE,0.18,32920892,1089169,2182129,0.6243263364988747
APP-42-011114,0.06878576964533471,B,APPROVE,0.18,62884287,2811604,3755668,0.46146483529987203
APP-42-011115,0.20117685442293107,D,DECLINE,,0,0,0,0.0
APP-42-011116,0.1493778030743179,C,REVIEW,0.22,32267179,3133000,1357077,0.17958617936892612
APP-42-011117,0.06614920458555444,B,APPROVE,0.18,32550394,1399569,1830975,0.4464535945992127
APP-42-011118,0.11946906075029819,C,REVIEW,0.22,50141119,3893703,3277465,0.33467249776917946
APP-42-011119,0.07647455188458532,B,APPROVE,0.18,50046804,2487749,2667399,0.38229282845939416
APP-42-011120,0.04926898558938273,A,APPROVE,0.16,51341844,1644214,2626552,0.4916700093667191
APP-42-011121,0.1453665119413224,C,REVIEW,0.22,72848414,6883318,3693944,0.22145188562103657
APP-42-011122,0.17136942994138565,C,REVIEW,0.22,44496014,4956417,1367985,0.11699508038752515
APP-42-011123,0.021124276682972183,A,APPROVE,0.16,27448605,376891,1743484,0.9415453344046465
APP-42-011124,0.03315866737483601,A,APPROVE,0.16,27567110,594158,1536882,0.6708348077709486
APP-42-011125,0.17293369941986908,C,REVIEW,0.22,63936478,7186902,2053570,0.12128865986164529
APP-42-011126,0.21490017612218063,D,DECLINE,,0,0,0,0.0
APP-42-011127,0.13506728183004701,C,REVIEW,0.22,77387916,6794174,4464013,0.26756470507462987
APP-42-011128,0.22620180008916377,D,DECLINE,,0,0,0,0.0
APP-42-011129,0.23344670251947622,D,DECLINE,,0,0,0,0.0
APP-42-011130,0.04886883085658107,A,APPROVE,0.16,135269183,4296790,7527436,0.537507060767605
APP-42-011131,0.05895003865531296,B,APPROVE,0.18,35364741,1355089,2185032,0.5297345150321549
APP-42-011132,0.36939539308123454,D,DECLINE,,0,0,0,0.0
APP-42-011133,0.05262593974671641,B,APPROVE,0.18,58372314,1996734,4074221,0.6438036149993973
APP-42-011134,0.13183852221552222,C,REVIEW,0.22,46370637,3973734,2631862,0.2684945336044257
APP-42-011135,0.16822702291122194,C,REVIEW,0.22,33883686,3705098,1027454,0.11721511830896356
APP-42-011136,0.17009229187185226,C,REVIEW,0.22,46885979,5183713,1499183,0.12245364031204503
APP-42-011137,0.04033106189825887,A,APPROVE,0.16,34444657,902973,1847046,0.5801510485708388
APP-42-011138,0.03396175511061029,A,APPROVE,0.16,18337383,404800,895564,0.5803684219489209
APP-42-011139,0.15228311728791538,C,REVIEW,0.22,79532076,7872405,3707406,0.1958886208841911
APP-42-011140,0.11479342834323435,C,REVIEW,0.22,38861571,2899684,2579551,0.3507764834610617
APP-42-011141,0.23621821511042773,D,DECLINE,,0,0,0,0.0
APP-42-011142,0.1323180882441957,C,REVIEW,0.22,72803204,6261568,4308913,0.2791603261444791
APP-42-011143,0.2114879974574073,D,DECLINE,,0,0,0,0.0
APP-42-011144,0.05952559637706721,B,APPROVE,0.18,58887500,2278454,3849171,0.5568495664237952
APP-42-011145,0.05150258453213147,B,APPROVE,0.18,49418111,1654354,3431638,0.649263346524384
APP-42-011146,0.22032727657299014,D,DECLINE,,0,0,0,0.0
APP-42-011147,0.22592910648430026,D,DECLINE,,0,0,0,0.0
APP-42-011148,0.15565220349113648,C,REVIEW,0.22,48577826,4914810,2021864,0.1717412881096811
APP-42-011149,0.16057720065656278,C,REVIEW,0.22,29346268,3063022,988918,0.13547019729434637
APP-42-011150,0.1257600322780166,C,REVIEW,0.22,47200034,3858321,2871685,0.29898921596104633
APP-42-011151,0.23438764556503958,D,DECLINE,,0,0,0,0.0
APP-42-011152,0.18773206112186935,D,DECLINE,,0,0,0,0.0
APP-42-011153,0.1133568523143583,C,REVIEW,0.22,39864167,2937270,2692355,0.3604655346868683
APP-42-011154,0.05896155256917097,B,APPROVE,0.18,42692068,1636174,2709954,0.5441640516380085
APP-42-011155,0.22220695149796726,D,DECLINE,,0,0,0,0.0
APP-42-011156,0.10067556837710756,C,REVIEW,0.22,46205484,3023646,3557176,0.45053145857896687
APP-42-011157,0.1026977898697236,C,REVIEW,0.22,24528639,1637374,1691922,0.3975479462246784
APP-42-011158,0.09156289462736474,B,APPROVE,0.18,26954551,1604224,1010777,0.23579753829253042
APP-42-011159,0.16835104133009154,C,REVIEW,0.22,46843090,5125954,1550510,0.12787041778559918
APP-42-011160,0.1481902939887044,C,REVIEW,0.22,12553477,1209197,323824,0.11087847563063621
APP-42-011161,0.17590929108921155,C,REVIEW,0.22,53891341,6161992,1571709,0.10854617146492046
APP-42-011162,0.16527036560074862,C,REVIEW,0.22,36969689,3971496,1223957,0.12990722210799674
APP-42-011163,0.14190982272499547,C,REVIEW,0.22,30429656,2806874,1407575,0.20605892323476016
APP-42-011164,0.09722707148618982,B,APPROVE,0.18,39080572,2469798,1479065,0.2274497612175874
APP-42-011165,0.15002866193783493,C,REVIEW,0.22,62052454,6051270,2906598,0.19929172207821094
APP-42-011166,0.05961617127689923,B,APPROVE,0.18,53599953,2077026,3468969,0.5508005865210988
APP-42-011167,0.03126032310190465,A,APPROVE,0.16,23901654,485663,1315486,0.6825214567656316
APP-42-011168,0.09007018411351685,B,APPROVE,0.18,17022863,996614,525901,0.1966614861950652
APP-42-011169,0.03562303364707943,A,APPROVE,0.16,60667881,1404763,3705346,0.7076347195950248
APP-42-011170,0.1269586047836055,C,REVIEW,0.22,52362488,4321115,3183259,0.2964831178289283
APP-42-011171,0.21608518211673286,D,DECLINE,,0,0,0,0.0
APP-42-011172,0.08359570818771196,B,APPROVE,0.18,18227967,990457,664619,0.24524411044884167
APP-42-011173,0.15267597885127152,C,REVIEW,0.22,35697536,3542602,1462029,0.17173862075030294
APP-42-011174,0.22460123730216536,D,DECLINE,,0,0,0,0.0
APP-42-011175,0.11612810345309921,C,REVIEW,0.22,38223820,2885259,2498314,0.3422596474984839
APP-42-011176,0.0796681200643844,B,APPROVE,0.18,41618941,2155207,2072877,0.34691502644536004
APP-42-011177,0.04101549489338727,A,APPROVE,0.16,39352795,1049148,2142603,0.5834327067213865
APP-42-011178,0.16368900884190432,C,REVIEW,0.22,36721669,3907107,1251144,0.13477676044510375
APP-42-011179,0.1066995912428689,C,REVIEW,0.22,48027728,3330950,3523209,0.4104864130292314
APP-42-011180,0.15377275213233033,C,REVIEW,0.22,36240613,3622332,1463760,0.16835876248857887
APP-42-011181,0.23052115113153535,D,DECLINE,,0,0,0,0.0
APP-42-011182,0.11442651257391334,C,REVIEW,0.22,12538203,932557,598174,0.252752063198779
APP-42-011183,0.1375894531796498,C,REVIEW,0.22,81191161,7261181,4567493,0.2570338336527904
APP-42-011184,0.04256354804982953,A,APPROVE,0.16,31056981,859232,1585896,0.535641314097547
APP-42-011185,0.26856527013117065,D,DECLINE,,0,0,0,0.0
APP-42-011186,0.18999290888290243,D,DECLINE,,0,0,0,0.0
APP-42-011187,0.2618036449549298,D,DECLINE,,0,0,0,0.0
APP-42-011188,0.05779295070806667,B,APPROVE,0.18,19925289,748502,1093280,0.4765792270991988
APP-42-011189,0.09684158142034999,B,APPROVE,0.18,20089366,1264566,595264,0.17861290647231112
APP-42-011190,0.029724681637006783,A,APPROVE,0.16,20064622,387669,1068147,0.6769316748225577
APP-42-011191,0.10789424396554176,C,REVIEW,0.22,32757615,2297333,2266309,0.3837969422183418
APP-42-011192,0.15872036715049953,C,REVIEW,0.22,49207253,5076626,1954462,0.16123876254825026
APP-42-011193,0.09868684687319003,B,APPROVE,0.18,42108803,2701130,1580838,0.22307386768745233
APP-42-011194,0.12275815773750079,C,REVIEW,0.22,29440880,2349170,1716962,0.292200260893989
APP-42-011195,0.07615623410997178,B,APPROVE,0.18,69666091,3448580,3864690,0.39908808606787644
APP-42-011196,0.13808028839931327,C,REVIEW,0.22,37096241,3329469,1884967,0.23148920991659858
APP-42-011197,0.11508438322740368,C,REVIEW,0.22,65305738,4885186,4560675,0.3683131454593635
APP-42-011198,0.16578360671780631,C,REVIEW,0.22,19560124,2107786,476232,0.09528504202731236
APP-42-011199,0.07145228104322297,B,APPROVE,0.18,47389565,2200960,2661892,0.42269008337696845
APP-42-011200,0.15673290430740164,C,REVIEW,0.22,44897304,4573975,1810620,0.16544650090695887
APP-42-011201,0.1477237000030029,C,REVIEW,0.22,34074822,3271878,1489345,0.1883637681087351
APP-42-011202,0.1480218466884932,C,REVIEW,0.22,35847001,3448991,1578060,0.18940061442313702
APP-42-011203,0.07308677952595047,B,APPROVE,0.18,29485450,1400748,1492652,0.37495205532989234
APP-42-011204,0.1674585601965513,C,REVIEW,0.22,30464670,3316020,903680,0.11510928844047769
APP-42-011205,0.046029630356581974,A,APPROVE,0.16,23810333,712388,1080542,0.45454640242344857
APP-42-011206,0.27164029584647575,D,DECLINE,,0,0,0,0.0
APP-42-011207,0.03718072639333849,A,APPROVE,0.16,46038482,1112634,2680830,0.6591976991192151
APP-42-011208,0.018114315972159834,A,APPROVE,0.16,45336996,533812,3196518,1.1094771272431512
APP-42-011209,0.04536769612739964,A,APPROVE,0.16,37656855,1110463,1928654,0.5174537621183104
APP-42-011210,0.05719873831553173,B,APPROVE,0.18,30278718,1125738,1854921,0.5356980121229314
APP-42-011211,0.13468132222668744,C,REVIEW,0.22,52455148,4592074,2926199,0.25936065744876163
APP-42-011212,0.34437313026920224,D,DECLINE,,0,0,0,0.0
APP-42-011213,0.0845315892778431,B,APPROVE,0.18,52733130,2897450,2553194,0.32301640456562114
APP-42-011214,0.11686553034122665,C,REVIEW,0.22,40808450,3099916,2671352,0.34107430235124364
APP-42-011215,0.3787444504192404,D,DECLINE,,0,0,0,0.0
APP-42-011216,0.1521951677615372,C,REVIEW,0.22,50595954,5005299,2234094,0.18564179782428253
APP-42-011217,0.055755690160601744,B,APPROVE,0.18,21582490,782175,1241899,0.5115640576701915
APP-42-011218,0.2740079657220563,D,DECLINE,,0,0,0,0.0
APP-42-011219,0.12673590230819295,C,REVIEW,0.22,55842810,4600238,3426184,0.29964381473430796
APP-42-011220,0.1770317619275563,C,REVIEW,0.22,73414558,8447861,2214323,0.11165234268817908
APP-42-011221,0.5237610945721887,D,DECLINE,,0,0,0,0.0
APP-42-011222,0.19010772804172701,D,DECLINE,,0,0,0,0.0
APP-42-011223,0.05305679908048598,B,APPROVE,0.18,96424816,3325395,6931335,0.6596382250498064
APP-42-011224,0.09907106069132479,B,APPROVE,0.18,104259828,6713936,4404645,0.25028862768044846
APP-42-011225,0.14504246462120507,C,REVIEW,0.22,43285860,4080887,2061992,0.20842499229745623
APP-42-011226,0.08190555772085016,B,APPROVE,0.18,41945137,2233101,2030864,0.33054390798325783
APP-42-011227,0.2703585772341924,D,DECLINE,,0,0,0,0.0
APP-42-011228,0.09113097399263931,B,APPROVE,0.18,56484110,3345844,2517408,0.2812416173234652
APP-42-011229,0.2218472201749526,D,DECLINE,,0,0,0,0.0
APP-42-011230,0.19153561401160155,D,DECLINE,,0,0,0,0.0
APP-42-011231,0.1509002204824556,C,REVIEW,0.22,41514299,4071936,1805209,0.18412149659341426
APP-42-011232,0.06371605025408897,B,APPROVE,0.18,36058197,1493366,2123036,0.47934235723416574
APP-42-011233,0.1798773363608354,C,REVIEW,0.22,39258072,4590064,948646,0.08824247736567364
APP-42-011234,0.1460200176542952,C,REVIEW,0.22,41475895,3936602,1934782,0.2029724548159924
APP-42-011235,0.15475045323671113,C,REVIEW,0.22,93423246,9397238,4266249,0.18934675201515977
APP-42-011236,0.1942998036202011,D,DECLINE,,0,0,0,0.0
APP-42-011237,0.17069498974511932,C,REVIEW,0.22,47345732,5253092,1498768,0.12086829110706097
APP-42-011238,0.13489603145475912,C,REVIEW,0.22,53789180,4716365,3002011,0.2591448744422686
APP-42-011239,0.2187524067230793,D,DECLINE,,0,0,0,0.0
APP-42-011240,0.03353772793600306,A,APPROVE,0.16,24081571,524967,1292375,0.6419515974357188
APP-42-011241,0.19170362168990623,D,DECLINE,,0,0,0,0.0
APP-42-011242,0.09208915193369878,B,APPROVE,0.18,94165831,5636573,4371668,0.2906736575502043
APP-42-011243,0.1827395074777704,D,DECLINE,,0,0,0,0.0
APP-42-011244,0.05150966643226914,B,APPROVE,0.18,49341889,1652030,3425578,0.6490621416189694
APP-42-011245,0.07906269286574569,B,APPROVE,0.18,8612080,442581,154748,0.125847262967203
APP-42-011246,0.13326690056300872,C,REVIEW,0.22,54577838,4727723,3108953,0.26712527294103844
APP-42-011247,0.1619009575787868,C,REVIEW,0.22,39095849,4114276,1400101,0.14297857037472006
APP-42-011248,0.20618076136544022,D,DECLINE,,0,0,0,0.0
APP-42-011249,0.09701217373351101,B,APPROVE,0.18,64909341,4093048,2696980,0.25012638484356875
APP-42-011250,0.19019060792903808,D,DECLINE,,0,0,0,0.0
APP-42-011251,0.11326924782147989,C,REVIEW,0.22,33574637,2471933,2214263,0.35220531625406076
APP-42-011252,0.15936425060909218,C,REVIEW,0.22,28150353,2916004,956549,0.13747427184046668
APP-42-011253,0.08658295278658759,B,APPROVE,0.18,29900222,1682752,1256272,0.2754069037715701
APP-42-011254,0.08589872596248546,B,APPROVE,0.18,58871875,3287062,2838844,0.3179352597396998
APP-42-011255,0.17418041691073108,C,REVIEW,0.22,74150696,8395139,2377465,0.12033954459561087
APP-42-011256,0.05218636761324913,B,APPROVE,0.18,62223430,2110690,4383888,0.6533056571902238
APP-42-011257,0.22612780247467235,D,DECLINE,,0,0,0,0.0
APP-42-011258,0.19801404194604844,D,DECLINE,,0,0,0,0.0
APP-42-011259,0.08484544200947432,B,APPROVE,0.18,36536745,2014985,1654057,0.3012065470941002
APP-42-011260,0.05448764966385092,B,APPROVE,0.18,36359317,1287737,2361788,0.586073919476809
APP-42-011261,0.1124253030737743,C,REVIEW,0.22,42718481,3121715,2936057,0.36921466170031375
APP-42-011262,0.03984661623054209,A,APPROVE,0.16,21969681,569021,1058250,0.5247095641002453
APP-42-011263,0.27284736116111374,D,DECLINE,,0,0,0,0.0
APP-42-011264,0.11965633550038333,C,REVIEW,0.22,65857677,5122187,4406464,0.34215179826816644
APP-42-011265,0.06108065035968996,B,APPROVE,0.18,52661160,2090776,3351952,0.5330714384617921
APP-42-011266,0.214189672689203,D,DECLINE,,0,0,0,0.0
APP-42-011267,0.18372201403272134,D,DECLINE,,0,0,0,0.0
APP-42-011268,0.15071752542650754,C,REVIEW,0.22,67902413,6652154,3183208,0.19869706900145392
APP-42-011269,0.07913975811282596,B,APPROVE,0.18,36247814,1864618,1772641,0.3422650170346132
APP-42-011270,0.05663490869837807,B,APPROVE,0.18,39382994,1449794,2532335,0.5658966684441556
APP-42-011271,0.06400837017329129,B,APPROVE,0.18,54217106,2255727,3358155,0.5027074850638084
APP-42-011272,0.05145294766793504,B,APPROVE,0.18,57652817,1928165,4063645,0.6594211999613878
APP-42-011273,0.291807293099976,D,DECLINE,,0,0,0,0.0
APP-42-011274,0.06939403289044492,B,APPROVE,0.18,30356040,1369243,1619921,0.40982358382299144
APP-42-011275,0.08512611302752965,B,APPROVE,0.18,29441655,1629065,1259517,0.28394389458972386
APP-42-011276,0.1523932186667271,C,REVIEW,0.22,41430715,4103944,1760663,0.1784736371718728
APP-42-011277,0.038129625176761155,A,APPROVE,0.16,107985378,2676337,6692347,0.691923558691101
APP-42-011278,0.05102435891187545,B,APPROVE,0.18,37462580,1242478,2528406,0.6347263502604749
APP-42-011279,0.18634457736146096,D,DECLINE,,0,0,0,0.0
APP-42-011280,0.08547015426290791,B,APPROVE,0.18,52716016,2928670,2520092,0.3163567696571564
APP-42-011281,0.04696724952626163,A,APPROVE,0.16,70248912,2144609,3827793,0.539188531381659
APP-42-011282,0.084858429032612,B,APPROVE,0.18,58265394,3213801,2845392,0.3248825052792586
APP-42-011283,0.05184485326724415,B,APPROVE,0.18,65948138,2222396,4681899,0.6610313070737412
APP-42-011284,0.10006881782356365,C,REVIEW,0.22,33613724,2186396,2505663,0.43825674638293
APP-42-011285,0.07903446394893378,B,APPROVE,0.18,58269766,2993458,3066216,0.368637258877065
APP-42-011286,0.147047753284722,C,REVIEW,0.22,26472403,2530260,1090601,0.17821973524729745
APP-42-011287,0.15574599755340404,C,REVIEW,0.22,68893781,6974455,3009612,0.1801660156273733
APP-42-011288,0.10975913542207276,C,REVIEW,0.22,71400217,5093937,5266096,0.4037214806265051
APP-42-011289,0.10806408074850951,C,REVIEW,0.22,48327987,3394638,3504560,0.401788781122461
APP-42-011290,0.03498700153685596,A,APPROVE,0.16,35842689,815118,2060724,0.6725721844047309
APP-42-011291,0.11165062090159503,C,REVIEW,0.22,33785004,2451876,2265875,0.36224136863515644
APP-42-011292,0.22456373973397556,D,DECLINE,,0,0,0,0.0
APP-42-011293,0.11850438380804303,C,REVIEW,0.22,19991878,1539931,1108850,0.2858202090929237
APP-42-011294,0.08685046929400606,B,APPROVE,0.18,119385775,6739662,6042773,0.33102462608724326
APP-42-011295,0.18813511975610311,D,DECLINE,,0,0,0,0.0
APP-42-011296,0.11336744611644883,C,REVIEW,0.22,46844097,3451887,3224727,0.36738403220489374
APP-42-011297,0.1309990501338604,C,REVIEW,0.22,34294863,2920186,1874043,0.2598446418547586
APP-42-011298,0.09207399335248771,B,APPROVE,0.18,49900874,2986472,2152624,0.2701254096709369
APP-42-011299,0.06050690134316847,B,APPROVE,0.18,80638523,3171472,5348766,0.5589982440874208
APP-42-011300,0.062127612038507286,B,APPROVE,0.18,54224865,2189760,3424975,0.5230156113029795
APP-42-011301,0.27598060213878833,D,DECLINE,,0,0,0,0.0
APP-42-011302,0.1501232825083492,C,REVIEW,0.22,75360190,7353657,3600371,0.20316146512908662
APP-42-011303,0.13868062808992956,C,REVIEW,0.22,54309600,4895598,2900842,0.2424727212682723
APP-42-011304,0.15996311349739323,C,REVIEW,0.22,32528055,3382138,1147070,0.14222118397404054
APP-42-011305,0.12278565760373424,C,REVIEW,0.22,47076088,3757174,2954239,0.3143679201492396
APP-42-011306,0.07589344011525559,B,APPROVE,0.18,91700249,4523641,5213387,0.4100092081420046
APP-42-011307,0.08302303444730652,B,APPROVE,0.18,35933588,1939155,1663540,0.31295108619175405
APP-42-011308,0.5506292603491922,D,DECLINE,,0,0,0,0.0
APP-42-011309,0.2510544629348548,D,DECLINE,,0,0,0,0.0
APP-42-011310,0.1543911643797288,C,REVIEW,0.22,56058264,5625685,2433054,0.18031036153599891
APP-42-011311,0.0993478099410731,B,APPROVE,0.18,66518065,4295476,2671511,0.23743236086428526
APP-42-011312,0.145427694282664,C,REVIEW,0.22,52644952,4976422,2570321,0.21315175104835654
APP-42-011313,0.07288052049673854,B,APPROVE,0.18,14475977,685761,556597,0.2853520785348994
APP-42-011314,0.027504570621321115,A,APPROVE,0.16,102103162,1825397,7013887,0.9067819878513349
APP-42-011315,0.08792720562030955,B,APPROVE,0.18,43361505,2478226,1941539,0.29017552384567474
APP-42-011316,0.334879800937012,D,DECLINE,,0,0,0,0.0
APP-42-011317,0.10720502606790407,C,REVIEW,0.22,91476637,6374391,6997105,0.42644866827364697
APP-42-011318,0.05995498987858079,B,APPROVE,0.18,16924568,659563,852139,0.4269003371149926
APP-42-011319,0.15078093083574617,C,REVIEW,0.22,79144492,7756762,3764912,0.20155524561024574
APP-42-011320,0.06586334138179308,B,APPROVE,0.18,62951670,2695035,3879649,0.49058953612133704
APP-42-011321,0.21480162701630698,D,DECLINE,,0,0,0,0.0
APP-42-011322,0.0982805325205,B,APPROVE,0.18,24181192,1544751,765180,0.18861891867579664
APP-42-011323,0.3125773566317446,D,DECLINE,,0,0,0,0.0
APP-42-011324,0.26346898135181274,D,DECLINE,,0,0,0,0.0
APP-42-011325,0.027304947465503614,A,APPROVE,0.16,65166516,1156589,4358397,0.8858819712343634
APP-42-011326,0.1018767285204948,C,REVIEW,0.22,79239140,5247206,6288665,0.4602368000308032
APP-42-011327,0.17155846976413516,C,REVIEW,0.22,26279911,2930552,661435,0.09568953599087852
APP-42-011328,0.0931124863591989,B,APPROVE,0.18,31632046,1914470,1215055,0.23851632449846624
APP-42-011329,0.04411626620283068,A,APPROVE,0.16,19169907,549708,825584,0.4423845616714481
APP-42-011330,0.07816232822729693,B,APPROVE,0.18,28699207,1458078,1348835,0.3318881928135332
APP-42-011331,0.11944189370318617,C,REVIEW,0.22,53955782,4188978,3554390,0.3373506974584269
APP-42-011332,0.15427560613157174,C,REVIEW,0.22,47106030,4723752,1992152,0.1758027533766866
APP-42-011333,0.11638301747497785,C,REVIEW,0.22,21302046,1611478,1233829,0.3027774246600764
APP-42-011334,0.06949580380052135,B,APPROVE,0.18,76829011,3470541,4630650,0.4624064378408476
APP-42-011335,0.07237181975270215,B,APPROVE,0.18,41591160,1956518,2268509,0.40678474250474955
APP-42-011336,0.10787599502004966,C,REVIEW,0.22,27595597,1934987,1854353,0.3728244023764082
APP-42-011337,0.13485057997408642,C,REVIEW,0.22,28990076,2541064,1457448,0.23350061517820597
APP-42-011338,0.11907634604415944,C,REVIEW,0.22,66677642,5160825,4490822,0.3457469129126105
APP-42-011339,0.32176715967582403,D,DECLINE,,0,0,0,0.0
APP-42-011340,0.36260850136243583,D,DECLINE,,0,0,0,0.0
APP-42-011341,0.05764371874528143,B,APPROVE,0.18,40389251,1513321,2579496,0.5556609524109137
APP-42-011342,0.19057606719641806,D,DECLINE,,0,0,0,0.0
APP-42-011343,0.31711690314987095,D,DECLINE,,0,0,0,0.0
APP-42-011344,0.08405934173782063,B,APPROVE,0.18,66383535,3627102,3325087,0.335543906625434
APP-42-011345,0.08682087025645589,B,APPROVE,0.18,67871410,3830226,3285629,0.31667778028661026
APP-42-011346,0.07790432482988105,B,APPROVE,0.18,46539445,2356656,2412683,0.36695422601800654
APP-42-011347,0.06249278014065354,B,APPROVE,0.18,33460341,1359169,1971468,0.4859720388407107
APP-42-011348,0.08235096352980045,B,APPROVE,0.18,36733635,1966283,1724417,0.31922356550880227
APP-42-011349,0.10131892359740471,C,REVIEW,0.22,63702082,4195247,5010065,0.45801797563786945
APP-42-011350,0.05948054848793748,B,APPROVE,0.18,28849813,1115402,1708078,0.5046323791850856
APP-42-011351,0.06083980273942929,B,APPROVE,0.18,36700144,1451339,2235677,0.5115164080730927
APP-42-011352,0.030428977761157845,A,APPROVE,0.16,60837592,1203297,3922087,0.8103321987422388
APP-42-011353,0.08643195015843,B,APPROVE,0.18,39950199,2244433,1800089,0.29573294064798267
APP-42-011354,0.10710232384035778,C,REVIEW,0.22,69263902,4821911,5217674,0.42029282262803336
APP-42-011355,0.09088884548669074,B,APPROVE,0.18,34839540,2058242,1424108,0.25845572106272535
APP-42-011356,0.07155194423360481,B,APPROVE,0.18,11693095,543831,392409,0.25229036993652565
APP-42-011357,0.11106032061126825,C,REVIEW,0.22,66545096,4803838,4827927,0.3934907441112648
APP-42-011358,0.14315725064550933,C,REVIEW,0.22,33430887,3110818,1553815,0.20556177369092196
APP-42-011359,0.21796958283066703,D,DECLINE,,0,0,0,0.0
APP-42-011360,0.08164577856815436,B,APPROVE,0.18,43153094,2290124,2106716,0.3340615068216679
APP-42-011361,0.07643467838699915,B,APPROVE,0.18,58013049,2882236,3149200,0.38951172630725167
APP-42-011362,0.15958650892229168,C,REVIEW,0.22,36079950,3742618,1319375,0.14777227300670842
APP-42-011363,0.18399143347472352,D,DECLINE,,0,0,0,0.0
APP-42-011364,0.1609856192674946,C,REVIEW,0.22,40161381,4202513,1471694,0.14700062528955973
APP-42-011365,0.23931346546326515,D,DECLINE,,0,0,0,0.0
APP-42-011366,0.13183589763993084,C,REVIEW,0.22,24795046,2124770,1244487,0.23743665857391466
APP-42-011367,0.0968162431950593,B,APPROVE,0.18,58783689,3699290,2416915,0.24789058634014682
APP-42-011368,0.07729481751504284,B,APPROVE,0.18,29350303,1474607,1403926,0.3404921568009015
APP-42-011369,0.16426924068065474,C,REVIEW,0.22,22914829,2446731,640493,0.11023876971053174
APP-42-011370,0.11088313089383095,C,REVIEW,0.22,34207527,2465475,2315655,0.3676079721872863
APP-42-011371,0.12913769162828284,C,REVIEW,0.22,54110718,4542027,3224581,0.28666811567944384
APP-42-011372,0.15829071831641284,C,REVIEW,0.22,55872306,5748644,2282202,0.16619371937510874
APP-42-011373,0.10940180669432285,C,REVIEW,0.22,65106944,4629831,4786210,0.4034250216924679
APP-42-011374,0.04814866887994188,A,APPROVE,0.16,11795490,369159,342435,0.28297185119644636
APP-42-011375,0.10425827954198114,C,REVIEW,0.22,80206200,5435404,6245526,0.44360399460548156
APP-42-011376,0.22796705809304,D,DECLINE,,0,0,0,0.0
APP-42-011377,0.19560527823114235,D,DECLINE,,0,0,0,0.0
APP-42-011378,0.3290236895059124,D,DECLINE,,0,0,0,0.0
APP-42-011379,0.2626725928563735,D,DECLINE,,0,0,0,0.0
APP-42-011380,0.11313244342288178,C,REVIEW,0.22,108608041,7986610,7954596,0.3915136696330255
APP-42-011381,0.0899325508797173,B,APPROVE,0.18,79075507,4622450,3725855,0.30028039726650335
APP-42-011382,0.07083154480507053,B,APPROVE,0.18,48884515,2250668,2776629,0.4300373321627404
APP-42-011383,0.18662421643615626,D,DECLINE,,0,0,0,0.0
APP-42-011384,0.2131958415901436,D,DECLINE,,0,0,0,0.0
APP-42-011385,0.2216740594594731,D,DECLINE,,0,0,0,0.0
APP-42-011386,0.09947017747239342,B,APPROVE,0.18,86026564,5562100,3550822,0.24378698166524634
APP-42-011387,0.08043756007644451,B,APPROVE,0.18,111773511,5844013,6101074,0.3775658585266817
APP-42-011388,0.036168007469296666,A,APPROVE,0.16,66648613,1566856,4081519,0.7037519214338676
APP-42-011389,0.2401793889962667,D,DECLINE,,0,0,0,0.0
APP-42-011390,0.08874225498129064,B,APPROVE,0.18,20052055,1156652,699074,0.22439403675849764
APP-42-011391,0.038360144475282694,A,APPROVE,0.16,52410569,1306810,3060141,0.6497055871135464
APP-42-011392,0.05796850722481234,B,APPROVE,0.18,45633916,1719464,2950266,0.5604305078498796
APP-42-011393,0.048664296606652675,A,APPROVE,0.16,29135276,921601,1350574,0.4489024665326667
APP-42-011394,0.10620245981981487,C,REVIEW,0.22,101892910,7033830,7900106,0.43542642808746346
APP-42-011395,0.04563948766015929,A,APPROVE,0.16,25040622,742847,1160809,0.46669104894004654
APP-42-011396,0.11106943332465093,C,REVIEW,0.22,82914730,5986040,6101170,0.399064803733828
APP-42-011397,0.05189960653871417,B,APPROVE,0.18,49361784,1665207,3414589,0.6436687401625081
APP-42-011398,0.18864116433685055,D,DECLINE,,0,0,0,0.0
APP-42-011399,0.14756503359138903,C,REVIEW,0.22,37188176,3566988,1661238,0.19268541137839823
APP-42-011400,0.18928775613331142,D,DECLINE,,0,0,0,0.0
APP-42-011401,0.06662855626061448,B,APPROVE,0.18,53200348,2304031,3198008,0.47475833131370176
APP-42-011402,0.14474696686778052,C,REVIEW,0.22,23008174,2164736,936490,0.17838584344044803
APP-42-011403,0.10875708272420206,C,REVIEW,0.22,51602372,3647880,3742476,0.3998433123392144
APP-42-011404,0.17693933671354015,C,REVIEW,0.22,14305510,1645285,150542,0.03897225934172449
APP-42-011405,0.0946806842844137,B,APPROVE,0.18,44848609,2760093,1823254,0.24927829225498552
APP-42-011406,0.07440131817760118,B,APPROVE,0.18,82520089,3990742,4736468,0.4198144552866504
APP-42-011407,0.2640010256557513,D,DECLINE,,0,0,0,0.0
APP-42-011408,0.2146596599697287,D,DECLINE,,0,0,0,0.0
APP-42-011409,0.26422581751775087,D,DECLINE,,0,0,0,0.0
APP-42-011410,0.06344831024410011,B,APPROVE,0.18,28478961,1174512,1608173,0.46103471358319503
APP-42-011411,0.07946612582655867,B,APPROVE,0.18,59466904,3071643,3119717,0.3660796115505695
APP-42-011412,0.05120420348605776,B,APPROVE,0.18,34697935,1154842,2311931,0.6252514584701012
APP-42-011413,0.1950116454761218,D,DECLINE,,0,0,0,0.0
APP-42-011414,0.09956584727343117,B,APPROVE,0.18,40169690,2599694,1468972,0.21582926988102744
APP-42-011415,0.08177198309813076,B,APPROVE,0.18,42721510,2270725,2078641,0.3325661431258671
APP-42-011416,0.045891326058129636,A,APPROVE,0.16,11495160,342893,341671,0.2982482599685744
APP-42-011417,0.04693362678501175,A,APPROVE,0.16,44655564,1362301,2306700,0.511369902334178
APP-42-011418,0.12342745126404096,C,REVIEW,0.22,44942685,3605655,2785748,0.3092177678211821
APP-42-011419,0.06270913053764109,B,APPROVE,0.18,17675711,720479,873850,0.4068229167598733
APP-42-011420,0.19057606719641806,D,DECLINE,,0,0,0,0.0
APP-42-011421,0.09342326479039247,B,APPROVE,0.18,50542992,3069229,2140500,0.2623104120099591
APP-42-011422,0.24124328502011222,D,DECLINE,,0,0,0,0.0
APP-42-011423,0.07213651189637099,B,APPROVE,0.18,126841898,5947456,7655153,0.4511367176006557
APP-42-011424,0.08227357373190167,B,APPROVE,0.18,28797954,1540052,1277723,0.3019178720523805
APP-42-011425,0.1911776534862573,D,DECLINE,,0,0,0,0.0
APP-42-011426,0.13608050290812274,C,REVIEW,0.22,35659729,3154186,1844773,0.23850424111289267
APP-42-011427,0.06036986841294021,B,APPROVE,0.18,67124370,2633988,4399693,0.5532151022389886
APP-42-011428,0.271479160409154,D,DECLINE,,0,0,0,0.0
APP-42-011429,0.04502599046242278,A,APPROVE,0.16,15460107,452469,588940,0.38661047391642006
APP-42-011430,0.04154621495611974,A,APPROVE,0.16,28199388,761526,1426419,0.5380629790127047
APP-42-011431,0.26777157357476555,D,DECLINE,,0,0,0,0.0
APP-42-011432,0.21747905239454868,D,DECLINE,,0,0,0,0.0
APP-42-011433,0.4255329939586642,D,DECLINE,,0,0,0,0.0
APP-42-011434,0.2931625355030699,D,DECLINE,,0,0,0,0.0
APP-42-011435,0.06847752694853186,B,APPROVE,0.18,26410650,1175548,1379623,0.40487567784067824
APP-42-011436,0.09599458573305485,B,APPROVE,0.18,62741551,3914852,2636719,0.2550174385393544
APP-42-011437,0.13742613604015985,C,REVIEW,0.22,34174309,3052688,1723458,0.23064478718656764
APP-42-011438,0.18309292855480647,D,DECLINE,,0,0,0,0.0
APP-42-011439,0.06122749884864679,B,APPROVE,0.18,76085012,3028022,4991330,0.5485312731110069
APP-42-011440,0.07880243251940272,B,APPROVE,0.18,47394356,2427614,2435765,0.36080056403145605
APP-42-011441,0.08894844936729464,B,APPROVE,0.18,35840337,2072163,1520275,0.2725513165463343
APP-42-011442,0.054673541234159295,B,APPROVE,0.18,85151003,3026079,5990531,0.633369082932128
APP-42-011443,0.15265388604055696,C,REVIEW,0.22,69507622,6896896,3179248,0.19182027734914697
APP-42-011444,0.0934174944637805,B,APPROVE,0.18,44580895,2707013,1846885,0.25660944066953095
APP-42-011445,0.04390717323765553,A,APPROVE,0.16,33728404,962597,1722959,0.5262019164059596
APP-42-011446,0.05983003270470712,B,APPROVE,0.18,84742573,3295598,5676085,0.5686947512712576
APP-42-011447,0.07088129520611347,B,APPROVE,0.18,53662107,2472366,3080466,0.4344059011002906
APP-42-011448,0.1126875623059473,C,REVIEW,0.22,35959428,2633917,2409997,0.359367881572844
APP-42-011449,0.08906482617199435,B,APPROVE,0.18,63583736,3680998,2963213,0.2991528572707044
APP-42-011450,0.09288173315153657,B,APPROVE,0.18,48958755,2955793,2079670,0.26425498594508534
APP-42-011451,0.19703756529832844,D,DECLINE,,0,0,0,0.0
APP-42-011452,0.24435049494488073,D,DECLINE,,0,0,0,0.0
APP-42-011453,0.06337998377699777,B,APPROVE,0.18,31104728,1281421,1790099,0.47020860343941967
APP-42-011454,0.11099391561153547,C,REVIEW,0.22,127626723,9207763,9586245,0.4075681292294991
APP-42-011455,0.29420864361762383,D,DECLINE,,0,0,0,0.0
APP-42-011456,0.22139266586018688,D,DECLINE,,0,0,0,0.0
APP-42-011457,0.07458989323401362,B,APPROVE,0.18,50808695,2463380,2775577,0.398840888942013
APP-42-011458,0.0539325186171289,B,APPROVE,0.18,29955246,1050115,1894962,0.5745024008866431
APP-42-011459,0.059008429097435346,B,APPROVE,0.18,43402231,1664713,2759532,0.5447682092668406
APP-42-011460,0.06576697339479536,B,APPROVE,0.18,171836246,7345747,11206240,0.5196507518633977
APP-42-011461,0.18848410272297247,D,DECLINE,,0,0,0,0.0
APP-42-011462,0.15508430701708864,C,REVIEW,0.22,29419899,2965667,1097318,0.15437503642171485
APP-42-011463,0.02408214257019517,A,APPROVE,0.16,31242766,489055,1972794,0.8855260233829662
APP-42-011464,0.08460649868925559,B,APPROVE,0.18,104914290,5769680,5420892,0.3444913253679373
APP-42-011465,0.04540405102922637,A,APPROVE,0.16,61890804,1826561,3393612,0.5537197487363185
APP-42-011466,0.05341900096659655,B,APPROVE,0.18,42299404,1468735,2834200,0.6122114669759023
APP-42-011467,0.05540472745138622,B,APPROVE,0.18,45598344,1642136,3023681,0.5919261919066873
APP-42-011468,0.1442844101462846,C,REVIEW,0.22,41171251,3861240,1964447,0.20966784610280495
APP-42-011469,0.1088215750603409,C,REVIEW,0.22,48438033,3426217,3489488,0.3969858618718624
APP-42-011470,0.08912674916221013,B,APPROVE,0.18,27447723,1590112,1079137,0.2522449360185354
APP-42-011471,0.10869327995197443,C,REVIEW,0.22,22578521,1595187,1441591,0.3521647252885586
APP-42-011472,0.05176964555506712,B,APPROVE,0.18,63910294,2150599,4529534,0.6605120984156573
APP-42-011473,0.06284974617281694,B,APPROVE,0.18,36766166,1501984,2192295,0.4899404685890425
APP-42-011474,0.30810966882900814,D,DECLINE,,0,0,0,0.0
APP-42-011475,0.1238931306455354,C,REVIEW,0.22,61351727,4940687,3912072,0.3171407286674183
APP-42-011476,0.2642063640062849,D,DECLINE,,0,0,0,0.0
APP-42-011477,0.134992534506958,C,REVIEW,0.22,60876300,5341600,3439845,0.2622182531862232
APP-42-011478,0.35114570069998896,D,DECLINE,,0,0,0,0.0
APP-42-011479,0.1953059262486552,D,DECLINE,,0,0,0,0.0
APP-42-011480,0.03808404628611423,A,APPROVE,0.16,18318836,453476,845219,0.5154701579552688
APP-42-011481,0.046689386408423766,A,APPROVE,0.16,46413711,1408568,2418666,0.5175073386688691
APP-42-011482,0.07814155263107414,B,APPROVE,0.18,39027325,1982276,1960729,0.3548417100857805
APP-42-011483,0.08893031933503567,B,APPROVE,0.18,29245897,1690551,1176498,0.25851778768988737
APP-42-011484,0.08700156152005839,B,APPROVE,0.18,53374035,3018356,2502788,0.30627607885438
APP-42-011485,0.05517601992932155,B,APPROVE,0.18,44564531,1598281,2953818,0.5932381997850291
APP-42-011486,0.27572611189315505,D,DECLINE,,0,0,0,0.0
APP-42-011487,0.04334448477282251,A,APPROVE,0.16,26058160,734160,1261074,0.5022904153681438
APP-42-011488,0.11495735600711803,C,REVIEW,0.22,62180084,4646238,4330775,0.36764795785366255
APP-42-011489,0.14246158704722064,C,REVIEW,0.22,61259681,5672648,3166304,0.22951408192510894
APP-42-011490,0.4223251312578609,D,DECLINE,,0,0,0,0.0
APP-42-011491,0.03438008740923255,A,APPROVE,0.16,22316540,498709,1159780,0.6136141717253133
APP-42-011492,0.12468536639408193,C,REVIEW,0.22,31017070,2513794,1788767,0.2853685199388705
APP-42-011493,0.06198646529795647,B,APPROVE,0.18,21858545,880707,1173733,0.4453116761850292
APP-42-011494,0.2413624638654659,D,DECLINE,,0,0,0,0.0
APP-42-011495,0.030250563626350962,A,APPROVE,0.16,65916959,1296116,4286410,0.8197519323500493
APP-42-011496,0.10839873626726884,C,REVIEW,0.22,43647656,3075378,3121770,0.39532783976967156
APP-42-011497,0.08919967804011911,B,APPROVE,0.18,90142553,5226446,4339234,0.3086534978697629
APP-42-011498,0.1066282971037706,C,REVIEW,0.22,50273268,3484359,3706631,0.41278122847319154
APP-42-011499,0.19041078551427026,D,DECLINE,,0,0,0,0.0
APP-42-011500,0.1427842904237555,C,REVIEW,0.22,89941615,8347462,4793780,0.23623303645865382
APP-42-011501,0.15318968170933064,C,REVIEW,0.22,52353612,5213022,2290020,0.18290622493751754
APP-42-011502,0.08417799899695355,B,APPROVE,0.18,87547245,4790209,4489988,0.3432107288389062
APP-42-011503,0.12929629100136994,C,REVIEW,0.22,31612774,2656819,1735097,0.26376668099587963
APP-42-011504,0.17045929594974857,C,REVIEW,0.22,32364703,3585962,918744,0.10851499868389783
APP-42-011505,0.10830705421277305,C,REVIEW,0.22,65107771,4583560,4832606,0.41053679714724106
APP-42-011506,0.07780679168115852,B,APPROVE,0.18,46787328,2366242,2430364,0.36801529064283056
APP-42-011507,0.08858916757686719,B,APPROVE,0.18,34490048,1986039,1457866,0.27241282645100656
APP-42-011508,0.055533056217604036,B,APPROVE,0.18,47756813,1723853,3179396,0.5933947053424931
APP-42-011509,0.05405615144184806,B,APPROVE,0.18,67551092,2373509,4707111,0.6319066330553199
APP-42-011510,0.052669287194230544,B,APPROVE,0.18,55017152,1883514,3818373,0.6398383325952509
APP-42-011511,0.19935419456668105,D,DECLINE,,0,0,0,0.0
APP-42-011512,0.12198151914965451,C,REVIEW,0.22,44677581,3542395,2809242,0.3166450821230224
APP-42-011513,0.40230941656137237,D,DECLINE,,0,0,0,0.0
APP-42-011514,0.03535627849120846,A,APPROVE,0.16,11789899,270951,440140,0.4342789290184222
APP-42-011515,0.06167903068852815,B,APPROVE,0.18,46062071,1846692,2870136,0.5184620317508966
APP-42-011516,0.14623067899360723,C,REVIEW,0.22,32629292,3101412,1442982,0.19219262561487674
APP-42-011517,0.07554817914930176,B,APPROVE,0.18,15010182,737095,564025,0.2718722402972138
APP-42-011518,0.16874037180483367,C,REVIEW,0.22,69070396,7575727,2434833,0.13591581926371302
APP-42-011519,0.03925635166338674,A,APPROVE,0.16,30502590,778323,1616910,0.582302969503235
APP-42-011520,0.05806034928561972,B,APPROVE,0.18,75107314,2834492,5077313,0.5853972900510592
APP-42-011521,0.033794750612696815,A,APPROVE,0.16,42301729,929225,2527931,0.7119892467919591
APP-42-011522,0.1584571638161038,C,REVIEW,0.22,42350578,4361989,1640598,0.1574771909928276
APP-42-011523,0.08951199030648098,B,APPROVE,0.18,49558510,2883453,2217984,0.2862192879262786
APP-42-011524,0.08617535233408394,B,APPROVE,0.18,82527922,4622717,4105354,0.32720976286123427
APP-42-011525,0.2614892868377669,D,DECLINE,,0,0,0,0.0
APP-42-011526,0.35666604875685043,D,DECLINE,,0,0,0,0.0
APP-42-011527,0.23841865118258376,D,DECLINE,,0,0,0,0.0
APP-42-011528,0.10659986979463877,C,REVIEW,0.22,59481366,4121459,4450746,0.41900526276406935
APP-42-011529,0.06850905014137394,B,APPROVE,0.18,57800329,2573900,3434137,0.46035158800814974
APP-42-011530,0.0706199082200278,B,APPROVE,0.18,19981336,917202,930745,0.35340390853738496
APP-42-011531,0.03943666380043319,A,APPROVE,0.16,21372801,547867,1025685,0.5258183815112318
APP-42-011532,0.09805494151701032,B,APPROVE,0.18,39556230,2521144,1480041,0.22341796221661506
APP-42-011533,0.2509936109025373,D,DECLINE,,0,0,0,0.0
APP-42-011534,0.14820050560630557,C,REVIEW,0.22,44678774,4303921,2047895,0.19700784135285337
APP-42-011535,0.04960776040716196,A,APPROVE,0.16,23065677,743754,982157,0.40751132373068233
APP-42-011536,0.08681405920850996,B,APPROVE,0.18,45475812,2566161,2086178,0.3001110786512157
APP-42-011537,0.09214357319223125,B,APPROVE,0.18,41438006,2481860,1726321,0.2607246996171659
APP-42-011538,0.07227563859189445,B,APPROVE,0.18,47584699,2235489,2648827,0.4155436194860346
APP-42-011539,0.11408359996357686,C,REVIEW,0.22,47846890,3548055,3278979,0.36392724991870795
APP-42-011540,0.1667615561027439,C,REVIEW,0.22,50613066,5486204,1755756,0.13509005429576512
APP-42-011541,0.19235722781045658,D,DECLINE,,0,0,0,0.0
APP-42-011542,0.11668738182723512,C,REVIEW,0.22,46651455,3538363,3109355,0.3476942242372703
APP-42-011543,0.0885860060903576,B,APPROVE,0.18,70615708,4066116,3351612,0.30589158737580535
APP-42-011544,0.20414002210578025,D,DECLINE,,0,0,0,0.0
APP-42-011545,0.07157034841345049,B,APPROVE,0.18,52511893,2442891,2983417,0.427040711675561
APP-42-011546,0.0690430755734649,B,APPROVE,0.18,15181054,681295,638621,0.32420041267314453
APP-42-011547,0.12523065606079756,C,REVIEW,0.22,44452022,3618391,2699412,0.2994401382329997
APP-42-011548,0.3058181231243589,D,DECLINE,,0,0,0,0.0
APP-42-011549,0.019934501876652497,A,APPROVE,0.16,66950236,867503,4808018,1.0895087772074212
APP-42-011550,0.11806774090261213,C,REVIEW,0.22,54433116,4177417,3637551,0.3453756167395504
APP-42-011551,0.07828600579442799,B,APPROVE,0.18,37123212,1889048,1844505,0.35046483218292224
APP-42-011552,0.07260658978661018,B,APPROVE,0.18,39813937,1878990,2150543,0.40193021225618003
APP-42-011553,0.08963848683872974,B,APPROVE,0.18,59981049,3494797,2753119,0.293233230284875
APP-42-011554,0.16784318337324533,C,REVIEW,0.22,75069508,8189938,2720488,0.14035680524160926
APP-42-011555,0.0215116300733972,A,APPROVE,0.16,21370765,298818,1274551,0.8775078655850257
APP-42-011556,0.16624727107011908,C,REVIEW,0.22,27909872,3015961,820520,0.11478502829193585
APP-42-011557,0.042520973634253605,A,APPROVE,0.16,67049357,1853153,3831290,0.5997373198952902
APP-42-011558,0.10466271717941578,C,REVIEW,0.22,36818033,2504759,2667946,0.4115778251483575
APP-42-011559,0.21708010422957974,D,DECLINE,,0,0,0,0.0
APP-42-011560,0.04725995419925965,A,APPROVE,0.16,42466584,1304530,2167463,0.5031574503002779
APP-42-011561,0.06560010889369756,B,APPROVE,0.18,128212732,5467000,8286401,0.5158845633393286
APP-42-011562,0.13247327091433386,C,REVIEW,0.22,53475212,4604624,3066658,0.2702316856236467
APP-42-011563,0.037703348358225676,A,APPROVE,0.16,30998970,759697,1680210,0.6089144514228187
APP-42-011564,0.2879891293489275,D,DECLINE,,0,0,0,0.0
APP-42-011565,0.05746293109151043,B,APPROVE,0.18,126149989,4711816,8814683,0.6091849767829652
APP-42-011566,0.13338737726271616,C,REVIEW,0.22,71104898,6164922,4150812,0.2735469424521802
APP-42-011567,0.15101802490433028,C,REVIEW,0.22,33907265,3328395,1407694,0.17567454802040858
APP-42-011568,0.04448245266127255,A,APPROVE,0.16,75738182,2189863,4276573,0.5771935557741183
APP-42-011569,0.28679881810413954,D,DECLINE,,0,0,0,0.0
APP-42-011570,0.06590296231974098,B,APPROVE,0.18,24902714,1066756,1322543,0.42258895600360546
APP-42-011571,0.15470036948713636,C,REVIEW,0.22,62469589,6281645,2738794,0.1818337951161646
APP-42-011572,0.26532098081897715,D,DECLINE,,0,0,0,0.0
APP-42-011573,0.12795762957263934,C,REVIEW,0.22,29708938,2470965,1635375,0.26676971163042285
APP-42-011574,0.16606726160203072,C,REVIEW,0.22,74659606,8059036,2789905,0.14603427445666387
APP-42-011575,0.08659193145595401,B,APPROVE,0.18,12926615,727571,344356,0.1746045058641556
APP-42-011576,0.2466422625316797,D,DECLINE,,0,0,0,0.0
APP-42-011577,0.10296611036474117,C,REVIEW,0.22,59995680,4015389,4633963,0.444265944577495
APP-42-011578,0.1545574359350403,C,REVIEW,0.22,64835782,6513554,2861813,0.18320835929119075
APP-42-011579,0.19990786283255682,D,DECLINE,,0,0,0,0.0
APP-42-011580,0.11169270833520896,C,REVIEW,0.22,163890279,11898477,12335065,0.4063928337574001
APP-42-011581,0.10783917288273881,C,REVIEW,0.22,80564316,5647193,6087454,0.4193340069483991
APP-42-011582,0.18739962776988042,D,DECLINE,,0,0,0,0.0
APP-42-011583,0.32050507031485537,D,DECLINE,,0,0,0,0.0
APP-42-011584,0.04147239052793848,A,APPROVE,0.16,41251795,1112027,2250635,0.5809400549023179
APP-42-011585,0.1502982308670367,C,REVIEW,0.22,51022048,4984540,2318767,0.1930702852811737
APP-42-011586,0.0938435844938609,B,APPROVE,0.18,45020682,2746186,1856089,0.254495773961776
APP-42-011587,0.1161245428317309,C,REVIEW,0.22,66514880,5020607,4606625,0.36267477764820294
APP-42-011588,0.1353384719389175,C,REVIEW,0.22,41291355,3632401,2211302,0.24800240496637402
APP-42-011589,0.24742982011735534,D,DECLINE,,0,0,0,0.0
APP-42-011590,0.08644376592755473,B,APPROVE,0.18,37178845,2089022,1650651,0.2913669834015831
APP-42-011591,0.0983232502810929,B,APPROVE,0.18,29821560,1905899,1024472,0.20470364654322076
APP-42-011592,0.08846339680776563,B,APPROVE,0.18,52531096,3020601,2407819,0.295711983054371
APP-42-011593,0.1661468574698332,C,REVIEW,0.22,39286012,4242711,1300191,0.12928396072374052
APP-42-011594,0.2719482218525286,D,DECLINE,,0,0,0,0.0
APP-42-011595,0.34343180111363003,D,DECLINE,,0,0,0,0.0
APP-42-011596,0.04450648451760181,A,APPROVE,0.16,42229238,1221659,2228973,0.5393780446324496
APP-42-011597,0.09200408425386448,B,APPROVE,0.18,32076915,1918285,1260176,0.24614514153704523
APP-42-011598,0.12409447758494938,C,REVIEW,0.22,46405284,3743116,2867677,0.30695151579439645
APP-42-011599,0.05437904126038733,B,APPROVE,0.18,41536569,1468167,2750855,0.5982985440859689
APP-42-011600,0.09662113507414107,B,APPROVE,0.18,33063972,2076541,1210496,0.22106926039699704
APP-42-011601,0.03510855560405887,A,APPROVE,0.16,44096270,1006302,2612363,0.6917501547087589
APP-42-011602,0.09273475282709011,B,APPROVE,0.18,78450905,4728831,3550768,0.28190321915852956
APP-42-011603,0.07042987643967298,B,APPROVE,0.18,28999288,1327571,1512351,0.3964106001915062
APP-42-011604,0.3284653128292682,D,DECLINE,,0,0,0,0.0
APP-42-011605,0.06066659861187163,B,APPROVE,0.18,112938645,4453542,7619709,0.5675916992934817
APP-42-011606,0.13210682307535224,C,REVIEW,0.22,40046557,3438775,2218208,0.2615992873924087
APP-42-011607,0.15446302324167907,C,REVIEW,0.22,47619400,4781034,2011876,0.17545162218976973
APP-42-011608,0.04008950132088773,A,APPROVE,0.16,41818157,1089705,2323929,0.603283270786819
APP-42-011609,0.1431097467732917,C,REVIEW,0.22,68733556,6393687,3566346,0.22954310953273144
APP-42-011610,0.06767596734460514,B,APPROVE,0.18,45424623,1998201,2648508,0.45558770955675054
APP-42-011611,0.17852311685125652,C,REVIEW,0.22,47552448,5517987,1264880,0.09776416834644486
APP-42-011612,0.06476603239463823,B,APPROVE,0.18,20454522,861093,1038905,0.40895852346962097
APP-42-011613,0.13352928111911624,C,REVIEW,0.22,47100736,4088063,2627048,0.26113390462303043
APP-42-011614,0.10133214327543441,C,REVIEW,0.22,25820564,1700695,1822390,0.41098401802093
APP-42-011615,0.16285192850191554,C,REVIEW,0.22,34102453,3609873,1155495,0.13461281127207367
APP-42-011616,0.27530888382221264,D,DECLINE,,0,0,0,0.0
APP-42-011617,0.13004534368955037,C,REVIEW,0.22,19612652,1657847,934051,0.22780610187390632
APP-42-011618,0.13350168905393914,C,REVIEW,0.22,43453381,3770715,2397292,0.25834102417262544
APP-42-011619,0.06920919404231296,B,APPROVE,0.18,80639913,3627665,4892725,0.46682180546984187
APP-42-011620,0.15085439243962226,C,REVIEW,0.22,46176918,4527894,2048644,0.1878995683301842
APP-42-011621,0.11167931658022558,C,REVIEW,0.22,69813142,5067845,5054127,0.39093770966141833
APP-42-011622,0.15256868714141536,C,REVIEW,0.22,165958216,16458018,8085715,0.2044202955484284
APP-42-011623,0.1280981206567939,C,REVIEW,0.22,74019101,6163110,4589755,0.30023941268865134
APP-42-011624,0.1286295767971059,C,REVIEW,0.22,18385458,1537194,870625,0.228522077650655
APP-42-011625,0.23455510027497092,D,DECLINE,,0,0,0,0.0
APP-42-011626,0.09281102784019077,B,APPROVE,0.18,44015038,2655303,1836352,0.2596942302089949
APP-42-011627,0.04765681057519042,A,APPROVE,0.16,16403372,508126,618177,0.36963778648121265
APP-42-011628,0.0998814834814837,B,APPROVE,0.18,25955283,1685094,819987,0.18600566624651163
APP-42-011629,0.11000054439010726,C,REVIEW,0.22,47698743,3410477,3394334,0.3888614829282456
APP-42-011630,0.09750112241567341,B,APPROVE,0.18,85165979,5397456,3620802,0.2549581780291397
APP-42-011631,0.17756641109198593,C,REVIEW,0.22,34567102,3989672,845394,0.09030028739103253
APP-42-011632,0.17156571771324675,C,REVIEW,0.22,56205244,6267880,1812906,0.12262646940034538
APP-42-011633,0.14771306632163245,C,REVIEW,0.22,41141458,3950135,1871084,0.19600855005165274
APP-42-011634,0.12502196987449646,C,REVIEW,0.22,76001926,6176242,4874047,0.3166495276656391
APP-42-011635,0.04011160181473747,A,APPROVE,0.16,34731909,905549,1870323,0.5844074232476144
APP-42-011636,0.24412560219062332,D,DECLINE,,0,0,0,0.0
APP-42-011637,0.11803951078555434,C,REVIEW,0.22,54131546,4153280,3616452,0.3453508203751401
APP-42-011638,0.3863701372045922,D,DECLINE,,0,0,0,0.0
APP-42-011639,0.045717128326770766,A,APPROVE,0.16,10549020,313476,285936,0.2726019432610083
APP-42-011640,0.19355417946205739,D,DECLINE,,0,0,0,0.0
APP-42-011641,0.3103508793340193,D,DECLINE,,0,0,0,0.0
APP-42-011642,0.23917035596090985,D,DECLINE,,0,0,0,0.0
APP-42-011643,0.08714578669668101,B,APPROVE,0.18,36107974,2045328,1576550,0.28483413675622377
APP-42-011644,0.07381763355145886,B,APPROVE,0.18,22760316,1092073,1061562,0.34304128336299267
APP-42-011645,0.15654712077264035,C,REVIEW,0.22,73300493,7458738,3186336,0.17851127897116112
APP-42-011646,0.0874915219368907,B,APPROVE,0.18,38635293,2197169,1702713,0.28666403669500373
APP-42-011647,0.11627045653437963,C,REVIEW,0.22,44595222,3370319,2968964,0.3482881183802943
APP-42-011648,0.19643256819026586,D,DECLINE,,0,0,0,0.0
APP-42-011649,0.10186273089343316,C,REVIEW,0.22,16825435,1114025,1059790,0.365310399218996
APP-42-011650,0.1366677744564511,C,REVIEW,0.22,25012128,2221929,1179890,0.21671863501299057
APP-42-011651,0.09720538057637337,B,APPROVE,0.18,14406196,910234,324448,0.1353718070474463
APP-42-011652,0.11569994573829498,C,REVIEW,0.22,30123790,2265459,1903110,0.33179105475518006
APP-42-011653,0.08636575047308079,B,APPROVE,0.18,108720625,6103330,5505939,0.3325749048757416
APP-42-011654,0.18628238548471612,D,DECLINE,,0,0,0,0.0
APP-42-011655,0.2382086102380546,D,DECLINE,,0,0,0,0.0
APP-42-011656,0.07389496455975281,B,APPROVE,0.18,92119690,4424668,5358498,0.4275127999039988
APP-42-011657,0.18038815564043145,D,DECLINE,,0,0,0,0.0
APP-42-011658,0.2509517824627885,D,DECLINE,,0,0,0,0.0
APP-42-011659,0.10823512070780814,C,REVIEW,0.22,40259009,2832335,2856516,0.3926466191129012
APP-42-011660,0.13840296420233958,C,REVIEW,0.22,101875956,9164957,5766436,0.257373276224813
APP-42-011661,0.1331196518593985,C,REVIEW,0.22,34580192,2992147,1844882,0.2504080545758798
APP-42-011662,0.0734490451046563,B,APPROVE,0.18,55849148,2666343,3127063,0.41326901179466485
APP-42-011663,0.02127299944659706,A,APPROVE,0.16,56802658,785436,3976803,1.0348233108607738
APP-42-011664,0.373646558226908,D,DECLINE,,0,0,0,0.0
APP-42-011665,0.11447562134491342,C,REVIEW,0.22,43851664,3262965,2964784,0.3580658777917179
APP-42-011666,0.10214978035651455,C,REVIEW,0.22,24226350,1608566,1675387,0.40021804872021494
APP-42-011667,0.18602328445843758,D,DECLINE,,0,0,0,0.0
APP-42-011668,0.10913385038263987,C,REVIEW,0.22,46617822,3306929,3335745,0.39343246878434857
APP-42-011669,0.05272288057554125,B,APPROVE,0.18,53889605,1846790,3731067,0.6378803334422142
APP-42-011670,0.08285536747412871,B,APPROVE,0.18,57502930,3096877,2878445,0.33888494046518003
APP-42-011671,0.09116257052757233,B,APPROVE,0.18,75281185,4460837,3470093,0.29079996804050673
APP-42-011672,0.07350519424717773,B,APPROVE,0.18,23014066,1099575,1081973,0.3468180839372145
APP-42-011673,0.05839276093278205,B,APPROVE,0.18,22803635,865519,1292881,0.48913801218147257
APP-42-011674,0.15438154295309864,C,REVIEW,0.22,26918535,2701221,986559,0.15226594011268305
APP-42-011675,0.0230714364828766,A,APPROVE,0.16,21276159,319067,1245788,0.836559934774767
APP-42-011676,0.10909098330121951,C,REVIEW,0.22,62093518,4402998,4561030,0.40399789469062963
APP-42-011677,0.3518512554869019,D,DECLINE,,0,0,0,0.0
APP-42-011678,0.1442875491035546,C,REVIEW,0.22,72742625,6822306,3739088,0.22586785311913207
APP-42-011679,0.18600365961138718,D,DECLINE,,0,0,0,0.0
APP-42-011680,0.04088351715989038,A,APPROVE,0.16,32062054,852026,1683559,0.5637164516650949
APP-42-011681,0.14844868495802196,C,REVIEW,0.22,135587963,13083106,6905089,0.21858651147709696
APP-42-011682,0.27204132045716917,D,DECLINE,,0,0,0,0.0
APP-42-011683,0.32584177461386044,D,DECLINE,,0,0,0,0.0
APP-42-011684,0.3462650165816029,D,DECLINE,,0,0,0,0.0
APP-42-011685,0.14277742671088942,C,REVIEW,0.22,29084836,2699228,1313498,0.20017188680586526
APP-42-011686,0.17838117240631732,C,REVIEW,0.22,23813599,2761134,460906,0.07118452423955059
APP-42-011687,0.0651415364267718,B,APPROVE,0.18,120137398,5086858,7778256,0.5192700887434384
APP-42-011688,0.16899099666423312,C,REVIEW,0.22,40164605,4411847,1262844,0.12107481341892226
APP-42-011689,0.032307424331638246,A,APPROVE,0.16,22113739,464385,1175852,0.6484528709153896
APP-42-011690,0.16519679526560188,C,REVIEW,0.22,11217548,1204517,128115,0.04483103827496701
APP-42-011691,0.155787940732311,C,REVIEW,0.22,46546840,4713434,1918592,0.16995627699688046
APP-42-011692,0.10589338322363853,C,REVIEW,0.22,90427015,6224155,6989898,0.4350904413547141
APP-42-011693,0.311702728207971,D,DECLINE,,0,0,0,0.0
APP-42-011694,0.13336280717600887,C,REVIEW,0.22,42529725,3686724,2342734,0.2581628685306387
APP-42-011695,0.09414348864731983,B,APPROVE,0.18,29998025,1835677,1114106,0.22870921872442207
APP-42-011696,0.13616785692722877,C,REVIEW,0.22,14778640,1308044,558752,0.1742160879877351
APP-42-011697,0.07212334339631563,B,APPROVE,0.18,103914805,4871544,6209084,0.44670699989423984
APP-42-011698,0.1141513690541029,C,REVIEW,0.22,48582680,3604757,3332645,0.3641113010550848
APP-42-011699,0.1339430741651945,C,REVIEW,0.22,30804890,2681966,1588767,0.2408636502969267
APP-42-011700,0.18234888499455185,D,DECLINE,,0,0,0,0.0
APP-42-011701,0.21364645845334912,D,DECLINE,,0,0,0,0.0
APP-42-011702,0.10651099938280677,C,REVIEW,0.22,68060654,4711985,5147113,0.42375634147179114
APP-42-011703,0.03939568261059978,A,APPROVE,0.16,43805588,1121738,2470765,0.6183559379049898
APP-42-011704,0.06838689533462373,B,APPROVE,0.18,21901568,973557,1085615,0.3845367518375582
APP-42-011705,0.1514429012285855,C,REVIEW,0.22,94055503,9258625,4499701,0.20196623250210888
APP-42-011706,0.0639604144032376,B,APPROVE,0.18,74692254,3105276,4760872,0.5175850001599324
APP-42-011707,0.147239813153801,C,REVIEW,0.22,31154473,2981666,1341505,0.18607429516319707
APP-42-011708,0.07498720366250877,B,APPROVE,0.18,132157890,6441598,7745770,0.426305905112367
APP-42-011709,0.135284406688214,C,REVIEW,0.22,35957985,3161961,1881737,0.24242191735454105
APP-42-011710,0.14927653688540907,C,REVIEW,0.22,57328050,5562526,2686681,0.20022702655800204
APP-42-011711,0.02292180183827503,A,APPROVE,0.16,13041252,194304,629409,0.6914621912812614
APP-42-011712,0.09097740781129061,B,APPROVE,0.18,32332623,1912000,1294589,0.2529825325186387
APP-42-011713,0.07371140247798195,B,APPROVE,0.18,71853104,3442655,4111186,0.4212524478110814
APP-42-011714,0.040787875059461014,A,APPROVE,0.16,45857872,1215789,2561419,0.6004414039580903
APP-42-011715,0.1319835344499313,C,REVIEW,0.22,23970436,2056407,1189159,0.2344725983849883
APP-42-011716,0.09696063172050834,B,APPROVE,0.18,13464390,848585,282498,0.12635498163648848
APP-42-011717,0.07876686493856766,B,APPROVE,0.18,82997510,4249345,4530381,0.3833267047902102
APP-42-011718,0.02711919540285056,A,APPROVE,0.16,49669615,875550,3244715,0.8680619405164612
APP-42-011719,0.36492927098364697,D,DECLINE,,0,0,0,0.0
APP-42-011720,0.1220701787546569,C,REVIEW,0.22,50866348,4036022,3243930,0.32096839902780877
APP-42-011721,0.06141630001051569,B,APPROVE,0.18,81373942,3248496,5352637,0.5488786768183105
APP-42-011722,0.20124288767335377,D,DECLINE,,0,0,0,0.0
APP-42-011723,0.1012430999545287,C,REVIEW,0.22,53294521,3507207,4136972,0.4523161725742183
APP-42-011724,0.2439614617820878,D,DECLINE,,0,0,0,0.0
APP-42-011725,0.08580785377157715,B,APPROVE,0.18,55654856,3104155,2667879,0.3163053067233618
APP-42-011726,0.045486167743759326,A,APPROVE,0.16,48598097,1436852,2586977,0.536981531422888
APP-42-011727,0.19793770385167525,D,DECLINE,,0,0,0,0.0
APP-42-011728,0.09074353919251227,B,APPROVE,0.18,45109157,2660687,1951320,0.27384106814075715
APP-42-011729,0.3501691137610396,D,DECLINE,,0,0,0,0.0
APP-42-011730,0.11278890772196787,C,REVIEW,0.22,89854424,6587479,6540685,0.39004310429822414
APP-42-011731,0.295806596459809,D,DECLINE,,0,0,0,0.0
APP-42-011732,0.15769728576697717,C,REVIEW,0.22,77216436,7914935,3317531,0.17535883964049653
APP-42-011733,0.1280219422565625,C,REVIEW,0.22,86662762,7211578,5437836,0.30396522978233464
APP-42-011734,0.10928352309589316,C,REVIEW,0.22,61149137,4343686,4478685,0.4022769814700411
APP-42-011735,0.09492359051241918,B,APPROVE,0.18,84296571,5201127,3721496,0.27018040524783765
APP-42-011736,0.27381239060041185,D,DECLINE,,0,0,0,0.0
APP-42-011737,0.33690216505040016,D,DECLINE,,0,0,0,0.0
APP-42-011738,0.25810774708481454,D,DECLINE,,0,0,0,0.0
APP-42-011739,0.15720387222732152,C,REVIEW,0.22,46690756,4770979,1882634,0.16500459133627035
APP-42-011740,0.07259848057084271,B,APPROVE,0.18,33548791,1583134,1757233,0.3897841259675556
APP-42-011741,0.13808327532906045,C,REVIEW,0.22,47553033,4268081,2514874,0.2409279178548039
APP-42-011742,0.28162013109319084,D,DECLINE,,0,0,0,0.0
APP-42-011743,0.06503220662369398,B,APPROVE,0.18,47763346,2019001,2884967,0.48498767150259176
APP-42-011744,0.17917599519069302,C,REVIEW,0.22,37881571,4411854,920381,0.08902058901879437
APP-42-011745,0.051908349545251066,B,APPROVE,0.18,35972590,1213731,2393254,0.6189934282429027
APP-42-011746,0.0633364260873158,B,APPROVE,0.18,47759275,1966186,2937334,0.502732008026937
APP-42-011747,0.13168453599933913,C,REVIEW,0.22,31762412,2718702,1695660,0.2527854700120689
APP-42-011748,0.078928946318153,B,APPROVE,0.18,25540333,1310317,1149120,0.3154976333729183
APP-42-011749,0.1656247098762574,C,REVIEW,0.22,106880485,11506332,4175741,0.15302545138490642
APP-42-011750,0.2658687804243867,D,DECLINE,,0,0,0,0.0
APP-42-011751,0.24070877575996527,D,DECLINE,,0,0,0,0.0
APP-42-011752,0.1326132697278696,C,REVIEW,0.22,45169834,3893578,2531898,0.26390567896178674
APP-42-011753,0.08352263929823224,B,APPROVE,0.18,33647362,1826706,1524504,0.3049431536351525
APP-42-011754,0.10844140135880306,C,REVIEW,0.22,44343313,3125623,3175874,0.3957485581199777
APP-42-011755,0.05379918970627457,B,APPROVE,0.18,24242603,847751,1468935,0.5511525716096402
APP-42-011756,0.13693612008375816,C,REVIEW,0.22,59833929,5325727,3299362,0.25292527238042756
APP-42-011757,0.23740196267907776,D,DECLINE,,0,0,0,0.0
APP-42-011758,0.07014413637347328,B,APPROVE,0.18,37440707,1707060,2061418,0.4196912723140659
APP-42-011759,0.18943557649215773,D,DECLINE,,0,0,0,0.0
APP-42-011760,0.06092659606377514,B,APPROVE,0.18,72586235,2874581,4759905,0.5501119546650031
APP-42-011761,0.22924859702593947,D,DECLINE,,0,0,0,0.0
APP-42-011762,0.08311381745634144,B,APPROVE,0.18,64406165,3479477,3255201,0.3413877188592655
APP-42-011763,0.06960034759619062,B,APPROVE,0.18,95960111,4341257,5864355,0.46836460434876265
APP-42-011764,0.1319643886239807,C,REVIEW,0.22,54545447,4678737,3153080,0.2732473051341922
APP-42-011765,0.03928750244362206,A,APPROVE,0.16,20677112,528029,982911,0.5219527369846496
APP-42-011766,0.2101237653953704,D,DECLINE,,0,0,0,0.0
APP-42-011767,0.08951635574972475,B,APPROVE,0.18,39339465,2288992,1688350,0.27445868209930585
APP-42-011768,0.02967584767321223,A,APPROVE,0.16,12032065,232090,500796,0.5296831372350976
APP-42-011769,0.23243960504591912,D,DECLINE,,0,0,0,0.0
APP-42-011770,0.2439614617820878,D,DECLINE,,0,0,0,0.0
APP-42-011771,0.08602434907197692,B,APPROVE,0.18,56416060,3154551,2701216,0.31535101358389
APP-42-011772,0.1211931330127905,C,REVIEW,0.22,52161140,4109022,3365149,0.32657118286535564
APP-42-011773,0.06883702414003749,B,APPROVE,0.18,98731645,4417655,6092826,0.47657627721182383
APP-42-011774,0.13149916654082405,C,REVIEW,0.22,82256839,7030859,4957667,0.2857117135014687
APP-42-011775,0.07389712492603619,B,APPROVE,0.18,34032200,1634673,1758869,0.3798332529213072
APP-42-011776,0.11387233741751189,C,REVIEW,0.22,32513440,2406548,2120468,0.3468425293118673
APP-42-011777,0.06164447646545595,B,APPROVE,0.18,47712973,1911807,2986620,0.5210312576934064
APP-42-011778,0.19882478924795438,D,DECLINE,,0,0,0,0.0
APP-42-011779,0.08020212545454693,B,APPROVE,0.18,50236203,2618883,2557100,0.35283901612072194
APP-42-011780,0.3076672218780002,D,DECLINE,,0,0,0,0.0
APP-42-011781,0.04205600463705405,A,APPROVE,0.16,62283988,1702620,3552939,0.6025402391502903
APP-42-011782,0.10338415584716014,C,REVIEW,0.22,59748633,4015090,4597205,0.4411851356460257
APP-42-011783,0.12698548925184183,C,REVIEW,0.22,56330463,4649548,3450021,0.2986432532766616
APP-42-011784,0.10687683567973565,C,REVIEW,0.22,43360275,3012236,3141805,0.40493013462244265
APP-42-011785,0.09616731756768145,B,APPROVE,0.18,26139148,1633926,891381,0.20665300972910836
APP-42-011786,0.07844027256153649,B,APPROVE,0.18,49084614,2502637,2546671,0.3654463509941469
APP-42-011787,0.1938463828456541,D,DECLINE,,0,0,0,0.0
APP-42-011788,0.05805615440456349,B,APPROVE,0.18,93625009,3533080,6415671,0.5934303413663072
APP-42-011789,0.074326947427845,B,APPROVE,0.18,90024562,4349313,5203389,0.42305319613669756
APP-42-011790,0.04039586737288763,A,APPROVE,0.16,14529842,381515,576171,0.42862768521415207
APP-42-011791,0.07058608888785402,B,APPROVE,0.18,19953750,915497,929415,0.353504876398312
APP-42-011792,0.06193559649754697,B,APPROVE,0.18,74111420,2983588,4818668,0.5395059135237715
APP-42-011793,0.04725035213453562,A,APPROVE,0.16,25684041,788827,1172737,0.4501841351197937
APP-42-011794,0.10402066201685506,C,REVIEW,0.22,71944810,4864435,5577286,0.44240779791230656
APP-42-011795,0.13111049077566617,C,REVIEW,0.22,10439961,889712,326282,0.14851079291280916
APP-42-011796,0.24079619125514498,D,DECLINE,,0,0,0,0.0
APP-42-011797,0.07810681264156917,B,APPROVE,0.18,57377236,2913009,3048486,0.3753781327834546
APP-42-011798,0.21781557162274684,D,DECLINE,,0,0,0,0.0
APP-42-011799,0.1231696051942232,C,REVIEW,0.22,59879442,4793963,3837954,0.32028044612330797
APP-42-011800,0.3694249779419625,D,DECLINE,,0,0,0,0.0
APP-42-011801,0.0965153814628649,B,APPROVE,0.18,145107746,9103334,6508518,0.27106425549140156
APP-42-011802,0.16524520465705672,C,REVIEW,0.22,51540064,5535886,1845123,0.14049115728560932
APP-42-011803,0.13924178425527384,C,REVIEW,0.22,21345599,1931930,919910,0.19499197033815613
APP-42-011804,0.07922127728054087,B,APPROVE,0.18,18180372,936177,713664,0.27453165100593807
APP-42-011805,0.13538657939552778,C,REVIEW,0.22,29909108,2632040,1504327,0.2328518884236756
APP-42-011806,0.12424081511855872,C,REVIEW,0.22,31095427,2511159,1803155,0.2877619739645566
APP-42-011807,0.13924066565558316,C,REVIEW,0.22,48809082,4417536,2553826,0.23674083689747116
APP-42-011808,0.09265775859983455,B,APPROVE,0.18,39259664,2364513,1604050,0.2546348355285804
APP-42-011809,0.1665607159076412,C,REVIEW,0.22,70398622,7621669,2588124,0.1433126717456462
APP-42-011810,0.04582115646465448,A,APPROVE,0.16,20987422,625084,913784,0.43728718327193467
APP-42-011811,0.048176722226140216,A,APPROVE,0.16,44982727,1408628,2289817,0.49600015278841086
APP-42-011812,0.16297406554761906,C,REVIEW,0.22,56965275,6034511,2160281,0.15056704964801318
APP-42-011813,0.12120096072769501,C,REVIEW,0.22,54489020,4292679,3530674,0.32797961863908165
APP-42-011814,0.12404702269846068,C,REVIEW,0.22,23851369,1923149,1304556,0.2717624872453973
APP-42-011815,0.26270266583533924,D,DECLINE,,0,0,0,0.0
APP-42-011816,0.08522619565817291,B,APPROVE,0.18,94430700,5231180,4806197,0.3375235933098409
APP-42-011817,0.21909554348015334,D,DECLINE,,0,0,0,0.0
APP-42-011818,0.03898986071374404,A,APPROVE,0.16,13901345,352307,548814,0.4353352683449614
APP-42-011819,0.04965426437470994,A,APPROVE,0.16,83083261,2681535,4445959,0.5118298259190454
APP-42-011820,0.030370990226853422,A,APPROVE,0.16,66552088,1313814,4325874,0.8177899751035417
APP-42-011821,0.12127564313148305,C,REVIEW,0.22,34556655,2724072,2109426,0.30882854760256445
APP-42-011822,0.10583978194627597,C,REVIEW,0.22,27701050,1905718,1899440,0.38610608058491064
APP-42-011823,0.346423815342513,D,DECLINE,,0,0,0,0.0
APP-42-011824,0.05085664000586653,B,APPROVE,0.18,39247590,1297400,2669835,0.6410622056378619
APP-42-011825,0.314182870312328,D,DECLINE,,0,0,0,0.0
APP-42-011826,0.04694798953918553,A,APPROVE,0.16,34430610,1050691,1698064,0.4881447955537217
APP-42-011827,0.058211209685859154,B,APPROVE,0.18,71882880,2719853,4837264,0.5817499973790817
APP-42-011828,0.0430818668767397,A,APPROVE,0.16,17477211,489418,733531,0.4371656079318084
APP-42-011829,0.0581242422175036,B,APPROVE,0.18,47323628,1787923,3067677,0.560942455269463
APP-42-011830,0.1825216511167109,D,DECLINE,,0,0,0,0.0
APP-42-011831,0.10468657778890401,C,REVIEW,0.22,64298129,4375248,4919471,0.43448931098857607
APP-42-011832,0.04654600555327245,A,APPROVE,0.16,43557547,1317829,2252350,0.514474665974601
APP-42-011833,0.1437109140338806,C,REVIEW,0.22,48883621,4566321,2416222,0.21791345914246138
APP-42-011834,0.13764594951878553,C,REVIEW,0.22,114469241,10241548,6578838,0.2625039398835906
APP-42-011835,0.09140369828304089,B,APPROVE,0.18,35381271,2102086,1439853,0.2562279619472599
APP-42-011836,0.06656885752258351,B,APPROVE,0.18,41705377,1804582,2433010,0.46102626101955774
APP-42-011837,0.12492026391925798,C,REVIEW,0.22,53943242,4380093,3361394,0.3078787214882657
APP-42-011838,0.07650875570650527,B,APPROVE,0.18,34827340,1731988,1749020,0.36009776990488956
APP-42-011839,0.0842396327962437,B,APPROVE,0.18,49888745,2731696,2406066,0.3225746577764793
APP-42-011840,0.044271158694999195,A,APPROVE,0.16,57368168,1650841,3162294,0.5650577785694398
APP-42-011841,0.0657203793189264,B,APPROVE,0.18,22796698,973835,1183802,0.4139836139726589
APP-42-011842,0.19264761461082205,D,DECLINE,,0,0,0,0.0
APP-42-011843,0.10500507544015825,C,REVIEW,0.22,26367257,1799652,1805436,0.38793259077041764
APP-42-011844,0.0726265646203092,B,APPROVE,0.18,30335008,1432033,1554818,0.38131969006597755
APP-42-011845,0.05881941273053504,B,APPROVE,0.18,63641999,2433200,4217420,0.5689926943150677
APP-42-011846,0.06271720293285946,B,APPROVE,0.18,25762871,1050254,1433662,0.45788935513939993
APP-42-011847,0.08744056517743577,B,APPROVE,0.18,42711199,2427549,1920682,0.29262875165238844
APP-42-011848,0.17611766716120036,C,REVIEW,0.22,60386274,6912808,1795133,0.110530467289144
APP-42-011849,0.20977818973741982,D,DECLINE,,0,0,0,0.0
APP-42-011850,0.09872211683973908,B,APPROVE,0.18,33896444,2175114,1203495,0.21091434242512533
APP-42-011851,0.02812350973556841,A,APPROVE,0.16,25726376,470285,1495088,0.7590723236469524
APP-42-011852,0.14171949709627887,C,REVIEW,0.22,45825437,4221333,2302483,0.22407104076004086
APP-42-011853,0.041505247403697466,A,APPROVE,0.16,30366179,819231,1563725,0.5480773760692822
APP-42-011854,0.23312794172298226,D,DECLINE,,0,0,0,0.0
APP-42-011855,0.1618420024911299,C,REVIEW,0.22,68366093,7191929,2712985,0.15848265491653632
APP-42-011856,0.09821737055169383,B,APPROVE,0.18,95526585,6098540,4059384,0.2534241015735162
APP-42-011857,0.20631086917262667,D,DECLINE,,0,0,0,0.0
APP-42-011858,0.02086618222048204,A,APPROVE,0.16,20193881,273890,1193559,0.8805077940957506
APP-42-011859,0.12295139349173347,C,REVIEW,0.22,43109172,3445216,2671159,0.3100663579847336
APP-42-011860,0.0963400441304201,B,APPROVE,0.18,80407975,5035230,3459647,0.26038267696769424
APP-42-011861,0.15030186776028184,C,REVIEW,0.22,68299633,6672616,3222329,0.2004283139081721
APP-42-011862,0.3043764132947185,D,DECLINE,,0,0,0,0.0
APP-42-011863,0.1199008161112571,C,REVIEW,0.22,46160240,3597523,2976513,0.32920731772370165
APP-42-011864,0.0968188873462593,B,APPROVE,0.18,34824716,2191599,1289120,0.22317842610283736
APP-42-011865,0.11148777004756069,C,REVIEW,0.22,26938270,1952137,1738604,0.3489907001829749
APP-42-011866,0.07541940707920534,B,APPROVE,0.18,107474295,5268671,6203502,0.4181295729955497
APP-42-011867,0.12352356914750293,C,REVIEW,0.22,58743408,4716527,3744984,0.317835085204812
APP-42-011868,0.12102903578922064,C,REVIEW,0.22,30147639,2371681,1800465,0.30263644495211434
APP-42-011869,0.15156761714871245,C,REVIEW,0.22,76494649,7536173,3588025,0.19788213174448374
APP-42-011870,0.1362253679499993,C,REVIEW,0.22,22655559,2006070,1042264,0.2119127212088388
APP-42-011871,0.18052227600898774,D,DECLINE,,0,0,0,0.0
APP-42-011872,0.061329811073821454,B,APPROVE,0.18,53966495,2151341,3434974,0.5316193058692746
APP-42-011873,0.054784836833669553,B,APPROVE,0.18,63137900,2248350,4346819,0.6190096766203331
APP-42-011874,0.24637063771748324,D,DECLINE,,0,0,0,0.0
APP-42-011875,0.19459315380500528,D,DECLINE,,0,0,0,0.0
APP-42-011876,0.03386793553695153,A,APPROVE,0.16,68116711,1499532,4280972,0.7479336118895642
APP-42-011877,0.21220175375948697,D,DECLINE,,0,0,0,0.0
APP-42-011878,0.09239436962111104,B,APPROVE,0.18,59329480,3563111,2613131,0.27508377276392887
APP-42-011879,0.11902420119750241,C,REVIEW,0.22,36035444,2787908,2267408,0.32311989554515785
APP-42-011880,0.024282683184681957,A,APPROVE,0.16,24461668,386097,1465453,0.8370861847491894
APP-42-011881,0.1916590882267729,D,DECLINE,,0,0,0,0.0
APP-42-011882,0.06542357858599512,B,APPROVE,0.18,33259378,1414366,1894166,0.45542606299039484
APP-42-011883,0.07563218121406964,B,APPROVE,0.18,44848898,2204813,2378566,0.3834181337069652
APP-42-011884,0.04803321986986645,A,APPROVE,0.16,43947903,1372124,2233188,0.4960254963817481
APP-42-011885,0.08971669309915174,B,APPROVE,0.18,23105790,1347434,844203,0.2332633231958117
APP-42-011886,0.2113799835331883,D,DECLINE,,0,0,0,0.0
APP-42-011887,0.06207448147582519,B,APPROVE,0.18,26900934,1085410,1523693,0.46928231906921697
APP-42-011888,0.08886929770660619,B,APPROVE,0.18,27809870,1606438,1102647,0.2549313607684464
APP-42-011889,0.16659036330170604,C,REVIEW,0.22,51051777,5528077,1779689,0.13587255889908567
APP-42-011890,0.11280099545249087,C,REVIEW,0.22,45983626,3371549,3175995,0.370057164437433
APP-42-011891,0.23463952648400271,D,DECLINE,,0,0,0,0.0
APP-42-011892,0.09815614872360186,B,APPROVE,0.18,78950476,5037159,3297394,0.2491921156347337
APP-42-011893,0.27844940199710333,D,DECLINE,,0,0,0,0.0
APP-42-011894,0.18877504906119402,D,DECLINE,,0,0,0,0.0
APP-42-011895,0.2880598008952989,D,DECLINE,,0,0,0,0.0
APP-42-011896,0.13817301520573083,C,REVIEW,0.22,42943632,3856873,2234672,0.23693723464312147
APP-42-011897,0.1775153176496588,C,REVIEW,0.22,35274452,4070141,871027,0.09119494906995076
APP-42-011898,0.24162474437834572,D,DECLINE,,0,0,0,0.0
APP-42-011899,0.17122643265070994,C,REVIEW,0.22,26684228,2969879,682755,0.09743718819126383
APP-42-011900,0.03709015120980222,A,APPROVE,0.16,25213480,607862,1311352,0.5895668908847329
APP-42-011901,0.14618040945275254,C,REVIEW,0.22,26367130,2505333,1099737,0.1813146505409719
APP-42-011902,0.15514703766186547,C,REVIEW,0.22,78488662,7915234,3508065,0.184926849508411
APP-42-011903,0.19964302950967572,D,DECLINE,,0,0,0,0.0
APP-42-011904,0.04381054622395235,A,APPROVE,0.16,64638515,1840702,3626765,0.5787134555925706
APP-42-011905,0.12809934776032342,C,REVIEW,0.22,25664014,2136903,1362699,0.2570951863685914
APP-42-011906,0.06550861757744754,B,APPROVE,0.18,56248630,2395100,3442249,0.48894564297272913
APP-42-011907,0.09246522589283636,B,APPROVE,0.18,192899710,11593735,9275233,0.3001357682937161
APP-42-011908,0.04763098895167017,A,APPROVE,0.16,66108655,2046733,3553046,0.5273292015216148
APP-42-011909,0.1768828699129095,C,REVIEW,0.22,38882124,4470428,1011891,0.0964059546274312
APP-42-011910,0.1694978133921957,C,REVIEW,0.22,42569569,4690042,1345394,0.12139401082662173
APP-42-011911,0.11459016568779051,C,REVIEW,0.22,36596080,2725808,2413604,0.3490157085681573
APP-42-011912,0.0878504907309184,B,APPROVE,0.18,56720926,3238925,2650377,0.3030149836280695
APP-42-011913,0.0775273876345124,B,APPROVE,0.18,71480315,3602093,3910741,0.3886103660588325
APP-42-011914,0.08906798069029653,B,APPROVE,0.18,92366130,5347462,4462812,0.3101421707952402
APP-42-011915,0.21129337712462046,D,DECLINE,,0,0,0,0.0
APP-42-011916,0.1282936891900568,C,REVIEW,0.22,81235952,6774339,5061054,0.3012869895595068
APP-42-011917,0.10162149215003828,C,REVIEW,0.22,18502742,1222180,1203232,0.37784378185005474
APP-42-011918,0.18900332213986432,D,DECLINE,,0,0,0,0.0
APP-42-011919,0.12352748359984188,C,REVIEW,0.22,33774895,2711883,2004351,0.29585559019799024
APP-42-011920,0.05943605938132606,B,APPROVE,0.18,49267916,1903389,3166082,0.5480025411163655
APP-42-011921,0.36405436692212584,D,DECLINE,,0,0,0,0.0
APP-42-011922,0.3739111958376185,D,DECLINE,,0,0,0,0.0
APP-42-011923,0.1024406601023528,C,REVIEW,0.22,45994544,3062612,3486569,0.43773587578333606
APP-42-011924,0.05490677181686007,B,APPROVE,0.18,69113730,2466628,4785883,0.6217204660696952
APP-42-011925,0.21323611903725512,D,DECLINE,,0,0,0,0.0
APP-42-011926,0.09992359223845898,B,APPROVE,0.18,17353367,1127107,431763,0.14644243874626223
APP-42-011927,0.16805926324107606,C,REVIEW,0.22,25107114,2742664,673403,0.10376630093759823
APP-42-011928,0.10496970279645695,C,REVIEW,0.22,66456495,4534347,5084127,0.43354201396058123
APP-42-011929,0.04284603497617752,A,APPROVE,0.16,101915192,2838330,5984037,0.6135417360028791
APP-42-011930,0.02288081955146473,A,APPROVE,0.16,42541307,632697,2846021,0.9592100763929223
APP-42-011931,0.06742732270014926,B,APPROVE,0.18,31757175,1391846,1751443,0.43203074188578433
APP-42-011932,0.12226163346545989,C,REVIEW,0.22,30391862,2415243,1793536,0.29664049793551717
APP-42-011933,0.33601375911827064,D,DECLINE,,0,0,0,0.0
APP-42-011934,0.11195971549766726,C,REVIEW,0.22,57557665,4188691,4094959,0.3834343055530168
APP-42-011935,0.0801049854817848,B,APPROVE,0.18,21187945,1103219,877455,0.28731749253226907
APP-42-011936,0.08479995600108602,B,APPROVE,0.18,85856657,4732416,4361816,0.3381488669500082
APP-42-011937,0.2599177734953046,D,DECLINE,,0,0,0,0.0
APP-42-011938,0.10739253524415532,C,REVIEW,0.22,19631644,1370390,1224357,0.3472322797542684
APP-42-011939,0.17923094117565608,C,REVIEW,0.22,63379579,7383728,1773209,0.10248198491219436
APP-42-011940,0.0745705125225981,B,APPROVE,0.18,31833692,1543006,1608701,0.3690222830799821
APP-42-011941,0.1630033727347432,C,REVIEW,0.22,54371527,5760782,2044947,0.14930512237012808
APP-42-011942,0.15354254080888763,C,REVIEW,0.22,21370969,2132879,722766,0.14114875804932112
APP-42-011943,0.192046097839369,D,DECLINE,,0,0,0,0.0
APP-42-011944,0.08644734320864325,B,APPROVE,0.18,52567945,2953833,2478640,0.30942839351083257
APP-42-011945,0.05002930302137073,B,APPROVE,0.18,42924346,1395859,2975819,0.6600183767626969
APP-42-011946,0.06320564759940162,B,APPROVE,0.18,55269385,2270669,3458963,0.512278554399211
APP-42-011947,0.15253309125831016,C,REVIEW,0.22,28917016,2867021,1120531,0.16261445981969397
APP-42-011948,0.10393233096919598,C,REVIEW,0.22,38225332,2582351,2801449,0.4185192357847577
APP-42-011949,0.07626031735379646,B,APPROVE,0.18,29301865,1452470,1420735,0.34847430436177745
APP-42-011950,0.03706690175187058,A,APPROVE,0.16,48937148,1179066,2875277,0.666249008608672
APP-42-011951,0.12889202913443093,C,REVIEW,0.22,107885680,9038643,6794209,0.3034116215832762
APP-42-011952,0.3428706033835622,D,DECLINE,,0,0,0,0.0
APP-42-011953,0.12506174028825784,C,REVIEW,0.22,24156298,1963669,1309776,0.26765141424223626
APP-42-011954,0.07505297085953996,B,APPROVE,0.18,46590581,2272895,2502069,0.39037410131831274
APP-42-011955,0.16029687339665644,C,REVIEW,0.22,36968253,3851832,1343406,0.14630236341640154
APP-42-011956,0.21972273477466003,D,DECLINE,,0,0,0,0.0
APP-42-011957,0.11061110458399356,C,REVIEW,0.22,40930194,2942767,2846762,0.3784208005983588
APP-42-011958,0.24579220157572285,D,DECLINE,,0,0,0,0.0
APP-42-011959,0.08261389806495262,B,APPROVE,0.18,18275464,981375,678926,0.2520359076428409
APP-42-011960,0.15522339945229732,C,REVIEW,0.22,72459409,7310807,3208104,0.18311105922389656
APP-42-011961,0.07309087055467661,B,APPROVE,0.18,16920367,803871,707370,0.30963103308556683
APP-42-011962,0.1427734686556934,C,REVIEW,0.22,66607126,6181325,3459744,0.23023618761368647
APP-42-011963,0.13307223522182543,C,REVIEW,0.22,31409616,2716836,1644606,0.2458284549390318
APP-42-011964,0.13493139661721412,C,REVIEW,0.22,68458638,6004193,3914603,0.26545564077082245
APP-42-011965,0.05404192570587862,B,APPROVE,0.18,152944415,5372517,11101369,0.658334425895658
APP-42-011966,0.11440599932370808,C,REVIEW,0.22,53111654,3949590,3667158,0.36585076476548206
APP-42-011967,0.3202292920535961,D,DECLINE,,0,0,0,0.0
APP-42-011968,0.08752288305416389,B,APPROVE,0.18,86267186,4907729,4231661,0.31898194703586497
APP-42-011969,0.38011670764433003,D,DECLINE,,0,0,0,0.0
APP-42-011970,0.05362627032726215,B,APPROVE,0.18,27827549,969987,1741043,0.5702587981758889
APP-42-011971,0.09207996967291014,B,APPROVE,0.18,89934450,5382755,4160035,0.2896377534119558
APP-42-011972,0.08230976547094311,B,APPROVE,0.18,72568912,3882535,3750046,0.3515285927971105
APP-42-011973,0.1672938541192867,C,REVIEW,0.22,27953687,3039712,803341,0.11161278833352002
APP-42-011974,0.04887059623777047,A,APPROVE,0.16,30271424,961599,1412830,0.45079931331128664
APP-42-011975,0.14929160482038825,C,REVIEW,0.22,38352008,3721661,1681140,0.18726349563159
APP-42-011976,0.08539633621842431,B,APPROVE,0.18,31297977,1737276,1355501,0.2867892730083693
APP-42-011977,0.036787529508589184,A,APPROVE,0.16,50228747,1201064,2969523,0.673165957189011
APP-42-011978,0.19565660599233883,D,DECLINE,,0,0,0,0.0
APP-42-011979,0.040285491040798926,A,APPROVE,0.16,47553705,1245221,2684613,0.6111685136540438
APP-42-011980,0.04191668227239733,A,APPROVE,0.16,63366865,1726484,3626534,0.6056698416901296
APP-42-011981,0.12697640339940766,C,REVIEW,0.22,24505126,2022522,1303247,0.25933967428500343
APP-42-011982,0.046137509191176714,A,APPROVE,0.16,108297492,3247775,6149000,0.567908418318036
APP-42-011983,0.3463331520140807,D,DECLINE,,0,0,0,0.0
APP-42-011984,0.33118643654989377,D,DECLINE,,0,0,0,0.0
APP-42-011985,0.1355511516078931,C,REVIEW,0.22,27987125,2465897,1382172,0.2284099581089464
APP-42-011986,0.03238710718151904,A,APPROVE,0.16,25980081,546923,1441285,0.6756922299334218
APP-42-011987,0.07470888721075805,B,APPROVE,0.18,23355267,1134150,1084929,0.3387746794163053
APP-42-011988,0.18241744181620043,D,DECLINE,,0,0,0,0.0
APP-42-011989,0.05740240385949311,B,APPROVE,0.18,21228210,792058,1193045,0.4903106836119713
APP-42-011990,0.0804124656102465,B,APPROVE,0.18,31141140,1627688,1447837,0.32166850823898585
APP-42-011991,0.04752699766067814,A,APPROVE,0.16,19718547,609156,815513,0.4063233835087515
APP-42-011992,0.1471036917906872,C,REVIEW,0.22,50065326,4787116,2372683,0.20495070054442102
APP-42-011993,0.13358357535712692,C,REVIEW,0.22,39399129,3421000,2138870,0.25408393913090754
APP-42-011994,0.1655343380435459,C,REVIEW,0.22,61189202,6583794,2244586,0.14374407250993815
APP-42-011995,0.05793150290561744,B,APPROVE,0.18,51613543,1943533,3383957,0.5685787431327619
APP-42-011996,0.39096921870145074,D,DECLINE,,0,0,0,0.0
APP-42-011997,0.17813093914605505,C,REVIEW,0.22,25576086,2961330,525083,0.07559824057629275
APP-42-011998,0.10910747722223763,C,REVIEW,0.22,21341383,1513528,1337680,0.3446995952042597
APP-42-011999,0.0908161440856725,B,APPROVE,0.18,56764817,3350855,2543275,0.2834584046780549
