application_id,application_date,age,monthly_income,employment_months,bureau_score,existing_dti,requested_amount,tenor_months,inquiries_6m,employment_type,home_ownership,channel,default_12m,pd_12m,credit_score,decision,reason_codes,month
APP-2026-000000,2025-01-01 00:00:00,27,13420346.0,63,655,0.5652,232193355.0,6,1,Salaried,Owned,Mobile,1,0.31077712457096585,441,DECLINE,HIGH_LOAN_TO_INCOME; HIGH_EXISTING_DTI,2025-01
APP-2026-000001,2025-01-01 01:00:00,37,14170637.0,38,824,0.3723,20550996.0,6,1,Salaried,Mortgage,Partner,0,0.05514424124150201,589,APPROVE,NO_MATERIAL_ADVERSE_FACTOR,2025-01
APP-2026-000002,2025-01-01 02:00:00,20,10248076.0,36,664,0.3829,80179990.0,24,1,Salaried,Owned,Mobile,0,0.12536597135798977,524,REVIEW,HIGH_LOAN_TO_INCOME,2025-01
APP-2026-000003,2025-01-01 03:00:00,47,17312632.0,48,706,0.6972,122824430.0,12,2,Salaried,Mortgage,Mobile,0,0.2298585629837952,471,DECLINE,HIGH_LOAN_TO_INCOME; HIGH_EXISTING_DTI,2025-01
APP-2026-000004,2025-01-01 04:00:00,40,33119411.0,80,632,0.4242,38374278.0,24,1,Salaried,Family,Branch,0,0.05759555193591681,586,APPROVE,NO_MATERIAL_ADVERSE_FACTOR,2025-01
APP-2026-000005,2025-01-01 05:00:00,32,25789353.0,157,651,0.2202,96701812.0,12,0,Salaried,Owned,Branch,0,0.05018788432873511,596,APPROVE,NO_MATERIAL_ADVERSE_FACTOR,2025-01
APP-2026-000006,2025-01-01 06:00:00,32,25525446.0,35,622,0.2975,49458476.0,24,0,Salaried,Family,Mobile,0,0.05696555602044044,586,APPROVE,NO_MATERIAL_ADVERSE_FACTOR,2025-01
APP-2026-000007,2025-01-01 07:00:00,37,21020952.0,40,718,0.3688,62368443.0,24,3,Self-employed,Rented,Branch,0,0.14369730144992404,513,REVIEW,MULTIPLE_RECENT_INQUIRIES; RENTED_RESIDENCE,2025-01
APP-2026-000008,2025-01-01 08:00:00,32,19346902.0,26,697,0.7761,30027188.0,36,2,Salaried,Rented,Partner,1,0.20401602388236134,482,DECLINE,HIGH_EXISTING_DTI; RENTED_RESIDENCE,2025-01
APP-2026-000009,2025-01-01 09:00:00,32,17991648.0,77,648,0.301,178100709.0,12,2,Self-employed,Rented,Mobile,0,0.2586964989292528,460,DECLINE,HIGH_LOAN_TO_INCOME; RENTED_RESIDENCE,2025-01
APP-2026-000010,2025-01-01 10:00:00,41,9301948.0,48,587,0.4083,100588726.0,18,1,Salaried,Rented,Branch,0,0.23939292594376244,467,DECLINE,HIGH_LOAN_TO_INCOME; RENTED_RESIDENCE,2025-01
APP-2026-000011,2025-01-01 11:00:00,39,9069321.0,104,528,0.222,32310519.0,24,3,Self-employed,Mortgage,Branch,0,0.23005504311858083,471,DECLINE,MULTIPLE_RECENT_INQUIRIES; LOW_BUREAU_SCORE,2025-01
APP-2026-000012,2025-01-01 12:00:00,34,9996236.0,106,652,0.5231,18461024.0,12,2,Salaried,Rented,Mobile,0,0.16706568139331857,500,REVIEW,RENTED_RESIDENCE,2025-01
APP-2026-000013,2025-01-01 13:00:00,34,28658318.0,15,666,0.2544,59612191.0,9,0,Contract,Mortgage,Branch,1,0.0789374318352663,561,APPROVE,CONTRACT_EMPLOYMENT,2025-01
APP-2026-000014,2025-01-01 14:00:00,36,11940813.0,242,534,0.3109,67283773.0,12,3,Salaried,Family,Mobile,0,0.16214890688861702,502,REVIEW,MULTIPLE_RECENT_INQUIRIES; HIGH_LOAN_TO_INCOME; LOW_BUREAU_SCORE,2025-01
APP-2026-000015,2025-01-01 15:00:00,29,24180477.0,92,642,0.5156,31890402.0,36,1,Salaried,Rented,Mobile,0,0.10269846615849391,540,REVIEW,RENTED_RESIDENCE,2025-01
APP-2026-000016,2025-01-01 16:00:00,31,8973720.0,39,564,0.5613,60867628.0,12,2,Contract,Owned,Mobile,1,0.33603426576204515,433,DECLINE,HIGH_LOAN_TO_INCOME; HIGH_EXISTING_DTI; CONTRACT_EMPLOYMENT,2025-01
APP-2026-000017,2025-01-01 17:00:00,39,14568414.0,103,518,0.5028,83157329.0,36,1,Self-employed,Owned,Mobile,1,0.22726151557281407,472,DECLINE,LOW_BUREAU_SCORE; HIGH_LOAN_TO_INCOME,2025-01
APP-2026-000018,2025-01-01 18:00:00,33,9848687.0,25,497,0.3993,99476522.0,24,0,Self-employed,Mortgage,Branch,0,0.2984947886199457,446,DECLINE,HIGH_LOAN_TO_INCOME; LOW_BUREAU_SCORE,2025-01
APP-2026-000019,2025-01-01 19:00:00,22,24952159.0,18,626,0.0345,63821607.0,12,2,Salaried,Owned,Branch,0,0.07658098397616353,563,APPROVE,NO_MATERIAL_ADVERSE_FACTOR,2025-01
APP-2026-000020,2025-01-01 20:00:00,30,50921696.0,39,704,0.3408,71911025.0,12,2,Self-employed,Mortgage,Mobile,0,0.06302259875049795,579,APPROVE,NO_MATERIAL_ADVERSE_FACTOR,2025-01
APP-2026-000021,2025-01-01 21:00:00,40,8519813.0,12,737,0.408,123295145.0,12,0,Salaried,Mortgage,Branch,0,0.1207324263803444,527,REVIEW,HIGH_LOAN_TO_INCOME,2025-01
APP-2026-000022,2025-01-01 22:00:00,32,20003166.0,58,505,0.3382,88960364.0,24,0,Self-employed,Family,Mobile,0,0.15799704780807583,505,REVIEW,LOW_BUREAU_SCORE,2025-01
APP-2026-000023,2025-01-01 23:00:00,33,10727049.0,39,697,0.3251,26134820.0,24,1,Self-employed,Rented,Partner,1,0.12105653532356468,527,REVIEW,RENTED_RESIDENCE,2025-01
APP-2026-000024,2025-01-02 00:00:00,40,25289319.0,25,646,0.6404,24275574.0,24,0,Salaried,Owned,Mobile,0,0.08530532557278543,555,REVIEW,HIGH_EXISTING_DTI,2025-01
APP-2026-000025,2025-01-02 01:00:00,51,43343893.0,54,602,0.5075,26398576.0,9,2,Salaried,Rented,Mobile,0,0.10848792576061479,536,REVIEW,RENTED_RESIDENCE,2025-01
APP-2026-000026,2025-01-02 02:00:00,28,12726420.0,29,684,0.4661,47066497.0,12,1,Salaried,Mortgage,Mobile,0,0.12874678122795413,522,REVIEW,NO_MATERIAL_ADVERSE_FACTOR,2025-01
APP-2026-000027,2025-01-02 03:00:00,47,29837531.0,20,595,0.8493,62711867.0,18,3,Salaried,Rented,Mobile,0,0.34036969341297985,432,DECLINE,HIGH_EXISTING_DTI; MULTIPLE_RECENT_INQUIRIES; RENTED_RESIDENCE,2025-01
APP-2026-000028,2025-01-02 04:00:00,23,16018300.0,28,609,0.1615,56714580.0,24,4,Salaried,Rented,Branch,0,0.20600828269883248,481,DECLINE,MULTIPLE_RECENT_INQUIRIES; RENTED_RESIDENCE,2025-01
APP-2026-000029,2025-01-02 05:00:00,36,11407284.0,45,640,0.4193,71232536.0,18,0,Salaried,Rented,Mobile,0,0.13878252736980104,516,REVIEW,HIGH_LOAN_TO_INCOME; RENTED_RESIDENCE,2025-01
APP-2026-000030,2025-01-02 06:00:00,24,13786684.0,66,638,0.3196,31190698.0,36,2,Self-employed,Rented,Branch,1,0.146778310842454,511,REVIEW,RENTED_RESIDENCE,2025-01
APP-2026-000031,2025-01-02 07:00:00,47,32842927.0,25,593,0.4832,120463248.0,12,5,Salaried,Mortgage,Partner,0,0.3702565153532441,422,DECLINE,MULTIPLE_RECENT_INQUIRIES,2025-01
APP-2026-000032,2025-01-02 08:00:00,42,21773563.0,59,605,0.4107,85653614.0,36,3,Salaried,Rented,Mobile,0,0.20931763907569118,480,DECLINE,MULTIPLE_RECENT_INQUIRIES; RENTED_RESIDENCE,2025-01
APP-2026-000033,2025-01-02 09:00:00,45,16468855.0,64,631,0.3182,66349818.0,36,3,Salaried,Rented,Mobile,0,0.16521551976098717,501,REVIEW,MULTIPLE_RECENT_INQUIRIES; RENTED_RESIDENCE,2025-01
APP-2026-000034,2025-01-02 10:00:00,26,15659036.0,68,710,0.301,40862134.0,24,2,Salaried,Family,Mobile,1,0.06623264115050714,575,APPROVE,NO_MATERIAL_ADVERSE_FACTOR,2025-01
APP-2026-000035,2025-01-02 11:00:00,41,12181369.0,57,505,0.2465,22650545.0,24,2,Salaried,Mortgage,Mobile,0,0.18666227418281495,490,DECLINE,LOW_BUREAU_SCORE,2025-01
APP-2026-000036,2025-01-02 12:00:00,30,24816655.0,40,592,0.3507,267583022.0,36,1,Salaried,Rented,Mobile,0,0.31152385673023064,441,DECLINE,HIGH_LOAN_TO_INCOME; RENTED_RESIDENCE,2025-01
APP-2026-000037,2025-01-02 13:00:00,30,57552675.0,31,688,0.072,55720222.0,12,3,Salaried,Mortgage,Partner,0,0.04275317834641269,608,APPROVE,MULTIPLE_RECENT_INQUIRIES,2025-01
APP-2026-000038,2025-01-02 14:00:00,39,15719482.0,12,669,0.0857,48551895.0,18,1,Contract,Owned,Mobile,0,0.07431234655057428,566,APPROVE,CONTRACT_EMPLOYMENT,2025-01
APP-2026-000039,2025-01-02 15:00:00,42,9654677.0,90,581,0.1374,21082913.0,12,1,Salaried,Owned,Mobile,0,0.0826796674738913,557,REVIEW,NO_MATERIAL_ADVERSE_FACTOR,2025-01
APP-2026-000040,2025-01-02 16:00:00,36,21391789.0,115,673,0.0898,105294626.0,6,3,Salaried,Owned,Mobile,0,0.0884401945366233,552,REVIEW,MULTIPLE_RECENT_INQUIRIES,2025-01
APP-2026-000041,2025-01-02 17:00:00,29,23314990.0,73,556,0.2337,83080520.0,18,0,Salaried,Family,Branch,0,0.08460983846002106,556,REVIEW,LOW_BUREAU_SCORE,2025-01
APP-2026-000042,2025-01-02 18:00:00,27,31649777.0,44,649,0.456,176783068.0,9,3,Salaried,Mortgage,Branch,1,0.25667591031407133,461,DECLINE,MULTIPLE_RECENT_INQUIRIES; HIGH_LOAN_TO_INCOME,2025-01
APP-2026-000043,2025-01-02 19:00:00,47,8764640.0,40,726,0.0908,33376855.0,12,4,Contract,Owned,Partner,0,0.1251552813085981,524,REVIEW,MULTIPLE_RECENT_INQUIRIES; CONTRACT_EMPLOYMENT,2025-01
APP-2026-000044,2025-01-02 20:00:00,40,20380768.0,101,512,0.3249,11101627.0,18,2,Salaried,Owned,Mobile,0,0.13217909368839864,520,REVIEW,LOW_BUREAU_SCORE,2025-01
APP-2026-000045,2025-01-02 21:00:00,41,10725010.0,83,659,0.247,79712011.0,18,1,Self-employed,Rented,Mobile,0,0.13251046323659135,519,REVIEW,HIGH_LOAN_TO_INCOME; RENTED_RESIDENCE,2025-01
APP-2026-000046,2025-01-02 22:00:00,54,37443697.0,82,679,0.1464,96647922.0,24,1,Salaried,Family,Partner,0,0.03891046156428528,615,APPROVE,NO_MATERIAL_ADVERSE_FACTOR,2025-01
APP-2026-000047,2025-01-02 23:00:00,27,26427517.0,78,549,0.0894,73053513.0,36,1,Self-employed,Owned,Mobile,0,0.086838186262153,554,REVIEW,LOW_BUREAU_SCORE,2025-01
APP-2026-000048,2025-01-03 00:00:00,57,15532676.0,29,663,0.1384,30031361.0,36,2,Self-employed,Family,Partner,0,0.07323320437692309,567,APPROVE,NO_MATERIAL_ADVERSE_FACTOR,2025-01
APP-2026-000049,2025-01-03 01:00:00,63,8724972.0,75,651,0.1244,110178290.0,6,1,Salaried,Mortgage,Partner,0,0.12415027138319532,525,REVIEW,HIGH_LOAN_TO_INCOME,2025-01
APP-2026-000050,2025-01-03 02:00:00,49,50429833.0,81,639,0.1967,22633690.0,18,2,Contract,Mortgage,Partner,0,0.05541070619134951,588,APPROVE,CONTRACT_EMPLOYMENT,2025-01
APP-2026-000051,2025-01-03 03:00:00,42,15902905.0,27,645,0.7082,46820673.0,9,0,Salaried,Owned,Branch,0,0.14075316588305853,514,REVIEW,HIGH_EXISTING_DTI,2025-01
APP-2026-000052,2025-01-03 04:00:00,28,28759634.0,69,590,0.4148,57798929.0,12,1,Salaried,Family,Branch,1,0.09630351376083937,545,REVIEW,NO_MATERIAL_ADVERSE_FACTOR,2025-01
APP-2026-000053,2025-01-03 05:00:00,43,5880255.0,15,616,0.6306,82186934.0,18,1,Contract,Family,Mobile,0,0.272179710232689,455,DECLINE,HIGH_LOAN_TO_INCOME; HIGH_EXISTING_DTI; CONTRACT_EMPLOYMENT,2025-01
APP-2026-000054,2025-01-03 06:00:00,30,18624403.0,84,656,0.3185,147943532.0,36,1,Salaried,Rented,Mobile,0,0.1436178762236979,513,REVIEW,HIGH_LOAN_TO_INCOME; RENTED_RESIDENCE,2025-01
APP-2026-000055,2025-01-03 07:00:00,34,26744390.0,51,719,0.0611,67086792.0,36,2,Contract,Rented,Mobile,0,0.06566639853466341,575,APPROVE,CONTRACT_EMPLOYMENT; RENTED_RESIDENCE,2025-01
APP-2026-000056,2025-01-03 08:00:00,32,5121861.0,17,687,0.7583,65707816.0,18,2,Salaried,Owned,Mobile,1,0.251018809559142,463,DECLINE,HIGH_LOAN_TO_INCOME; HIGH_EXISTING_DTI,2025-01
APP-2026-000057,2025-01-03 09:00:00,37,20159384.0,88,716,0.4546,39201958.0,24,0,Salaried,Rented,Partner,0,0.07354955856035013,567,APPROVE,RENTED_RESIDENCE,2025-01
APP-2026-000058,2025-01-03 10:00:00,46,35312609.0,81,677,0.2379,190821063.0,12,2,Salaried,Rented,Mobile,0,0.12930632442376694,521,REVIEW,HIGH_LOAN_TO_INCOME; RENTED_RESIDENCE,2025-01
APP-2026-000059,2025-01-03 11:00:00,29,7552313.0,55,662,0.2074,120515354.0,36,0,Salaried,Mortgage,Partner,0,0.11985485661882837,528,REVIEW,HIGH_LOAN_TO_INCOME,2025-01
APP-2026-000060,2025-01-03 12:00:00,26,16059806.0,55,669,0.5391,47105660.0,9,1,Salaried,Rented,Branch,0,0.15273174075664625,507,REVIEW,RENTED_RESIDENCE,2025-01
APP-2026-000061,2025-01-03 13:00:00,25,14200153.0,80,746,0.2576,39993683.0,6,0,Salaried,Owned,Branch,0,0.04149253693088188,610,APPROVE,NO_MATERIAL_ADVERSE_FACTOR,2025-01
APP-2026-000062,2025-01-03 14:00:00,26,12125567.0,67,565,0.1692,67715198.0,12,1,Salaried,Family,Partner,0,0.1294498934025395,521,REVIEW,HIGH_LOAN_TO_INCOME; LOW_BUREAU_SCORE,2025-01
APP-2026-000063,2025-01-03 15:00:00,22,12144926.0,97,638,0.0488,85982801.0,24,1,Salaried,Rented,Mobile,0,0.09352000805950691,548,REVIEW,HIGH_LOAN_TO_INCOME; RENTED_RESIDENCE,2025-01
APP-2026-000064,2025-01-03 16:00:00,26,10424231.0,94,701,0.4061,105354630.0,12,1,Salaried,Rented,Mobile,0,0.14743129028447693,510,REVIEW,HIGH_LOAN_TO_INCOME; RENTED_RESIDENCE,2025-01
APP-2026-000065,2025-01-03 17:00:00,46,11199333.0,90,737,0.4069,55988883.0,12,0,Self-employed,Mortgage,Mobile,0,0.0775191112952081,563,APPROVE,NO_MATERIAL_ADVERSE_FACTOR,2025-01
APP-2026-000066,2025-01-03 18:00:00,29,16623406.0,102,725,0.6014,23955254.0,9,2,Salaried,Rented,Branch,0,0.1271187453159158,523,REVIEW,HIGH_EXISTING_DTI; RENTED_RESIDENCE,2025-01
APP-2026-000067,2025-01-03 19:00:00,37,17979244.0,24,624,0.3343,22199544.0,18,0,Salaried,Rented,Mobile,0,0.0922716586701164,549,REVIEW,RENTED_RESIDENCE,2025-01
APP-2026-000068,2025-01-03 20:00:00,23,8149631.0,64,639,0.6571,94558928.0,12,1,Salaried,Owned,Mobile,1,0.23029143157080617,471,DECLINE,HIGH_LOAN_TO_INCOME; HIGH_EXISTING_DTI,2025-01
APP-2026-000069,2025-01-03 21:00:00,36,12289572.0,51,715,0.3426,49920458.0,6,3,Salaried,Rented,Mobile,0,0.1486847571107157,510,REVIEW,MULTIPLE_RECENT_INQUIRIES; RENTED_RESIDENCE,2025-01
APP-2026-000070,2025-01-03 22:00:00,20,18194996.0,32,721,0.4836,47521499.0,9,1,Contract,Rented,Branch,0,0.1442437570124099,512,REVIEW,CONTRACT_EMPLOYMENT; RENTED_RESIDENCE,2025-01
APP-2026-000071,2025-01-03 23:00:00,28,33570691.0,41,618,0.4415,237661376.0,24,1,Contract,Rented,Mobile,0,0.30782653333577115,442,DECLINE,HIGH_LOAN_TO_INCOME; CONTRACT_EMPLOYMENT; RENTED_RESIDENCE,2025-01
APP-2026-000072,2025-01-04 00:00:00,55,33785596.0,60,636,0.3751,104576637.0,24,2,Salaried,Rented,Mobile,0,0.12380433676120087,525,REVIEW,RENTED_RESIDENCE,2025-01
APP-2026-000073,2025-01-04 01:00:00,29,16942202.0,26,709,0.2751,49099018.0,12,1,Salaried,Mortgage,Mobile,0,0.07819089114112712,562,APPROVE,NO_MATERIAL_ADVERSE_FACTOR,2025-01
APP-2026-000074,2025-01-04 02:00:00,45,18343917.0,76,711,0.1448,59904786.0,24,1,Salaried,Family,Mobile,0,0.03909701851152874,615,APPROVE,NO_MATERIAL_ADVERSE_FACTOR,2025-01
APP-2026-000075,2025-01-04 03:00:00,39,7807829.0,39,668,0.2023,140211001.0,9,0,Salaried,Owned,Mobile,0,0.10839218669355988,536,REVIEW,HIGH_LOAN_TO_INCOME,2025-01
APP-2026-000076,2025-01-04 04:00:00,33,17945281.0,10,645,0.4465,57941106.0,36,2,Contract,Rented,Mobile,0,0.20839723947705996,480,DECLINE,CONTRACT_EMPLOYMENT; RENTED_RESIDENCE; SHORT_EMPLOYMENT_HISTORY,2025-01
APP-2026-000077,2025-01-04 05:00:00,29,6002715.0,52,729,0.6121,45111116.0,24,1,Self-employed,Rented,Mobile,0,0.17076198877398052,498,REVIEW,HIGH_LOAN_TO_INCOME; HIGH_EXISTING_DTI; RENTED_RESIDENCE,2025-01
APP-2026-000078,2025-01-04 06:00:00,46,13874191.0,107,700,0.0711,73045586.0,24,0,Salaried,Owned,Mobile,0,0.03599509238464291,621,APPROVE,HIGH_LOAN_TO_INCOME,2025-01
APP-2026-000079,2025-01-04 07:00:00,33,8292489.0,67,531,0.6585,122174813.0,12,2,Salaried,Mortgage,Partner,0,0.5006261505888296,384,DECLINE,HIGH_LOAN_TO_INCOME; HIGH_EXISTING_DTI; LOW_BUREAU_SCORE,2025-01
APP-2026-000080,2025-01-04 08:00:00,48,11249500.0,41,553,0.3679,34660565.0,36,2,Self-employed,Rented,Branch,0,0.2315119237371978,470,DECLINE,LOW_BUREAU_SCORE; RENTED_RESIDENCE,2025-01
APP-2026-000081,2025-01-04 09:00:00,28,18553163.0,13,584,0.204,83342213.0,24,1,Salaried,Rented,Mobile,0,0.15016333955881558,509,REVIEW,RENTED_RESIDENCE,2025-01
APP-2026-000082,2025-01-04 10:00:00,35,19276535.0,44,582,0.5201,94982238.0,12,1,Self-employed,Owned,Mobile,0,0.21823739308526333,476,DECLINE,NO_MATERIAL_ADVERSE_FACTOR,2025-01
APP-2026-000083,2025-01-04 11:00:00,39,34562702.0,26,541,0.2723,22717780.0,18,2,Self-employed,Mortgage,Partner,0,0.14856272607079077,510,REVIEW,LOW_BUREAU_SCORE,2025-01
APP-2026-000084,2025-01-04 12:00:00,38,19407822.0,35,677,0.1854,42469703.0,36,0,Salaried,Family,Branch,0,0.037098751191357374,619,APPROVE,NO_MATERIAL_ADVERSE_FACTOR,2025-01
APP-2026-000085,2025-01-04 13:00:00,23,12913212.0,30,601,0.0962,76555477.0,9,2,Salaried,Owned,Partner,0,0.1487138764262519,510,REVIEW,HIGH_LOAN_TO_INCOME,2025-01
APP-2026-000086,2025-01-04 14:00:00,28,24459309.0,141,633,0.2754,50199841.0,12,2,Salaried,Mortgage,Partner,0,0.1044994710794799,539,REVIEW,NO_MATERIAL_ADVERSE_FACTOR,2025-01
APP-2026-000087,2025-01-04 15:00:00,33,6777845.0,28,644,0.2657,89966394.0,6,1,Salaried,Mortgage,Mobile,1,0.16070363726978573,503,REVIEW,HIGH_LOAN_TO_INCOME,2025-01
APP-2026-000088,2025-01-04 16:00:00,27,43522976.0,48,750,0.3608,63365430.0,36,3,Salaried,Family,Branch,1,0.04244660022715471,609,APPROVE,MULTIPLE_RECENT_INQUIRIES,2025-01
APP-2026-000089,2025-01-04 17:00:00,41,5220180.0,27,594,0.2235,147931308.0,12,2,Salaried,Owned,Mobile,0,0.24417310406547962,465,DECLINE,HIGH_LOAN_TO_INCOME,2025-01
APP-2026-000090,2025-01-04 18:00:00,40,24710763.0,78,567,0.5228,65689305.0,18,3,Salaried,Owned,Mobile,0,0.20716352293914211,481,DECLINE,MULTIPLE_RECENT_INQUIRIES; LOW_BUREAU_SCORE,2025-01
APP-2026-000091,2025-01-04 19:00:00,20,23134465.0,77,614,0.2432,78894455.0,18,3,Salaried,Rented,Mobile,0,0.1700701728195804,498,REVIEW,MULTIPLE_RECENT_INQUIRIES; RENTED_RESIDENCE,2025-01
APP-2026-000092,2025-01-04 20:00:00,20,12385583.0,42,527,0.3956,75905085.0,12,1,Contract,Owned,Partner,0,0.3048665274639731,443,DECLINE,HIGH_LOAN_TO_INCOME; LOW_BUREAU_SCORE; CONTRACT_EMPLOYMENT,2025-01
APP-2026-000093,2025-01-04 21:00:00,23,13353893.0,73,511,0.383,31611364.0,24,1,Salaried,Rented,Branch,1,0.21097130570216754,479,DECLINE,LOW_BUREAU_SCORE; RENTED_RESIDENCE,2025-01
APP-2026-000094,2025-01-04 22:00:00,36,7483472.0,88,582,0.6373,77568327.0,36,1,Self-employed,Rented,Partner,0,0.3363545985100802,433,DECLINE,HIGH_LOAN_TO_INCOME; HIGH_EXISTING_DTI; RENTED_RESIDENCE,2025-01
APP-2026-000095,2025-01-04 23:00:00,53,18147741.0,32,723,0.0906,30914687.0,24,3,Self-employed,Rented,Mobile,0,0.07976564088211349,560,APPROVE,MULTIPLE_RECENT_INQUIRIES; RENTED_RESIDENCE,2025-01
APP-2026-000096,2025-01-05 00:00:00,31,23043588.0,46,740,0.3015,32103149.0,12,1,Salaried,Rented,Mobile,0,0.0590158250451248,584,APPROVE,RENTED_RESIDENCE,2025-01
APP-2026-000097,2025-01-05 01:00:00,37,12656634.0,52,647,0.8604,19768865.0,9,1,Self-employed,Family,Mobile,0,0.20338969123600664,482,DECLINE,HIGH_EXISTING_DTI,2025-01
APP-2026-000098,2025-01-05 02:00:00,25,21628030.0,67,632,0.6202,197057092.0,12,1,Salaried,Rented,Mobile,0,0.32424625318443084,437,DECLINE,HIGH_LOAN_TO_INCOME; HIGH_EXISTING_DTI; RENTED_RESIDENCE,2025-01
APP-2026-000099,2025-01-05 03:00:00,25,24941976.0,14,575,0.4214,181229821.0,12,2,Contract,Rented,Branch,0,0.41490526526793764,409,DECLINE,HIGH_LOAN_TO_INCOME; CONTRACT_EMPLOYMENT; RENTED_RESIDENCE,2025-01
APP-2026-000100,2025-01-05 04:00:00,20,11171780.0,21,622,0.2594,63939445.0,6,2,Salaried,Mortgage,Partner,0,0.20433652008931186,482,DECLINE,HIGH_LOAN_TO_INCOME,2025-01
APP-2026-000101,2025-01-05 05:00:00,34,27349671.0,45,656,0.2048,32192616.0,36,3,Salaried,Family,Branch,0,0.06278738483660667,579,APPROVE,MULTIPLE_RECENT_INQUIRIES,2025-01
APP-2026-000102,2025-01-05 06:00:00,43,21999939.0,52,705,0.3035,93406675.0,12,1,Salaried,Family,Partner,0,0.07439626627906377,566,APPROVE,NO_MATERIAL_ADVERSE_FACTOR,2025-01
APP-2026-000103,2025-01-05 07:00:00,31,17787092.0,46,732,0.5048,47942809.0,12,2,Salaried,Mortgage,Branch,1,0.11579342488698571,531,REVIEW,NO_MATERIAL_ADVERSE_FACTOR,2025-01
APP-2026-000104,2025-01-05 08:00:00,47,26119116.0,22,626,0.3255,37558893.0,6,1,Contract,Rented,Mobile,0,0.12957533995536794,521,REVIEW,CONTRACT_EMPLOYMENT; RENTED_RESIDENCE,2025-01
APP-2026-000105,2025-01-05 09:00:00,36,20299105.0,89,582,0.3522,137242853.0,24,3,Contract,Mortgage,Mobile,1,0.30861333288899406,442,DECLINE,HIGH_LOAN_TO_INCOME; MULTIPLE_RECENT_INQUIRIES; CONTRACT_EMPLOYMENT,2025-01
APP-2026-000106,2025-01-05 10:00:00,34,11453341.0,31,572,0.4763,52839388.0,24,4,Salaried,Family,Mobile,1,0.2772768594501058,453,DECLINE,MULTIPLE_RECENT_INQUIRIES; LOW_BUREAU_SCORE,2025-01
APP-2026-000107,2025-01-05 11:00:00,39,11976671.0,126,545,0.3626,50326096.0,6,1,Salaried,Owned,Mobile,0,0.14636624646984847,511,REVIEW,LOW_BUREAU_SCORE,2025-01
APP-2026-000108,2025-01-05 12:00:00,39,19336416.0,19,650,0.4678,24197851.0,12,2,Self-employed,Owned,Branch,0,0.13734903546621596,516,REVIEW,NO_MATERIAL_ADVERSE_FACTOR,2025-01
APP-2026-000109,2025-01-05 13:00:00,45,31422985.0,35,627,0.0979,91295851.0,12,3,Self-employed,Family,Partner,0,0.11021713900897279,535,REVIEW,MULTIPLE_RECENT_INQUIRIES,2025-01
APP-2026-000110,2025-01-05 14:00:00,27,18861487.0,32,614,0.4664,75305621.0,12,0,Salaried,Rented,Partner,0,0.1790105743468277,494,REVIEW,RENTED_RESIDENCE,2025-01
APP-2026-000111,2025-01-05 15:00:00,20,13756714.0,75,664,0.0842,107640620.0,9,3,Salaried,Mortgage,Mobile,0,0.14531131214113746,512,REVIEW,HIGH_LOAN_TO_INCOME; MULTIPLE_RECENT_INQUIRIES,2025-01
APP-2026-000112,2025-01-05 16:00:00,35,17479833.0,99,467,0.211,57266951.0,12,0,Salaried,Rented,Mobile,0,0.16417616467170662,501,REVIEW,LOW_BUREAU_SCORE; RENTED_RESIDENCE,2025-01
APP-2026-000113,2025-01-05 17:00:00,29,8941701.0,52,607,0.3409,39729371.0,24,1,Self-employed,Owned,Branch,1,0.1386217849385995,516,REVIEW,NO_MATERIAL_ADVERSE_FACTOR,2025-01
APP-2026-000114,2025-01-05 18:00:00,34,32066195.0,66,650,0.312,16028883.0,24,2,Self-employed,Mortgage,Branch,0,0.07873672878139279,561,APPROVE,NO_MATERIAL_ADVERSE_FACTOR,2025-01
APP-2026-000115,2025-01-05 19:00:00,49,37158452.0,29,573,0.4225,59368464.0,9,1,Self-employed,Family,Mobile,0,0.10415119044151062,539,REVIEW,LOW_BUREAU_SCORE,2025-01
APP-2026-000116,2025-01-05 20:00:00,25,42704624.0,44,519,0.5958,244544281.0,36,2,Salaried,Rented,Mobile,1,0.41698776593156894,408,DECLINE,LOW_BUREAU_SCORE; HIGH_EXISTING_DTI; HIGH_LOAN_TO_INCOME,2025-01
APP-2026-000117,2025-01-05 21:00:00,41,27783575.0,75,635,0.3917,50656766.0,18,2,Salaried,Family,Partner,0,0.095439078459219,546,REVIEW,NO_MATERIAL_ADVERSE_FACTOR,2025-01
APP-2026-000118,2025-01-05 22:00:00,43,11750931.0,52,634,0.306,20097247.0,24,1,Self-employed,Owned,Mobile,0,0.0942836591832249,547,REVIEW,NO_MATERIAL_ADVERSE_FACTOR,2025-01
APP-2026-000119,2025-01-05 23:00:00,39,15849233.0,19,592,0.1184,58432709.0,24,2,Self-employed,Rented,Mobile,0,0.15937070536815348,504,REVIEW,RENTED_RESIDENCE,2025-01
APP-2026-000120,2025-01-06 00:00:00,45,13682508.0,149,790,0.1639,48673940.0,12,1,Salaried,Rented,Mobile,0,0.03838903109200174,616,APPROVE,RENTED_RESIDENCE,2025-01
APP-2026-000121,2025-01-06 01:00:00,30,21541103.0,120,507,0.8823,85705967.0,24,3,Self-employed,Mortgage,Partner,0,0.5460298855551,371,DECLINE,HIGH_EXISTING_DTI; LOW_BUREAU_SCORE; MULTIPLE_RECENT_INQUIRIES,2025-01
APP-2026-000122,2025-01-06 02:00:00,28,35613909.0,98,523,0.2222,133670375.0,12,0,Salaried,Owned,Partner,1,0.11572415272360606,531,REVIEW,LOW_BUREAU_SCORE,2025-01
APP-2026-000123,2025-01-06 03:00:00,44,4424700.0,49,559,0.2157,128414421.0,24,0,Salaried,Family,Mobile,1,0.14902388508899977,510,REVIEW,HIGH_LOAN_TO_INCOME; LOW_BUREAU_SCORE,2025-01
APP-2026-000124,2025-01-06 04:00:00,41,21272700.0,118,735,0.3988,38894754.0,12,2,Salaried,Rented,Branch,0,0.0780952556458429,562,APPROVE,RENTED_RESIDENCE,2025-01
APP-2026-000125,2025-01-06 05:00:00,47,19479729.0,109,523,0.186,60604988.0,12,4,Salaried,Rented,Mobile,0,0.23954537141160331,467,DECLINE,MULTIPLE_RECENT_INQUIRIES; LOW_BUREAU_SCORE; RENTED_RESIDENCE,2025-01
APP-2026-000126,2025-01-06 06:00:00,36,19807016.0,128,576,0.2025,191518628.0,24,0,Salaried,Owned,Mobile,0,0.12568557123813157,524,REVIEW,HIGH_LOAN_TO_INCOME; LOW_BUREAU_SCORE,2025-01
APP-2026-000127,2025-01-06 07:00:00,49,24454978.0,81,568,0.3505,164238924.0,24,0,Contract,Owned,Partner,0,0.1918938510821954,488,DECLINE,HIGH_LOAN_TO_INCOME; CONTRACT_EMPLOYMENT; LOW_BUREAU_SCORE,2025-01
APP-2026-000128,2025-01-06 08:00:00,32,10536971.0,35,703,0.3033,63508009.0,18,3,Salaried,Owned,Branch,0,0.1260439168561318,524,REVIEW,HIGH_LOAN_TO_INCOME; MULTIPLE_RECENT_INQUIRIES,2025-01
APP-2026-000129,2025-01-06 09:00:00,25,28423804.0,69,579,0.2473,158133303.0,12,1,Salaried,Rented,Mobile,0,0.18041686512237276,493,DECLINE,HIGH_LOAN_TO_INCOME; RENTED_RESIDENCE; LOW_BUREAU_SCORE,2025-01
APP-2026-000130,2025-01-06 10:00:00,20,20248983.0,119,640,0.2895,24779036.0,36,5,Salaried,Rented,Mobile,0,0.16599511730669922,500,REVIEW,MULTIPLE_RECENT_INQUIRIES; RENTED_RESIDENCE,2025-01
APP-2026-000131,2025-01-06 11:00:00,25,15184184.0,34,742,0.2667,52099965.0,12,2,Contract,Family,Branch,1,0.08533278916130074,555,REVIEW,CONTRACT_EMPLOYMENT,2025-01
APP-2026-000132,2025-01-06 12:00:00,42,17168213.0,61,610,0.2101,34692281.0,9,0,Salaried,Family,Mobile,0,0.05832663144406065,585,APPROVE,NO_MATERIAL_ADVERSE_FACTOR,2025-01
APP-2026-000133,2025-01-06 13:00:00,21,13403392.0,67,484,0.1008,80866724.0,18,2,Salaried,Rented,Mobile,0,0.24559587101661812,465,DECLINE,LOW_BUREAU_SCORE; HIGH_LOAN_TO_INCOME; RENTED_RESIDENCE,2025-01
APP-2026-000134,2025-01-06 14:00:00,30,17840501.0,46,633,0.1359,57023797.0,12,0,Self-employed,Mortgage,Branch,0,0.0819652506452986,558,REVIEW,NO_MATERIAL_ADVERSE_FACTOR,2025-01
APP-2026-000135,2025-01-06 15:00:00,53,23369549.0,29,745,0.0849,48780399.0,36,0,Salaried,Mortgage,Mobile,0,0.026405273667517548,644,APPROVE,NO_MATERIAL_ADVERSE_FACTOR,2025-01
APP-2026-000136,2025-01-06 16:00:00,42,8417261.0,65,621,0.4996,103391119.0,18,0,Salaried,Mortgage,Mobile,0,0.18027466649032342,493,DECLINE,HIGH_LOAN_TO_INCOME,2025-01
APP-2026-000137,2025-01-06 17:00:00,51,14054626.0,71,678,0.3581,28345637.0,12,2,Salaried,Rented,Partner,0,0.12872113127807308,522,REVIEW,RENTED_RESIDENCE,2025-01
APP-2026-000138,2025-01-06 18:00:00,26,13146147.0,64,683,0.147,27192814.0,12,2,Self-employed,Family,Branch,0,0.07266040216488204,568,APPROVE,NO_MATERIAL_ADVERSE_FACTOR,2025-01
APP-2026-000139,2025-01-06 19:00:00,20,16654083.0,49,648,0.3243,66514725.0,24,2,Salaried,Family,Partner,0,0.12395922484878796,525,REVIEW,NO_MATERIAL_ADVERSE_FACTOR,2025-01
APP-2026-000140,2025-01-06 20:00:00,48,14535479.0,28,740,0.2658,30159796.0,9,0,Salaried,Rented,Partner,0,0.06231518079799012,579,APPROVE,RENTED_RESIDENCE,2025-01
APP-2026-000141,2025-01-06 21:00:00,22,6471938.0,23,569,0.1035,42849508.0,24,0,Salaried,Family,Partner,0,0.09849227833056431,544,REVIEW,HIGH_LOAN_TO_INCOME; LOW_BUREAU_SCORE,2025-01
APP-2026-000142,2025-01-06 22:00:00,35,21874224.0,15,618,0.1349,37230040.0,6,0,Salaried,Mortgage,Mobile,0,0.06716923777347036,574,APPROVE,NO_MATERIAL_ADVERSE_FACTOR,2025-01
APP-2026-000143,2025-01-06 23:00:00,36,32567313.0,85,585,0.5047,169388757.0,12,4,Salaried,Owned,Partner,1,0.33731732836816,433,DECLINE,MULTIPLE_RECENT_INQUIRIES; HIGH_LOAN_TO_INCOME,2025-01
APP-2026-000144,2025-01-07 00:00:00,26,11577439.0,20,603,0.4511,163487499.0,12,0,Salaried,Owned,Mobile,0,0.22702520662457326,472,DECLINE,HIGH_LOAN_TO_INCOME,2025-01
APP-2026-000145,2025-01-07 01:00:00,48,18556124.0,34,779,0.2801,126733992.0,36,3,Salaried,Family,Branch,0,0.07722329416494186,563,APPROVE,HIGH_LOAN_TO_INCOME; MULTIPLE_RECENT_INQUIRIES,2025-01
APP-2026-000146,2025-01-07 02:00:00,48,11635910.0,27,650,0.697,117942532.0,18,2,Self-employed,Family,Partner,0,0.31780730672529794,439,DECLINE,HIGH_LOAN_TO_INCOME; HIGH_EXISTING_DTI,2025-01
APP-2026-000147,2025-01-07 03:00:00,39,18916891.0,52,746,0.162,39103246.0,18,1,Salaried,Owned,Partner,0,0.042527292744786636,609,APPROVE,NO_MATERIAL_ADVERSE_FACTOR,2025-01
APP-2026-000148,2025-01-07 04:00:00,34,15103126.0,71,623,0.5526,57158662.0,6,3,Salaried,Mortgage,Partner,0,0.2817435258066031,451,DECLINE,MULTIPLE_RECENT_INQUIRIES; HIGH_EXISTING_DTI,2025-01
APP-2026-000149,2025-01-07 05:00:00,36,30891610.0,58,692,0.054,24406441.0,24,2,Salaried,Rented,Branch,0,0.04373169354097833,606,APPROVE,RENTED_RESIDENCE,2025-01
APP-2026-000150,2025-01-07 06:00:00,25,12524100.0,63,578,0.4859,52377765.0,18,1,Salaried,Owned,Branch,0,0.170556517868265,498,REVIEW,LOW_BUREAU_SCORE,2025-01
APP-2026-000151,2025-01-07 07:00:00,32,24110564.0,54,546,0.3718,63483502.0,36,1,Salaried,Rented,Mobile,0,0.1571380086025625,505,REVIEW,LOW_BUREAU_SCORE; RENTED_RESIDENCE,2025-01
APP-2026-000152,2025-01-07 08:00:00,34,11462205.0,58,553,0.3383,26163286.0,12,1,Contract,Mortgage,Branch,0,0.20194813548140655,483,DECLINE,CONTRACT_EMPLOYMENT; LOW_BUREAU_SCORE,2025-01
APP-2026-000153,2025-01-07 09:00:00,27,12651790.0,65,738,0.3541,29734652.0,12,1,Self-employed,Mortgage,Mobile,0,0.08360640745208722,557,REVIEW,NO_MATERIAL_ADVERSE_FACTOR,2025-01
APP-2026-000154,2025-01-07 10:00:00,42,18024120.0,50,548,0.1894,40659355.0,6,2,Self-employed,Family,Partner,0,0.15654597027716902,505,REVIEW,LOW_BUREAU_SCORE,2025-01
APP-2026-000155,2025-01-07 11:00:00,22,6959885.0,7,481,0.1632,56224318.0,36,1,Self-employed,Mortgage,Partner,0,0.27611183021329716,453,DECLINE,LOW_BUREAU_SCORE; HIGH_LOAN_TO_INCOME; SHORT_EMPLOYMENT_HISTORY,2025-01
APP-2026-000156,2025-01-07 12:00:00,30,10466545.0,68,552,0.2725,40344828.0,36,2,Contract,Owned,Mobile,1,0.1846083520320184,491,DECLINE,CONTRACT_EMPLOYMENT; LOW_BUREAU_SCORE,2025-01
APP-2026-000157,2025-01-07 13:00:00,20,26694906.0,49,818,0.4666,121668377.0,24,0,Salaried,Owned,Partner,0,0.053800675125985964,591,APPROVE,NO_MATERIAL_ADVERSE_FACTOR,2025-01
APP-2026-000158,2025-01-07 14:00:00,39,11669438.0,22,695,0.056,41851424.0,36,0,Salaried,Rented,Partner,0,0.05635362551374259,587,APPROVE,RENTED_RESIDENCE,2025-01
APP-2026-000159,2025-01-07 15:00:00,41,8132593.0,72,536,0.0853,47728386.0,9,3,Salaried,Mortgage,Partner,0,0.22471265788981998,473,DECLINE,MULTIPLE_RECENT_INQUIRIES; HIGH_LOAN_TO_INCOME; LOW_BUREAU_SCORE,2025-01
APP-2026-000160,2025-01-07 16:00:00,40,7742695.0,70,734,0.1582,63341871.0,24,2,Salaried,Owned,Mobile,0,0.06576160586002082,575,APPROVE,HIGH_LOAN_TO_INCOME,2025-01
APP-2026-000161,2025-01-07 17:00:00,61,17722181.0,96,583,0.5098,34430047.0,36,3,Self-employed,Mortgage,Partner,1,0.23402944541479526,469,DECLINE,MULTIPLE_RECENT_INQUIRIES,2025-01
APP-2026-000162,2025-01-07 18:00:00,43,12486906.0,30,566,0.2335,44709363.0,24,2,Salaried,Rented,Branch,0,0.17901291379164044,494,REVIEW,RENTED_RESIDENCE; LOW_BUREAU_SCORE,2025-01
APP-2026-000163,2025-01-07 19:00:00,26,17407481.0,14,476,0.3058,244662821.0,24,3,Contract,Rented,Mobile,1,0.6548191940699445,338,DECLINE,HIGH_LOAN_TO_INCOME; LOW_BUREAU_SCORE; MULTIPLE_RECENT_INQUIRIES,2025-01
APP-2026-000164,2025-01-07 20:00:00,58,3665604.0,46,665,0.4248,44238826.0,9,2,Salaried,Rented,Mobile,0,0.18493414299945576,491,DECLINE,HIGH_LOAN_TO_INCOME; RENTED_RESIDENCE,2025-01
APP-2026-000165,2025-01-07 21:00:00,26,10904224.0,72,555,0.0477,28475204.0,36,1,Self-employed,Owned,Mobile,0,0.09173618205178521,549,REVIEW,LOW_BUREAU_SCORE,2025-01
APP-2026-000166,2025-01-07 22:00:00,42,11008383.0,32,827,0.4088,45114669.0,6,1,Salaried,Rented,Mobile,0,0.06757160431564543,573,APPROVE,RENTED_RESIDENCE,2025-01
APP-2026-000167,2025-01-07 23:00:00,41,25437695.0,18,632,0.2586,98132596.0,24,0,Salaried,Owned,Partner,0,0.08310310342526014,557,REVIEW,NO_MATERIAL_ADVERSE_FACTOR,2025-01
APP-2026-000168,2025-01-08 00:00:00,27,27234180.0,27,572,0.4483,14683329.0,12,1,Salaried,Rented,Mobile,0,0.14164333723751132,514,REVIEW,RENTED_RESIDENCE; LOW_BUREAU_SCORE,2025-01
APP-2026-000169,2025-01-08 01:00:00,47,24106718.0,90,676,0.5567,63445175.0,24,1,Salaried,Rented,Mobile,0,0.11014303089754392,535,REVIEW,HIGH_EXISTING_DTI; RENTED_RESIDENCE,2025-01
APP-2026-000170,2025-01-08 02:00:00,38,5597167.0,39,601,0.2064,29505900.0,12,0,Salaried,Mortgage,Partner,0,0.11898951100141777,528,REVIEW,HIGH_LOAN_TO_INCOME,2025-01
APP-2026-000171,2025-01-08 03:00:00,40,26644738.0,47,626,0.1067,44254239.0,24,0,Salaried,Rented,Partner,0,0.06086018267630257,581,APPROVE,RENTED_RESIDENCE,2025-01
APP-2026-000172,2025-01-08 04:00:00,28,32335637.0,27,616,0.1284,24585180.0,12,2,Salaried,Rented,Mobile,0,0.08037682490202995,560,REVIEW,RENTED_RESIDENCE,2025-01
APP-2026-000173,2025-01-08 05:00:00,46,10820757.0,51,681,0.4387,122412799.0,18,0,Salaried,Rented,Partner,0,0.16734240306693254,500,REVIEW,HIGH_LOAN_TO_INCOME; RENTED_RESIDENCE,2025-01
APP-2026-000174,2025-01-08 06:00:00,27,19482969.0,86,664,0.4446,30987454.0,12,1,Salaried,Owned,Mobile,0,0.08206047509735359,558,REVIEW,NO_MATERIAL_ADVERSE_FACTOR,2025-01
APP-2026-000175,2025-01-08 07:00:00,20,21101783.0,27,640,0.2,62266147.0,18,3,Salaried,Owned,Partner,0,0.1352043691609254,518,REVIEW,MULTIPLE_RECENT_INQUIRIES,2025-01
APP-2026-000176,2025-01-08 08:00:00,47,13326674.0,9,496,0.1832,114585431.0,24,2,Salaried,Mortgage,Mobile,0,0.275367249028137,454,DECLINE,HIGH_LOAN_TO_INCOME; LOW_BUREAU_SCORE; SHORT_EMPLOYMENT_HISTORY,2025-01
APP-2026-000177,2025-01-08 09:00:00,31,17946822.0,19,686,0.1938,16427755.0,24,1,Salaried,Rented,Partner,0,0.07591617408089577,564,APPROVE,RENTED_RESIDENCE,2025-01
APP-2026-000178,2025-01-08 10:00:00,35,10743934.0,71,669,0.3092,49647263.0,36,0,Salaried,Family,Mobile,0,0.05648534752851826,587,APPROVE,NO_MATERIAL_ADVERSE_FACTOR,2025-01
APP-2026-000179,2025-01-08 11:00:00,52,18221486.0,22,447,0.189,59101758.0,18,3,Salaried,Rented,Mobile,0,0.3058305976415287,443,DECLINE,LOW_BUREAU_SCORE; MULTIPLE_RECENT_INQUIRIES; RENTED_RESIDENCE,2025-01
APP-2026-000180,2025-01-08 12:00:00,45,15573960.0,42,577,0.1702,18168722.0,12,2,Salaried,Rented,Mobile,0,0.13205344132607014,520,REVIEW,RENTED_RESIDENCE; LOW_BUREAU_SCORE,2025-01
APP-2026-000181,2025-01-08 13:00:00,40,19357386.0,32,577,0.1638,42185538.0,12,3,Self-employed,Rented,Mobile,0,0.1943358214750802,486,DECLINE,MULTIPLE_RECENT_INQUIRIES; RENTED_RESIDENCE; LOW_BUREAU_SCORE,2025-01
APP-2026-000182,2025-01-08 14:00:00,44,47249442.0,86,612,0.0784,81170269.0,12,3,Salaried,Family,Branch,0,0.051181892902171025,595,APPROVE,MULTIPLE_RECENT_INQUIRIES,2025-01
APP-2026-000183,2025-01-08 15:00:00,28,9387945.0,27,674,0.2055,112244773.0,12,1,Self-employed,Family,Branch,0,0.12125299130530691,527,REVIEW,HIGH_LOAN_TO_INCOME,2025-01
APP-2026-000184,2025-01-08 16:00:00,41,32106311.0,99,670,0.2662,28591557.0,6,3,Contract,Rented,Mobile,0,0.1058843974221979,538,REVIEW,MULTIPLE_RECENT_INQUIRIES; CONTRACT_EMPLOYMENT; RENTED_RESIDENCE,2025-01
APP-2026-000185,2025-01-08 17:00:00,44,17678074.0,53,570,0.3639,53098554.0,18,0,Salaried,Mortgage,Mobile,0,0.1204781635722326,527,REVIEW,LOW_BUREAU_SCORE,2025-01
APP-2026-000186,2025-01-08 18:00:00,41,16932841.0,73,608,0.3986,55688342.0,6,1,Salaried,Rented,Partner,0,0.17326992343321584,497,REVIEW,RENTED_RESIDENCE,2025-01
APP-2026-000187,2025-01-08 19:00:00,33,5267665.0,96,632,0.6562,52274845.0,12,2,Salaried,Owned,Partner,0,0.25460117178197167,461,DECLINE,HIGH_LOAN_TO_INCOME; HIGH_EXISTING_DTI,2025-01
APP-2026-000188,2025-01-08 20:00:00,20,28685171.0,61,668,0.5172,102929459.0,18,0,Salaried,Rented,Mobile,0,0.11616464186098632,530,REVIEW,RENTED_RESIDENCE,2025-01
APP-2026-000189,2025-01-08 21:00:00,39,8906575.0,33,738,0.5796,46072405.0,24,0,Salaried,Mortgage,Mobile,0,0.0954025973640795,546,REVIEW,HIGH_EXISTING_DTI; HIGH_LOAN_TO_INCOME,2025-01
APP-2026-000190,2025-01-08 22:00:00,35,10022785.0,97,797,0.1775,65528625.0,12,0,Salaried,Family,Mobile,0,0.029213991269949342,637,APPROVE,HIGH_LOAN_TO_INCOME,2025-01
APP-2026-000191,2025-01-08 23:00:00,31,14503108.0,17,676,0.295,63188180.0,12,0,Salaried,Rented,Mobile,0,0.09724080276803324,545,REVIEW,RENTED_RESIDENCE,2025-01
APP-2026-000192,2025-01-09 00:00:00,41,14081694.0,138,639,0.4502,57721731.0,18,2,Self-employed,Mortgage,Mobile,0,0.1625050416620029,502,REVIEW,NO_MATERIAL_ADVERSE_FACTOR,2025-01
APP-2026-000193,2025-01-09 01:00:00,37,10468209.0,60,552,0.2223,115552279.0,12,1,Self-employed,Rented,Mobile,0,0.2560852009575415,461,DECLINE,HIGH_LOAN_TO_INCOME; LOW_BUREAU_SCORE; RENTED_RESIDENCE,2025-01
APP-2026-000194,2025-01-09 02:00:00,36,37416550.0,113,728,0.2998,73951269.0,12,0,Contract,Family,Branch,0,0.03365634239936556,626,APPROVE,CONTRACT_EMPLOYMENT,2025-01
APP-2026-000195,2025-01-09 03:00:00,21,24374630.0,44,610,0.4949,128113685.0,12,1,Salaried,Owned,Branch,1,0.18070910756119546,493,DECLINE,HIGH_LOAN_TO_INCOME,2025-01
APP-2026-000196,2025-01-09 04:00:00,21,63503361.0,37,713,0.3782,127394902.0,18,1,Contract,Mortgage,Mobile,0,0.056800196137475986,587,APPROVE,CONTRACT_EMPLOYMENT,2025-01
APP-2026-000197,2025-01-09 05:00:00,38,11241206.0,25,720,0.5685,62293327.0,18,1,Salaried,Family,Branch,0,0.10558725477542545,538,REVIEW,HIGH_EXISTING_DTI; HIGH_LOAN_TO_INCOME,2025-01
APP-2026-000198,2025-01-09 06:00:00,35,10979447.0,55,507,0.2462,32201054.0,24,1,Salaried,Family,Mobile,1,0.1330434017549485,519,REVIEW,LOW_BUREAU_SCORE,2025-01
APP-2026-000199,2025-01-09 07:00:00,36,49956762.0,45,599,0.2783,61814696.0,18,2,Salaried,Mortgage,Partner,0,0.08355881571043766,557,REVIEW,NO_MATERIAL_ADVERSE_FACTOR,2025-01
APP-2026-000200,2025-01-09 08:00:00,36,8464037.0,76,633,0.2391,87776009.0,24,0,Salaried,Family,Partner,0,0.09259501082399138,549,REVIEW,HIGH_LOAN_TO_INCOME,2025-01
APP-2026-000201,2025-01-09 09:00:00,38,19851837.0,93,647,0.5251,99072308.0,36,4,Self-employed,Owned,Mobile,0,0.23513263968559034,469,DECLINE,MULTIPLE_RECENT_INQUIRIES,2025-01
APP-2026-000202,2025-01-09 10:00:00,35,14433050.0,35,625,0.0421,89654059.0,24,1,Salaried,Rented,Partner,0,0.11780397318688104,529,REVIEW,HIGH_LOAN_TO_INCOME; RENTED_RESIDENCE,2025-01
APP-2026-000203,2025-01-09 11:00:00,36,14809668.0,49,658,0.4708,64392457.0,12,1,Self-employed,Rented,Mobile,0,0.17743282590385365,495,REVIEW,RENTED_RESIDENCE,2025-01
APP-2026-000204,2025-01-09 12:00:00,37,7853278.0,51,498,0.2507,41223622.0,36,1,Salaried,Rented,Mobile,1,0.20218779869156003,483,DECLINE,LOW_BUREAU_SCORE; HIGH_LOAN_TO_INCOME; RENTED_RESIDENCE,2025-01
APP-2026-000205,2025-01-09 13:00:00,43,11779433.0,23,663,0.7148,41940438.0,18,0,Salaried,Owned,Branch,0,0.13468907045672698,518,REVIEW,HIGH_EXISTING_DTI,2025-01
APP-2026-000206,2025-01-09 14:00:00,30,50309709.0,81,653,0.7536,42830539.0,12,2,Salaried,Family,Partner,0,0.09534096584141899,546,REVIEW,HIGH_EXISTING_DTI,2025-01
APP-2026-000207,2025-01-09 15:00:00,42,18739221.0,23,606,0.1391,6611052.0,18,1,Self-employed,Owned,Mobile,0,0.0720352660621382,568,APPROVE,NO_MATERIAL_ADVERSE_FACTOR,2025-01
APP-2026-000208,2025-01-09 16:00:00,40,39435315.0,15,621,0.1672,93038827.0,6,0,Salaried,Family,Partner,0,0.0538058644921263,591,APPROVE,NO_MATERIAL_ADVERSE_FACTOR,2025-01
APP-2026-000209,2025-01-09 17:00:00,35,12156644.0,55,534,0.1423,65754016.0,36,3,Self-employed,Rented,Partner,1,0.27814585363589384,453,DECLINE,MULTIPLE_RECENT_INQUIRIES; HIGH_LOAN_TO_INCOME; LOW_BUREAU_SCORE,2025-01
APP-2026-000210,2025-01-09 18:00:00,30,18568321.0,43,724,0.1258,163865599.0,18,2,Salaried,Rented,Mobile,0,0.12446898890281814,525,REVIEW,HIGH_LOAN_TO_INCOME; RENTED_RESIDENCE,2025-01
APP-2026-000211,2025-01-09 19:00:00,38,24624779.0,40,675,0.4852,29934824.0,12,1,Salaried,Rented,Partner,0,0.11558791532760468,531,REVIEW,RENTED_RESIDENCE,2025-01
APP-2026-000212,2025-01-09 20:00:00,42,24431175.0,92,633,0.3533,50988613.0,12,1,Salaried,Mortgage,Mobile,0,0.08876469050446285,552,REVIEW,NO_MATERIAL_ADVERSE_FACTOR,2025-01
APP-2026-000213,2025-01-09 21:00:00,25,15544854.0,26,623,0.5955,123820586.0,12,3,Salaried,Rented,Mobile,0,0.39294482281142673,415,DECLINE,HIGH_LOAN_TO_INCOME; MULTIPLE_RECENT_INQUIRIES; HIGH_EXISTING_DTI,2025-01
APP-2026-000214,2025-01-09 22:00:00,35,17911848.0,109,779,0.3181,116956497.0,24,0,Salaried,Family,Partner,0,0.04618975180302533,602,APPROVE,HIGH_LOAN_TO_INCOME,2025-01
APP-2026-000215,2025-01-09 23:00:00,35,31499244.0,34,693,0.2532,63780179.0,24,4,Contract,Rented,Mobile,0,0.14573711103294826,511,REVIEW,MULTIPLE_RECENT_INQUIRIES; CONTRACT_EMPLOYMENT; RENTED_RESIDENCE,2025-01
APP-2026-000216,2025-01-10 00:00:00,28,20600236.0,105,654,0.2379,59348291.0,24,0,Self-employed,Owned,Mobile,0,0.05863522180759373,584,APPROVE,NO_MATERIAL_ADVERSE_FACTOR,2025-01
APP-2026-000217,2025-01-10 01:00:00,29,6517100.0,26,615,0.2491,96638812.0,12,3,Salaried,Family,Branch,1,0.20958610338525413,480,DECLINE,HIGH_LOAN_TO_INCOME; MULTIPLE_RECENT_INQUIRIES,2025-01
APP-2026-000218,2025-01-10 02:00:00,20,12353659.0,38,624,0.2255,48422281.0,12,0,Salaried,Mortgage,Mobile,0,0.09741533214725273,544,REVIEW,NO_MATERIAL_ADVERSE_FACTOR,2025-01
APP-2026-000219,2025-01-10 03:00:00,25,9403006.0,169,639,0.2783,41384792.0,24,2,Salaried,Owned,Branch,0,0.09180293515043608,549,REVIEW,NO_MATERIAL_ADVERSE_FACTOR,2025-01
APP-2026-000220,2025-01-10 04:00:00,21,6803634.0,81,556,0.4995,55379713.0,12,0,Salaried,Family,Mobile,0,0.16760535244594515,500,REVIEW,HIGH_LOAN_TO_INCOME; LOW_BUREAU_SCORE,2025-01
APP-2026-000221,2025-01-10 05:00:00,29,26937068.0,20,613,0.6329,77885430.0,12,2,Self-employed,Family,Partner,0,0.23750889290346935,468,DECLINE,HIGH_EXISTING_DTI,2025-01
APP-2026-000222,2025-01-10 06:00:00,29,31142150.0,25,669,0.2965,77916092.0,24,1,Salaried,Rented,Branch,1,0.0846618240845042,556,REVIEW,RENTED_RESIDENCE,2025-01
APP-2026-000223,2025-01-10 07:00:00,30,11303911.0,64,623,0.1442,246777197.0,6,4,Salaried,Rented,Mobile,1,0.4296063020677995,404,DECLINE,HIGH_LOAN_TO_INCOME; MULTIPLE_RECENT_INQUIRIES; RENTED_RESIDENCE,2025-01
APP-2026-000224,2025-01-10 08:00:00,38,14510477.0,84,631,0.2637,26979538.0,36,0,Salaried,Rented,Branch,0,0.07069299043827401,570,APPROVE,RENTED_RESIDENCE,2025-01
APP-2026-000225,2025-01-10 09:00:00,33,51352782.0,69,656,0.1519,55141129.0,36,1,Contract,Mortgage,Branch,0,0.03793947692351384,617,APPROVE,CONTRACT_EMPLOYMENT,2025-01
APP-2026-000226,2025-01-10 10:00:00,28,15846774.0,33,553,0.3298,75514144.0,36,1,Salaried,Owned,Mobile,0,0.14987296441162323,509,REVIEW,LOW_BUREAU_SCORE,2025-01
APP-2026-000227,2025-01-10 11:00:00,28,16481914.0,27,708,0.3506,92652482.0,12,2,Self-employed,Owned,Mobile,0,0.1344182336854704,518,REVIEW,HIGH_LOAN_TO_INCOME,2025-01
APP-2026-000228,2025-01-10 12:00:00,24,20526825.0,59,576,0.3614,104896709.0,24,0,Salaried,Mortgage,Partner,0,0.16490676252039788,501,REVIEW,HIGH_LOAN_TO_INCOME; LOW_BUREAU_SCORE,2025-01
APP-2026-000229,2025-01-10 13:00:00,33,35403507.0,81,711,0.2429,138827566.0,18,5,Self-employed,Mortgage,Partner,1,0.18831281108213926,489,DECLINE,MULTIPLE_RECENT_INQUIRIES,2025-01
APP-2026-000230,2025-01-10 14:00:00,33,22804225.0,58,627,0.4455,205293336.0,9,1,Salaried,Mortgage,Branch,0,0.24999571033056936,463,DECLINE,HIGH_LOAN_TO_INCOME,2025-01
APP-2026-000231,2025-01-10 15:00:00,49,31210565.0,48,652,0.6864,22033600.0,12,0,Salaried,Rented,Mobile,0,0.09842729901959058,544,REVIEW,HIGH_EXISTING_DTI; RENTED_RESIDENCE,2025-01
APP-2026-000232,2025-01-10 16:00:00,48,10176523.0,18,571,0.2563,16524096.0,9,1,Salaried,Mortgage,Mobile,0,0.13589472275222556,517,REVIEW,LOW_BUREAU_SCORE,2025-01
APP-2026-000233,2025-01-10 17:00:00,48,27828028.0,95,574,0.2447,133440206.0,18,0,Salaried,Owned,Mobile,0,0.08970268059442348,551,REVIEW,LOW_BUREAU_SCORE,2025-01
APP-2026-000234,2025-01-10 18:00:00,53,16534794.0,13,729,0.3137,122993687.0,24,3,Self-employed,Rented,Partner,1,0.20698449014274298,481,DECLINE,HIGH_LOAN_TO_INCOME; MULTIPLE_RECENT_INQUIRIES; RENTED_RESIDENCE,2025-01
APP-2026-000235,2025-01-10 19:00:00,23,11142375.0,17,626,0.5297,56958217.0,24,1,Salaried,Rented,Mobile,0,0.21049563393934387,479,DECLINE,HIGH_LOAN_TO_INCOME; RENTED_RESIDENCE,2025-01
APP-2026-000236,2025-01-10 20:00:00,41,23503438.0,100,571,0.7182,65170941.0,12,1,Salaried,Owned,Partner,0,0.21163215470729502,479,DECLINE,HIGH_EXISTING_DTI; LOW_BUREAU_SCORE,2025-01
APP-2026-000237,2025-01-10 21:00:00,41,70109236.0,55,615,0.2078,121632943.0,12,1,Salaried,Mortgage,Partner,0,0.04726696566756319,601,APPROVE,NO_MATERIAL_ADVERSE_FACTOR,2025-01
APP-2026-000238,2025-01-10 22:00:00,39,19563423.0,11,608,0.3843,72302503.0,36,0,Salaried,Mortgage,Mobile,1,0.1115810526869874,534,REVIEW,SHORT_EMPLOYMENT_HISTORY,2025-01
APP-2026-000239,2025-01-10 23:00:00,54,30642390.0,17,630,0.2323,41029214.0,12,1,Salaried,Owned,Mobile,0,0.05806984341034678,585,APPROVE,NO_MATERIAL_ADVERSE_FACTOR,2025-01
APP-2026-000240,2025-01-11 00:00:00,57,15030387.0,110,667,0.1572,116211695.0,36,0,Salaried,Family,Mobile,0,0.04819802969785175,599,APPROVE,HIGH_LOAN_TO_INCOME,2025-01
APP-2026-000241,2025-01-11 01:00:00,43,7408082.0,110,605,0.1333,80949612.0,12,0,Salaried,Rented,Branch,0,0.10591387867310245,538,REVIEW,HIGH_LOAN_TO_INCOME; RENTED_RESIDENCE,2025-01
APP-2026-000242,2025-01-11 02:00:00,40,23477515.0,80,745,0.3624,112678028.0,12,4,Salaried,Owned,Partner,0,0.13861818507987422,516,REVIEW,MULTIPLE_RECENT_INQUIRIES,2025-01
APP-2026-000243,2025-01-11 03:00:00,24,9987974.0,40,694,0.4761,50006320.0,9,0,Self-employed,Owned,Mobile,0,0.1098991118201613,535,REVIEW,HIGH_LOAN_TO_INCOME,2025-01
APP-2026-000244,2025-01-11 04:00:00,24,15371163.0,56,525,0.1217,29471712.0,6,2,Salaried,Owned,Partner,0,0.15653714229542032,505,REVIEW,LOW_BUREAU_SCORE,2025-01
APP-2026-000245,2025-01-11 05:00:00,41,51163148.0,31,566,0.2947,38184340.0,6,2,Self-employed,Rented,Branch,0,0.10429424782427263,539,REVIEW,RENTED_RESIDENCE; LOW_BUREAU_SCORE,2025-01
APP-2026-000246,2025-01-11 06:00:00,34,6459658.0,27,534,0.2401,139561675.0,12,3,Self-employed,Family,Partner,0,0.4003870058033659,413,DECLINE,HIGH_LOAN_TO_INCOME; MULTIPLE_RECENT_INQUIRIES; LOW_BUREAU_SCORE,2025-01
APP-2026-000247,2025-01-11 07:00:00,22,21195695.0,98,587,0.2177,36185973.0,12,4,Self-employed,Owned,Mobile,0,0.16805249300395886,499,REVIEW,MULTIPLE_RECENT_INQUIRIES,2025-01
APP-2026-000248,2025-01-11 08:00:00,33,23081724.0,68,575,0.0336,66497561.0,6,0,Contract,Family,Mobile,0,0.07025378847133598,570,APPROVE,CONTRACT_EMPLOYMENT; LOW_BUREAU_SCORE,2025-01
APP-2026-000249,2025-01-11 09:00:00,38,20764916.0,49,726,0.3651,277649227.0,12,1,Self-employed,Rented,Partner,0,0.29119172270424754,448,DECLINE,HIGH_LOAN_TO_INCOME; RENTED_RESIDENCE,2025-01
APP-2026-000250,2025-01-11 10:00:00,43,12607617.0,62,660,0.271,133743539.0,12,1,Salaried,Rented,Mobile,0,0.15753997356211852,505,REVIEW,HIGH_LOAN_TO_INCOME; RENTED_RESIDENCE,2025-01
APP-2026-000251,2025-01-11 11:00:00,33,19292482.0,30,756,0.4844,103118514.0,12,1,Salaried,Family,Mobile,0,0.08299768982969069,557,REVIEW,HIGH_LOAN_TO_INCOME,2025-01
APP-2026-000252,2025-01-11 12:00:00,32,10309543.0,9,593,0.5086,65435711.0,12,0,Salaried,Mortgage,Mobile,0,0.19683345974124472,485,DECLINE,HIGH_LOAN_TO_INCOME; SHORT_EMPLOYMENT_HISTORY,2025-01
APP-2026-000253,2025-01-11 13:00:00,35,40819149.0,70,518,0.426,81110811.0,24,1,Salaried,Mortgage,Mobile,0,0.135141222892959,518,REVIEW,LOW_BUREAU_SCORE,2025-01
APP-2026-000254,2025-01-11 14:00:00,36,19031024.0,39,640,0.4522,33831482.0,24,1,Self-employed,Rented,Branch,0,0.1421663789252698,514,REVIEW,RENTED_RESIDENCE,2025-01
APP-2026-000255,2025-01-11 15:00:00,24,35919376.0,86,744,0.2114,89224422.0,12,0,Salaried,Owned,Partner,0,0.03306430425760198,627,APPROVE,NO_MATERIAL_ADVERSE_FACTOR,2025-01
APP-2026-000256,2025-01-11 16:00:00,42,14849199.0,85,560,0.1346,77334405.0,18,1,Salaried,Family,Mobile,0,0.09543192031469613,546,REVIEW,HIGH_LOAN_TO_INCOME; LOW_BUREAU_SCORE,2025-01
APP-2026-000257,2025-01-11 17:00:00,54,28090916.0,124,549,0.1934,95392960.0,36,4,Salaried,Mortgage,Branch,0,0.1665366598016858,500,REVIEW,MULTIPLE_RECENT_INQUIRIES; LOW_BUREAU_SCORE,2025-01
APP-2026-000258,2025-01-11 18:00:00,42,25475725.0,11,681,0.1271,27412097.0,12,3,Salaried,Rented,Mobile,0,0.08520353974807357,555,REVIEW,MULTIPLE_RECENT_INQUIRIES; RENTED_RESIDENCE; SHORT_EMPLOYMENT_HISTORY,2025-01
APP-2026-000259,2025-01-11 19:00:00,21,9293760.0,56,613,0.1385,91440847.0,6,3,Salaried,Owned,Mobile,0,0.18011940981022684,493,DECLINE,HIGH_LOAN_TO_INCOME; MULTIPLE_RECENT_INQUIRIES,2025-01
APP-2026-000260,2025-01-11 20:00:00,35,41682859.0,74,661,0.2713,66583151.0,36,0,Self-employed,Rented,Partner,0,0.05569704851392722,588,APPROVE,RENTED_RESIDENCE,2025-01
APP-2026-000261,2025-01-11 21:00:00,20,77131363.0,57,533,0.3648,19264595.0,12,2,Self-employed,Mortgage,Mobile,0,0.06076948763211015,581,APPROVE,LOW_BUREAU_SCORE,2025-01
APP-2026-000262,2025-01-11 22:00:00,20,31344781.0,77,606,0.5389,63634617.0,12,3,Self-employed,Rented,Partner,1,0.2752649647896791,454,DECLINE,MULTIPLE_RECENT_INQUIRIES; RENTED_RESIDENCE,2025-01
APP-2026-000263,2025-01-11 23:00:00,40,8332864.0,49,670,0.1926,18716015.0,18,2,Salaried,Owned,Mobile,0,0.07955257361458294,561,APPROVE,NO_MATERIAL_ADVERSE_FACTOR,2025-01
APP-2026-000264,2025-01-12 00:00:00,35,10987959.0,71,673,0.4847,55986407.0,24,2,Salaried,Rented,Mobile,0,0.1691881974531354,499,REVIEW,HIGH_LOAN_TO_INCOME; RENTED_RESIDENCE,2025-01
APP-2026-000265,2025-01-12 01:00:00,28,5128895.0,49,667,0.1907,70076728.0,12,1,Salaried,Family,Mobile,0,0.08999729022329525,551,REVIEW,HIGH_LOAN_TO_INCOME,2025-01
APP-2026-000266,2025-01-12 02:00:00,20,11175262.0,56,693,0.291,21829357.0,18,1,Salaried,Owned,Mobile,0,0.0685792535170978,572,APPROVE,NO_MATERIAL_ADVERSE_FACTOR,2025-01
APP-2026-000267,2025-01-12 03:00:00,23,46267394.0,55,599,0.2625,38338363.0,36,2,Salaried,Mortgage,Mobile,0,0.06373147413159372,578,APPROVE,NO_MATERIAL_ADVERSE_FACTOR,2025-01
APP-2026-000268,2025-01-12 04:00:00,36,30835204.0,69,562,0.1256,138863211.0,24,1,Contract,Owned,Partner,1,0.14239679670122532,513,REVIEW,CONTRACT_EMPLOYMENT; LOW_BUREAU_SCORE,2025-01
APP-2026-000269,2025-01-12 05:00:00,35,10273855.0,26,451,0.3006,75260610.0,18,2,Salaried,Owned,Branch,0,0.30926134844770425,442,DECLINE,LOW_BUREAU_SCORE; HIGH_LOAN_TO_INCOME,2025-01
APP-2026-000270,2025-01-12 06:00:00,41,8705604.0,4,578,0.4016,90866127.0,18,1,Salaried,Mortgage,Branch,1,0.2374630586207497,468,DECLINE,HIGH_LOAN_TO_INCOME; SHORT_EMPLOYMENT_HISTORY; LOW_BUREAU_SCORE,2025-01
APP-2026-000271,2025-01-12 07:00:00,48,12211468.0,23,634,0.2474,116713619.0,9,0,Salaried,Rented,Partner,0,0.16005884177050914,503,REVIEW,HIGH_LOAN_TO_INCOME; RENTED_RESIDENCE,2025-01
APP-2026-000272,2025-01-12 08:00:00,31,31675482.0,47,638,0.359,74352139.0,36,0,Contract,Owned,Partner,0,0.08496262284079817,555,REVIEW,CONTRACT_EMPLOYMENT,2025-01
APP-2026-000273,2025-01-12 09:00:00,39,22887282.0,88,628,0.2363,51626202.0,24,2,Salaried,Owned,Mobile,1,0.07839417676946903,562,APPROVE,NO_MATERIAL_ADVERSE_FACTOR,2025-01
APP-2026-000274,2025-01-12 10:00:00,33,39710937.0,74,615,0.5799,47691054.0,24,3,Salaried,Mortgage,Mobile,0,0.14385112318668836,513,REVIEW,MULTIPLE_RECENT_INQUIRIES; HIGH_EXISTING_DTI,2025-01
APP-2026-000275,2025-01-12 11:00:00,30,12255149.0,20,526,0.513,60515639.0,12,1,Salaried,Owned,Mobile,0,0.24908046776901252,464,DECLINE,LOW_BUREAU_SCORE,2025-01
APP-2026-000276,2025-01-12 12:00:00,32,18683902.0,27,752,0.5059,29703512.0,12,0,Salaried,Owned,Partner,0,0.06297138685874673,579,APPROVE,NO_MATERIAL_ADVERSE_FACTOR,2025-01
APP-2026-000277,2025-01-12 13:00:00,43,11796413.0,42,691,0.1949,70945866.0,24,0,Salaried,Family,Mobile,0,0.05066584855573157,595,APPROVE,HIGH_LOAN_TO_INCOME,2025-01
APP-2026-000278,2025-01-12 14:00:00,25,15663650.0,81,647,0.179,64159288.0,12,0,Self-employed,Rented,Partner,0,0.10731722970670383,537,REVIEW,RENTED_RESIDENCE,2025-01
APP-2026-000279,2025-01-12 15:00:00,45,14718193.0,59,612,0.1253,25103465.0,18,0,Salaried,Mortgage,Partner,0,0.0715187811079182,569,APPROVE,NO_MATERIAL_ADVERSE_FACTOR,2025-01
APP-2026-000280,2025-01-12 16:00:00,48,14834912.0,34,621,0.6484,91721857.0,24,1,Salaried,Rented,Branch,1,0.24425917819860085,465,DECLINE,HIGH_EXISTING_DTI; HIGH_LOAN_TO_INCOME; RENTED_RESIDENCE,2025-01
APP-2026-000281,2025-01-12 17:00:00,35,24146194.0,64,716,0.0792,34832690.0,12,1,Salaried,Owned,Mobile,0,0.032635353902879215,628,APPROVE,NO_MATERIAL_ADVERSE_FACTOR,2025-01
APP-2026-000282,2025-01-12 18:00:00,37,13463977.0,36,570,0.5168,29040421.0,9,3,Salaried,Family,Mobile,1,0.22769968064373244,472,DECLINE,MULTIPLE_RECENT_INQUIRIES; LOW_BUREAU_SCORE,2025-01
APP-2026-000283,2025-01-12 19:00:00,22,16147203.0,57,645,0.3488,26861571.0,9,2,Self-employed,Rented,Mobile,0,0.1624849900705809,502,REVIEW,RENTED_RESIDENCE,2025-01
APP-2026-000284,2025-01-12 20:00:00,56,10709846.0,39,613,0.1237,71906973.0,24,1,Salaried,Mortgage,Mobile,0,0.10234487877723501,541,REVIEW,HIGH_LOAN_TO_INCOME,2025-01
APP-2026-000285,2025-01-12 21:00:00,43,33926142.0,25,533,0.6293,88588316.0,12,0,Salaried,Mortgage,Mobile,0,0.19106697777813708,488,DECLINE,HIGH_EXISTING_DTI; LOW_BUREAU_SCORE,2025-01
APP-2026-000286,2025-01-12 22:00:00,36,45125840.0,68,571,0.473,68846134.0,24,0,Self-employed,Mortgage,Mobile,0,0.09272750606406796,548,REVIEW,LOW_BUREAU_SCORE,2025-01
APP-2026-000287,2025-01-12 23:00:00,35,51330919.0,103,552,0.3361,31501540.0,9,2,Salaried,Rented,Mobile,0,0.08518372345351342,555,REVIEW,LOW_BUREAU_SCORE; RENTED_RESIDENCE,2025-01
APP-2026-000288,2025-01-13 00:00:00,39,27411959.0,75,649,0.3006,13255154.0,24,3,Salaried,Rented,Mobile,0,0.0961132515826454,546,REVIEW,MULTIPLE_RECENT_INQUIRIES; RENTED_RESIDENCE,2025-01
APP-2026-000289,2025-01-13 01:00:00,29,17179339.0,23,640,0.2722,56201961.0,18,2,Salaried,Owned,Mobile,0,0.11221053497187469,533,REVIEW,NO_MATERIAL_ADVERSE_FACTOR,2025-01
APP-2026-000290,2025-01-13 02:00:00,37,10504947.0,44,502,0.2468,41808553.0,12,1,Salaried,Rented,Branch,0,0.21371722158610126,478,DECLINE,LOW_BUREAU_SCORE; RENTED_RESIDENCE,2025-01
APP-2026-000291,2025-01-13 03:00:00,26,9823345.0,76,634,0.2776,137230121.0,9,1,Salaried,Owned,Mobile,0,0.15764397166363392,505,REVIEW,HIGH_LOAN_TO_INCOME,2025-01
APP-2026-000292,2025-01-13 04:00:00,39,16805670.0,64,586,0.3571,285300666.0,9,1,Self-employed,Owned,Mobile,0,0.37538984990059193,421,DECLINE,HIGH_LOAN_TO_INCOME,2025-01
APP-2026-000293,2025-01-13 05:00:00,28,8865905.0,44,636,0.01,51291689.0,9,2,Contract,Owned,Mobile,0,0.11424050985054343,532,REVIEW,HIGH_LOAN_TO_INCOME; CONTRACT_EMPLOYMENT,2025-01
APP-2026-000294,2025-01-13 06:00:00,43,26679973.0,37,617,0.1288,85241438.0,36,1,Self-employed,Mortgage,Mobile,0,0.08607623185354833,554,REVIEW,NO_MATERIAL_ADVERSE_FACTOR,2025-01
APP-2026-000295,2025-01-13 07:00:00,33,20155480.0,8,728,0.3364,50838546.0,12,1,Salaried,Mortgage,Branch,0,0.07594888377577626,564,APPROVE,SHORT_EMPLOYMENT_HISTORY,2025-01
APP-2026-000296,2025-01-13 08:00:00,37,8391188.0,84,688,0.7224,115890109.0,6,1,Self-employed,Owned,Partner,0,0.27181211127747434,455,DECLINE,HIGH_LOAN_TO_INCOME; HIGH_EXISTING_DTI,2025-01
APP-2026-000297,2025-01-13 09:00:00,61,15587408.0,60,650,0.1926,64860480.0,36,0,Salaried,Family,Mobile,0,0.04586007259948384,603,APPROVE,NO_MATERIAL_ADVERSE_FACTOR,2025-01
APP-2026-000298,2025-01-13 10:00:00,42,28027493.0,8,584,0.4083,115022684.0,36,1,Self-employed,Owned,Branch,0,0.15717982053821627,505,REVIEW,SHORT_EMPLOYMENT_HISTORY,2025-01
APP-2026-000299,2025-01-13 11:00:00,37,33180682.0,48,798,0.2922,47853593.0,24,0,Salaried,Owned,Mobile,0,0.0208356229170275,662,APPROVE,NO_MATERIAL_ADVERSE_FACTOR,2025-01
APP-2026-000300,2025-01-13 12:00:00,35,19841605.0,98,699,0.5257,101174718.0,18,3,Self-employed,Rented,Branch,1,0.22112973904649155,475,DECLINE,MULTIPLE_RECENT_INQUIRIES; HIGH_LOAN_TO_INCOME; RENTED_RESIDENCE,2025-01
APP-2026-000301,2025-01-13 13:00:00,25,25019313.0,34,642,0.147,145800692.0,24,1,Salaried,Rented,Partner,0,0.1383017616258286,516,REVIEW,HIGH_LOAN_TO_INCOME; RENTED_RESIDENCE,2025-01
APP-2026-000302,2025-01-13 14:00:00,44,21098522.0,22,649,0.3416,97548868.0,6,0,Salaried,Rented,Branch,0,0.11793796943257648,529,REVIEW,RENTED_RESIDENCE,2025-01
APP-2026-000303,2025-01-13 15:00:00,49,13797366.0,30,653,0.0133,82617288.0,12,1,Self-employed,Mortgage,Partner,0,0.10400194969861384,539,REVIEW,HIGH_LOAN_TO_INCOME,2025-01
APP-2026-000304,2025-01-13 16:00:00,35,19227965.0,29,717,0.3818,66584594.0,24,0,Salaried,Rented,Partner,1,0.08722685965974686,553,REVIEW,RENTED_RESIDENCE,2025-01
APP-2026-000305,2025-01-13 17:00:00,50,18989550.0,111,706,0.3503,64818379.0,9,0,Salaried,Mortgage,Mobile,0,0.05878708348231988,584,APPROVE,NO_MATERIAL_ADVERSE_FACTOR,2025-01
APP-2026-000306,2025-01-13 18:00:00,33,12890573.0,122,684,0.1258,71200856.0,24,0,Contract,Rented,Mobile,0,0.07359077147257163,567,APPROVE,HIGH_LOAN_TO_INCOME; CONTRACT_EMPLOYMENT; RENTED_RESIDENCE,2025-01
APP-2026-000307,2025-01-13 19:00:00,20,20327922.0,66,761,0.3856,56324727.0,18,0,Contract,Rented,Partner,0,0.08525560211541296,555,REVIEW,CONTRACT_EMPLOYMENT; RENTED_RESIDENCE,2025-01
APP-2026-000308,2025-01-13 20:00:00,29,17551793.0,20,636,0.4605,44531902.0,12,0,Salaried,Owned,Mobile,0,0.09953813818548499,543,REVIEW,NO_MATERIAL_ADVERSE_FACTOR,2025-01
APP-2026-000309,2025-01-13 21:00:00,25,21898163.0,41,558,0.3413,72472134.0,12,3,Salaried,Family,Mobile,0,0.194427919127296,486,DECLINE,MULTIPLE_RECENT_INQUIRIES; LOW_BUREAU_SCORE,2025-01
APP-2026-000310,2025-01-13 22:00:00,32,17889884.0,95,626,0.1389,64766657.0,9,2,Self-employed,Rented,Mobile,0,0.13285109695405203,519,REVIEW,RENTED_RESIDENCE,2025-01
APP-2026-000311,2025-01-13 23:00:00,40,17677863.0,39,622,0.4035,42293719.0,9,2,Self-employed,Owned,Partner,0,0.17486332046470426,496,REVIEW,NO_MATERIAL_ADVERSE_FACTOR,2025-01
APP-2026-000312,2025-01-14 00:00:00,26,6602894.0,125,589,0.01,190160718.0,18,0,Self-employed,Owned,Mobile,0,0.14547251373918177,512,REVIEW,HIGH_LOAN_TO_INCOME,2025-01
APP-2026-000313,2025-01-14 01:00:00,34,64449465.0,86,505,0.3623,35729786.0,12,2,Salaried,Owned,Mobile,0,0.06561220563999536,576,APPROVE,LOW_BUREAU_SCORE,2025-01
APP-2026-000314,2025-01-14 02:00:00,36,26384633.0,133,706,0.161,23731790.0,6,4,Salaried,Rented,Partner,0,0.08890305158750426,552,REVIEW,MULTIPLE_RECENT_INQUIRIES; RENTED_RESIDENCE,2025-01
APP-2026-000315,2025-01-14 03:00:00,28,22586205.0,18,712,0.1383,88560319.0,24,2,Self-employed,Owned,Mobile,0,0.07715189274468334,563,APPROVE,NO_MATERIAL_ADVERSE_FACTOR,2025-01
APP-2026-000316,2025-01-14 04:00:00,26,46690865.0,64,557,0.0665,32504854.0,18,1,Salaried,Owned,Branch,0,0.03970552882624938,614,APPROVE,LOW_BUREAU_SCORE,2025-01
APP-2026-000317,2025-01-14 05:00:00,35,30709138.0,130,672,0.3939,31960012.0,18,1,Salaried,Rented,Mobile,0,0.06297553687732278,579,APPROVE,RENTED_RESIDENCE,2025-01
APP-2026-000318,2025-01-14 06:00:00,42,23133302.0,46,605,0.5191,105505983.0,6,2,Salaried,Rented,Partner,0,0.28280184905020844,451,DECLINE,RENTED_RESIDENCE,2025-01
APP-2026-000319,2025-01-14 07:00:00,29,25524885.0,93,607,0.6431,78171706.0,36,0,Self-employed,Owned,Mobile,0,0.13046017829724132,521,REVIEW,HIGH_EXISTING_DTI,2025-01
APP-2026-000320,2025-01-14 08:00:00,28,44384335.0,75,789,0.3436,47224746.0,36,2,Salaried,Rented,Branch,0,0.03365312198972281,626,APPROVE,RENTED_RESIDENCE,2025-01
APP-2026-000321,2025-01-14 09:00:00,33,20579851.0,14,784,0.1631,18376930.0,12,1,Salaried,Rented,Mobile,0,0.03990121393147545,613,APPROVE,RENTED_RESIDENCE,2025-01
APP-2026-000322,2025-01-14 10:00:00,37,8521346.0,25,634,0.2669,34680958.0,12,0,Contract,Rented,Mobile,0,0.1363251100396095,517,REVIEW,CONTRACT_EMPLOYMENT; RENTED_RESIDENCE,2025-01
APP-2026-000323,2025-01-14 11:00:00,30,7804750.0,28,610,0.4107,29707853.0,12,1,Self-employed,Owned,Branch,0,0.1648902391257882,501,REVIEW,NO_MATERIAL_ADVERSE_FACTOR,2025-01
APP-2026-000324,2025-01-14 12:00:00,31,38013225.0,45,647,0.2993,18458371.0,12,2,Salaried,Family,Branch,0,0.05173122249418276,594,APPROVE,NO_MATERIAL_ADVERSE_FACTOR,2025-01
APP-2026-000325,2025-01-14 13:00:00,32,15996478.0,66,706,0.2739,147585101.0,24,3,Salaried,Rented,Mobile,0,0.18302441704891176,492,DECLINE,HIGH_LOAN_TO_INCOME; MULTIPLE_RECENT_INQUIRIES; RENTED_RESIDENCE,2025-01
APP-2026-000326,2025-01-14 14:00:00,25,23941108.0,46,547,0.3067,61896924.0,12,0,Salaried,Rented,Branch,1,0.1373029103480182,516,REVIEW,LOW_BUREAU_SCORE; RENTED_RESIDENCE,2025-01
APP-2026-000327,2025-01-14 15:00:00,33,17009413.0,42,649,0.1208,41623907.0,12,0,Salaried,Mortgage,Mobile,0,0.05981367717270479,583,APPROVE,NO_MATERIAL_ADVERSE_FACTOR,2025-01
APP-2026-000328,2025-01-14 16:00:00,29,22778482.0,92,705,0.1794,68519109.0,12,3,Salaried,Rented,Mobile,0,0.09593726944472539,546,REVIEW,MULTIPLE_RECENT_INQUIRIES; RENTED_RESIDENCE,2025-01
APP-2026-000329,2025-01-14 17:00:00,49,11218373.0,153,645,0.2883,55766946.0,18,2,Self-employed,Rented,Partner,0,0.15467904476554364,506,REVIEW,RENTED_RESIDENCE,2025-01
APP-2026-000330,2025-01-14 18:00:00,30,23047970.0,12,657,0.1029,58211343.0,24,0,Contract,Owned,Mobile,0,0.05802611701878504,585,APPROVE,CONTRACT_EMPLOYMENT,2025-01
APP-2026-000331,2025-01-14 19:00:00,39,5134592.0,131,514,0.2727,50108053.0,12,5,Salaried,Owned,Mobile,0,0.3247558203624659,437,DECLINE,MULTIPLE_RECENT_INQUIRIES; HIGH_LOAN_TO_INCOME; LOW_BUREAU_SCORE,2025-01
APP-2026-000332,2025-01-14 20:00:00,38,15317219.0,53,703,0.4612,27656448.0,24,0,Salaried,Rented,Branch,0,0.07785767382056401,562,APPROVE,RENTED_RESIDENCE,2025-01
APP-2026-000333,2025-01-14 21:00:00,24,8474102.0,53,576,0.3775,65278652.0,24,3,Salaried,Family,Branch,1,0.22421019128725378,473,DECLINE,HIGH_LOAN_TO_INCOME; MULTIPLE_RECENT_INQUIRIES; LOW_BUREAU_SCORE,2025-01
APP-2026-000334,2025-01-14 22:00:00,23,17819257.0,136,498,0.5506,84667336.0,12,1,Salaried,Family,Mobile,0,0.22361942323338518,474,DECLINE,LOW_BUREAU_SCORE; HIGH_EXISTING_DTI,2025-01
APP-2026-000335,2025-01-14 23:00:00,30,18708143.0,57,478,0.4498,104807256.0,9,1,Salaried,Rented,Branch,0,0.3397242339154854,432,DECLINE,LOW_BUREAU_SCORE; HIGH_LOAN_TO_INCOME; RENTED_RESIDENCE,2025-01
APP-2026-000336,2025-01-15 00:00:00,40,16320108.0,72,606,0.543,49984870.0,6,3,Salaried,Family,Partner,0,0.22375949607654727,474,DECLINE,MULTIPLE_RECENT_INQUIRIES,2025-01
APP-2026-000337,2025-01-15 01:00:00,29,19251055.0,83,653,0.2818,19593007.0,12,1,Salaried,Owned,Mobile,0,0.06291275188261913,579,APPROVE,NO_MATERIAL_ADVERSE_FACTOR,2025-01
APP-2026-000338,2025-01-15 02:00:00,29,6752665.0,15,611,0.1945,66501388.0,36,2,Salaried,Owned,Partner,0,0.15810674170913583,505,REVIEW,HIGH_LOAN_TO_INCOME,2025-01
APP-2026-000339,2025-01-15 03:00:00,20,9811838.0,21,754,0.2978,75169113.0,18,4,Self-employed,Mortgage,Partner,0,0.2104617388333326,479,DECLINE,MULTIPLE_RECENT_INQUIRIES; HIGH_LOAN_TO_INCOME,2025-01
APP-2026-000340,2025-01-15 04:00:00,31,15722031.0,60,591,0.5812,43286672.0,9,2,Salaried,Rented,Partner,0,0.2863963846451981,450,DECLINE,HIGH_EXISTING_DTI; RENTED_RESIDENCE,2025-01
APP-2026-000341,2025-01-15 05:00:00,37,21798315.0,23,509,0.167,57358430.0,24,2,Self-employed,Family,Mobile,1,0.15447745223907042,507,REVIEW,LOW_BUREAU_SCORE,2025-01
APP-2026-000342,2025-01-15 06:00:00,38,20336926.0,56,537,0.2753,134698083.0,12,4,Self-employed,Rented,Branch,1,0.4128364698485985,409,DECLINE,MULTIPLE_RECENT_INQUIRIES; HIGH_LOAN_TO_INCOME; LOW_BUREAU_SCORE,2025-01
APP-2026-000343,2025-01-15 07:00:00,38,6904892.0,25,744,0.3471,104336996.0,36,1,Salaried,Owned,Mobile,0,0.09011673374253146,551,REVIEW,HIGH_LOAN_TO_INCOME,2025-01
APP-2026-000344,2025-01-15 08:00:00,31,35901430.0,28,630,0.4821,66102192.0,24,3,Salaried,Rented,Mobile,0,0.1668939189784397,500,REVIEW,MULTIPLE_RECENT_INQUIRIES; RENTED_RESIDENCE,2025-01
APP-2026-000345,2025-01-15 09:00:00,32,16535369.0,31,628,0.295,28937572.0,12,2,Self-employed,Rented,Mobile,0,0.16184693851968027,503,REVIEW,RENTED_RESIDENCE,2025-01
APP-2026-000346,2025-01-15 10:00:00,42,42622618.0,128,674,0.2524,88763752.0,18,2,Salaried,Owned,Branch,0,0.046424359692553006,602,APPROVE,NO_MATERIAL_ADVERSE_FACTOR,2025-01
APP-2026-000347,2025-01-15 11:00:00,33,25475628.0,74,588,0.2344,29352818.0,9,2,Salaried,Family,Branch,0,0.08265930518471992,558,REVIEW,NO_MATERIAL_ADVERSE_FACTOR,2025-01
APP-2026-000348,2025-01-15 12:00:00,20,33081535.0,23,652,0.26,31831270.0,12,0,Salaried,Owned,Partner,0,0.05139057488959396,594,APPROVE,NO_MATERIAL_ADVERSE_FACTOR,2025-01
APP-2026-000349,2025-01-15 13:00:00,44,23450304.0,157,546,0.433,58440474.0,12,0,Salaried,Rented,Mobile,0,0.1239517499534275,525,REVIEW,LOW_BUREAU_SCORE; RENTED_RESIDENCE,2025-01
APP-2026-000350,2025-01-15 14:00:00,25,13601558.0,39,468,0.3186,15355005.0,24,1,Salaried,Owned,Branch,0,0.1783346559252854,494,REVIEW,LOW_BUREAU_SCORE,2025-01
APP-2026-000351,2025-01-15 15:00:00,47,15172307.0,18,602,0.1862,99240563.0,18,0,Contract,Owned,Partner,0,0.1377814557414181,516,REVIEW,HIGH_LOAN_TO_INCOME; CONTRACT_EMPLOYMENT,2025-01
APP-2026-000352,2025-01-15 16:00:00,50,28217886.0,82,774,0.1903,115018255.0,6,0,Salaried,Rented,Mobile,0,0.041017487068595905,611,APPROVE,RENTED_RESIDENCE,2025-01
APP-2026-000353,2025-01-15 17:00:00,41,14379462.0,58,617,0.2143,71349797.0,12,2,Self-employed,Rented,Mobile,0,0.17635340175359587,495,REVIEW,RENTED_RESIDENCE,2025-01
APP-2026-000354,2025-01-15 18:00:00,43,6165737.0,58,706,0.629,76961294.0,9,2,Salaried,Rented,Partner,0,0.2630708661802613,458,DECLINE,HIGH_LOAN_TO_INCOME; HIGH_EXISTING_DTI; RENTED_RESIDENCE,2025-01
APP-2026-000355,2025-01-15 19:00:00,51,17452265.0,122,420,0.4773,15158947.0,12,2,Salaried,Rented,Mobile,0,0.3055610207853929,443,DECLINE,LOW_BUREAU_SCORE; RENTED_RESIDENCE,2025-01
APP-2026-000356,2025-01-15 20:00:00,25,19925932.0,93,618,0.7876,141896048.0,24,2,Salaried,Owned,Mobile,0,0.3042301313791408,444,DECLINE,HIGH_EXISTING_DTI; HIGH_LOAN_TO_INCOME,2025-01
APP-2026-000357,2025-01-15 21:00:00,37,22339559.0,68,737,0.1808,31390326.0,9,2,Salaried,Family,Mobile,0,0.040456428395526906,612,APPROVE,NO_MATERIAL_ADVERSE_FACTOR,2025-01
APP-2026-000358,2025-01-15 22:00:00,37,25596492.0,35,679,0.1232,96137408.0,24,0,Salaried,Rented,Mobile,0,0.05864853539201855,584,APPROVE,RENTED_RESIDENCE,2025-01
APP-2026-000359,2025-01-15 23:00:00,26,52288738.0,112,503,0.3137,32432207.0,24,0,Salaried,Mortgage,Branch,0,0.056329350173034684,587,APPROVE,LOW_BUREAU_SCORE,2025-01
APP-2026-000360,2025-01-16 00:00:00,53,7665437.0,22,533,0.2185,30224468.0,12,1,Salaried,Family,Mobile,0,0.12914872209585598,522,REVIEW,LOW_BUREAU_SCORE,2025-01
APP-2026-000361,2025-01-16 01:00:00,29,46007873.0,30,576,0.2323,79780749.0,36,0,Salaried,Mortgage,Partner,0,0.06569232445838057,575,APPROVE,LOW_BUREAU_SCORE,2025-01
APP-2026-000362,2025-01-16 02:00:00,28,25832465.0,48,535,0.4483,103941379.0,24,3,Self-employed,Family,Partner,1,0.30413452977686173,444,DECLINE,MULTIPLE_RECENT_INQUIRIES; LOW_BUREAU_SCORE,2025-01
APP-2026-000363,2025-01-16 03:00:00,37,17318070.0,68,671,0.5475,42704839.0,9,3,Salaried,Rented,Mobile,0,0.1993667577046375,484,DECLINE,MULTIPLE_RECENT_INQUIRIES; RENTED_RESIDENCE,2025-01
APP-2026-000364,2025-01-16 04:00:00,44,8285125.0,72,619,0.4587,129240964.0,12,2,Salaried,Owned,Branch,0,0.24222056811479858,466,DECLINE,HIGH_LOAN_TO_INCOME,2025-01
APP-2026-000365,2025-01-16 05:00:00,29,18104086.0,46,704,0.0825,52169156.0,36,2,Salaried,Owned,Mobile,0,0.05086208396535099,595,APPROVE,NO_MATERIAL_ADVERSE_FACTOR,2025-01
APP-2026-000366,2025-01-16 06:00:00,29,24176324.0,36,643,0.3385,68953185.0,9,0,Salaried,Mortgage,Mobile,0,0.08901793547564722,552,REVIEW,NO_MATERIAL_ADVERSE_FACTOR,2025-01
APP-2026-000367,2025-01-16 07:00:00,39,16988111.0,72,564,0.2259,85942040.0,18,1,Self-employed,Rented,Branch,0,0.17928789568897763,494,REVIEW,HIGH_LOAN_TO_INCOME; RENTED_RESIDENCE; LOW_BUREAU_SCORE,2025-01
APP-2026-000368,2025-01-16 08:00:00,22,13453059.0,66,613,0.2638,133432835.0,36,3,Contract,Family,Mobile,0,0.23037370313886835,471,DECLINE,HIGH_LOAN_TO_INCOME; MULTIPLE_RECENT_INQUIRIES; CONTRACT_EMPLOYMENT,2025-01
APP-2026-000369,2025-01-16 09:00:00,27,12485797.0,45,558,0.3537,10311512.0,12,2,Salaried,Family,Mobile,0,0.14796465920373603,510,REVIEW,LOW_BUREAU_SCORE,2025-01
APP-2026-000370,2025-01-16 10:00:00,27,11214010.0,17,687,0.2766,25631358.0,36,1,Salaried,Family,Mobile,1,0.0613896402443387,581,APPROVE,NO_MATERIAL_ADVERSE_FACTOR,2025-01
APP-2026-000371,2025-01-16 11:00:00,31,24671052.0,53,616,0.5771,44483465.0,12,0,Salaried,Rented,Branch,0,0.13344929875402883,519,REVIEW,HIGH_EXISTING_DTI; RENTED_RESIDENCE,2025-01
APP-2026-000372,2025-01-16 12:00:00,33,23738599.0,68,532,0.5493,73543717.0,9,0,Salaried,Owned,Mobile,0,0.164700544815836,501,REVIEW,LOW_BUREAU_SCORE,2025-01
APP-2026-000373,2025-01-16 13:00:00,51,29339175.0,50,550,0.506,52094431.0,12,1,Salaried,Rented,Branch,0,0.17020156297297692,498,REVIEW,LOW_BUREAU_SCORE; RENTED_RESIDENCE,2025-01
APP-2026-000374,2025-01-16 14:00:00,43,11309035.0,66,591,0.592,36087950.0,24,1,Contract,Family,Mobile,0,0.1865013476213809,490,DECLINE,HIGH_EXISTING_DTI; CONTRACT_EMPLOYMENT,2025-01
APP-2026-000375,2025-01-16 15:00:00,35,36098781.0,33,571,0.6284,12266314.0,24,2,Salaried,Family,Mobile,0,0.11970228223351845,528,REVIEW,HIGH_EXISTING_DTI; LOW_BUREAU_SCORE,2025-01
APP-2026-000376,2025-01-16 16:00:00,32,67774778.0,64,729,0.1338,55312654.0,12,1,Salaried,Mortgage,Mobile,0,0.015603601789535423,683,APPROVE,NO_MATERIAL_ADVERSE_FACTOR,2025-01
APP-2026-000377,2025-01-16 17:00:00,42,18282148.0,73,579,0.5986,111683163.0,12,0,Salaried,Rented,Partner,0,0.2584948821461969,460,DECLINE,HIGH_LOAN_TO_INCOME; HIGH_EXISTING_DTI; RENTED_RESIDENCE,2025-01
APP-2026-000378,2025-01-16 18:00:00,38,32494583.0,47,594,0.3566,25040086.0,6,2,Salaried,Owned,Mobile,0,0.09390041274772944,547,REVIEW,NO_MATERIAL_ADVERSE_FACTOR,2025-01
APP-2026-000379,2025-01-16 19:00:00,42,8363509.0,54,753,0.2022,43247462.0,36,3,Salaried,Owned,Mobile,0,0.06814601734106707,573,APPROVE,MULTIPLE_RECENT_INQUIRIES; HIGH_LOAN_TO_INCOME,2025-01
APP-2026-000380,2025-01-16 20:00:00,47,64015656.0,21,691,0.6927,30671450.0,36,1,Salaried,Rented,Mobile,0,0.046807197717231325,601,APPROVE,HIGH_EXISTING_DTI; RENTED_RESIDENCE,2025-01
APP-2026-000381,2025-01-16 21:00:00,25,24436124.0,45,686,0.3184,59995022.0,18,1,Contract,Rented,Mobile,0,0.11008810424496263,535,REVIEW,CONTRACT_EMPLOYMENT; RENTED_RESIDENCE,2025-01
APP-2026-000382,2025-01-16 22:00:00,20,34070066.0,23,695,0.5581,108740853.0,6,1,Salaried,Rented,Mobile,0,0.14037966366555804,515,REVIEW,HIGH_EXISTING_DTI; RENTED_RESIDENCE,2025-01
APP-2026-000383,2025-01-16 23:00:00,34,20326367.0,42,564,0.3133,80077907.0,12,2,Self-employed,Owned,Mobile,1,0.1944413381648163,486,DECLINE,LOW_BUREAU_SCORE,2025-01
APP-2026-000384,2025-01-17 00:00:00,35,7243550.0,63,610,0.5542,23971540.0,24,2,Salaried,Rented,Mobile,0,0.2292269744430448,471,DECLINE,HIGH_EXISTING_DTI; RENTED_RESIDENCE,2025-01
APP-2026-000385,2025-01-17 01:00:00,37,22689109.0,114,480,0.4591,178116701.0,12,0,Salaried,Owned,Mobile,0,0.2589280556302159,460,DECLINE,LOW_BUREAU_SCORE; HIGH_LOAN_TO_INCOME,2025-01
APP-2026-000386,2025-01-17 02:00:00,29,17228951.0,89,666,0.5206,68035140.0,12,3,Self-employed,Mortgage,Branch,0,0.22352725178776778,474,DECLINE,MULTIPLE_RECENT_INQUIRIES,2025-01
APP-2026-000387,2025-01-17 03:00:00,32,28721548.0,68,666,0.274,11342387.0,12,0,Self-employed,Owned,Mobile,1,0.043016119024746766,608,APPROVE,NO_MATERIAL_ADVERSE_FACTOR,2025-01
APP-2026-000388,2025-01-17 04:00:00,39,10911057.0,48,584,0.2365,54040696.0,24,3,Contract,Rented,Partner,1,0.2888326400253365,449,DECLINE,MULTIPLE_RECENT_INQUIRIES; CONTRACT_EMPLOYMENT; RENTED_RESIDENCE,2025-01
APP-2026-000389,2025-01-17 05:00:00,40,3268268.0,36,643,0.2316,49132116.0,36,1,Contract,Family,Mobile,0,0.11078212041296662,534,REVIEW,HIGH_LOAN_TO_INCOME; CONTRACT_EMPLOYMENT,2025-01
APP-2026-000390,2025-01-17 06:00:00,46,16607723.0,59,686,0.2228,22489026.0,12,2,Self-employed,Owned,Mobile,0,0.0750013042334828,565,APPROVE,NO_MATERIAL_ADVERSE_FACTOR,2025-01
APP-2026-000391,2025-01-17 07:00:00,20,14365390.0,61,610,0.4294,60809528.0,24,0,Contract,Owned,Mobile,1,0.14009018970007153,515,REVIEW,CONTRACT_EMPLOYMENT,2025-01
APP-2026-000392,2025-01-17 08:00:00,20,25816222.0,81,665,0.2559,55299496.0,36,2,Salaried,Rented,Mobile,0,0.08614129188347018,554,REVIEW,RENTED_RESIDENCE,2025-01
APP-2026-000393,2025-01-17 09:00:00,48,10765145.0,30,549,0.1549,65345347.0,12,1,Salaried,Rented,Mobile,0,0.16867056354620152,499,REVIEW,HIGH_LOAN_TO_INCOME; LOW_BUREAU_SCORE; RENTED_RESIDENCE,2025-01
APP-2026-000394,2025-01-17 10:00:00,40,14008793.0,34,548,0.1859,47856293.0,6,1,Salaried,Rented,Mobile,0,0.16035074840614413,503,REVIEW,LOW_BUREAU_SCORE; RENTED_RESIDENCE,2025-01
APP-2026-000395,2025-01-17 11:00:00,42,14084673.0,19,685,0.7112,39674987.0,36,2,Salaried,Rented,Mobile,0,0.19740007292965728,485,DECLINE,HIGH_EXISTING_DTI; RENTED_RESIDENCE,2025-01
APP-2026-000396,2025-01-17 12:00:00,32,11521733.0,79,525,0.1011,16055614.0,18,0,Salaried,Owned,Mobile,0,0.07905876889475516,561,APPROVE,LOW_BUREAU_SCORE,2025-01
APP-2026-000397,2025-01-17 13:00:00,30,23512051.0,50,689,0.4315,62645432.0,6,1,Salaried,Rented,Mobile,0,0.10942691277328102,535,REVIEW,RENTED_RESIDENCE,2025-01
APP-2026-000398,2025-01-17 14:00:00,36,14801146.0,43,664,0.3211,16269004.0,36,0,Salaried,Owned,Branch,0,0.05238856314832045,593,APPROVE,NO_MATERIAL_ADVERSE_FACTOR,2025-01
APP-2026-000399,2025-01-17 15:00:00,26,13168193.0,112,700,0.5635,29346917.0,24,0,Self-employed,Rented,Branch,0,0.10528852885765214,538,REVIEW,HIGH_EXISTING_DTI; RENTED_RESIDENCE,2025-01
APP-2026-000400,2025-01-17 16:00:00,21,11849501.0,34,616,0.2646,127984615.0,18,3,Salaried,Family,Mobile,0,0.21568058046118904,477,DECLINE,HIGH_LOAN_TO_INCOME; MULTIPLE_RECENT_INQUIRIES,2025-01
APP-2026-000401,2025-01-17 17:00:00,24,14602686.0,140,700,0.7113,105792581.0,6,1,Salaried,Mortgage,Partner,0,0.20765158078923857,481,DECLINE,HIGH_LOAN_TO_INCOME; HIGH_EXISTING_DTI,2025-01
APP-2026-000402,2025-01-17 18:00:00,35,40202680.0,114,738,0.4275,48215591.0,6,1,Contract,Owned,Mobile,0,0.0456912171944491,603,APPROVE,CONTRACT_EMPLOYMENT,2025-01
APP-2026-000403,2025-01-17 19:00:00,40,15152011.0,38,725,0.2359,53442684.0,36,2,Salaried,Rented,Branch,0,0.08157391896849639,559,REVIEW,RENTED_RESIDENCE,2025-01
APP-2026-000404,2025-01-17 20:00:00,49,12027288.0,27,701,0.2486,252521885.0,24,2,Salaried,Mortgage,Mobile,1,0.24131620669998705,467,DECLINE,HIGH_LOAN_TO_INCOME,2025-01
APP-2026-000405,2025-01-17 21:00:00,38,18309478.0,74,569,0.5709,33108877.0,6,2,Self-employed,Mortgage,Partner,0,0.2826629080135504,451,DECLINE,HIGH_EXISTING_DTI; LOW_BUREAU_SCORE,2025-01
APP-2026-000406,2025-01-17 22:00:00,39,26812908.0,33,564,0.1228,69623555.0,12,1,Salaried,Rented,Mobile,0,0.11108124285308692,534,REVIEW,RENTED_RESIDENCE; LOW_BUREAU_SCORE,2025-01
APP-2026-000407,2025-01-17 23:00:00,50,17366185.0,47,684,0.2727,60146820.0,24,2,Salaried,Owned,Mobile,0,0.07954762571880868,561,APPROVE,NO_MATERIAL_ADVERSE_FACTOR,2025-01
APP-2026-000408,2025-01-18 00:00:00,27,21716420.0,47,534,0.5322,21459718.0,18,1,Salaried,Rented,Mobile,1,0.20332275336935973,482,DECLINE,LOW_BUREAU_SCORE; RENTED_RESIDENCE,2025-01
APP-2026-000409,2025-01-18 01:00:00,26,24487018.0,29,587,0.2857,30519206.0,24,0,Self-employed,Rented,Branch,0,0.10537156816054008,538,REVIEW,RENTED_RESIDENCE,2025-01
APP-2026-000410,2025-01-18 02:00:00,30,26201189.0,121,559,0.0879,73647388.0,24,2,Contract,Family,Partner,0,0.11307748947332677,532,REVIEW,CONTRACT_EMPLOYMENT; LOW_BUREAU_SCORE,2025-01
APP-2026-000411,2025-01-18 03:00:00,34,19577128.0,42,548,0.628,39511660.0,24,2,Salaried,Rented,Mobile,0,0.28083902985988024,452,DECLINE,HIGH_EXISTING_DTI; LOW_BUREAU_SCORE; RENTED_RESIDENCE,2025-01
APP-2026-000412,2025-01-18 04:00:00,53,8080041.0,26,693,0.2157,35502111.0,12,1,Salaried,Rented,Mobile,0,0.08881260945432538,552,REVIEW,RENTED_RESIDENCE,2025-01
APP-2026-000413,2025-01-18 05:00:00,31,16210225.0,86,721,0.3203,71403919.0,12,4,Self-employed,Mortgage,Mobile,0,0.1665055941746876,500,REVIEW,MULTIPLE_RECENT_INQUIRIES,2025-01
APP-2026-000414,2025-01-18 06:00:00,46,12095115.0,98,587,0.2368,64531250.0,12,2,Salaried,Family,Partner,1,0.1366727621205051,517,REVIEW,HIGH_LOAN_TO_INCOME,2025-01
APP-2026-000415,2025-01-18 07:00:00,30,25820038.0,60,651,0.2619,35081272.0,36,2,Salaried,Owned,Partner,0,0.07447925339801513,566,APPROVE,NO_MATERIAL_ADVERSE_FACTOR,2025-01
APP-2026-000416,2025-01-18 08:00:00,39,34994633.0,63,676,0.2173,43805608.0,12,1,Contract,Rented,Mobile,0,0.06698690907797447,574,APPROVE,CONTRACT_EMPLOYMENT; RENTED_RESIDENCE,2025-01
APP-2026-000417,2025-01-18 09:00:00,41,14072564.0,58,586,0.6275,46240264.0,6,1,Salaried,Rented,Mobile,0,0.2415520377595352,466,DECLINE,HIGH_EXISTING_DTI; RENTED_RESIDENCE,2025-01
APP-2026-000418,2025-01-18 10:00:00,39,25954463.0,47,616,0.4197,38122716.0,12,2,Salaried,Family,Partner,0,0.11714778868009426,530,REVIEW,NO_MATERIAL_ADVERSE_FACTOR,2025-01
APP-2026-000419,2025-01-18 11:00:00,41,21227829.0,45,512,0.4847,49892075.0,18,4,Contract,Rented,Mobile,0,0.43224970892113407,404,DECLINE,MULTIPLE_RECENT_INQUIRIES; LOW_BUREAU_SCORE; CONTRACT_EMPLOYMENT,2025-01
APP-2026-000420,2025-01-18 12:00:00,28,15239329.0,76,523,0.5757,20663562.0,18,2,Salaried,Family,Partner,1,0.23915063538339995,467,DECLINE,HIGH_EXISTING_DTI; LOW_BUREAU_SCORE,2025-01
APP-2026-000421,2025-01-18 13:00:00,48,37205092.0,51,579,0.1664,17200560.0,12,1,Contract,Mortgage,Mobile,0,0.07213466582680861,568,APPROVE,CONTRACT_EMPLOYMENT; LOW_BUREAU_SCORE,2025-01
APP-2026-000422,2025-01-18 14:00:00,43,13428186.0,47,577,0.3013,27112519.0,12,0,Self-employed,Owned,Mobile,0,0.10634780034298763,537,REVIEW,LOW_BUREAU_SCORE,2025-01
APP-2026-000423,2025-01-18 15:00:00,28,11863473.0,70,628,0.1591,31193418.0,12,3,Salaried,Owned,Mobile,0,0.11377546987499347,532,REVIEW,MULTIPLE_RECENT_INQUIRIES,2025-01
APP-2026-000424,2025-01-18 16:00:00,39,10713011.0,30,672,0.4496,61101923.0,12,2,Contract,Owned,Branch,1,0.1854050199630019,491,DECLINE,HIGH_LOAN_TO_INCOME; CONTRACT_EMPLOYMENT,2025-01
APP-2026-000425,2025-01-18 17:00:00,25,30784998.0,25,794,0.1546,64667677.0,12,3,Self-employed,Rented,Mobile,0,0.06747148260082235,573,APPROVE,MULTIPLE_RECENT_INQUIRIES; RENTED_RESIDENCE,2025-01
APP-2026-000426,2025-01-18 18:00:00,35,11472826.0,10,478,0.1889,81031826.0,36,0,Contract,Rented,Mobile,0,0.2488749843827164,464,DECLINE,LOW_BUREAU_SCORE; HIGH_LOAN_TO_INCOME; CONTRACT_EMPLOYMENT,2025-01
APP-2026-000427,2025-01-18 19:00:00,24,11392877.0,48,480,0.4391,199092397.0,36,0,Self-employed,Owned,Branch,1,0.38901357890742083,416,DECLINE,HIGH_LOAN_TO_INCOME; LOW_BUREAU_SCORE,2025-01
APP-2026-000428,2025-01-18 20:00:00,41,31060112.0,68,694,0.3836,61602795.0,24,1,Self-employed,Mortgage,Mobile,0,0.07304257527251182,567,APPROVE,NO_MATERIAL_ADVERSE_FACTOR,2025-01
APP-2026-000429,2025-01-18 21:00:00,61,20912967.0,76,525,0.0918,46581167.0,24,3,Salaried,Rented,Mobile,0,0.15169179676546335,508,REVIEW,MULTIPLE_RECENT_INQUIRIES; LOW_BUREAU_SCORE; RENTED_RESIDENCE,2025-01
APP-2026-000430,2025-01-18 22:00:00,48,15816436.0,60,709,0.1423,71738375.0,24,1,Contract,Rented,Branch,0,0.08376920229240423,556,REVIEW,CONTRACT_EMPLOYMENT; RENTED_RESIDENCE,2025-01
APP-2026-000431,2025-01-18 23:00:00,41,10793620.0,80,616,0.4544,47963711.0,12,3,Salaried,Owned,Branch,0,0.19341966246564132,487,DECLINE,MULTIPLE_RECENT_INQUIRIES,2025-01
APP-2026-000432,2025-01-19 00:00:00,26,19585064.0,36,685,0.1282,57699765.0,18,4,Salaried,Owned,Mobile,0,0.1027771489950972,540,REVIEW,MULTIPLE_RECENT_INQUIRIES,2025-01
APP-2026-000433,2025-01-19 01:00:00,38,9617783.0,72,695,0.2162,27109348.0,24,0,Contract,Mortgage,Partner,0,0.0788685159844518,561,APPROVE,CONTRACT_EMPLOYMENT,2025-01
APP-2026-000434,2025-01-19 02:00:00,45,19159683.0,79,633,0.4454,44662340.0,24,1,Salaried,Mortgage,Partner,0,0.1222398322228359,526,REVIEW,NO_MATERIAL_ADVERSE_FACTOR,2025-01
APP-2026-000435,2025-01-19 03:00:00,34,18650912.0,58,533,0.2488,140890076.0,12,1,Contract,Family,Mobile,0,0.22139609795301807,475,DECLINE,HIGH_LOAN_TO_INCOME; LOW_BUREAU_SCORE; CONTRACT_EMPLOYMENT,2025-01
APP-2026-000436,2025-01-19 04:00:00,36,16551885.0,31,627,0.3866,220735672.0,18,1,Salaried,Mortgage,Mobile,0,0.27591553019738935,454,DECLINE,HIGH_LOAN_TO_INCOME,2025-01
APP-2026-000437,2025-01-19 05:00:00,20,19100093.0,54,501,0.2874,50741148.0,24,1,Salaried,Rented,Mobile,1,0.1944460968214255,486,DECLINE,LOW_BUREAU_SCORE; RENTED_RESIDENCE,2025-01
APP-2026-000438,2025-01-19 06:00:00,27,24076089.0,42,616,0.2978,57424070.0,12,0,Contract,Rented,Partner,0,0.1398304459940992,515,REVIEW,CONTRACT_EMPLOYMENT; RENTED_RESIDENCE,2025-01
APP-2026-000439,2025-01-19 07:00:00,20,6410256.0,8,782,0.437,133685369.0,18,2,Self-employed,Mortgage,Mobile,0,0.20072900369459173,484,DECLINE,HIGH_LOAN_TO_INCOME; SHORT_EMPLOYMENT_HISTORY,2025-01
APP-2026-000440,2025-01-19 08:00:00,52,9700772.0,136,561,0.2059,22575005.0,9,2,Self-employed,Rented,Branch,0,0.1637679061325018,502,REVIEW,RENTED_RESIDENCE; LOW_BUREAU_SCORE,2025-01
APP-2026-000441,2025-01-19 09:00:00,39,25595747.0,30,567,0.3867,69708455.0,12,3,Contract,Rented,Partner,0,0.3267874614261145,436,DECLINE,MULTIPLE_RECENT_INQUIRIES; CONTRACT_EMPLOYMENT; RENTED_RESIDENCE,2025-01
APP-2026-000442,2025-01-19 10:00:00,41,15832573.0,57,467,0.1675,101386640.0,6,1,Salaried,Owned,Branch,1,0.20291086900749514,483,DECLINE,LOW_BUREAU_SCORE; HIGH_LOAN_TO_INCOME,2025-01
APP-2026-000443,2025-01-19 11:00:00,33,27393837.0,59,657,0.429,33866625.0,9,1,Self-employed,Rented,Branch,0,0.11098353356667694,534,REVIEW,RENTED_RESIDENCE,2025-01
APP-2026-000444,2025-01-19 12:00:00,21,43596883.0,37,617,0.3358,44073568.0,12,2,Salaried,Mortgage,Partner,0,0.09884777178030293,543,REVIEW,NO_MATERIAL_ADVERSE_FACTOR,2025-01
APP-2026-000445,2025-01-19 13:00:00,36,40293650.0,37,692,0.1906,79508454.0,24,1,Contract,Rented,Mobile,0,0.06319331417536414,578,APPROVE,CONTRACT_EMPLOYMENT; RENTED_RESIDENCE,2025-01
APP-2026-000446,2025-01-19 14:00:00,29,29601472.0,26,571,0.1639,123550882.0,6,0,Contract,Rented,Mobile,0,0.1569251460076738,505,REVIEW,CONTRACT_EMPLOYMENT; RENTED_RESIDENCE; LOW_BUREAU_SCORE,2025-01
APP-2026-000447,2025-01-19 15:00:00,26,18227393.0,42,532,0.2585,131090946.0,12,1,Salaried,Rented,Mobile,0,0.25223180133203554,462,DECLINE,HIGH_LOAN_TO_INCOME; LOW_BUREAU_SCORE; RENTED_RESIDENCE,2025-01
APP-2026-000448,2025-01-19 16:00:00,35,33006839.0,11,670,0.3195,69839448.0,9,2,Salaried,Family,Mobile,0,0.07561743392508012,564,APPROVE,SHORT_EMPLOYMENT_HISTORY,2025-01
APP-2026-000449,2025-01-19 17:00:00,35,12446431.0,82,601,0.1383,32992292.0,12,2,Salaried,Owned,Partner,0,0.11026554237516914,535,REVIEW,NO_MATERIAL_ADVERSE_FACTOR,2025-01
APP-2026-000450,2025-01-19 18:00:00,33,19248625.0,78,614,0.3217,56157707.0,18,1,Salaried,Mortgage,Mobile,0,0.10962666481937541,535,REVIEW,NO_MATERIAL_ADVERSE_FACTOR,2025-01
APP-2026-000451,2025-01-19 19:00:00,27,15026640.0,59,739,0.3902,104989815.0,9,5,Salaried,Rented,Branch,1,0.25214827605647555,462,DECLINE,MULTIPLE_RECENT_INQUIRIES; HIGH_LOAN_TO_INCOME; RENTED_RESIDENCE,2025-01
APP-2026-000452,2025-01-19 20:00:00,26,13389450.0,12,686,0.137,217144737.0,12,2,Salaried,Mortgage,Mobile,0,0.2152373950954912,477,DECLINE,HIGH_LOAN_TO_INCOME,2025-01
APP-2026-000453,2025-01-19 21:00:00,35,11556447.0,52,691,0.5981,123462452.0,9,3,Salaried,Owned,Partner,0,0.28883004521568545,449,DECLINE,HIGH_LOAN_TO_INCOME; MULTIPLE_RECENT_INQUIRIES; HIGH_EXISTING_DTI,2025-01
APP-2026-000454,2025-01-19 22:00:00,45,21824663.0,60,536,0.4028,28253418.0,9,0,Salaried,Owned,Partner,0,0.12092905133191363,527,REVIEW,LOW_BUREAU_SCORE,2025-01
APP-2026-000455,2025-01-19 23:00:00,20,7483887.0,75,740,0.1474,119681419.0,24,0,Salaried,Owned,Mobile,0,0.05918296777376011,583,APPROVE,HIGH_LOAN_TO_INCOME,2025-01
APP-2026-000456,2025-01-20 00:00:00,29,5993024.0,32,520,0.3245,28823087.0,36,0,Salaried,Owned,Mobile,0,0.14021959357616104,515,REVIEW,LOW_BUREAU_SCORE,2025-01
APP-2026-000457,2025-01-20 01:00:00,33,29854225.0,120,753,0.4456,59581065.0,36,0,Salaried,Rented,Partner,0,0.047871203703382804,600,APPROVE,RENTED_RESIDENCE,2025-01
APP-2026-000458,2025-01-20 02:00:00,33,21589433.0,113,548,0.3706,19039428.0,18,2,Salaried,Owned,Mobile,0,0.12232527890523856,526,REVIEW,LOW_BUREAU_SCORE,2025-01
APP-2026-000459,2025-01-20 03:00:00,29,27113073.0,22,607,0.2475,33769694.0,12,1,Salaried,Rented,Branch,1,0.0982113729155578,544,REVIEW,RENTED_RESIDENCE,2025-01
APP-2026-000460,2025-01-20 04:00:00,52,16190671.0,22,474,0.4655,47079377.0,36,0,Salaried,Rented,Partner,0,0.24530556791012237,465,DECLINE,LOW_BUREAU_SCORE; RENTED_RESIDENCE,2025-01
APP-2026-000461,2025-01-20 05:00:00,38,22367694.0,165,622,0.1632,158387355.0,24,0,Salaried,Family,Mobile,0,0.06417538449319807,577,APPROVE,HIGH_LOAN_TO_INCOME,2025-01
APP-2026-000462,2025-01-20 06:00:00,26,13207859.0,54,504,0.1418,36033108.0,18,2,Salaried,Owned,Mobile,1,0.15767713319002855,505,REVIEW,LOW_BUREAU_SCORE,2025-01
APP-2026-000463,2025-01-20 07:00:00,20,12998088.0,41,623,0.1972,56564418.0,9,0,Salaried,Mortgage,Partner,0,0.11110773711747282,534,REVIEW,NO_MATERIAL_ADVERSE_FACTOR,2025-01
APP-2026-000464,2025-01-20 08:00:00,33,9374528.0,55,632,0.4532,43868370.0,12,1,Self-employed,Rented,Mobile,0,0.19624954254486057,486,DECLINE,RENTED_RESIDENCE,2025-01
APP-2026-000465,2025-01-20 09:00:00,48,45930643.0,26,746,0.0871,20847837.0,12,0,Contract,Family,Mobile,0,0.01527516168249458,684,APPROVE,CONTRACT_EMPLOYMENT,2025-01
APP-2026-000466,2025-01-20 10:00:00,36,10227869.0,25,751,0.292,34888320.0,12,2,Salaried,Family,Mobile,1,0.06682157435569946,574,APPROVE,NO_MATERIAL_ADVERSE_FACTOR,2025-01
APP-2026-000467,2025-01-20 11:00:00,20,40718265.0,57,637,0.1915,70814616.0,36,3,Salaried,Rented,Mobile,0,0.08783218089689629,553,REVIEW,MULTIPLE_RECENT_INQUIRIES; RENTED_RESIDENCE,2025-01
APP-2026-000468,2025-01-20 12:00:00,22,8917846.0,35,645,0.391,32583561.0,12,2,Salaried,Mortgage,Partner,0,0.19155870951819837,488,DECLINE,NO_MATERIAL_ADVERSE_FACTOR,2025-01
APP-2026-000469,2025-01-20 13:00:00,36,10536399.0,48,626,0.2271,27940141.0,12,5,Salaried,Mortgage,Mobile,1,0.2215447192870795,475,DECLINE,MULTIPLE_RECENT_INQUIRIES,2025-01
APP-2026-000470,2025-01-20 14:00:00,44,33587764.0,85,714,0.2058,48474993.0,12,7,Salaried,Mortgage,Mobile,0,0.13310335831666614,519,REVIEW,MULTIPLE_RECENT_INQUIRIES,2025-01
APP-2026-000471,2025-01-20 15:00:00,36,23687012.0,25,659,0.0948,13628984.0,18,0,Salaried,Rented,Mobile,0,0.04439551776472607,605,APPROVE,RENTED_RESIDENCE,2025-01
APP-2026-000472,2025-01-20 16:00:00,36,21611029.0,19,581,0.2032,58013151.0,24,1,Contract,Owned,Mobile,0,0.11862885823326734,529,REVIEW,CONTRACT_EMPLOYMENT,2025-01
APP-2026-000473,2025-01-20 17:00:00,44,10396663.0,24,699,0.298,116178022.0,6,1,Salaried,Mortgage,Mobile,0,0.13480108243673203,518,REVIEW,HIGH_LOAN_TO_INCOME,2025-01
APP-2026-000474,2025-01-20 18:00:00,46,29230301.0,80,652,0.6292,42940243.0,6,3,Salaried,Rented,Partner,0,0.2063883035239403,481,DECLINE,HIGH_EXISTING_DTI; MULTIPLE_RECENT_INQUIRIES; RENTED_RESIDENCE,2025-01
APP-2026-000475,2025-01-20 19:00:00,28,10785391.0,52,587,0.2709,17087964.0,36,1,Self-employed,Rented,Mobile,0,0.14190777132964957,514,REVIEW,RENTED_RESIDENCE,2025-01
APP-2026-000476,2025-01-20 20:00:00,38,20351803.0,26,576,0.2327,76986270.0,24,1,Self-employed,Owned,Partner,0,0.14561844052929526,512,REVIEW,LOW_BUREAU_SCORE,2025-01
APP-2026-000477,2025-01-20 21:00:00,26,11638137.0,70,629,0.3392,105167920.0,24,1,Salaried,Rented,Partner,1,0.19758589203647098,485,DECLINE,HIGH_LOAN_TO_INCOME; RENTED_RESIDENCE,2025-01
APP-2026-000478,2025-01-20 22:00:00,25,40146615.0,98,594,0.4944,25134514.0,24,1,Self-employed,Rented,Partner,0,0.11769910883920824,529,REVIEW,RENTED_RESIDENCE,2025-01
APP-2026-000479,2025-01-20 23:00:00,40,21448777.0,75,587,0.3367,196064149.0,18,1,Salaried,Mortgage,Partner,0,0.2537403953720524,462,DECLINE,HIGH_LOAN_TO_INCOME,2025-01
APP-2026-000480,2025-01-21 00:00:00,22,35918430.0,29,664,0.445,70058251.0,24,4,Salaried,Mortgage,Branch,1,0.15868631112714646,504,REVIEW,MULTIPLE_RECENT_INQUIRIES,2025-01
APP-2026-000481,2025-01-21 01:00:00,36,15850538.0,144,673,0.2883,41782634.0,6,2,Salaried,Family,Mobile,0,0.06982183525983666,571,APPROVE,NO_MATERIAL_ADVERSE_FACTOR,2025-01
APP-2026-000482,2025-01-21 02:00:00,37,11688902.0,33,635,0.3243,55407235.0,24,1,Salaried,Mortgage,Mobile,0,0.12380813311530207,525,REVIEW,NO_MATERIAL_ADVERSE_FACTOR,2025-01
APP-2026-000483,2025-01-21 03:00:00,42,8173531.0,41,807,0.2733,18404876.0,24,0,Contract,Rented,Mobile,0,0.05106624637226663,595,APPROVE,CONTRACT_EMPLOYMENT; RENTED_RESIDENCE,2025-01
APP-2026-000484,2025-01-21 04:00:00,24,19799788.0,23,705,0.0581,29532691.0,18,0,Salaried,Family,Branch,0,0.028937055348224595,637,APPROVE,NO_MATERIAL_ADVERSE_FACTOR,2025-01
APP-2026-000485,2025-01-21 05:00:00,38,33056983.0,101,651,0.4189,80932778.0,24,1,Salaried,Mortgage,Partner,0,0.09280067949369242,548,REVIEW,NO_MATERIAL_ADVERSE_FACTOR,2025-01
APP-2026-000486,2025-01-21 06:00:00,33,23083274.0,57,568,0.0178,39939527.0,24,1,Contract,Mortgage,Partner,1,0.10443257252199603,539,REVIEW,CONTRACT_EMPLOYMENT; LOW_BUREAU_SCORE,2025-01
APP-2026-000487,2025-01-21 07:00:00,48,11694480.0,84,576,0.5367,59215567.0,18,2,Salaried,Family,Mobile,1,0.1910414305082721,488,DECLINE,HIGH_LOAN_TO_INCOME; LOW_BUREAU_SCORE,2025-01
APP-2026-000488,2025-01-21 08:00:00,28,13489883.0,25,736,0.6077,59796585.0,12,1,Contract,Owned,Mobile,0,0.14449637566404222,512,REVIEW,HIGH_EXISTING_DTI; CONTRACT_EMPLOYMENT,2025-01
APP-2026-000489,2025-01-21 09:00:00,24,13494423.0,9,633,0.4264,134910921.0,36,3,Self-employed,Owned,Branch,1,0.29090765397434126,448,DECLINE,HIGH_LOAN_TO_INCOME; MULTIPLE_RECENT_INQUIRIES; SHORT_EMPLOYMENT_HISTORY,2025-01
APP-2026-000490,2025-01-21 10:00:00,39,16966502.0,71,670,0.3739,12279925.0,6,0,Salaried,Owned,Mobile,0,0.05666889693586881,587,APPROVE,NO_MATERIAL_ADVERSE_FACTOR,2025-01
APP-2026-000491,2025-01-21 11:00:00,27,25208219.0,83,736,0.1227,236627775.0,18,2,Salaried,Owned,Mobile,0,0.1043944251945329,539,REVIEW,HIGH_LOAN_TO_INCOME,2025-01
APP-2026-000492,2025-01-21 12:00:00,23,18595223.0,74,568,0.197,35507089.0,24,0,Salaried,Owned,Mobile,1,0.071469438650955,569,APPROVE,LOW_BUREAU_SCORE,2025-01
APP-2026-000493,2025-01-21 13:00:00,43,25443346.0,22,606,0.6409,100594676.0,9,2,Self-employed,Mortgage,Partner,1,0.3275215432580159,436,DECLINE,HIGH_EXISTING_DTI,2025-01
APP-2026-000494,2025-01-21 14:00:00,38,21949702.0,102,593,0.3569,83738569.0,12,4,Salaried,Family,Partner,1,0.20919107406350096,480,DECLINE,MULTIPLE_RECENT_INQUIRIES,2025-01
APP-2026-000495,2025-01-21 15:00:00,20,9893243.0,70,588,0.3957,108230977.0,6,2,Contract,Rented,Partner,0,0.399802015314643,413,DECLINE,HIGH_LOAN_TO_INCOME; CONTRACT_EMPLOYMENT; RENTED_RESIDENCE,2025-01
APP-2026-000496,2025-01-21 16:00:00,26,18141014.0,55,530,0.3032,111610907.0,24,5,Contract,Family,Partner,0,0.43289405242488554,403,DECLINE,MULTIPLE_RECENT_INQUIRIES; HIGH_LOAN_TO_INCOME; LOW_BUREAU_SCORE,2025-01
APP-2026-000497,2025-01-21 17:00:00,24,9974291.0,33,593,0.2995,61321109.0,24,2,Self-employed,Owned,Partner,0,0.21512452333827134,477,DECLINE,HIGH_LOAN_TO_INCOME,2025-01
APP-2026-000498,2025-01-21 18:00:00,40,18162807.0,30,590,0.2338,20331534.0,6,1,Salaried,Mortgage,Mobile,0,0.10486296017119276,539,REVIEW,NO_MATERIAL_ADVERSE_FACTOR,2025-01
APP-2026-000499,2025-01-21 19:00:00,48,21877461.0,82,590,0.2608,14458235.0,6,1,Salaried,Mortgage,Mobile,0,0.08500901261436539,555,REVIEW,NO_MATERIAL_ADVERSE_FACTOR,2025-01
APP-2026-000500,2025-01-21 20:00:00,53,11267186.0,80,575,0.4243,48001638.0,36,1,Salaried,Owned,Mobile,0,0.12679793178237728,523,REVIEW,LOW_BUREAU_SCORE,2025-01
APP-2026-000501,2025-01-21 21:00:00,41,8382352.0,59,744,0.2861,72355463.0,24,1,Salaried,Owned,Mobile,0,0.06584672909570391,575,APPROVE,HIGH_LOAN_TO_INCOME,2025-01
APP-2026-000502,2025-01-21 22:00:00,25,19362264.0,34,658,0.2847,38056608.0,12,0,Salaried,Mortgage,Partner,0,0.08386935062066678,556,REVIEW,NO_MATERIAL_ADVERSE_FACTOR,2025-01
APP-2026-000503,2025-01-21 23:00:00,24,16165793.0,82,554,0.0955,51131178.0,36,3,Salaried,Rented,Branch,0,0.16134470421366912,503,REVIEW,MULTIPLE_RECENT_INQUIRIES; LOW_BUREAU_SCORE; RENTED_RESIDENCE,2025-01
APP-2026-000504,2025-01-22 00:00:00,26,32585235.0,165,669,0.2277,34712205.0,12,3,Salaried,Rented,Mobile,0,0.07144975514763442,569,APPROVE,MULTIPLE_RECENT_INQUIRIES; RENTED_RESIDENCE,2025-01
APP-2026-000505,2025-01-22 01:00:00,39,12063317.0,53,626,0.1783,99964977.0,12,3,Salaried,Family,Mobile,1,0.1495351794955741,509,REVIEW,HIGH_LOAN_TO_INCOME; MULTIPLE_RECENT_INQUIRIES,2025-01
APP-2026-000506,2025-01-22 02:00:00,46,42190258.0,60,531,0.1733,32827201.0,24,2,Contract,Rented,Mobile,0,0.11066544579856186,534,REVIEW,LOW_BUREAU_SCORE; CONTRACT_EMPLOYMENT; RENTED_RESIDENCE,2025-01
APP-2026-000507,2025-01-22 03:00:00,20,24710435.0,64,708,0.0761,37741672.0,12,0,Salaried,Owned,Partner,0,0.033347399862258355,627,APPROVE,NO_MATERIAL_ADVERSE_FACTOR,2025-01
APP-2026-000508,2025-01-22 04:00:00,40,7566426.0,43,669,0.1194,72987175.0,24,1,Salaried,Owned,Mobile,0,0.07597012510882203,564,APPROVE,HIGH_LOAN_TO_INCOME,2025-01
APP-2026-000509,2025-01-22 05:00:00,43,11944005.0,60,629,0.1639,135530720.0,24,1,Salaried,Mortgage,Partner,0,0.15404051857774445,507,REVIEW,HIGH_LOAN_TO_INCOME,2025-01
APP-2026-000510,2025-01-22 06:00:00,37,17539942.0,34,675,0.1894,127439739.0,12,1,Salaried,Rented,Mobile,0,0.12281695232967779,526,REVIEW,HIGH_LOAN_TO_INCOME; RENTED_RESIDENCE,2025-01
APP-2026-000511,2025-01-22 07:00:00,64,16170052.0,43,738,0.1361,41195776.0,12,1,Contract,Owned,Mobile,0,0.04880162670315009,598,APPROVE,CONTRACT_EMPLOYMENT,2025-01
APP-2026-000512,2025-01-22 08:00:00,39,10620432.0,89,817,0.4679,48905438.0,18,3,Salaried,Family,Mobile,0,0.07149160356026191,569,APPROVE,MULTIPLE_RECENT_INQUIRIES,2025-01
APP-2026-000513,2025-01-22 09:00:00,35,6392776.0,94,595,0.3238,64000802.0,12,3,Self-employed,Rented,Mobile,0,0.28750033059551683,449,DECLINE,HIGH_LOAN_TO_INCOME; MULTIPLE_RECENT_INQUIRIES; RENTED_RESIDENCE,2025-01
APP-2026-000514,2025-01-22 10:00:00,40,14570355.0,119,757,0.1183,104282818.0,24,1,Salaried,Rented,Mobile,0,0.05557569089936713,588,APPROVE,HIGH_LOAN_TO_INCOME; RENTED_RESIDENCE,2025-01
APP-2026-000515,2025-01-22 11:00:00,30,15258000.0,33,661,0.3684,38126660.0,12,1,Salaried,Family,Mobile,0,0.08502868152158305,555,REVIEW,NO_MATERIAL_ADVERSE_FACTOR,2025-01
APP-2026-000516,2025-01-22 12:00:00,25,23617590.0,35,650,0.4932,58108947.0,6,2,Salaried,Family,Mobile,0,0.12749178744113301,523,REVIEW,NO_MATERIAL_ADVERSE_FACTOR,2025-01
APP-2026-000517,2025-01-22 13:00:00,38,19149088.0,34,620,0.4838,49390816.0,36,1,Self-employed,Owned,Partner,1,0.14620906853666446,511,REVIEW,NO_MATERIAL_ADVERSE_FACTOR,2025-01
APP-2026-000518,2025-01-22 14:00:00,45,9583216.0,53,742,0.2859,31379648.0,12,2,Self-employed,Mortgage,Mobile,0,0.09392823795859478,547,REVIEW,NO_MATERIAL_ADVERSE_FACTOR,2025-01
APP-2026-000519,2025-01-22 15:00:00,32,26362730.0,16,579,0.1242,90434586.0,12,3,Self-employed,Mortgage,Branch,1,0.1903185316645343,488,DECLINE,MULTIPLE_RECENT_INQUIRIES; LOW_BUREAU_SCORE,2025-01
APP-2026-000520,2025-01-22 16:00:00,43,12471383.0,35,693,0.4164,48418248.0,24,0,Self-employed,Mortgage,Mobile,0,0.09608922474285654,546,REVIEW,NO_MATERIAL_ADVERSE_FACTOR,2025-01
APP-2026-000521,2025-01-22 17:00:00,31,29092433.0,34,708,0.2279,56936790.0,9,2,Salaried,Owned,Mobile,0,0.05912819368842942,584,APPROVE,NO_MATERIAL_ADVERSE_FACTOR,2025-01
APP-2026-000522,2025-01-22 18:00:00,49,13349929.0,68,654,0.1883,70277987.0,9,5,Self-employed,Rented,Mobile,1,0.24731639572152614,464,DECLINE,MULTIPLE_RECENT_INQUIRIES; HIGH_LOAN_TO_INCOME; RENTED_RESIDENCE,2025-01
APP-2026-000523,2025-01-22 19:00:00,36,12775929.0,50,595,0.3646,220619634.0,18,2,Salaried,Family,Partner,0,0.3334560167805506,434,DECLINE,HIGH_LOAN_TO_INCOME,2025-01
APP-2026-000524,2025-01-22 20:00:00,39,17174266.0,27,770,0.3191,27106416.0,36,2,Contract,Family,Mobile,0,0.05760259476488019,586,APPROVE,CONTRACT_EMPLOYMENT,2025-01
APP-2026-000525,2025-01-22 21:00:00,41,26260896.0,74,597,0.3187,22506270.0,36,0,Self-employed,Rented,Mobile,0,0.07902615672498016,561,APPROVE,RENTED_RESIDENCE,2025-01
APP-2026-000526,2025-01-22 22:00:00,22,19886215.0,84,692,0.3598,40538262.0,36,1,Salaried,Rented,Mobile,0,0.07656235270247094,564,APPROVE,RENTED_RESIDENCE,2025-01
APP-2026-000527,2025-01-22 23:00:00,33,8478722.0,52,639,0.377,210081443.0,24,4,Self-employed,Family,Mobile,1,0.3997770179231721,413,DECLINE,HIGH_LOAN_TO_INCOME; MULTIPLE_RECENT_INQUIRIES,2025-01
APP-2026-000528,2025-01-23 00:00:00,51,29319256.0,73,581,0.5367,113565793.0,18,2,Self-employed,Mortgage,Mobile,0,0.239079392132841,467,DECLINE,NO_MATERIAL_ADVERSE_FACTOR,2025-01
APP-2026-000529,2025-01-23 01:00:00,35,11959217.0,45,729,0.2821,54384030.0,24,1,Salaried,Rented,Branch,0,0.08115527100426052,559,REVIEW,RENTED_RESIDENCE,2025-01
APP-2026-000530,2025-01-23 02:00:00,47,7831748.0,79,610,0.1458,33577045.0,9,3,Self-employed,Owned,Mobile,0,0.14349732354179714,513,REVIEW,MULTIPLE_RECENT_INQUIRIES,2025-01
APP-2026-000531,2025-01-23 03:00:00,42,6805914.0,59,537,0.4734,64361175.0,12,2,Salaried,Family,Branch,0,0.25322842365785225,462,DECLINE,HIGH_LOAN_TO_INCOME; LOW_BUREAU_SCORE,2025-01
APP-2026-000532,2025-01-23 04:00:00,20,35134037.0,38,663,0.5286,30860627.0,6,4,Self-employed,Family,Partner,0,0.16992044427489067,498,REVIEW,MULTIPLE_RECENT_INQUIRIES,2025-01
APP-2026-000533,2025-01-23 05:00:00,41,39637590.0,79,538,0.4666,23843402.0,24,4,Salaried,Rented,Mobile,0,0.1933186096492598,487,DECLINE,MULTIPLE_RECENT_INQUIRIES; LOW_BUREAU_SCORE; RENTED_RESIDENCE,2025-01
APP-2026-000534,2025-01-23 06:00:00,25,12797927.0,25,591,0.516,52657743.0,24,0,Self-employed,Family,Branch,0,0.15318835379452397,507,REVIEW,NO_MATERIAL_ADVERSE_FACTOR,2025-01
APP-2026-000535,2025-01-23 07:00:00,37,14696894.0,90,667,0.3952,31249977.0,12,1,Salaried,Owned,Mobile,0,0.07991059891244832,560,APPROVE,NO_MATERIAL_ADVERSE_FACTOR,2025-01
APP-2026-000536,2025-01-23 08:00:00,31,16728827.0,48,643,0.3691,50500059.0,18,2,Salaried,Mortgage,Branch,0,0.1396787995187322,515,REVIEW,NO_MATERIAL_ADVERSE_FACTOR,2025-01
APP-2026-000537,2025-01-23 09:00:00,35,8653278.0,80,566,0.2722,41997557.0,9,2,Salaried,Owned,Mobile,0,0.15993852243845083,504,REVIEW,LOW_BUREAU_SCORE,2025-01
APP-2026-000538,2025-01-23 10:00:00,34,18527630.0,21,710,0.2467,15916984.0,36,1,Self-employed,Rented,Mobile,0,0.06783674121336306,573,APPROVE,RENTED_RESIDENCE,2025-01
APP-2026-000539,2025-01-23 11:00:00,37,23293448.0,45,673,0.2112,83579020.0,12,3,Contract,Mortgage,Partner,0,0.1720167540994028,497,REVIEW,MULTIPLE_RECENT_INQUIRIES; CONTRACT_EMPLOYMENT,2025-01
APP-2026-000540,2025-01-23 12:00:00,30,13658989.0,58,518,0.4022,39021305.0,18,2,Contract,Family,Mobile,0,0.2418898538558769,466,DECLINE,LOW_BUREAU_SCORE; CONTRACT_EMPLOYMENT,2025-01
APP-2026-000541,2025-01-23 13:00:00,22,19630918.0,34,550,0.12,26067032.0,6,1,Salaried,Family,Partner,1,0.0989931635041019,543,REVIEW,LOW_BUREAU_SCORE,2025-01
APP-2026-000542,2025-01-23 14:00:00,25,13721517.0,40,783,0.2514,58873648.0,12,5,Contract,Family,Mobile,0,0.13360860752612813,519,REVIEW,MULTIPLE_RECENT_INQUIRIES; CONTRACT_EMPLOYMENT,2025-01
APP-2026-000543,2025-01-23 15:00:00,43,30094664.0,110,571,0.0736,65691592.0,12,1,Salaried,Rented,Branch,0,0.07618693438608916,564,APPROVE,RENTED_RESIDENCE; LOW_BUREAU_SCORE,2025-01
APP-2026-000544,2025-01-23 16:00:00,50,10413193.0,45,691,0.2835,85472498.0,24,2,Salaried,Owned,Mobile,0,0.10469629513372078,539,REVIEW,HIGH_LOAN_TO_INCOME,2025-01
APP-2026-000545,2025-01-23 17:00:00,37,13321282.0,130,640,0.2511,42787549.0,12,2,Salaried,Rented,Mobile,0,0.11520891731504526,531,REVIEW,RENTED_RESIDENCE,2025-01
APP-2026-000546,2025-01-23 18:00:00,42,37680727.0,100,713,0.5953,40480277.0,24,1,Salaried,Family,Mobile,0,0.04473769035934147,605,APPROVE,HIGH_EXISTING_DTI,2025-01
APP-2026-000547,2025-01-23 19:00:00,43,19031082.0,49,558,0.4145,56736301.0,9,2,Salaried,Rented,Mobile,0,0.22765271781877122,472,DECLINE,LOW_BUREAU_SCORE; RENTED_RESIDENCE,2025-01
APP-2026-000548,2025-01-23 20:00:00,22,64496814.0,57,654,0.2843,55584650.0,24,1,Salaried,Rented,Branch,0,0.03460307916865887,624,APPROVE,RENTED_RESIDENCE,2025-01
APP-2026-000549,2025-01-23 21:00:00,20,25842286.0,44,605,0.2651,31628671.0,12,1,Salaried,Rented,Mobile,0,0.10222621819559614,541,REVIEW,RENTED_RESIDENCE,2025-01
APP-2026-000550,2025-01-23 22:00:00,34,32597905.0,50,636,0.2813,28835877.0,9,0,Salaried,Owned,Mobile,0,0.04513852453908719,604,APPROVE,NO_MATERIAL_ADVERSE_FACTOR,2025-01
APP-2026-000551,2025-01-23 23:00:00,20,24585067.0,39,668,0.5707,185278346.0,24,1,Salaried,Rented,Mobile,0,0.24406121244426285,465,DECLINE,HIGH_LOAN_TO_INCOME; HIGH_EXISTING_DTI; RENTED_RESIDENCE,2025-01
APP-2026-000552,2025-01-24 00:00:00,32,11372051.0,28,668,0.4783,56753759.0,24,1,Salaried,Mortgage,Partner,1,0.16037109452049808,503,REVIEW,NO_MATERIAL_ADVERSE_FACTOR,2025-01
APP-2026-000553,2025-01-24 01:00:00,21,28790628.0,36,581,0.3832,28877066.0,6,1,Self-employed,Family,Partner,1,0.12383371105782062,525,REVIEW,NO_MATERIAL_ADVERSE_FACTOR,2025-01
APP-2026-000554,2025-01-24 02:00:00,29,9990500.0,148,605,0.2604,35180954.0,18,0,Self-employed,Rented,Mobile,0,0.10562913008895225,538,REVIEW,RENTED_RESIDENCE,2025-01
APP-2026-000555,2025-01-24 03:00:00,28,6999986.0,44,530,0.376,33770583.0,18,3,Salaried,Family,Mobile,1,0.24788593624410474,464,DECLINE,MULTIPLE_RECENT_INQUIRIES; LOW_BUREAU_SCORE,2025-01
APP-2026-000556,2025-01-24 04:00:00,39,21328635.0,56,651,0.3931,33038834.0,24,1,Self-employed,Owned,Mobile,0,0.0863472774360726,554,REVIEW,NO_MATERIAL_ADVERSE_FACTOR,2025-01
APP-2026-000557,2025-01-24 05:00:00,29,29781167.0,36,667,0.1104,21873023.0,9,1,Self-employed,Owned,Mobile,0,0.045940228466159534,603,APPROVE,NO_MATERIAL_ADVERSE_FACTOR,2025-01
APP-2026-000558,2025-01-24 06:00:00,24,33990516.0,63,600,0.2549,113192139.0,18,2,Self-employed,Rented,Branch,0,0.16484268153573128,501,REVIEW,RENTED_RESIDENCE,2025-01
APP-2026-000559,2025-01-24 07:00:00,35,21608189.0,82,650,0.3257,152775243.0,24,4,Self-employed,Rented,Partner,0,0.322318161769631,438,DECLINE,MULTIPLE_RECENT_INQUIRIES; HIGH_LOAN_TO_INCOME; RENTED_RESIDENCE,2025-01
APP-2026-000560,2025-01-24 08:00:00,61,16567272.0,32,769,0.124,64685207.0,12,0,Salaried,Owned,Partner,0,0.034720115295242285,624,APPROVE,NO_MATERIAL_ADVERSE_FACTOR,2025-01
APP-2026-000561,2025-01-24 09:00:00,39,15972815.0,75,528,0.4473,70829389.0,24,3,Salaried,Owned,Mobile,0,0.25909088680888814,460,DECLINE,MULTIPLE_RECENT_INQUIRIES; LOW_BUREAU_SCORE,2025-01
APP-2026-000562,2025-01-24 10:00:00,20,23041126.0,8,728,0.0831,32004720.0,24,0,Salaried,Family,Mobile,0,0.025600737292448068,646,APPROVE,SHORT_EMPLOYMENT_HISTORY,2025-01
APP-2026-000563,2025-01-24 11:00:00,35,29866725.0,44,550,0.0403,64950201.0,12,2,Salaried,Family,Mobile,0,0.08122549531812236,559,REVIEW,LOW_BUREAU_SCORE,2025-01
APP-2026-000564,2025-01-24 12:00:00,58,17467425.0,36,757,0.132,140192865.0,12,2,Self-employed,Family,Mobile,0,0.07607571997850018,564,APPROVE,HIGH_LOAN_TO_INCOME,2025-01
APP-2026-000565,2025-01-24 13:00:00,36,24412079.0,27,609,0.5135,68192021.0,18,1,Salaried,Rented,Partner,1,0.19312619877764534,487,DECLINE,RENTED_RESIDENCE,2025-01
APP-2026-000566,2025-01-24 14:00:00,46,32525629.0,27,664,0.1393,31909757.0,36,3,Self-employed,Family,Branch,1,0.05566662606246332,588,APPROVE,MULTIPLE_RECENT_INQUIRIES,2025-01
APP-2026-000567,2025-01-24 15:00:00,44,33314548.0,96,776,0.3023,91711921.0,6,3,Self-employed,Mortgage,Mobile,0,0.07541737406666052,565,APPROVE,MULTIPLE_RECENT_INQUIRIES,2025-01
APP-2026-000568,2025-01-24 16:00:00,45,32685947.0,101,580,0.407,10935400.0,24,2,Self-employed,Rented,Mobile,0,0.11952372632442794,528,REVIEW,RENTED_RESIDENCE,2025-01
APP-2026-000569,2025-01-24 17:00:00,44,27260777.0,17,720,0.2737,70867613.0,24,1,Self-employed,Rented,Mobile,0,0.07579504640867407,564,APPROVE,RENTED_RESIDENCE,2025-01
APP-2026-000570,2025-01-24 18:00:00,37,44613219.0,159,626,0.4258,55398414.0,24,1,Salaried,Rented,Branch,0,0.0607864453192243,581,APPROVE,RENTED_RESIDENCE,2025-01
APP-2026-000571,2025-01-24 19:00:00,33,10621314.0,74,715,0.283,145713337.0,24,2,Salaried,Mortgage,Partner,0,0.16713585968445924,500,REVIEW,HIGH_LOAN_TO_INCOME,2025-01
APP-2026-000572,2025-01-24 20:00:00,32,43342241.0,96,675,0.3883,93486295.0,36,1,Contract,Mortgage,Mobile,0,0.07133582895430238,569,APPROVE,CONTRACT_EMPLOYMENT,2025-01
APP-2026-000573,2025-01-24 21:00:00,36,17957863.0,32,621,0.1109,239295291.0,12,2,Salaried,Family,Mobile,0,0.20238144871500158,483,DECLINE,HIGH_LOAN_TO_INCOME,2025-01
APP-2026-000574,2025-01-24 22:00:00,38,7375089.0,66,493,0.0583,55179240.0,12,1,Salaried,Rented,Mobile,0,0.18362296840093545,492,DECLINE,LOW_BUREAU_SCORE; HIGH_LOAN_TO_INCOME; RENTED_RESIDENCE,2025-01
APP-2026-000575,2025-01-24 23:00:00,23,18442007.0,75,667,0.1379,109944947.0,12,0,Salaried,Owned,Mobile,0,0.06379769054554335,578,APPROVE,HIGH_LOAN_TO_INCOME,2025-01
APP-2026-000576,2025-01-25 00:00:00,32,20546744.0,23,656,0.1675,24635632.0,24,2,Contract,Rented,Partner,1,0.1261314269662455,524,REVIEW,CONTRACT_EMPLOYMENT; RENTED_RESIDENCE,2025-01
APP-2026-000577,2025-01-25 01:00:00,34,8337284.0,33,675,0.7865,31322026.0,18,1,Salaried,Family,Partner,0,0.18569649886464437,491,DECLINE,HIGH_EXISTING_DTI,2025-01
APP-2026-000578,2025-01-25 02:00:00,35,17492065.0,75,641,0.4194,37848415.0,9,0,Self-employed,Rented,Partner,0,0.133715553817151,519,REVIEW,RENTED_RESIDENCE,2025-01
APP-2026-000579,2025-01-25 03:00:00,32,5173087.0,53,595,0.6428,55773383.0,18,1,Contract,Owned,Branch,0,0.28418022105199203,451,DECLINE,HIGH_LOAN_TO_INCOME; HIGH_EXISTING_DTI; CONTRACT_EMPLOYMENT,2025-01
APP-2026-000580,2025-01-25 04:00:00,42,43834405.0,75,584,0.2328,17819819.0,24,2,Salaried,Owned,Mobile,0,0.05025616667422561,596,APPROVE,NO_MATERIAL_ADVERSE_FACTOR,2025-01
APP-2026-000581,2025-01-25 05:00:00,34,14922917.0,122,540,0.1031,69353528.0,12,0,Contract,Family,Mobile,0,0.0974613458793009,544,REVIEW,LOW_BUREAU_SCORE; CONTRACT_EMPLOYMENT,2025-01
APP-2026-000582,2025-01-25 06:00:00,31,17163488.0,36,541,0.3928,60910386.0,36,3,Salaried,Family,Mobile,0,0.20674046500322385,481,DECLINE,MULTIPLE_RECENT_INQUIRIES; LOW_BUREAU_SCORE,2025-01
APP-2026-000583,2025-01-25 07:00:00,23,29131450.0,39,674,0.7078,46704082.0,12,1,Salaried,Owned,Mobile,0,0.11551615552028383,531,REVIEW,HIGH_EXISTING_DTI,2025-01
APP-2026-000584,2025-01-25 08:00:00,27,17313799.0,34,628,0.0748,39803785.0,12,0,Salaried,Rented,Branch,0,0.0697429036506323,571,APPROVE,RENTED_RESIDENCE,2025-01
APP-2026-000585,2025-01-25 09:00:00,37,8618135.0,43,504,0.5118,53968575.0,12,0,Salaried,Mortgage,Mobile,0,0.25574201336578567,461,DECLINE,LOW_BUREAU_SCORE; HIGH_LOAN_TO_INCOME,2025-01
APP-2026-000586,2025-01-25 10:00:00,36,5951694.0,34,669,0.0481,67361773.0,12,2,Salaried,Rented,Partner,0,0.1369560075799225,517,REVIEW,HIGH_LOAN_TO_INCOME; RENTED_RESIDENCE,2025-01
APP-2026-000587,2025-01-25 11:00:00,20,24762687.0,87,574,0.125,32843222.0,12,0,Contract,Rented,Branch,0,0.09254393866384862,549,REVIEW,CONTRACT_EMPLOYMENT; RENTED_RESIDENCE; LOW_BUREAU_SCORE,2025-01
APP-2026-000588,2025-01-25 12:00:00,43,26702795.0,132,668,0.536,25509485.0,12,2,Salaried,Rented,Mobile,0,0.1049217404769855,539,REVIEW,RENTED_RESIDENCE,2025-01
APP-2026-000589,2025-01-25 13:00:00,28,13558927.0,56,658,0.1739,196313597.0,24,3,Self-employed,Rented,Mobile,0,0.2907565275357459,448,DECLINE,HIGH_LOAN_TO_INCOME; MULTIPLE_RECENT_INQUIRIES; RENTED_RESIDENCE,2025-01
APP-2026-000590,2025-01-25 14:00:00,26,5718427.0,48,712,0.1996,67421856.0,24,1,Self-employed,Owned,Branch,0,0.08688068294435065,554,REVIEW,HIGH_LOAN_TO_INCOME,2025-01
APP-2026-000591,2025-01-25 15:00:00,44,20587990.0,85,694,0.3265,59997707.0,18,1,Salaried,Owned,Mobile,0,0.060647457035828814,582,APPROVE,NO_MATERIAL_ADVERSE_FACTOR,2025-01
APP-2026-000592,2025-01-25 16:00:00,45,17046128.0,24,603,0.5512,39257349.0,12,3,Salaried,Rented,Branch,0,0.2700234774451858,456,DECLINE,MULTIPLE_RECENT_INQUIRIES; HIGH_EXISTING_DTI; RENTED_RESIDENCE,2025-01
APP-2026-000593,2025-01-25 17:00:00,28,24151451.0,44,590,0.5563,35691078.0,24,2,Salaried,Mortgage,Mobile,0,0.1813536209273549,493,DECLINE,HIGH_EXISTING_DTI,2025-01
APP-2026-000594,2025-01-25 18:00:00,31,11122264.0,75,589,0.4287,90517499.0,6,2,Contract,Owned,Mobile,0,0.2729349501865562,455,DECLINE,HIGH_LOAN_TO_INCOME; CONTRACT_EMPLOYMENT,2025-01
APP-2026-000595,2025-01-25 19:00:00,23,5445048.0,29,743,0.2943,46937668.0,36,1,Salaried,Rented,Mobile,0,0.0878139885326347,553,REVIEW,HIGH_LOAN_TO_INCOME; RENTED_RESIDENCE,2025-01
APP-2026-000596,2025-01-25 20:00:00,42,12723650.0,53,538,0.2596,28372919.0,12,1,Salaried,Family,Branch,1,0.11658971425487855,530,REVIEW,LOW_BUREAU_SCORE,2025-01
APP-2026-000597,2025-01-25 21:00:00,43,26315426.0,107,602,0.2407,15522893.0,24,1,Salaried,Mortgage,Branch,0,0.061945758355146464,580,APPROVE,NO_MATERIAL_ADVERSE_FACTOR,2025-01
APP-2026-000598,2025-01-25 22:00:00,31,30490100.0,61,673,0.3903,51716455.0,36,1,Salaried,Rented,Partner,0,0.08489722663981192,555,REVIEW,RENTED_RESIDENCE,2025-01
APP-2026-000599,2025-01-25 23:00:00,47,14212789.0,78,542,0.2571,153129829.0,12,2,Salaried,Owned,Branch,1,0.2411132655489558,467,DECLINE,HIGH_LOAN_TO_INCOME; LOW_BUREAU_SCORE,2025-01
APP-2026-000600,2025-01-26 00:00:00,43,12627927.0,46,562,0.4112,48421813.0,12,3,Salaried,Mortgage,Mobile,0,0.2640788886557594,458,DECLINE,MULTIPLE_RECENT_INQUIRIES; LOW_BUREAU_SCORE,2025-01
APP-2026-000601,2025-01-26 01:00:00,33,6369641.0,41,522,0.7277,41832910.0,12,4,Self-employed,Rented,Mobile,0,0.5994033270376065,355,DECLINE,MULTIPLE_RECENT_INQUIRIES; HIGH_EXISTING_DTI; HIGH_LOAN_TO_INCOME,2025-01
APP-2026-000602,2025-01-26 02:00:00,41,33094523.0,34,659,0.1051,111947774.0,18,2,Contract,Owned,Partner,0,0.099065123265105,543,REVIEW,CONTRACT_EMPLOYMENT,2025-01
APP-2026-000603,2025-01-26 03:00:00,20,13405288.0,76,527,0.2573,75564351.0,18,1,Salaried,Owned,Mobile,0,0.16405269060718713,501,REVIEW,HIGH_LOAN_TO_INCOME; LOW_BUREAU_SCORE,2025-01
APP-2026-000604,2025-01-26 04:00:00,32,11598446.0,15,525,0.1752,31802229.0,9,2,Contract,Rented,Partner,0,0.29314209949694653,447,DECLINE,LOW_BUREAU_SCORE; CONTRACT_EMPLOYMENT; RENTED_RESIDENCE,2025-01
APP-2026-000605,2025-01-26 05:00:00,37,10519334.0,71,700,0.4702,106011339.0,12,1,Salaried,Mortgage,Partner,0,0.1699303893294601,498,REVIEW,HIGH_LOAN_TO_INCOME,2025-01
APP-2026-000606,2025-01-26 06:00:00,34,13810526.0,33,485,0.1766,49514563.0,9,2,Contract,Rented,Mobile,0,0.30318288564762264,444,DECLINE,LOW_BUREAU_SCORE; CONTRACT_EMPLOYMENT; RENTED_RESIDENCE,2025-01
APP-2026-000607,2025-01-26 07:00:00,53,21599106.0,15,584,0.1669,21652945.0,18,0,Salaried,Rented,Partner,0,0.08608154560521533,554,REVIEW,RENTED_RESIDENCE,2025-01
APP-2026-000608,2025-01-26 08:00:00,37,13936704.0,93,631,0.1394,51835451.0,18,3,Salaried,Owned,Mobile,0,0.10290736951612182,540,REVIEW,MULTIPLE_RECENT_INQUIRIES,2025-01
APP-2026-000609,2025-01-26 09:00:00,38,36092649.0,17,585,0.2506,25172433.0,12,0,Salaried,Owned,Mobile,1,0.05150485101196026,594,APPROVE,NO_MATERIAL_ADVERSE_FACTOR,2025-01
APP-2026-000610,2025-01-26 10:00:00,22,24535825.0,99,597,0.204,50353205.0,12,1,Salaried,Mortgage,Mobile,0,0.08720291059592367,553,REVIEW,NO_MATERIAL_ADVERSE_FACTOR,2025-01
APP-2026-000611,2025-01-26 11:00:00,33,21036918.0,44,668,0.4463,68269475.0,18,4,Salaried,Rented,Branch,0,0.22181071799636257,474,DECLINE,MULTIPLE_RECENT_INQUIRIES; RENTED_RESIDENCE,2025-01
APP-2026-000612,2025-01-26 12:00:00,27,35020891.0,64,555,0.4198,54092656.0,24,0,Salaried,Rented,Branch,0,0.10665724176060039,537,REVIEW,LOW_BUREAU_SCORE; RENTED_RESIDENCE,2025-01
APP-2026-000613,2025-01-26 13:00:00,56,8859419.0,39,671,0.1604,72930458.0,12,0,Contract,Rented,Branch,0,0.10665511853385276,537,REVIEW,HIGH_LOAN_TO_INCOME; CONTRACT_EMPLOYMENT; RENTED_RESIDENCE,2025-01
APP-2026-000614,2025-01-26 14:00:00,31,18565110.0,94,658,0.3948,72563807.0,9,2,Salaried,Rented,Partner,0,0.17226548827981952,497,REVIEW,RENTED_RESIDENCE,2025-01
APP-2026-000615,2025-01-26 15:00:00,36,26554809.0,51,577,0.0496,31512879.0,18,1,Salaried,Rented,Mobile,0,0.07299876435204192,567,APPROVE,RENTED_RESIDENCE; LOW_BUREAU_SCORE,2025-01
APP-2026-000616,2025-01-26 16:00:00,45,26955125.0,78,686,0.1392,83386456.0,24,0,Salaried,Mortgage,Mobile,0,0.04198158567748692,610,APPROVE,NO_MATERIAL_ADVERSE_FACTOR,2025-01
APP-2026-000617,2025-01-26 17:00:00,40,13613462.0,54,578,0.3701,50951853.0,24,1,Self-employed,Owned,Mobile,1,0.14997607119315548,509,REVIEW,LOW_BUREAU_SCORE,2025-01
APP-2026-000618,2025-01-26 18:00:00,22,8890524.0,37,615,0.5505,46185909.0,24,0,Salaried,Mortgage,Partner,0,0.18841581895245063,489,DECLINE,HIGH_EXISTING_DTI; HIGH_LOAN_TO_INCOME,2025-01
APP-2026-000619,2025-01-26 19:00:00,40,6196327.0,34,595,0.1575,144767723.0,12,0,Salaried,Owned,Mobile,0,0.14698796047306933,511,REVIEW,HIGH_LOAN_TO_INCOME,2025-01
APP-2026-000620,2025-01-26 20:00:00,41,22568402.0,19,575,0.3511,47567362.0,24,4,Salaried,Rented,Mobile,0,0.24658047237981626,464,DECLINE,MULTIPLE_RECENT_INQUIRIES; RENTED_RESIDENCE; LOW_BUREAU_SCORE,2025-01
APP-2026-000621,2025-01-26 21:00:00,33,16415909.0,59,640,0.6205,259626834.0,12,2,Salaried,Rented,Mobile,0,0.4792876086746949,390,DECLINE,HIGH_LOAN_TO_INCOME; HIGH_EXISTING_DTI; RENTED_RESIDENCE,2025-01
APP-2026-000622,2025-01-26 22:00:00,39,15630226.0,6,480,0.3021,74837937.0,24,0,Self-employed,Owned,Partner,0,0.22528042223415015,473,DECLINE,LOW_BUREAU_SCORE; SHORT_EMPLOYMENT_HISTORY,2025-01
APP-2026-000623,2025-01-26 23:00:00,35,18961367.0,55,575,0.2935,69943055.0,9,1,Salaried,Owned,Mobile,0,0.12546670677867836,524,REVIEW,LOW_BUREAU_SCORE,2025-01
APP-2026-000624,2025-01-27 00:00:00,22,16740083.0,39,599,0.4664,91721591.0,36,1,Salaried,Rented,Branch,1,0.20420386414167796,482,DECLINE,HIGH_LOAN_TO_INCOME; RENTED_RESIDENCE,2025-01
APP-2026-000625,2025-01-27 01:00:00,29,13024835.0,38,673,0.501,101406655.0,24,2,Self-employed,Owned,Mobile,0,0.2002466471013129,484,DECLINE,HIGH_LOAN_TO_INCOME,2025-01
APP-2026-000626,2025-01-27 02:00:00,35,25984042.0,90,656,0.1628,35694289.0,36,1,Salaried,Rented,Mobile,0,0.05242739111155341,593,APPROVE,RENTED_RESIDENCE,2025-01
APP-2026-000627,2025-01-27 03:00:00,29,8216459.0,88,602,0.3772,81267473.0,12,3,Salaried,Owned,Partner,0,0.25679916556182036,461,DECLINE,HIGH_LOAN_TO_INCOME; MULTIPLE_RECENT_INQUIRIES,2025-01
APP-2026-000628,2025-01-27 04:00:00,39,9289278.0,46,741,0.2002,42995665.0,12,0,Salaried,Mortgage,Mobile,0,0.051499181068340304,594,APPROVE,NO_MATERIAL_ADVERSE_FACTOR,2025-01
APP-2026-000629,2025-01-27 05:00:00,43,8405217.0,132,531,0.442,14625928.0,24,1,Contract,Owned,Branch,0,0.17828454833219579,494,REVIEW,LOW_BUREAU_SCORE; CONTRACT_EMPLOYMENT,2025-01
APP-2026-000630,2025-01-27 06:00:00,37,14254692.0,57,622,0.1437,19699728.0,12,1,Salaried,Family,Branch,0,0.06127737344970154,581,APPROVE,NO_MATERIAL_ADVERSE_FACTOR,2025-01
APP-2026-000631,2025-01-27 07:00:00,31,24240192.0,16,636,0.7556,45843182.0,24,2,Salaried,Rented,Partner,0,0.26424972091032106,458,DECLINE,HIGH_EXISTING_DTI; RENTED_RESIDENCE,2025-01
APP-2026-000632,2025-01-27 08:00:00,47,11311011.0,36,541,0.3025,60423730.0,36,3,Salaried,Owned,Partner,0,0.2362092356784587,469,DECLINE,MULTIPLE_RECENT_INQUIRIES; HIGH_LOAN_TO_INCOME; LOW_BUREAU_SCORE,2025-01
APP-2026-000633,2025-01-27 09:00:00,36,18644302.0,41,534,0.1726,59087272.0,24,0,Salaried,Owned,Mobile,0,0.09258939067289386,549,REVIEW,LOW_BUREAU_SCORE,2025-01
APP-2026-000634,2025-01-27 10:00:00,38,28808871.0,54,644,0.1707,87224192.0,6,1,Self-employed,Owned,Mobile,0,0.07671204323205258,563,APPROVE,NO_MATERIAL_ADVERSE_FACTOR,2025-01
APP-2026-000635,2025-01-27 11:00:00,28,45469041.0,42,592,0.4121,81138483.0,18,1,Salaried,Rented,Mobile,0,0.10585992401219935,538,REVIEW,RENTED_RESIDENCE,2025-01
APP-2026-000636,2025-01-27 12:00:00,32,27521327.0,21,700,0.3715,84724218.0,24,1,Salaried,Rented,Mobile,0,0.09250687440276166,549,REVIEW,RENTED_RESIDENCE,2025-01
APP-2026-000637,2025-01-27 13:00:00,43,13099920.0,66,590,0.2555,177461059.0,9,3,Contract,Family,Mobile,0,0.31505689521629365,440,DECLINE,HIGH_LOAN_TO_INCOME; MULTIPLE_RECENT_INQUIRIES; CONTRACT_EMPLOYMENT,2025-01
APP-2026-000638,2025-01-27 14:00:00,41,7604996.0,67,600,0.2212,26871097.0,12,0,Salaried,Rented,Mobile,0,0.10391534238353757,539,REVIEW,RENTED_RESIDENCE,2025-01
APP-2026-000639,2025-01-27 15:00:00,33,4377637.0,71,723,0.1764,62518035.0,18,0,Salaried,Rented,Branch,0,0.07002549951298767,570,APPROVE,HIGH_LOAN_TO_INCOME; RENTED_RESIDENCE,2025-01
APP-2026-000640,2025-01-27 16:00:00,35,12542222.0,100,544,0.7857,36492593.0,18,1,Self-employed,Rented,Mobile,1,0.3434036832315314,431,DECLINE,HIGH_EXISTING_DTI; LOW_BUREAU_SCORE; RENTED_RESIDENCE,2025-01
APP-2026-000641,2025-01-27 17:00:00,36,18374840.0,20,633,0.6363,44873659.0,36,0,Self-employed,Family,Mobile,0,0.11898087890130196,528,REVIEW,HIGH_EXISTING_DTI,2025-01
APP-2026-000642,2025-01-27 18:00:00,26,13628032.0,30,700,0.2777,37557912.0,9,2,Salaried,Mortgage,Mobile,0,0.10437905089417263,539,REVIEW,NO_MATERIAL_ADVERSE_FACTOR,2025-01
APP-2026-000643,2025-01-27 19:00:00,33,50364928.0,63,630,0.3591,45173478.0,18,1,Salaried,Family,Mobile,0,0.03953889988485724,614,APPROVE,NO_MATERIAL_ADVERSE_FACTOR,2025-01
APP-2026-000644,2025-01-27 20:00:00,30,8543662.0,107,592,0.3192,123432478.0,12,4,Salaried,Family,Branch,1,0.2776645091406985,453,DECLINE,HIGH_LOAN_TO_INCOME; MULTIPLE_RECENT_INQUIRIES,2025-01
APP-2026-000645,2025-01-27 21:00:00,22,12390489.0,62,699,0.1154,204980669.0,12,1,Self-employed,Rented,Partner,1,0.2065627845345432,481,DECLINE,HIGH_LOAN_TO_INCOME; RENTED_RESIDENCE,2025-01
APP-2026-000646,2025-01-27 22:00:00,36,4933117.0,26,507,0.144,21998614.0,9,3,Salaried,Owned,Mobile,1,0.22251718877703128,474,DECLINE,LOW_BUREAU_SCORE; MULTIPLE_RECENT_INQUIRIES,2025-01
APP-2026-000647,2025-01-27 23:00:00,33,32545043.0,87,617,0.3006,27615846.0,12,4,Contract,Rented,Mobile,1,0.17226153111013578,497,REVIEW,MULTIPLE_RECENT_INQUIRIES; CONTRACT_EMPLOYMENT; RENTED_RESIDENCE,2025-01
APP-2026-000648,2025-01-28 00:00:00,21,12402662.0,71,567,0.1938,42007753.0,12,1,Salaried,Family,Branch,0,0.10343701705227708,540,REVIEW,LOW_BUREAU_SCORE,2025-01
APP-2026-000649,2025-01-28 01:00:00,27,6397758.0,73,640,0.2455,72851274.0,24,0,Salaried,Mortgage,Mobile,0,0.10278211973495258,540,REVIEW,HIGH_LOAN_TO_INCOME,2025-01
APP-2026-000650,2025-01-28 02:00:00,34,15720382.0,102,602,0.3781,113184849.0,24,2,Salaried,Family,Mobile,0,0.1576027865805576,505,REVIEW,HIGH_LOAN_TO_INCOME,2025-01
APP-2026-000651,2025-01-28 03:00:00,20,38285206.0,114,584,0.3582,80595735.0,12,2,Contract,Rented,Partner,1,0.1877142426219996,490,DECLINE,CONTRACT_EMPLOYMENT; RENTED_RESIDENCE,2025-01
APP-2026-000652,2025-01-28 04:00:00,36,50712724.0,74,684,0.3624,53117711.0,18,0,Salaried,Family,Branch,0,0.02459117551982822,649,APPROVE,NO_MATERIAL_ADVERSE_FACTOR,2025-01
APP-2026-000653,2025-01-28 05:00:00,37,15000386.0,40,636,0.5051,46196947.0,18,2,Salaried,Rented,Branch,1,0.19458778492168807,486,DECLINE,RENTED_RESIDENCE,2025-01
APP-2026-000654,2025-01-28 06:00:00,40,24241679.0,46,658,0.0377,46338110.0,6,3,Salaried,Rented,Mobile,1,0.08987156282263893,551,REVIEW,MULTIPLE_RECENT_INQUIRIES; RENTED_RESIDENCE,2025-01
APP-2026-000655,2025-01-28 07:00:00,29,13620234.0,73,685,0.5849,149856366.0,18,3,Contract,Rented,Mobile,0,0.38442491010821467,418,DECLINE,HIGH_LOAN_TO_INCOME; MULTIPLE_RECENT_INQUIRIES; HIGH_EXISTING_DTI,2025-01
APP-2026-000656,2025-01-28 08:00:00,22,15213570.0,55,510,0.3068,61821468.0,18,1,Salaried,Rented,Partner,0,0.2502420560044466,463,DECLINE,LOW_BUREAU_SCORE; RENTED_RESIDENCE,2025-01
APP-2026-000657,2025-01-28 09:00:00,40,12915254.0,27,605,0.2753,201923180.0,24,1,Salaried,Rented,Mobile,0,0.26996013387412593,456,DECLINE,HIGH_LOAN_TO_INCOME; RENTED_RESIDENCE,2025-01
APP-2026-000658,2025-01-28 10:00:00,22,40619423.0,128,611,0.2227,35129298.0,36,1,Salaried,Rented,Mobile,0,0.04888942086408173,598,APPROVE,RENTED_RESIDENCE,2025-01
APP-2026-000659,2025-01-28 11:00:00,39,11693806.0,39,683,0.1743,118340769.0,18,1,Contract,Owned,Mobile,0,0.11787578728530426,529,REVIEW,HIGH_LOAN_TO_INCOME; CONTRACT_EMPLOYMENT,2025-01
APP-2026-000660,2025-01-28 12:00:00,28,5660017.0,34,496,0.0984,97424088.0,24,1,Salaried,Family,Branch,0,0.18242552041053434,492,DECLINE,HIGH_LOAN_TO_INCOME; LOW_BUREAU_SCORE,2025-01
APP-2026-000661,2025-01-28 13:00:00,25,9255497.0,116,662,0.299,182430836.0,18,1,Salaried,Owned,Mobile,1,0.1601760951942061,503,REVIEW,HIGH_LOAN_TO_INCOME,2025-01
APP-2026-000662,2025-01-28 14:00:00,37,12257449.0,21,714,0.3211,66146833.0,12,1,Salaried,Family,Partner,0,0.08731486138374958,553,REVIEW,HIGH_LOAN_TO_INCOME,2025-01
APP-2026-000663,2025-01-28 15:00:00,45,18874946.0,41,595,0.3412,46937525.0,36,1,Salaried,Rented,Branch,0,0.12321823161955532,525,REVIEW,RENTED_RESIDENCE,2025-01
APP-2026-000664,2025-01-28 16:00:00,33,12590651.0,113,677,0.5016,90704859.0,36,1,Salaried,Family,Partner,0,0.11375600565711061,532,REVIEW,HIGH_LOAN_TO_INCOME,2025-01
APP-2026-000665,2025-01-28 17:00:00,32,19048416.0,14,616,0.3583,93077476.0,18,1,Salaried,Mortgage,Branch,0,0.15803741740502164,505,REVIEW,NO_MATERIAL_ADVERSE_FACTOR,2025-01
APP-2026-000666,2025-01-28 18:00:00,20,19232187.0,50,672,0.2736,61626132.0,18,1,Contract,Mortgage,Branch,0,0.11373200956980141,532,REVIEW,CONTRACT_EMPLOYMENT,2025-01
APP-2026-000667,2025-01-28 19:00:00,42,13989822.0,69,702,0.2504,56463379.0,6,0,Salaried,Rented,Branch,0,0.0698755271901603,571,APPROVE,RENTED_RESIDENCE,2025-01
APP-2026-000668,2025-01-28 20:00:00,35,24782921.0,33,661,0.1784,52625401.0,36,1,Salaried,Owned,Mobile,0,0.05084532578791743,595,APPROVE,NO_MATERIAL_ADVERSE_FACTOR,2025-01
APP-2026-000669,2025-01-28 21:00:00,32,10328369.0,78,757,0.1273,81802451.0,12,1,Salaried,Rented,Mobile,0,0.0665270706890009,574,APPROVE,HIGH_LOAN_TO_INCOME; RENTED_RESIDENCE,2025-01
APP-2026-000670,2025-01-28 22:00:00,46,9811349.0,53,576,0.2714,106916805.0,9,3,Self-employed,Owned,Mobile,1,0.27447745556212205,454,DECLINE,HIGH_LOAN_TO_INCOME; MULTIPLE_RECENT_INQUIRIES; LOW_BUREAU_SCORE,2025-01
APP-2026-000671,2025-01-28 23:00:00,20,28636176.0,30,698,0.3974,35852960.0,18,0,Salaried,Family,Branch,0,0.044184977979038344,606,APPROVE,NO_MATERIAL_ADVERSE_FACTOR,2025-01
APP-2026-000672,2025-01-29 00:00:00,30,17741691.0,77,798,0.508,68952648.0,36,0,Salaried,Rented,Mobile,0,0.057422051000713195,586,APPROVE,RENTED_RESIDENCE,2025-01
APP-2026-000673,2025-01-29 01:00:00,34,3519535.0,15,611,0.3067,49224830.0,24,1,Salaried,Owned,Mobile,0,0.13984726845441334,515,REVIEW,HIGH_LOAN_TO_INCOME,2025-01
APP-2026-000674,2025-01-29 02:00:00,32,13415776.0,7,612,0.1422,104228699.0,12,0,Self-employed,Owned,Mobile,0,0.11703715139407463,530,REVIEW,HIGH_LOAN_TO_INCOME; SHORT_EMPLOYMENT_HISTORY,2025-01
APP-2026-000675,2025-01-29 03:00:00,20,23222890.0,39,607,0.1865,35507832.0,9,0,Self-employed,Owned,Mobile,0,0.07221947517034055,568,APPROVE,NO_MATERIAL_ADVERSE_FACTOR,2025-01
APP-2026-000676,2025-01-29 04:00:00,38,38318041.0,39,562,0.1801,46261747.0,24,1,Salaried,Family,Mobile,0,0.05453366804113865,590,APPROVE,LOW_BUREAU_SCORE,2025-01
APP-2026-000677,2025-01-29 05:00:00,34,24857233.0,46,538,0.6405,34501797.0,12,3,Salaried,Rented,Mobile,0,0.32302389935184755,437,DECLINE,HIGH_EXISTING_DTI; MULTIPLE_RECENT_INQUIRIES; LOW_BUREAU_SCORE,2025-01
APP-2026-000678,2025-01-29 06:00:00,44,20472450.0,64,777,0.5377,36608621.0,6,2,Contract,Owned,Partner,0,0.10346829772081553,540,REVIEW,CONTRACT_EMPLOYMENT,2025-01
APP-2026-000679,2025-01-29 07:00:00,53,30138108.0,26,592,0.1948,85841511.0,24,0,Salaried,Owned,Mobile,0,0.06226650806909628,580,APPROVE,NO_MATERIAL_ADVERSE_FACTOR,2025-01
APP-2026-000680,2025-01-29 08:00:00,33,29823688.0,10,708,0.335,129988206.0,24,2,Salaried,Mortgage,Branch,0,0.11378415982716306,532,REVIEW,SHORT_EMPLOYMENT_HISTORY,2025-01
APP-2026-000681,2025-01-29 09:00:00,38,32158168.0,24,703,0.6404,27942411.0,24,0,Salaried,Owned,Mobile,0,0.057180664078132805,586,APPROVE,HIGH_EXISTING_DTI,2025-01
APP-2026-000682,2025-01-29 10:00:00,37,9217066.0,79,703,0.345,45407692.0,18,1,Salaried,Rented,Mobile,0,0.09800207687135845,544,REVIEW,RENTED_RESIDENCE,2025-01
APP-2026-000683,2025-01-29 11:00:00,36,16341872.0,108,512,0.4854,55835763.0,12,0,Self-employed,Rented,Partner,1,0.2561244785997006,461,DECLINE,LOW_BUREAU_SCORE; RENTED_RESIDENCE,2025-01
APP-2026-000684,2025-01-29 12:00:00,33,7514694.0,27,583,0.2215,117546785.0,6,1,Salaried,Mortgage,Branch,0,0.21791488541269324,476,DECLINE,HIGH_LOAN_TO_INCOME,2025-01
APP-2026-000685,2025-01-29 13:00:00,38,30640510.0,35,660,0.7718,169226974.0,12,2,Salaried,Family,Branch,0,0.2439549053822055,465,DECLINE,HIGH_EXISTING_DTI; HIGH_LOAN_TO_INCOME,2025-01
APP-2026-000686,2025-01-29 14:00:00,45,11866833.0,33,637,0.4462,47753566.0,24,2,Self-employed,Rented,Mobile,0,0.20881207665635082,480,DECLINE,RENTED_RESIDENCE,2025-01
APP-2026-000687,2025-01-29 15:00:00,27,9829642.0,76,646,0.2342,30081755.0,24,1,Salaried,Owned,Partner,0,0.08721485270537552,553,REVIEW,NO_MATERIAL_ADVERSE_FACTOR,2025-01
APP-2026-000688,2025-01-29 16:00:00,52,46010533.0,45,611,0.3135,42889098.0,36,3,Contract,Owned,Branch,0,0.08292051778843285,557,REVIEW,MULTIPLE_RECENT_INQUIRIES; CONTRACT_EMPLOYMENT,2025-01
APP-2026-000689,2025-01-29 17:00:00,39,9472729.0,53,544,0.2988,71554437.0,24,0,Salaried,Owned,Partner,1,0.15432726986245596,507,REVIEW,HIGH_LOAN_TO_INCOME; LOW_BUREAU_SCORE,2025-01
APP-2026-000690,2025-01-29 18:00:00,37,13718584.0,79,651,0.4349,99124454.0,36,1,Self-employed,Rented,Mobile,0,0.17397611502612192,496,REVIEW,HIGH_LOAN_TO_INCOME; RENTED_RESIDENCE,2025-01
APP-2026-000691,2025-01-29 19:00:00,20,17038450.0,74,602,0.1162,152715246.0,24,1,Self-employed,Family,Partner,1,0.1493518544863338,509,REVIEW,HIGH_LOAN_TO_INCOME,2025-01
APP-2026-000692,2025-01-29 20:00:00,34,15406530.0,12,498,0.4195,24207590.0,24,1,Self-employed,Owned,Mobile,0,0.21239653309779002,478,DECLINE,LOW_BUREAU_SCORE,2025-01
APP-2026-000693,2025-01-29 21:00:00,26,31650474.0,77,613,0.6706,123895590.0,12,0,Self-employed,Rented,Partner,1,0.24020866780687875,467,DECLINE,HIGH_EXISTING_DTI; RENTED_RESIDENCE,2025-01
APP-2026-000694,2025-01-29 22:00:00,40,23693510.0,87,556,0.1043,19188246.0,36,0,Salaried,Family,Mobile,0,0.04119294203288238,611,APPROVE,LOW_BUREAU_SCORE,2025-01
APP-2026-000695,2025-01-29 23:00:00,43,9871841.0,44,727,0.3972,13976659.0,12,0,Self-employed,Rented,Branch,0,0.08236831452660946,558,REVIEW,RENTED_RESIDENCE,2025-01
APP-2026-000696,2025-01-30 00:00:00,45,26238538.0,11,515,0.2776,44370061.0,18,3,Salaried,Owned,Mobile,0,0.17813613421496657,494,REVIEW,LOW_BUREAU_SCORE; MULTIPLE_RECENT_INQUIRIES; SHORT_EMPLOYMENT_HISTORY,2025-01
APP-2026-000697,2025-01-30 01:00:00,33,14552547.0,21,570,0.4239,54236120.0,6,0,Salaried,Rented,Mobile,0,0.18313479583878203,492,DECLINE,RENTED_RESIDENCE; LOW_BUREAU_SCORE,2025-01
APP-2026-000698,2025-01-30 02:00:00,34,12449160.0,64,658,0.7242,24253637.0,9,4,Self-employed,Mortgage,Branch,0,0.3350824885351777,433,DECLINE,MULTIPLE_RECENT_INQUIRIES; HIGH_EXISTING_DTI,2025-01
APP-2026-000699,2025-01-30 03:00:00,38,23375482.0,31,568,0.5552,56231841.0,9,1,Contract,Owned,Partner,1,0.23622617561184592,469,DECLINE,HIGH_EXISTING_DTI; CONTRACT_EMPLOYMENT; LOW_BUREAU_SCORE,2025-01
APP-2026-000700,2025-01-30 04:00:00,20,21441945.0,91,755,0.3495,278999167.0,36,3,Salaried,Rented,Mobile,1,0.25001352700248325,463,DECLINE,HIGH_LOAN_TO_INCOME; MULTIPLE_RECENT_INQUIRIES; RENTED_RESIDENCE,2025-01
APP-2026-000701,2025-01-30 05:00:00,31,18237342.0,46,629,0.3008,80645019.0,24,3,Contract,Owned,Mobile,0,0.1889466386441067,489,DECLINE,MULTIPLE_RECENT_INQUIRIES; CONTRACT_EMPLOYMENT,2025-01
APP-2026-000702,2025-01-30 06:00:00,30,10641589.0,80,631,0.1397,12804897.0,36,2,Salaried,Owned,Branch,0,0.07119220806537913,569,APPROVE,NO_MATERIAL_ADVERSE_FACTOR,2025-01
APP-2026-000703,2025-01-30 07:00:00,39,17704164.0,100,663,0.2317,80156295.0,12,3,Salaried,Family,Mobile,0,0.10037840905529305,542,REVIEW,MULTIPLE_RECENT_INQUIRIES,2025-01
APP-2026-000704,2025-01-30 08:00:00,30,8730542.0,67,811,0.6502,107847115.0,9,0,Salaried,Owned,Partner,0,0.10624063397684622,538,REVIEW,HIGH_LOAN_TO_INCOME; HIGH_EXISTING_DTI,2025-01
APP-2026-000705,2025-01-30 09:00:00,41,25530161.0,84,665,0.166,112848166.0,18,2,Salaried,Rented,Mobile,0,0.10165170212854699,541,REVIEW,RENTED_RESIDENCE,2025-01
APP-2026-000706,2025-01-30 10:00:00,33,14405922.0,52,671,0.3555,55884865.0,36,1,Self-employed,Rented,Mobile,0,0.12174787325069347,526,REVIEW,RENTED_RESIDENCE,2025-01
APP-2026-000707,2025-01-30 11:00:00,42,16038259.0,86,645,0.2942,48756843.0,6,0,Salaried,Family,Branch,0,0.060406139802876666,582,APPROVE,NO_MATERIAL_ADVERSE_FACTOR,2025-01
APP-2026-000708,2025-01-30 12:00:00,54,24573715.0,10,615,0.158,80314627.0,24,1,Salaried,Family,Mobile,0,0.0675606520257226,573,APPROVE,SHORT_EMPLOYMENT_HISTORY,2025-01
APP-2026-000709,2025-01-30 13:00:00,48,15112216.0,71,756,0.2169,53084340.0,12,1,Salaried,Mortgage,Branch,0,0.05143293057273973,594,APPROVE,NO_MATERIAL_ADVERSE_FACTOR,2025-01
APP-2026-000710,2025-01-30 14:00:00,43,21818521.0,19,684,0.6762,90999907.0,12,6,Salaried,Family,Mobile,0,0.3294311323233174,435,DECLINE,MULTIPLE_RECENT_INQUIRIES; HIGH_EXISTING_DTI,2025-01
APP-2026-000711,2025-01-30 15:00:00,45,11391038.0,44,618,0.1768,23669837.0,12,1,Contract,Owned,Partner,0,0.11454092419211825,531,REVIEW,CONTRACT_EMPLOYMENT,2025-01
APP-2026-000712,2025-01-30 16:00:00,31,19591982.0,46,557,0.3267,118528031.0,12,0,Salaried,Owned,Mobile,0,0.1486827588173322,510,REVIEW,HIGH_LOAN_TO_INCOME; LOW_BUREAU_SCORE,2025-01
APP-2026-000713,2025-01-30 17:00:00,28,27862666.0,80,650,0.3884,69971651.0,24,2,Self-employed,Rented,Partner,0,0.15826952852482698,504,REVIEW,RENTED_RESIDENCE,2025-01
APP-2026-000714,2025-01-30 18:00:00,27,6159665.0,108,640,0.3352,73940110.0,12,1,Salaried,Rented,Partner,0,0.17939868852531665,494,REVIEW,HIGH_LOAN_TO_INCOME; RENTED_RESIDENCE,2025-01
APP-2026-000715,2025-01-30 19:00:00,36,13133016.0,80,524,0.6697,110707609.0,12,0,Self-employed,Owned,Partner,1,0.34508253443606757,430,DECLINE,HIGH_LOAN_TO_INCOME; HIGH_EXISTING_DTI; LOW_BUREAU_SCORE,2025-01
APP-2026-000716,2025-01-30 20:00:00,48,17711697.0,178,549,0.2709,167450095.0,18,5,Self-employed,Owned,Mobile,1,0.35431801702864263,427,DECLINE,MULTIPLE_RECENT_INQUIRIES; HIGH_LOAN_TO_INCOME; LOW_BUREAU_SCORE,2025-01
APP-2026-000717,2025-01-30 21:00:00,28,15296304.0,94,515,0.0751,70578523.0,18,0,Salaried,Owned,Mobile,0,0.09430855942400111,547,REVIEW,LOW_BUREAU_SCORE,2025-01
APP-2026-000718,2025-01-30 22:00:00,39,21612035.0,49,681,0.1339,277113330.0,24,0,Salaried,Rented,Mobile,1,0.15389896260770014,507,REVIEW,HIGH_LOAN_TO_INCOME; RENTED_RESIDENCE,2025-01
APP-2026-000719,2025-01-30 23:00:00,23,31348730.0,24,610,0.437,143812197.0,12,2,Salaried,Owned,Mobile,0,0.191410393539777,488,DECLINE,NO_MATERIAL_ADVERSE_FACTOR,2025-01
APP-2026-000720,2025-01-31 00:00:00,24,17619645.0,120,530,0.3524,25529100.0,18,0,Self-employed,Owned,Branch,0,0.11485900633905888,531,REVIEW,LOW_BUREAU_SCORE,2025-01
APP-2026-000721,2025-01-31 01:00:00,42,21534756.0,32,566,0.1781,56859744.0,18,1,Salaried,Owned,Mobile,0,0.09420630305535234,547,REVIEW,LOW_BUREAU_SCORE,2025-01
APP-2026-000722,2025-01-31 02:00:00,28,20970065.0,70,652,0.2634,113061280.0,18,1,Contract,Owned,Mobile,0,0.12026041454870776,527,REVIEW,HIGH_LOAN_TO_INCOME; CONTRACT_EMPLOYMENT,2025-01
APP-2026-000723,2025-01-31 03:00:00,28,28902447.0,54,550,0.6382,48701527.0,12,1,Self-employed,Rented,Mobile,0,0.24760649788484362,464,DECLINE,HIGH_EXISTING_DTI; LOW_BUREAU_SCORE; RENTED_RESIDENCE,2025-01
APP-2026-000724,2025-01-31 04:00:00,52,25339114.0,32,560,0.3972,27842497.0,12,3,Salaried,Rented,Mobile,0,0.20255431136877983,483,DECLINE,MULTIPLE_RECENT_INQUIRIES; RENTED_RESIDENCE; LOW_BUREAU_SCORE,2025-01
APP-2026-000725,2025-01-31 05:00:00,35,38230724.0,58,616,0.3625,31813230.0,18,3,Self-employed,Owned,Partner,0,0.11723641735246684,530,REVIEW,MULTIPLE_RECENT_INQUIRIES,2025-01
APP-2026-000726,2025-01-31 06:00:00,34,30635072.0,87,648,0.1334,75138015.0,24,0,Salaried,Owned,Mobile,0,0.03786953295824852,617,APPROVE,NO_MATERIAL_ADVERSE_FACTOR,2025-01
APP-2026-000727,2025-01-31 07:00:00,32,12134377.0,99,560,0.3042,26729751.0,9,1,Salaried,Rented,Partner,0,0.17305608906673203,497,REVIEW,RENTED_RESIDENCE; LOW_BUREAU_SCORE,2025-01
APP-2026-000728,2025-01-31 08:00:00,38,19505854.0,77,495,0.2147,19520346.0,18,0,Salaried,Owned,Partner,1,0.10368824961151368,539,REVIEW,LOW_BUREAU_SCORE,2025-01
APP-2026-000729,2025-01-31 09:00:00,28,28664850.0,70,700,0.3479,37302858.0,12,1,Salaried,Rented,Mobile,0,0.06651284965365845,574,APPROVE,RENTED_RESIDENCE,2025-01
APP-2026-000730,2025-01-31 10:00:00,35,18209421.0,22,624,0.1784,57241611.0,24,3,Salaried,Owned,Mobile,0,0.11889831653620135,528,REVIEW,MULTIPLE_RECENT_INQUIRIES,2025-01
APP-2026-000731,2025-01-31 11:00:00,44,3726704.0,70,664,0.4685,35710032.0,18,3,Self-employed,Family,Partner,0,0.20592905916658416,481,DECLINE,HIGH_LOAN_TO_INCOME; MULTIPLE_RECENT_INQUIRIES,2025-01
APP-2026-000732,2025-01-31 12:00:00,32,45051510.0,97,619,0.426,49631197.0,24,0,Salaried,Family,Mobile,0,0.039345948804048986,614,APPROVE,NO_MATERIAL_ADVERSE_FACTOR,2025-01
APP-2026-000733,2025-01-31 13:00:00,20,21519172.0,56,610,0.1883,37881829.0,12,1,Self-employed,Family,Partner,0,0.09189141675182502,549,REVIEW,NO_MATERIAL_ADVERSE_FACTOR,2025-01
APP-2026-000734,2025-01-31 14:00:00,29,19860247.0,102,655,0.466,142511672.0,12,0,Salaried,Rented,Mobile,0,0.15364176804203153,507,REVIEW,HIGH_LOAN_TO_INCOME; RENTED_RESIDENCE,2025-01
APP-2026-000735,2025-01-31 15:00:00,41,20243595.0,18,648,0.3615,131294991.0,12,3,Salaried,Rented,Partner,0,0.2791789382790751,452,DECLINE,HIGH_LOAN_TO_INCOME; MULTIPLE_RECENT_INQUIRIES; RENTED_RESIDENCE,2025-01
APP-2026-000736,2025-01-31 16:00:00,45,10871650.0,40,660,0.2742,110872776.0,12,1,Contract,Rented,Partner,1,0.21531030256662959,477,DECLINE,HIGH_LOAN_TO_INCOME; CONTRACT_EMPLOYMENT; RENTED_RESIDENCE,2025-01
APP-2026-000737,2025-01-31 17:00:00,38,17199045.0,58,693,0.3397,57468631.0,18,1,Self-employed,Owned,Mobile,0,0.08374107132416445,556,REVIEW,NO_MATERIAL_ADVERSE_FACTOR,2025-01
APP-2026-000738,2025-01-31 18:00:00,47,13996644.0,20,577,0.1793,261294440.0,18,2,Self-employed,Rented,Mobile,1,0.42408289831926077,406,DECLINE,HIGH_LOAN_TO_INCOME; RENTED_RESIDENCE; LOW_BUREAU_SCORE,2025-01
APP-2026-000739,2025-01-31 19:00:00,25,10820845.0,73,610,0.2295,31653784.0,36,0,Salaried,Family,Mobile,0,0.0616985641854624,580,APPROVE,NO_MATERIAL_ADVERSE_FACTOR,2025-01
APP-2026-000740,2025-01-31 20:00:00,46,18366570.0,62,582,0.6292,39255526.0,18,0,Self-employed,Rented,Branch,0,0.193017282204798,487,DECLINE,HIGH_EXISTING_DTI; RENTED_RESIDENCE,2025-01
APP-2026-000741,2025-01-31 21:00:00,36,21197621.0,51,592,0.1411,48905500.0,36,2,Salaried,Owned,Branch,0,0.08372618984794902,557,REVIEW,NO_MATERIAL_ADVERSE_FACTOR,2025-01
APP-2026-000742,2025-01-31 22:00:00,41,31031370.0,98,438,0.3705,21964580.0,36,2,Salaried,Mortgage,Mobile,0,0.17344981661710346,497,REVIEW,LOW_BUREAU_SCORE,2025-01
APP-2026-000743,2025-01-31 23:00:00,20,19890675.0,35,493,0.3835,130412747.0,24,1,Contract,Rented,Mobile,1,0.38297435432304056,418,DECLINE,LOW_BUREAU_SCORE; HIGH_LOAN_TO_INCOME; CONTRACT_EMPLOYMENT,2025-01
APP-2026-000744,2025-02-01 00:00:00,42,15816803.0,22,679,0.095,111865168.0,12,3,Contract,Rented,Mobile,0,0.1873284753414493,490,DECLINE,HIGH_LOAN_TO_INCOME; MULTIPLE_RECENT_INQUIRIES; CONTRACT_EMPLOYMENT,2025-02
APP-2026-000745,2025-02-01 01:00:00,37,23477977.0,7,544,0.2289,20163319.0,12,2,Self-employed,Owned,Mobile,0,0.14072321160178275,514,REVIEW,SHORT_EMPLOYMENT_HISTORY; LOW_BUREAU_SCORE,2025-02
APP-2026-000746,2025-02-01 02:00:00,52,30698235.0,23,566,0.3919,67771204.0,36,4,Salaried,Owned,Branch,0,0.1816756844067022,492,DECLINE,MULTIPLE_RECENT_INQUIRIES; LOW_BUREAU_SCORE,2025-02
APP-2026-000747,2025-02-01 03:00:00,36,29344120.0,54,654,0.2211,43376943.0,12,2,Salaried,Owned,Branch,0,0.0648585774367548,576,APPROVE,NO_MATERIAL_ADVERSE_FACTOR,2025-02
APP-2026-000748,2025-02-01 04:00:00,26,15172741.0,24,522,0.3899,50924240.0,12,0,Contract,Rented,Partner,0,0.2810169715139902,452,DECLINE,LOW_BUREAU_SCORE; CONTRACT_EMPLOYMENT; RENTED_RESIDENCE,2025-02
APP-2026-000749,2025-02-01 05:00:00,27,18079088.0,104,768,0.2369,59181508.0,24,3,Salaried,Family,Mobile,0,0.05362007273764766,591,APPROVE,MULTIPLE_RECENT_INQUIRIES,2025-02
APP-2026-000750,2025-02-01 06:00:00,38,14718912.0,13,741,0.4558,17374437.0,18,3,Salaried,Family,Branch,0,0.091491674815056,549,REVIEW,MULTIPLE_RECENT_INQUIRIES,2025-02
APP-2026-000751,2025-02-01 07:00:00,37,55561195.0,21,471,0.412,53190231.0,12,1,Salaried,Rented,Branch,1,0.13254890224555044,519,REVIEW,LOW_BUREAU_SCORE; RENTED_RESIDENCE,2025-02
APP-2026-000752,2025-02-01 08:00:00,29,29613205.0,80,710,0.5215,158122066.0,36,0,Salaried,Rented,Mobile,0,0.1053877652831761,538,REVIEW,HIGH_LOAN_TO_INCOME; RENTED_RESIDENCE,2025-02
APP-2026-000753,2025-02-01 09:00:00,25,33694221.0,60,693,0.318,43962926.0,12,0,Salaried,Rented,Mobile,0,0.050290516131711406,596,APPROVE,RENTED_RESIDENCE,2025-02
APP-2026-000754,2025-02-01 10:00:00,48,10072366.0,33,696,0.155,88428666.0,18,2,Salaried,Rented,Mobile,0,0.11794946782188795,529,REVIEW,HIGH_LOAN_TO_INCOME; RENTED_RESIDENCE,2025-02
APP-2026-000755,2025-02-01 11:00:00,32,21161544.0,47,517,0.2729,62930205.0,12,0,Contract,Owned,Partner,0,0.17183934974969084,497,REVIEW,LOW_BUREAU_SCORE; CONTRACT_EMPLOYMENT,2025-02
APP-2026-000756,2025-02-01 12:00:00,34,37259383.0,61,605,0.867,34189343.0,12,2,Self-employed,Mortgage,Branch,0,0.2310981013006196,471,DECLINE,HIGH_EXISTING_DTI,2025-02
APP-2026-000757,2025-02-01 13:00:00,30,8694349.0,69,651,0.1622,43591250.0,12,2,Self-employed,Rented,Mobile,0,0.1423430503629673,513,REVIEW,HIGH_LOAN_TO_INCOME; RENTED_RESIDENCE,2025-02
APP-2026-000758,2025-02-01 14:00:00,47,16407862.0,21,614,0.0758,79292738.0,18,0,Self-employed,Owned,Mobile,0,0.07660743257120776,563,APPROVE,NO_MATERIAL_ADVERSE_FACTOR,2025-02
APP-2026-000759,2025-02-01 15:00:00,44,6051517.0,69,654,0.1689,61157615.0,24,0,Salaried,Rented,Partner,0,0.09751199769401084,544,REVIEW,HIGH_LOAN_TO_INCOME; RENTED_RESIDENCE,2025-02
APP-2026-000760,2025-02-01 16:00:00,25,90102497.0,24,632,0.2247,53666179.0,24,2,Self-employed,Mortgage,Branch,0,0.02592525919015065,645,APPROVE,NO_MATERIAL_ADVERSE_FACTOR,2025-02
APP-2026-000761,2025-02-01 17:00:00,34,19710226.0,65,716,0.459,92155489.0,24,0,Salaried,Owned,Partner,1,0.0797929297925745,560,APPROVE,NO_MATERIAL_ADVERSE_FACTOR,2025-02
APP-2026-000762,2025-02-01 18:00:00,26,13138121.0,35,508,0.2741,52481366.0,12,3,Self-employed,Rented,Mobile,0,0.3518452523620345,428,DECLINE,LOW_BUREAU_SCORE; MULTIPLE_RECENT_INQUIRIES; RENTED_RESIDENCE,2025-02
APP-2026-000763,2025-02-01 19:00:00,51,28371034.0,129,690,0.4578,28382999.0,36,1,Salaried,Owned,Partner,1,0.050327459627944014,596,APPROVE,NO_MATERIAL_ADVERSE_FACTOR,2025-02
APP-2026-000764,2025-02-01 20:00:00,38,14003673.0,25,692,0.4262,72669381.0,12,1,Self-employed,Rented,Mobile,0,0.15826049265506423,504,REVIEW,HIGH_LOAN_TO_INCOME; RENTED_RESIDENCE,2025-02
APP-2026-000765,2025-02-01 21:00:00,32,24852646.0,74,739,0.1439,65981373.0,12,4,Self-employed,Family,Mobile,0,0.07509935997122501,565,APPROVE,MULTIPLE_RECENT_INQUIRIES,2025-02
APP-2026-000766,2025-02-01 22:00:00,31,13508628.0,45,482,0.416,70875606.0,18,2,Contract,Rented,Mobile,1,0.4157975084551552,408,DECLINE,LOW_BUREAU_SCORE; HIGH_LOAN_TO_INCOME; CONTRACT_EMPLOYMENT,2025-02
APP-2026-000767,2025-02-01 23:00:00,39,32643134.0,46,489,0.4842,54517989.0,12,3,Self-employed,Owned,Partner,0,0.30004741378352734,445,DECLINE,LOW_BUREAU_SCORE; MULTIPLE_RECENT_INQUIRIES,2025-02
APP-2026-000768,2025-02-02 00:00:00,32,12167033.0,82,574,0.2236,94068623.0,24,1,Contract,Owned,Mobile,1,0.16458779239987456,501,REVIEW,HIGH_LOAN_TO_INCOME; CONTRACT_EMPLOYMENT; LOW_BUREAU_SCORE,2025-02
APP-2026-000769,2025-02-02 01:00:00,48,18930874.0,24,679,0.2613,48128750.0,6,3,Salaried,Owned,Mobile,0,0.10369792286620458,539,REVIEW,MULTIPLE_RECENT_INQUIRIES,2025-02
APP-2026-000770,2025-02-02 02:00:00,26,10003629.0,137,579,0.5924,24731851.0,18,2,Salaried,Rented,Branch,0,0.24043183949324262,467,DECLINE,HIGH_EXISTING_DTI; RENTED_RESIDENCE; LOW_BUREAU_SCORE,2025-02
APP-2026-000771,2025-02-02 03:00:00,23,19105986.0,133,753,0.228,45117861.0,6,1,Salaried,Rented,Mobile,0,0.05099424534659058,595,APPROVE,RENTED_RESIDENCE,2025-02
APP-2026-000772,2025-02-02 04:00:00,47,16386961.0,89,549,0.5831,128644254.0,36,2,Salaried,Family,Branch,0,0.2554716710938421,461,DECLINE,HIGH_LOAN_TO_INCOME; HIGH_EXISTING_DTI; LOW_BUREAU_SCORE,2025-02
APP-2026-000773,2025-02-02 05:00:00,31,8759271.0,33,668,0.2638,66263321.0,24,2,Salaried,Rented,Mobile,0,0.14997355707974402,509,REVIEW,HIGH_LOAN_TO_INCOME; RENTED_RESIDENCE,2025-02
APP-2026-000774,2025-02-02 06:00:00,47,46955519.0,99,647,0.181,38238469.0,9,3,Salaried,Rented,Mobile,0,0.05801463840177862,585,APPROVE,MULTIPLE_RECENT_INQUIRIES; RENTED_RESIDENCE,2025-02
APP-2026-000775,2025-02-02 07:00:00,42,15655352.0,53,705,0.5189,91459197.0,12,0,Contract,Owned,Mobile,0,0.11857275220699767,529,REVIEW,HIGH_LOAN_TO_INCOME; CONTRACT_EMPLOYMENT,2025-02
APP-2026-000776,2025-02-02 08:00:00,22,17375151.0,20,653,0.4144,47374583.0,24,0,Self-employed,Owned,Mobile,0,0.09738469406710196,545,REVIEW,NO_MATERIAL_ADVERSE_FACTOR,2025-02
APP-2026-000777,2025-02-02 09:00:00,29,29146450.0,91,580,0.2856,40436149.0,12,1,Salaried,Family,Mobile,0,0.0706718910434371,570,APPROVE,NO_MATERIAL_ADVERSE_FACTOR,2025-02
APP-2026-000778,2025-02-02 10:00:00,35,10342500.0,140,456,0.2776,19556158.0,18,2,Contract,Family,Partner,1,0.2437471099159864,466,DECLINE,LOW_BUREAU_SCORE; CONTRACT_EMPLOYMENT,2025-02
APP-2026-000779,2025-02-02 11:00:00,32,9630303.0,54,621,0.0844,13038067.0,24,1,Self-employed,Owned,Partner,0,0.08472322269442135,556,REVIEW,NO_MATERIAL_ADVERSE_FACTOR,2025-02
APP-2026-000780,2025-02-02 12:00:00,37,12159881.0,63,769,0.2551,40948746.0,18,0,Salaried,Mortgage,Partner,0,0.04946580402728205,597,APPROVE,NO_MATERIAL_ADVERSE_FACTOR,2025-02
APP-2026-000781,2025-02-02 13:00:00,29,31354836.0,36,589,0.3484,46100720.0,12,1,Contract,Family,Partner,0,0.11984727702346565,528,REVIEW,CONTRACT_EMPLOYMENT,2025-02
APP-2026-000782,2025-02-02 14:00:00,34,10202211.0,89,622,0.0415,18198708.0,12,3,Salaried,Rented,Branch,0,0.11552922111385122,531,REVIEW,MULTIPLE_RECENT_INQUIRIES; RENTED_RESIDENCE,2025-02
APP-2026-000783,2025-02-02 15:00:00,43,72704254.0,52,694,0.2778,94109580.0,24,1,Salaried,Owned,Mobile,0,0.020149899708672748,664,APPROVE,NO_MATERIAL_ADVERSE_FACTOR,2025-02
APP-2026-000784,2025-02-02 16:00:00,46,19960979.0,72,555,0.0789,80810733.0,36,2,Salaried,Owned,Mobile,0,0.10012067285500655,542,REVIEW,LOW_BUREAU_SCORE,2025-02
APP-2026-000785,2025-02-02 17:00:00,27,21574180.0,19,642,0.5543,116531000.0,24,5,Salaried,Mortgage,Mobile,0,0.3737472068709634,421,DECLINE,MULTIPLE_RECENT_INQUIRIES; HIGH_EXISTING_DTI; HIGH_LOAN_TO_INCOME,2025-02
APP-2026-000786,2025-02-02 18:00:00,32,22824458.0,39,689,0.258,26278246.0,12,1,Self-employed,Rented,Mobile,0,0.0803092107073303,560,REVIEW,RENTED_RESIDENCE,2025-02
APP-2026-000787,2025-02-02 19:00:00,33,12443031.0,52,586,0.3355,60769671.0,24,1,Salaried,Family,Partner,0,0.1378972957206815,516,REVIEW,NO_MATERIAL_ADVERSE_FACTOR,2025-02
APP-2026-000788,2025-02-02 20:00:00,22,17268956.0,24,675,0.5721,114656014.0,12,1,Self-employed,Family,Mobile,0,0.18291972927831687,492,DECLINE,HIGH_LOAN_TO_INCOME; HIGH_EXISTING_DTI,2025-02
APP-2026-000789,2025-02-02 21:00:00,43,12627149.0,18,640,0.1803,27617188.0,18,3,Salaried,Rented,Mobile,0,0.14140710100183784,514,REVIEW,MULTIPLE_RECENT_INQUIRIES; RENTED_RESIDENCE,2025-02
APP-2026-000790,2025-02-02 22:00:00,40,16720288.0,30,624,0.1501,55942547.0,12,0,Contract,Owned,Partner,0,0.09523072377986964,546,REVIEW,CONTRACT_EMPLOYMENT,2025-02
APP-2026-000791,2025-02-02 23:00:00,39,15471733.0,48,698,0.4066,92485743.0,18,1,Salaried,Mortgage,Mobile,0,0.11604871778504944,530,REVIEW,HIGH_LOAN_TO_INCOME,2025-02
APP-2026-000792,2025-02-03 00:00:00,33,38469061.0,28,450,0.3204,50840155.0,12,0,Salaried,Family,Partner,1,0.12121159581725012,527,REVIEW,LOW_BUREAU_SCORE,2025-02
APP-2026-000793,2025-02-03 01:00:00,42,19665089.0,35,620,0.5069,136350187.0,24,0,Salaried,Rented,Mobile,0,0.189249224199719,489,DECLINE,HIGH_LOAN_TO_INCOME; RENTED_RESIDENCE,2025-02
APP-2026-000794,2025-02-03 02:00:00,43,17852383.0,42,717,0.325,81293307.0,12,2,Self-employed,Rented,Mobile,0,0.13481706220672457,518,REVIEW,RENTED_RESIDENCE,2025-02
APP-2026-000795,2025-02-03 03:00:00,45,16138913.0,60,704,0.3004,50648652.0,24,2,Salaried,Rented,Mobile,0,0.09572655672769992,546,REVIEW,RENTED_RESIDENCE,2025-02
APP-2026-000796,2025-02-03 04:00:00,33,11740047.0,39,642,0.2709,33722737.0,24,0,Salaried,Rented,Mobile,0,0.08943297049327852,551,REVIEW,RENTED_RESIDENCE,2025-02
APP-2026-000797,2025-02-03 05:00:00,38,10611204.0,29,702,0.3195,65724689.0,12,0,Salaried,Family,Mobile,0,0.06605507068849979,575,APPROVE,HIGH_LOAN_TO_INCOME,2025-02
APP-2026-000798,2025-02-03 06:00:00,31,15643736.0,31,732,0.3291,25525474.0,6,1,Salaried,Owned,Mobile,0,0.06015545214353252,582,APPROVE,NO_MATERIAL_ADVERSE_FACTOR,2025-02
APP-2026-000799,2025-02-03 07:00:00,32,34696525.0,124,570,0.2538,51312101.0,18,0,Salaried,Mortgage,Mobile,0,0.061012986483834276,581,APPROVE,LOW_BUREAU_SCORE,2025-02
APP-2026-000800,2025-02-03 08:00:00,43,23014758.0,63,718,0.2528,49411341.0,6,2,Salaried,Mortgage,Mobile,0,0.07020906793019903,570,APPROVE,NO_MATERIAL_ADVERSE_FACTOR,2025-02
APP-2026-000801,2025-02-03 09:00:00,35,12540283.0,121,621,0.5645,30135087.0,6,0,Contract,Owned,Partner,0,0.15405715196230318,507,REVIEW,HIGH_EXISTING_DTI; CONTRACT_EMPLOYMENT,2025-02
APP-2026-000802,2025-02-03 10:00:00,33,11470998.0,54,683,0.2029,144265656.0,36,1,Salaried,Rented,Mobile,0,0.1293328037022228,521,REVIEW,HIGH_LOAN_TO_INCOME; RENTED_RESIDENCE,2025-02
APP-2026-000803,2025-02-03 11:00:00,40,14871632.0,26,581,0.2194,114918323.0,18,1,Salaried,Family,Partner,0,0.1538390204466223,507,REVIEW,HIGH_LOAN_TO_INCOME,2025-02
APP-2026-000804,2025-02-03 12:00:00,40,30782968.0,44,667,0.4254,74005738.0,24,1,Self-employed,Owned,Partner,1,0.0977215026393053,544,REVIEW,NO_MATERIAL_ADVERSE_FACTOR,2025-02
APP-2026-000805,2025-02-03 13:00:00,28,30397413.0,34,500,0.1308,15915929.0,12,1,Self-employed,Family,Mobile,0,0.09052140219940222,550,REVIEW,LOW_BUREAU_SCORE,2025-02
APP-2026-000806,2025-02-03 14:00:00,29,14138376.0,59,554,0.2737,30264299.0,36,1,Contract,Rented,Branch,0,0.1745976972438197,496,REVIEW,CONTRACT_EMPLOYMENT; LOW_BUREAU_SCORE; RENTED_RESIDENCE,2025-02
APP-2026-000807,2025-02-03 15:00:00,41,12543435.0,34,648,0.253,56397136.0,18,2,Salaried,Mortgage,Branch,1,0.1281896712177743,522,REVIEW,NO_MATERIAL_ADVERSE_FACTOR,2025-02
APP-2026-000808,2025-02-03 16:00:00,39,22826053.0,56,800,0.4376,67942526.0,6,1,Salaried,Owned,Mobile,0,0.05026753861876929,596,APPROVE,NO_MATERIAL_ADVERSE_FACTOR,2025-02
APP-2026-000809,2025-02-03 17:00:00,33,11520180.0,57,647,0.1584,81912030.0,24,1,Self-employed,Rented,Branch,1,0.12767359847710144,523,REVIEW,HIGH_LOAN_TO_INCOME; RENTED_RESIDENCE,2025-02
APP-2026-000810,2025-02-03 18:00:00,45,15256079.0,159,724,0.2831,14688711.0,18,0,Salaried,Family,Partner,0,0.031616504345921934,631,APPROVE,NO_MATERIAL_ADVERSE_FACTOR,2025-02
APP-2026-000811,2025-02-03 19:00:00,34,41913149.0,56,666,0.2964,84709972.0,12,2,Salaried,Rented,Mobile,0,0.08346850894917864,557,REVIEW,RENTED_RESIDENCE,2025-02
APP-2026-000812,2025-02-03 20:00:00,20,12343693.0,101,640,0.1803,83976699.0,12,0,Salaried,Family,Mobile,0,0.06829166750892664,572,APPROVE,HIGH_LOAN_TO_INCOME,2025-02
APP-2026-000813,2025-02-03 21:00:00,27,18606767.0,35,662,0.3252,92012588.0,12,1,Self-employed,Mortgage,Mobile,0,0.1426939368560483,513,REVIEW,NO_MATERIAL_ADVERSE_FACTOR,2025-02
APP-2026-000814,2025-02-03 22:00:00,21,17298594.0,76,567,0.2456,76666475.0,12,0,Self-employed,Owned,Branch,0,0.12177090064867198,526,REVIEW,LOW_BUREAU_SCORE,2025-02
APP-2026-000815,2025-02-03 23:00:00,45,28680150.0,25,465,0.2202,34235014.0,24,1,Self-employed,Mortgage,Mobile,0,0.15812773416581233,505,REVIEW,LOW_BUREAU_SCORE,2025-02
APP-2026-000816,2025-02-04 00:00:00,39,19957922.0,51,759,0.0128,72543282.0,12,1,Contract,Rented,Partner,0,0.06332024499537955,578,APPROVE,CONTRACT_EMPLOYMENT; RENTED_RESIDENCE,2025-02
APP-2026-000817,2025-02-04 01:00:00,36,8078254.0,59,548,0.277,21900354.0,24,2,Contract,Mortgage,Mobile,0,0.22216729394797094,474,DECLINE,CONTRACT_EMPLOYMENT; LOW_BUREAU_SCORE,2025-02
APP-2026-000818,2025-02-04 02:00:00,20,9844570.0,55,730,0.1523,57808981.0,24,2,Salaried,Owned,Mobile,0,0.06831506327362938,572,APPROVE,HIGH_LOAN_TO_INCOME,2025-02
APP-2026-000819,2025-02-04 03:00:00,21,23627865.0,127,602,0.3422,50861561.0,9,1,Salaried,Rented,Mobile,1,0.11520167944587126,531,REVIEW,RENTED_RESIDENCE,2025-02
APP-2026-000820,2025-02-04 04:00:00,33,16872579.0,114,598,0.0401,16659732.0,12,0,Salaried,Rented,Mobile,0,0.05602636620781991,588,APPROVE,RENTED_RESIDENCE,2025-02
APP-2026-000821,2025-02-04 05:00:00,20,13364678.0,49,547,0.3818,76415411.0,12,2,Self-employed,Rented,Mobile,0,0.32573937349038,436,DECLINE,HIGH_LOAN_TO_INCOME; LOW_BUREAU_SCORE; RENTED_RESIDENCE,2025-02
APP-2026-000822,2025-02-04 06:00:00,43,8334986.0,18,560,0.1888,40465775.0,6,2,Salaried,Rented,Partner,1,0.2303141314294328,471,DECLINE,RENTED_RESIDENCE; LOW_BUREAU_SCORE,2025-02
APP-2026-000823,2025-02-04 07:00:00,34,20061221.0,62,542,0.3273,49602208.0,18,1,Salaried,Mortgage,Branch,0,0.14941185859337616,509,REVIEW,LOW_BUREAU_SCORE,2025-02
APP-2026-000824,2025-02-04 08:00:00,33,13544335.0,37,679,0.0208,39255209.0,18,0,Salaried,Owned,Mobile,0,0.038986679562203905,615,APPROVE,NO_MATERIAL_ADVERSE_FACTOR,2025-02
APP-2026-000825,2025-02-04 09:00:00,34,25394420.0,16,672,0.1701,67631056.0,24,1,Salaried,Rented,Partner,0,0.08478190544661157,556,REVIEW,RENTED_RESIDENCE,2025-02
APP-2026-000826,2025-02-04 10:00:00,26,20667988.0,12,545,0.473,74467352.0,18,2,Salaried,Rented,Partner,0,0.32273827013408746,437,DECLINE,LOW_BUREAU_SCORE; RENTED_RESIDENCE,2025-02
APP-2026-000827,2025-02-04 11:00:00,25,10609632.0,51,727,0.1671,132954766.0,24,3,Self-employed,Owned,Branch,0,0.1424541346080635,513,REVIEW,HIGH_LOAN_TO_INCOME; MULTIPLE_RECENT_INQUIRIES,2025-02
APP-2026-000828,2025-02-04 12:00:00,20,8730505.0,13,624,0.7296,15792906.0,12,1,Self-employed,Rented,Mobile,1,0.29550017705751885,447,DECLINE,HIGH_EXISTING_DTI; RENTED_RESIDENCE,2025-02
APP-2026-000829,2025-02-04 13:00:00,35,12793072.0,76,621,0.5066,42883743.0,12,2,Salaried,Rented,Mobile,1,0.20633547469264144,481,DECLINE,RENTED_RESIDENCE,2025-02
APP-2026-000830,2025-02-04 14:00:00,38,21122679.0,42,537,0.2794,52728895.0,18,0,Salaried,Owned,Partner,0,0.11568870579787968,531,REVIEW,LOW_BUREAU_SCORE,2025-02
APP-2026-000831,2025-02-04 15:00:00,32,25311538.0,37,669,0.6776,61675357.0,12,0,Salaried,Rented,Partner,0,0.1539347467728328,507,REVIEW,HIGH_EXISTING_DTI; RENTED_RESIDENCE,2025-02
APP-2026-000832,2025-02-04 16:00:00,32,6050130.0,84,690,0.3182,247826660.0,24,2,Salaried,Rented,Partner,0,0.3444363926465702,430,DECLINE,HIGH_LOAN_TO_INCOME; RENTED_RESIDENCE,2025-02
APP-2026-000833,2025-02-04 17:00:00,26,36330410.0,68,691,0.0691,35048391.0,36,1,Contract,Rented,Partner,0,0.04757244405485757,600,APPROVE,CONTRACT_EMPLOYMENT; RENTED_RESIDENCE,2025-02
APP-2026-000834,2025-02-04 18:00:00,37,19929270.0,22,506,0.4127,61465798.0,24,1,Contract,Mortgage,Mobile,1,0.26387051787550087,458,DECLINE,LOW_BUREAU_SCORE; CONTRACT_EMPLOYMENT,2025-02
APP-2026-000835,2025-02-04 19:00:00,20,14481518.0,46,692,0.3905,59178753.0,18,2,Salaried,Family,Partner,0,0.11853526931973028,529,REVIEW,NO_MATERIAL_ADVERSE_FACTOR,2025-02
APP-2026-000836,2025-02-04 20:00:00,25,5934502.0,19,752,0.4393,110125311.0,12,1,Contract,Mortgage,Mobile,1,0.18584891484381644,490,DECLINE,HIGH_LOAN_TO_INCOME; CONTRACT_EMPLOYMENT,2025-02
APP-2026-000837,2025-02-04 21:00:00,29,9828997.0,72,623,0.0969,94857893.0,6,1,Salaried,Rented,Branch,1,0.13408221967182726,518,REVIEW,HIGH_LOAN_TO_INCOME; RENTED_RESIDENCE,2025-02
APP-2026-000838,2025-02-04 22:00:00,30,32461652.0,98,711,0.122,19065134.0,12,2,Salaried,Mortgage,Partner,0,0.043493604469879946,607,APPROVE,NO_MATERIAL_ADVERSE_FACTOR,2025-02
APP-2026-000839,2025-02-04 23:00:00,36,17859196.0,44,524,0.3737,166901139.0,36,1,Self-employed,Rented,Mobile,0,0.34044233440738453,432,DECLINE,HIGH_LOAN_TO_INCOME; LOW_BUREAU_SCORE; RENTED_RESIDENCE,2025-02
APP-2026-000840,2025-02-05 00:00:00,33,18155194.0,43,604,0.4338,20752356.0,24,2,Salaried,Rented,Partner,0,0.18499923276748526,491,DECLINE,RENTED_RESIDENCE,2025-02
APP-2026-000841,2025-02-05 01:00:00,36,14309323.0,77,645,0.2117,53615931.0,24,3,Self-employed,Family,Partner,0,0.13120123201102665,520,REVIEW,MULTIPLE_RECENT_INQUIRIES,2025-02
APP-2026-000842,2025-02-05 02:00:00,46,13144566.0,42,743,0.247,55277610.0,9,0,Self-employed,Family,Partner,0,0.055460043937898294,588,APPROVE,NO_MATERIAL_ADVERSE_FACTOR,2025-02
APP-2026-000843,2025-02-05 03:00:00,47,14363278.0,14,623,0.092,84112939.0,24,1,Salaried,Rented,Mobile,0,0.10934678731948784,535,REVIEW,HIGH_LOAN_TO_INCOME; RENTED_RESIDENCE,2025-02
APP-2026-000844,2025-02-05 04:00:00,40,27945170.0,46,557,0.124,63351318.0,18,0,Salaried,Owned,Partner,0,0.0733879112605822,567,APPROVE,LOW_BUREAU_SCORE,2025-02
APP-2026-000845,2025-02-05 05:00:00,46,27474164.0,12,524,0.3327,29231884.0,36,0,Salaried,Family,Branch,0,0.07711775679616194,563,APPROVE,LOW_BUREAU_SCORE,2025-02
APP-2026-000846,2025-02-05 06:00:00,50,24377977.0,134,588,0.2341,66571424.0,12,0,Salaried,Rented,Mobile,1,0.07847632648994504,562,APPROVE,RENTED_RESIDENCE,2025-02
APP-2026-000847,2025-02-05 07:00:00,38,15160028.0,19,666,0.0216,27685160.0,6,3,Salaried,Rented,Partner,0,0.11537106962397436,531,REVIEW,MULTIPLE_RECENT_INQUIRIES; RENTED_RESIDENCE,2025-02
APP-2026-000848,2025-02-05 08:00:00,22,21464926.0,20,702,0.1242,203809821.0,9,0,Salaried,Owned,Branch,0,0.09182352652491502,549,REVIEW,HIGH_LOAN_TO_INCOME,2025-02
APP-2026-000849,2025-02-05 09:00:00,43,40380715.0,91,595,0.4171,91182861.0,12,3,Salaried,Owned,Branch,0,0.1269912895983933,523,REVIEW,MULTIPLE_RECENT_INQUIRIES,2025-02
APP-2026-000850,2025-02-05 10:00:00,25,27869589.0,30,544,0.3094,17422661.0,12,4,Self-employed,Owned,Mobile,0,0.20673710342386817,481,DECLINE,MULTIPLE_RECENT_INQUIRIES; LOW_BUREAU_SCORE,2025-02
APP-2026-000851,2025-02-05 11:00:00,51,36368341.0,16,790,0.4877,68464543.0,18,1,Salaried,Owned,Mobile,0,0.040657210952735355,612,APPROVE,NO_MATERIAL_ADVERSE_FACTOR,2025-02
APP-2026-000852,2025-02-05 12:00:00,50,8158677.0,72,689,0.7454,13222933.0,18,3,Self-employed,Mortgage,Mobile,0,0.24457523596892666,465,DECLINE,HIGH_EXISTING_DTI; MULTIPLE_RECENT_INQUIRIES,2025-02
APP-2026-000853,2025-02-05 13:00:00,30,5950353.0,86,620,0.1243,44184875.0,9,2,Salaried,Owned,Mobile,0,0.10861428791347397,536,REVIEW,HIGH_LOAN_TO_INCOME,2025-02
APP-2026-000854,2025-02-05 14:00:00,25,27014953.0,88,625,0.2759,109445222.0,24,0,Contract,Owned,Mobile,0,0.0915777574665896,549,REVIEW,CONTRACT_EMPLOYMENT,2025-02
APP-2026-000855,2025-02-05 15:00:00,28,16128532.0,28,689,0.1363,35702007.0,24,3,Salaried,Rented,Branch,0,0.10271186613862712,540,REVIEW,MULTIPLE_RECENT_INQUIRIES; RENTED_RESIDENCE,2025-02
APP-2026-000856,2025-02-05 16:00:00,34,2426559.0,23,559,0.526,13359718.0,9,0,Salaried,Rented,Branch,0,0.23105815983369715,471,DECLINE,HIGH_LOAN_TO_INCOME; LOW_BUREAU_SCORE; RENTED_RESIDENCE,2025-02
APP-2026-000857,2025-02-05 17:00:00,46,26447370.0,14,607,0.5789,51875051.0,24,2,Self-employed,Rented,Mobile,1,0.2224346586418715,474,DECLINE,HIGH_EXISTING_DTI; RENTED_RESIDENCE,2025-02
APP-2026-000858,2025-02-05 18:00:00,23,32025963.0,78,598,0.5683,21288561.0,36,3,Salaried,Family,Mobile,0,0.12066720021346553,527,REVIEW,MULTIPLE_RECENT_INQUIRIES; HIGH_EXISTING_DTI,2025-02
APP-2026-000859,2025-02-05 19:00:00,42,20904125.0,15,526,0.734,62048682.0,9,0,Salaried,Rented,Mobile,0,0.29216677476507225,448,DECLINE,HIGH_EXISTING_DTI; LOW_BUREAU_SCORE; RENTED_RESIDENCE,2025-02
APP-2026-000860,2025-02-05 20:00:00,20,18890236.0,77,542,0.0919,69654266.0,24,0,Salaried,Owned,Branch,0,0.08106598393054362,559,REVIEW,LOW_BUREAU_SCORE,2025-02
APP-2026-000861,2025-02-05 21:00:00,45,7569901.0,42,609,0.3266,43281189.0,18,0,Salaried,Rented,Mobile,0,0.12807911441203632,522,REVIEW,HIGH_LOAN_TO_INCOME; RENTED_RESIDENCE,2025-02
APP-2026-000862,2025-02-05 22:00:00,34,31674295.0,28,662,0.5434,28118255.0,18,1,Salaried,Owned,Mobile,0,0.07699104032331452,563,APPROVE,NO_MATERIAL_ADVERSE_FACTOR,2025-02
APP-2026-000863,2025-02-05 23:00:00,36,69926207.0,108,580,0.3281,57985157.0,12,2,Contract,Rented,Branch,0,0.06822773092621517,572,APPROVE,CONTRACT_EMPLOYMENT; RENTED_RESIDENCE,2025-02
APP-2026-000864,2025-02-06 00:00:00,33,72730033.0,14,634,0.1732,27002037.0,12,4,Salaried,Family,Branch,0,0.03353336846155215,626,APPROVE,MULTIPLE_RECENT_INQUIRIES,2025-02
APP-2026-000865,2025-02-06 01:00:00,43,17937040.0,135,667,0.1404,35224673.0,24,0,Self-employed,Rented,Partner,0,0.05914009628002197,583,APPROVE,RENTED_RESIDENCE,2025-02
APP-2026-000866,2025-02-06 02:00:00,38,19044727.0,31,698,0.0848,43600581.0,6,0,Salaried,Family,Mobile,0,0.03422930150955206,625,APPROVE,NO_MATERIAL_ADVERSE_FACTOR,2025-02
APP-2026-000867,2025-02-06 03:00:00,50,27000166.0,55,666,0.3152,39609803.0,18,4,Salaried,Owned,Mobile,0,0.1024615984653224,540,REVIEW,MULTIPLE_RECENT_INQUIRIES,2025-02
APP-2026-000868,2025-02-06 04:00:00,20,9308633.0,98,684,0.2984,28380421.0,18,2,Self-employed,Rented,Branch,1,0.13182818775098357,520,REVIEW,RENTED_RESIDENCE,2025-02
APP-2026-000869,2025-02-06 05:00:00,26,13026972.0,56,660,0.2765,38823175.0,12,0,Salaried,Owned,Mobile,0,0.06696541662905957,574,APPROVE,NO_MATERIAL_ADVERSE_FACTOR,2025-02
APP-2026-000870,2025-02-06 06:00:00,22,25847343.0,128,633,0.3795,89486755.0,18,1,Salaried,Family,Partner,0,0.09375904459610088,548,REVIEW,NO_MATERIAL_ADVERSE_FACTOR,2025-02
APP-2026-000871,2025-02-06 07:00:00,41,20515215.0,91,611,0.4345,30346023.0,18,3,Salaried,Owned,Mobile,0,0.13652513460370133,517,REVIEW,MULTIPLE_RECENT_INQUIRIES,2025-02
APP-2026-000872,2025-02-06 08:00:00,20,13089793.0,40,539,0.2759,84331974.0,24,0,Self-employed,Rented,Mobile,0,0.20986343129443247,480,DECLINE,HIGH_LOAN_TO_INCOME; LOW_BUREAU_SCORE; RENTED_RESIDENCE,2025-02
APP-2026-000873,2025-02-06 09:00:00,56,16694010.0,102,679,0.4081,100830962.0,6,1,Salaried,Mortgage,Mobile,0,0.1151163703489853,531,REVIEW,HIGH_LOAN_TO_INCOME,2025-02
APP-2026-000874,2025-02-06 10:00:00,35,9009814.0,69,589,0.571,48581658.0,12,1,Contract,Rented,Branch,0,0.2927201152940496,448,DECLINE,HIGH_EXISTING_DTI; HIGH_LOAN_TO_INCOME; CONTRACT_EMPLOYMENT,2025-02
APP-2026-000875,2025-02-06 11:00:00,45,14165635.0,112,554,0.286,84599064.0,24,1,Salaried,Owned,Mobile,0,0.12938828501927327,521,REVIEW,HIGH_LOAN_TO_INCOME; LOW_BUREAU_SCORE,2025-02
APP-2026-000876,2025-02-06 12:00:00,26,32637337.0,69,648,0.4546,56242082.0,12,1,Salaried,Family,Mobile,0,0.07152871045597253,569,APPROVE,NO_MATERIAL_ADVERSE_FACTOR,2025-02
APP-2026-000877,2025-02-06 13:00:00,36,12421992.0,58,627,0.2891,24653852.0,36,1,Self-employed,Owned,Mobile,0,0.09079003448741081,550,REVIEW,NO_MATERIAL_ADVERSE_FACTOR,2025-02
APP-2026-000878,2025-02-06 14:00:00,40,11762798.0,52,769,0.292,35408041.0,24,1,Salaried,Rented,Mobile,0,0.06008436551714473,582,APPROVE,RENTED_RESIDENCE,2025-02
APP-2026-000879,2025-02-06 15:00:00,28,13880488.0,74,614,0.2408,120511861.0,12,6,Salaried,Family,Mobile,0,0.30544736410554374,443,DECLINE,MULTIPLE_RECENT_INQUIRIES; HIGH_LOAN_TO_INCOME,2025-02
APP-2026-000880,2025-02-06 16:00:00,32,9094140.0,32,698,0.256,36204459.0,36,1,Contract,Rented,Branch,0,0.10851798206777699,536,REVIEW,CONTRACT_EMPLOYMENT; RENTED_RESIDENCE,2025-02
APP-2026-000881,2025-02-06 17:00:00,48,25395567.0,123,693,0.3786,38872079.0,24,0,Salaried,Owned,Mobile,0,0.03769142575752851,618,APPROVE,NO_MATERIAL_ADVERSE_FACTOR,2025-02
APP-2026-000882,2025-02-06 18:00:00,46,7508673.0,111,577,0.209,91706242.0,36,1,Salaried,Owned,Partner,0,0.13356091028123096,519,REVIEW,HIGH_LOAN_TO_INCOME; LOW_BUREAU_SCORE,2025-02
APP-2026-000883,2025-02-06 19:00:00,40,10462022.0,56,694,0.5448,42209142.0,12,0,Salaried,Family,Mobile,0,0.08232728483736314,558,REVIEW,NO_MATERIAL_ADVERSE_FACTOR,2025-02
APP-2026-000884,2025-02-06 20:00:00,52,20133472.0,57,562,0.3714,83506419.0,18,1,Self-employed,Mortgage,Mobile,1,0.18550924332858823,491,DECLINE,LOW_BUREAU_SCORE,2025-02
APP-2026-000885,2025-02-06 21:00:00,20,5801727.0,50,601,0.1934,20195582.0,12,0,Salaried,Owned,Partner,0,0.09877951181615137,543,REVIEW,NO_MATERIAL_ADVERSE_FACTOR,2025-02
APP-2026-000886,2025-02-06 22:00:00,37,40566778.0,104,589,0.3938,160824532.0,36,1,Self-employed,Owned,Mobile,1,0.11958694323489114,528,REVIEW,NO_MATERIAL_ADVERSE_FACTOR,2025-02
APP-2026-000887,2025-02-06 23:00:00,31,36577028.0,32,640,0.6505,121291073.0,12,1,Self-employed,Mortgage,Mobile,0,0.19612083818205578,486,DECLINE,HIGH_EXISTING_DTI,2025-02
APP-2026-000888,2025-02-07 00:00:00,47,18020761.0,64,514,0.4936,27585778.0,36,0,Self-employed,Rented,Mobile,1,0.18318109204849983,492,DECLINE,LOW_BUREAU_SCORE; RENTED_RESIDENCE,2025-02
APP-2026-000889,2025-02-07 01:00:00,44,34939663.0,47,763,0.2565,179925622.0,12,1,Salaried,Rented,Mobile,0,0.07587473997490891,564,APPROVE,HIGH_LOAN_TO_INCOME; RENTED_RESIDENCE,2025-02
APP-2026-000890,2025-02-07 02:00:00,45,20789391.0,68,666,0.3656,60423730.0,18,2,Salaried,Mortgage,Branch,0,0.10980474429816714,535,REVIEW,NO_MATERIAL_ADVERSE_FACTOR,2025-02
APP-2026-000891,2025-02-07 03:00:00,29,25048271.0,69,474,0.6233,91467773.0,24,0,Self-employed,Family,Partner,1,0.2703573521740509,456,DECLINE,LOW_BUREAU_SCORE; HIGH_EXISTING_DTI,2025-02
APP-2026-000892,2025-02-07 04:00:00,40,33406199.0,93,674,0.1589,29096313.0,9,0,Self-employed,Mortgage,Branch,0,0.036985610023338486,619,APPROVE,NO_MATERIAL_ADVERSE_FACTOR,2025-02
APP-2026-000893,2025-02-07 05:00:00,44,60301531.0,43,729,0.2553,23079050.0,18,2,Salaried,Rented,Mobile,0,0.026077224304959446,645,APPROVE,RENTED_RESIDENCE,2025-02
APP-2026-000894,2025-02-07 06:00:00,46,20390309.0,39,616,0.4096,137127207.0,12,1,Salaried,Rented,Mobile,0,0.20631993232791163,481,DECLINE,HIGH_LOAN_TO_INCOME; RENTED_RESIDENCE,2025-02
APP-2026-000895,2025-02-07 07:00:00,26,66606634.0,48,628,0.4515,80140252.0,6,1,Salaried,Rented,Mobile,0,0.06197943953077254,580,APPROVE,RENTED_RESIDENCE,2025-02
APP-2026-000896,2025-02-07 08:00:00,28,33315946.0,41,628,0.5669,24677762.0,24,1,Self-employed,Mortgage,Mobile,0,0.11610233235386465,530,REVIEW,HIGH_EXISTING_DTI,2025-02
APP-2026-000897,2025-02-07 09:00:00,37,43984396.0,112,567,0.0916,69351766.0,18,0,Self-employed,Rented,Mobile,0,0.05460316817678229,590,APPROVE,RENTED_RESIDENCE; LOW_BUREAU_SCORE,2025-02
APP-2026-000898,2025-02-07 10:00:00,47,18521899.0,72,668,0.5604,16276691.0,36,0,Salaried,Owned,Mobile,0,0.06282704861830876,579,APPROVE,HIGH_EXISTING_DTI,2025-02
APP-2026-000899,2025-02-07 11:00:00,40,22451358.0,11,548,0.7236,20012202.0,9,1,Self-employed,Rented,Partner,1,0.3253332367181631,437,DECLINE,HIGH_EXISTING_DTI; LOW_BUREAU_SCORE; RENTED_RESIDENCE,2025-02
APP-2026-000900,2025-02-07 12:00:00,47,62915489.0,59,586,0.3026,33138701.0,24,1,Self-employed,Owned,Mobile,0,0.0369620053544508,619,APPROVE,NO_MATERIAL_ADVERSE_FACTOR,2025-02
APP-2026-000901,2025-02-07 13:00:00,20,12914676.0,25,603,0.2674,20034049.0,12,1,Salaried,Mortgage,Branch,0,0.12376299579353209,525,REVIEW,NO_MATERIAL_ADVERSE_FACTOR,2025-02
APP-2026-000902,2025-02-07 14:00:00,32,9313197.0,19,765,0.4196,63839065.0,18,0,Salaried,Owned,Partner,0,0.07528953612941244,565,APPROVE,HIGH_LOAN_TO_INCOME,2025-02
APP-2026-000903,2025-02-07 15:00:00,39,64760831.0,100,635,0.3582,180257831.0,12,0,Salaried,Rented,Mobile,0,0.060218285817573936,582,APPROVE,RENTED_RESIDENCE,2025-02
APP-2026-000904,2025-02-07 16:00:00,37,5833674.0,78,644,0.2009,23905703.0,36,0,Self-employed,Family,Mobile,0,0.05967146282986946,583,APPROVE,NO_MATERIAL_ADVERSE_FACTOR,2025-02
APP-2026-000905,2025-02-07 17:00:00,20,30672576.0,64,540,0.4667,152940767.0,9,1,Salaried,Owned,Partner,0,0.249051569092758,464,DECLINE,LOW_BUREAU_SCORE,2025-02
APP-2026-000906,2025-02-07 18:00:00,44,12287628.0,24,605,0.3958,175315435.0,6,1,Salaried,Family,Mobile,0,0.23013925430065463,471,DECLINE,HIGH_LOAN_TO_INCOME,2025-02
APP-2026-000907,2025-02-07 19:00:00,38,16063614.0,63,586,0.4454,182876230.0,9,1,Salaried,Mortgage,Partner,0,0.3252078582337812,437,DECLINE,HIGH_LOAN_TO_INCOME,2025-02
APP-2026-000908,2025-02-07 20:00:00,30,6528554.0,57,543,0.0652,43026103.0,24,0,Salaried,Mortgage,Mobile,1,0.10591180338072273,538,REVIEW,HIGH_LOAN_TO_INCOME; LOW_BUREAU_SCORE,2025-02
APP-2026-000909,2025-02-07 21:00:00,45,15846137.0,12,692,0.2482,318242723.0,24,5,Self-employed,Mortgage,Partner,0,0.5523296224179083,369,DECLINE,HIGH_LOAN_TO_INCOME; MULTIPLE_RECENT_INQUIRIES,2025-02
APP-2026-000910,2025-02-07 22:00:00,20,8283669.0,26,575,0.4607,56794921.0,12,1,Salaried,Rented,Partner,0,0.2894738183560291,449,DECLINE,HIGH_LOAN_TO_INCOME; RENTED_RESIDENCE; LOW_BUREAU_SCORE,2025-02
APP-2026-000911,2025-02-07 23:00:00,30,16946433.0,56,704,0.0545,31206768.0,24,4,Salaried,Owned,Branch,0,0.07131193567635788,569,APPROVE,MULTIPLE_RECENT_INQUIRIES,2025-02
APP-2026-000912,2025-02-08 00:00:00,42,22383144.0,62,657,0.3584,99642840.0,12,2,Salaried,Mortgage,Branch,0,0.13942501922945794,515,REVIEW,NO_MATERIAL_ADVERSE_FACTOR,2025-02
APP-2026-000913,2025-02-08 01:00:00,38,7827951.0,66,516,0.0259,91410483.0,18,0,Salaried,Owned,Branch,0,0.11675881274228164,530,REVIEW,HIGH_LOAN_TO_INCOME; LOW_BUREAU_SCORE,2025-02
APP-2026-000914,2025-02-08 02:00:00,32,30095908.0,46,543,0.0485,64096041.0,24,1,Salaried,Family,Mobile,0,0.06447812580769577,577,APPROVE,LOW_BUREAU_SCORE,2025-02
APP-2026-000915,2025-02-08 03:00:00,33,29052282.0,59,609,0.6081,57129111.0,18,2,Salaried,Mortgage,Partner,0,0.1997728325734784,484,DECLINE,HIGH_EXISTING_DTI,2025-02
APP-2026-000916,2025-02-08 04:00:00,32,5358561.0,23,610,0.5435,158504169.0,24,2,Salaried,Mortgage,Mobile,1,0.3921325902482681,416,DECLINE,HIGH_LOAN_TO_INCOME,2025-02
APP-2026-000917,2025-02-08 05:00:00,42,13195851.0,82,630,0.0834,37289463.0,18,2,Salaried,Rented,Partner,1,0.10900204853722069,535,REVIEW,RENTED_RESIDENCE,2025-02
APP-2026-000918,2025-02-08 06:00:00,32,11284845.0,75,603,0.1624,71056405.0,9,1,Contract,Mortgage,Mobile,0,0.15431942111457608,507,REVIEW,HIGH_LOAN_TO_INCOME; CONTRACT_EMPLOYMENT,2025-02
APP-2026-000919,2025-02-08 07:00:00,41,126077581.0,63,721,0.1823,42342855.0,18,1,Self-employed,Owned,Partner,0,0.004400510114682796,775,APPROVE,NO_MATERIAL_ADVERSE_FACTOR,2025-02
APP-2026-000920,2025-02-08 08:00:00,20,17516373.0,30,607,0.6166,36484336.0,24,3,Self-employed,Rented,Mobile,0,0.32140970566737526,438,DECLINE,HIGH_EXISTING_DTI; MULTIPLE_RECENT_INQUIRIES; RENTED_RESIDENCE,2025-02
APP-2026-000921,2025-02-08 09:00:00,46,7958847.0,58,602,0.285,51018895.0,18,4,Self-employed,Rented,Mobile,0,0.2903979948224146,448,DECLINE,MULTIPLE_RECENT_INQUIRIES; HIGH_LOAN_TO_INCOME; RENTED_RESIDENCE,2025-02
APP-2026-000922,2025-02-08 10:00:00,56,19235177.0,58,741,0.3534,29063903.0,12,1,Self-employed,Owned,Partner,0,0.06267931967692518,579,APPROVE,NO_MATERIAL_ADVERSE_FACTOR,2025-02
APP-2026-000923,2025-02-08 11:00:00,39,8394098.0,23,775,0.4416,128839495.0,24,0,Salaried,Family,Mobile,0,0.07860473107898988,561,APPROVE,HIGH_LOAN_TO_INCOME,2025-02
APP-2026-000924,2025-02-08 12:00:00,34,11393664.0,85,695,0.3301,46303867.0,12,1,Self-employed,Owned,Partner,0,0.10006820885110412,542,REVIEW,NO_MATERIAL_ADVERSE_FACTOR,2025-02
APP-2026-000925,2025-02-08 13:00:00,30,36362506.0,91,663,0.3712,51076231.0,24,1,Salaried,Family,Mobile,0,0.04558051388826806,603,APPROVE,NO_MATERIAL_ADVERSE_FACTOR,2025-02
APP-2026-000926,2025-02-08 14:00:00,41,17360955.0,83,721,0.776,23062993.0,36,0,Salaried,Owned,Mobile,0,0.07375289492133866,566,APPROVE,HIGH_EXISTING_DTI,2025-02
APP-2026-000927,2025-02-08 15:00:00,29,18580960.0,69,658,0.4072,67025884.0,12,1,Salaried,Rented,Mobile,0,0.12918258476999836,522,REVIEW,RENTED_RESIDENCE,2025-02
APP-2026-000928,2025-02-08 16:00:00,27,32373136.0,108,554,0.3419,42653657.0,24,2,Salaried,Rented,Mobile,0,0.12961227330772002,521,REVIEW,LOW_BUREAU_SCORE; RENTED_RESIDENCE,2025-02
APP-2026-000929,2025-02-08 17:00:00,20,53153415.0,99,690,0.365,47549291.0,9,1,Self-employed,Mortgage,Partner,0,0.050512939203642485,596,APPROVE,NO_MATERIAL_ADVERSE_FACTOR,2025-02
APP-2026-000930,2025-02-08 18:00:00,37,21117475.0,48,673,0.2225,16466824.0,12,3,Salaried,Rented,Mobile,0,0.10131423970424422,541,REVIEW,MULTIPLE_RECENT_INQUIRIES; RENTED_RESIDENCE,2025-02
APP-2026-000931,2025-02-08 19:00:00,32,9450252.0,51,614,0.3583,115256421.0,12,0,Self-employed,Family,Partner,1,0.17605637486377096,495,REVIEW,HIGH_LOAN_TO_INCOME,2025-02
APP-2026-000932,2025-02-08 20:00:00,32,16911713.0,27,606,0.4638,42593079.0,18,4,Salaried,Rented,Branch,0,0.28845205560286447,449,DECLINE,MULTIPLE_RECENT_INQUIRIES; RENTED_RESIDENCE,2025-02
APP-2026-000933,2025-02-08 21:00:00,34,20849354.0,49,533,0.4128,75377163.0,36,7,Salaried,Owned,Mobile,0,0.4212904808315868,407,DECLINE,MULTIPLE_RECENT_INQUIRIES; LOW_BUREAU_SCORE,2025-02
APP-2026-000934,2025-02-08 22:00:00,28,16114716.0,34,703,0.491,36901749.0,24,2,Contract,Owned,Mobile,0,0.13298540008966003,519,REVIEW,CONTRACT_EMPLOYMENT,2025-02
APP-2026-000935,2025-02-08 23:00:00,36,25458876.0,64,487,0.0941,22893065.0,24,3,Contract,Family,Branch,0,0.14677691792395559,511,REVIEW,LOW_BUREAU_SCORE; MULTIPLE_RECENT_INQUIRIES; CONTRACT_EMPLOYMENT,2025-02
APP-2026-000936,2025-02-09 00:00:00,25,11579691.0,25,557,0.2501,97583759.0,12,2,Salaried,Rented,Mobile,0,0.2738140625874371,454,DECLINE,HIGH_LOAN_TO_INCOME; LOW_BUREAU_SCORE; RENTED_RESIDENCE,2025-02
APP-2026-000937,2025-02-09 01:00:00,33,49510073.0,77,475,0.3574,26047740.0,36,1,Self-employed,Rented,Partner,0,0.12620109272887037,523,REVIEW,LOW_BUREAU_SCORE; RENTED_RESIDENCE,2025-02
APP-2026-000938,2025-02-09 02:00:00,32,23280982.0,94,670,0.5142,28944329.0,12,3,Contract,Mortgage,Mobile,1,0.17197309374991465,497,REVIEW,MULTIPLE_RECENT_INQUIRIES; CONTRACT_EMPLOYMENT,2025-02
APP-2026-000939,2025-02-09 03:00:00,20,7047362.0,75,751,0.2361,17938129.0,12,0,Self-employed,Family,Mobile,0,0.04364706096927108,607,APPROVE,NO_MATERIAL_ADVERSE_FACTOR,2025-02
APP-2026-000940,2025-02-09 04:00:00,24,17680136.0,48,645,0.4395,103340432.0,12,1,Salaried,Family,Mobile,0,0.13237862716684604,520,REVIEW,HIGH_LOAN_TO_INCOME,2025-02
APP-2026-000941,2025-02-09 05:00:00,29,26431680.0,21,679,0.1766,45846990.0,18,2,Salaried,Owned,Branch,0,0.061960655080194826,580,APPROVE,NO_MATERIAL_ADVERSE_FACTOR,2025-02
APP-2026-000942,2025-02-09 06:00:00,29,22383246.0,89,542,0.567,68385979.0,12,0,Salaried,Owned,Mobile,0,0.1560459607088851,506,REVIEW,HIGH_EXISTING_DTI; LOW_BUREAU_SCORE,2025-02
APP-2026-000943,2025-02-09 07:00:00,37,42312753.0,46,774,0.2241,83502881.0,18,1,Self-employed,Owned,Branch,0,0.03061374980864176,633,APPROVE,NO_MATERIAL_ADVERSE_FACTOR,2025-02
APP-2026-000944,2025-02-09 08:00:00,31,9816460.0,21,630,0.5021,44921133.0,12,1,Self-employed,Owned,Mobile,0,0.17960245751034537,493,REVIEW,NO_MATERIAL_ADVERSE_FACTOR,2025-02
APP-2026-000945,2025-02-09 09:00:00,34,7287003.0,51,706,0.1432,43469346.0,36,0,Salaried,Owned,Branch,0,0.04363350640641135,607,APPROVE,HIGH_LOAN_TO_INCOME,2025-02
APP-2026-000946,2025-02-09 10:00:00,31,28441701.0,49,796,0.0895,87258549.0,36,0,Contract,Owned,Partner,0,0.029553093870255825,636,APPROVE,CONTRACT_EMPLOYMENT,2025-02
APP-2026-000947,2025-02-09 11:00:00,20,13758995.0,66,538,0.7203,108485771.0,24,2,Self-employed,Mortgage,Mobile,1,0.46464063557815993,394,DECLINE,HIGH_LOAN_TO_INCOME; HIGH_EXISTING_DTI; LOW_BUREAU_SCORE,2025-02
APP-2026-000948,2025-02-09 12:00:00,33,14214108.0,36,537,0.2594,39008688.0,12,3,Salaried,Owned,Branch,0,0.20284590242670522,483,DECLINE,MULTIPLE_RECENT_INQUIRIES; LOW_BUREAU_SCORE,2025-02
APP-2026-000949,2025-02-09 13:00:00,27,28267586.0,59,790,0.2939,14936228.0,24,1,Salaried,Owned,Mobile,0,0.025877741484879025,646,APPROVE,NO_MATERIAL_ADVERSE_FACTOR,2025-02
APP-2026-000950,2025-02-09 14:00:00,33,10083525.0,16,618,0.4136,56985598.0,12,3,Salaried,Mortgage,Mobile,0,0.2532613330410258,462,DECLINE,MULTIPLE_RECENT_INQUIRIES; HIGH_LOAN_TO_INCOME,2025-02
APP-2026-000951,2025-02-09 15:00:00,28,8185719.0,57,643,0.4353,36787222.0,12,1,Salaried,Owned,Partner,0,0.14270839052373502,513,REVIEW,NO_MATERIAL_ADVERSE_FACTOR,2025-02
APP-2026-000952,2025-02-09 16:00:00,40,9143673.0,74,575,0.0897,86598230.0,18,0,Salaried,Owned,Partner,0,0.10449487191857385,539,REVIEW,HIGH_LOAN_TO_INCOME; LOW_BUREAU_SCORE,2025-02
APP-2026-000953,2025-02-09 17:00:00,34,25992702.0,36,674,0.2829,144520123.0,24,1,Salaried,Rented,Mobile,0,0.12138178699380986,527,REVIEW,HIGH_LOAN_TO_INCOME; RENTED_RESIDENCE,2025-02
APP-2026-000954,2025-02-09 18:00:00,41,15956461.0,96,548,0.1692,35854109.0,18,1,Contract,Rented,Mobile,0,0.14771482607830272,510,REVIEW,CONTRACT_EMPLOYMENT; LOW_BUREAU_SCORE; RENTED_RESIDENCE,2025-02
APP-2026-000955,2025-02-09 19:00:00,41,11421461.0,9,716,0.3271,64337892.0,24,1,Salaried,Mortgage,Branch,0,0.09411506612116646,547,REVIEW,HIGH_LOAN_TO_INCOME; SHORT_EMPLOYMENT_HISTORY,2025-02
APP-2026-000956,2025-02-09 20:00:00,29,5368910.0,47,648,0.1203,47847680.0,12,1,Self-employed,Owned,Mobile,0,0.09927962988856828,543,REVIEW,HIGH_LOAN_TO_INCOME,2025-02
APP-2026-000957,2025-02-09 21:00:00,42,25538794.0,37,591,0.3682,76715724.0,6,1,Salaried,Family,Mobile,0,0.11014396995810109,535,REVIEW,NO_MATERIAL_ADVERSE_FACTOR,2025-02
APP-2026-000958,2025-02-09 22:00:00,37,9463349.0,45,637,0.201,181019332.0,18,0,Salaried,Rented,Mobile,0,0.176961349580357,495,REVIEW,HIGH_LOAN_TO_INCOME; RENTED_RESIDENCE,2025-02
APP-2026-000959,2025-02-09 23:00:00,25,25028650.0,37,630,0.6548,47650392.0,18,2,Salaried,Owned,Partner,0,0.1887292580482937,489,DECLINE,HIGH_EXISTING_DTI,2025-02
APP-2026-000960,2025-02-10 00:00:00,33,13634992.0,17,704,0.1927,44417252.0,6,3,Salaried,Rented,Mobile,1,0.12729338435972337,523,REVIEW,MULTIPLE_RECENT_INQUIRIES; RENTED_RESIDENCE,2025-02
APP-2026-000961,2025-02-10 01:00:00,35,20383576.0,34,611,0.4017,67167021.0,18,1,Salaried,Family,Branch,0,0.11025567073143816,535,REVIEW,NO_MATERIAL_ADVERSE_FACTOR,2025-02
APP-2026-000962,2025-02-10 02:00:00,46,11569604.0,6,666,0.2022,65807595.0,9,0,Contract,Mortgage,Mobile,0,0.10783538042937921,536,REVIEW,HIGH_LOAN_TO_INCOME; SHORT_EMPLOYMENT_HISTORY; CONTRACT_EMPLOYMENT,2025-02
APP-2026-000963,2025-02-10 03:00:00,31,20908911.0,53,679,0.2907,87886128.0,12,4,Self-employed,Family,Branch,0,0.15786084477554768,505,REVIEW,MULTIPLE_RECENT_INQUIRIES,2025-02
APP-2026-000964,2025-02-10 04:00:00,49,5305202.0,54,679,0.6101,32150354.0,36,2,Self-employed,Mortgage,Mobile,0,0.1937887585786748,487,DECLINE,HIGH_EXISTING_DTI; HIGH_LOAN_TO_INCOME,2025-02
APP-2026-000965,2025-02-10 05:00:00,41,11141644.0,37,617,0.2773,22764631.0,12,1,Salaried,Mortgage,Partner,1,0.12798974160897214,522,REVIEW,NO_MATERIAL_ADVERSE_FACTOR,2025-02
APP-2026-000966,2025-02-10 06:00:00,20,23265312.0,39,621,0.3607,71550898.0,6,1,Salaried,Owned,Mobile,0,0.1149493123558065,531,REVIEW,NO_MATERIAL_ADVERSE_FACTOR,2025-02
APP-2026-000967,2025-02-10 07:00:00,25,40029873.0,63,530,0.6198,5406162.0,18,0,Salaried,Rented,Mobile,0,0.11924324684940583,528,REVIEW,HIGH_EXISTING_DTI; LOW_BUREAU_SCORE; RENTED_RESIDENCE,2025-02
APP-2026-000968,2025-02-10 08:00:00,40,22580243.0,42,622,0.2932,25250835.0,24,0,Contract,Rented,Branch,0,0.09379825033543257,548,REVIEW,CONTRACT_EMPLOYMENT; RENTED_RESIDENCE,2025-02
APP-2026-000969,2025-02-10 09:00:00,21,11673637.0,36,592,0.4347,52255632.0,36,6,Self-employed,Rented,Partner,1,0.49601224248002307,385,DECLINE,MULTIPLE_RECENT_INQUIRIES; RENTED_RESIDENCE,2025-02
APP-2026-000970,2025-02-10 10:00:00,39,12081508.0,71,667,0.1137,142106773.0,12,3,Salaried,Owned,Mobile,0,0.14577410440255503,511,REVIEW,HIGH_LOAN_TO_INCOME; MULTIPLE_RECENT_INQUIRIES,2025-02
APP-2026-000971,2025-02-10 11:00:00,47,18190674.0,59,610,0.405,57073631.0,36,0,Salaried,Rented,Mobile,0,0.10614074656805031,538,REVIEW,RENTED_RESIDENCE,2025-02
APP-2026-000972,2025-02-10 12:00:00,32,8770256.0,114,515,0.0951,38636355.0,24,1,Salaried,Rented,Partner,1,0.1581054748555631,505,REVIEW,LOW_BUREAU_SCORE; RENTED_RESIDENCE,2025-02
APP-2026-000973,2025-02-10 13:00:00,47,30969309.0,80,559,0.4273,93228831.0,12,2,Salaried,Family,Mobile,1,0.1421164504078305,514,REVIEW,LOW_BUREAU_SCORE,2025-02
APP-2026-000974,2025-02-10 14:00:00,46,53796087.0,35,506,0.0958,175732204.0,24,0,Salaried,Family,Mobile,1,0.06661967440688106,574,APPROVE,LOW_BUREAU_SCORE,2025-02
APP-2026-000975,2025-02-10 15:00:00,34,12920898.0,32,620,0.487,70132709.0,24,3,Salaried,Owned,Partner,1,0.2489129044928144,464,DECLINE,MULTIPLE_RECENT_INQUIRIES; HIGH_LOAN_TO_INCOME,2025-02
APP-2026-000976,2025-02-10 16:00:00,34,4915274.0,68,638,0.5816,28235166.0,24,4,Salaried,Family,Partner,0,0.2656691049399137,457,DECLINE,MULTIPLE_RECENT_INQUIRIES; HIGH_EXISTING_DTI; HIGH_LOAN_TO_INCOME,2025-02
APP-2026-000977,2025-02-10 17:00:00,36,11080723.0,107,638,0.2323,97584214.0,24,2,Salaried,Family,Mobile,1,0.10883625211833481,536,REVIEW,HIGH_LOAN_TO_INCOME,2025-02
APP-2026-000978,2025-02-10 18:00:00,38,15401177.0,85,534,0.435,57873530.0,18,1,Self-employed,Owned,Branch,0,0.1928677304381114,487,DECLINE,LOW_BUREAU_SCORE,2025-02
APP-2026-000979,2025-02-10 19:00:00,20,12556674.0,52,605,0.4906,28151367.0,12,2,Salaried,Family,Mobile,0,0.1625243988958128,502,REVIEW,NO_MATERIAL_ADVERSE_FACTOR,2025-02
APP-2026-000980,2025-02-10 20:00:00,33,34602643.0,56,691,0.2236,27792659.0,6,1,Salaried,Rented,Branch,0,0.04907645657271351,598,APPROVE,RENTED_RESIDENCE,2025-02
APP-2026-000981,2025-02-10 21:00:00,20,30505992.0,39,521,0.2892,22422744.0,18,2,Contract,Family,Mobile,0,0.1431478544270691,513,REVIEW,LOW_BUREAU_SCORE; CONTRACT_EMPLOYMENT,2025-02
APP-2026-000982,2025-02-10 22:00:00,31,10854424.0,81,650,0.6081,87424968.0,36,0,Salaried,Rented,Partner,0,0.1885009051659716,489,DECLINE,HIGH_LOAN_TO_INCOME; HIGH_EXISTING_DTI; RENTED_RESIDENCE,2025-02
APP-2026-000983,2025-02-10 23:00:00,32,33857494.0,104,647,0.1248,55352308.0,6,0,Salaried,Rented,Partner,0,0.050994881461062,595,APPROVE,RENTED_RESIDENCE,2025-02
APP-2026-000984,2025-02-11 00:00:00,20,44529035.0,88,574,0.4332,251176832.0,18,2,Salaried,Family,Mobile,0,0.21853393892945058,476,DECLINE,HIGH_LOAN_TO_INCOME; LOW_BUREAU_SCORE,2025-02
APP-2026-000985,2025-02-11 01:00:00,23,6736815.0,38,659,0.4577,293063434.0,18,0,Contract,Rented,Mobile,0,0.45876101967607247,396,DECLINE,HIGH_LOAN_TO_INCOME; CONTRACT_EMPLOYMENT; RENTED_RESIDENCE,2025-02
APP-2026-000986,2025-02-11 02:00:00,31,15108542.0,46,704,0.2005,46902591.0,24,1,Salaried,Family,Partner,1,0.058011402631812405,585,APPROVE,NO_MATERIAL_ADVERSE_FACTOR,2025-02
APP-2026-000987,2025-02-11 03:00:00,54,18530112.0,76,469,0.0582,62091323.0,9,3,Salaried,Owned,Mobile,0,0.179218608709839,494,REVIEW,LOW_BUREAU_SCORE; MULTIPLE_RECENT_INQUIRIES,2025-02
APP-2026-000988,2025-02-11 04:00:00,22,38646394.0,47,569,0.2764,92562370.0,18,1,Salaried,Rented,Branch,0,0.11880479131644646,528,REVIEW,RENTED_RESIDENCE; LOW_BUREAU_SCORE,2025-02
APP-2026-000989,2025-02-11 05:00:00,36,7185538.0,64,682,0.2746,43164037.0,18,0,Contract,Mortgage,Partner,0,0.11132129578937752,534,REVIEW,HIGH_LOAN_TO_INCOME; CONTRACT_EMPLOYMENT,2025-02
APP-2026-000990,2025-02-11 06:00:00,26,14412056.0,106,716,0.1649,49941450.0,36,0,Salaried,Owned,Branch,0,0.03437330184129837,625,APPROVE,NO_MATERIAL_ADVERSE_FACTOR,2025-02
APP-2026-000991,2025-02-11 07:00:00,31,11669363.0,31,512,0.3977,75774692.0,24,1,Contract,Rented,Partner,0,0.3704990526434839,422,DECLINE,LOW_BUREAU_SCORE; HIGH_LOAN_TO_INCOME; CONTRACT_EMPLOYMENT,2025-02
APP-2026-000992,2025-02-11 08:00:00,43,10527212.0,14,659,0.2826,23760652.0,12,0,Salaried,Rented,Mobile,0,0.08919323271805392,552,REVIEW,RENTED_RESIDENCE,2025-02
APP-2026-000993,2025-02-11 09:00:00,37,15400238.0,44,613,0.1169,29762232.0,24,1,Salaried,Owned,Branch,0,0.06633086512725242,575,APPROVE,NO_MATERIAL_ADVERSE_FACTOR,2025-02
APP-2026-000994,2025-02-11 10:00:00,38,26321339.0,102,668,0.3237,70726017.0,24,2,Contract,Rented,Mobile,0,0.12221824819732978,526,REVIEW,CONTRACT_EMPLOYMENT; RENTED_RESIDENCE,2025-02
APP-2026-000995,2025-02-11 11:00:00,39,24630484.0,46,642,0.4549,105739678.0,36,0,Self-employed,Owned,Branch,0,0.10332493475949586,540,REVIEW,NO_MATERIAL_ADVERSE_FACTOR,2025-02
APP-2026-000996,2025-02-11 12:00:00,40,36499365.0,72,650,0.015,53836109.0,6,0,Salaried,Rented,Branch,0,0.035159896127088065,623,APPROVE,RENTED_RESIDENCE,2025-02
APP-2026-000997,2025-02-11 13:00:00,20,13020348.0,91,666,0.1664,53737075.0,36,2,Contract,Family,Mobile,0,0.08673032267830878,554,REVIEW,CONTRACT_EMPLOYMENT,2025-02
APP-2026-000998,2025-02-11 14:00:00,38,18729853.0,52,657,0.3368,33593166.0,18,4,Salaried,Rented,Branch,0,0.17288719020750362,497,REVIEW,MULTIPLE_RECENT_INQUIRIES; RENTED_RESIDENCE,2025-02
APP-2026-000999,2025-02-11 15:00:00,34,23221134.0,21,732,0.5471,91561589.0,12,0,Salaried,Rented,Mobile,0,0.10377648155612304,539,REVIEW,RENTED_RESIDENCE,2025-02
APP-2026-001000,2025-02-11 16:00:00,38,39181218.0,56,629,0.4436,41987533.0,12,2,Salaried,Rented,Partner,1,0.12080862574282836,527,REVIEW,RENTED_RESIDENCE,2025-02
APP-2026-001001,2025-02-11 17:00:00,42,10391089.0,48,608,0.1825,29805817.0,12,1,Salaried,Family,Partner,1,0.09211472767184099,549,REVIEW,NO_MATERIAL_ADVERSE_FACTOR,2025-02
APP-2026-001002,2025-02-11 18:00:00,38,17434513.0,56,663,0.3479,95724406.0,24,2,Salaried,Rented,Mobile,1,0.1544059630221553,507,REVIEW,HIGH_LOAN_TO_INCOME; RENTED_RESIDENCE,2025-02
APP-2026-001003,2025-02-11 19:00:00,41,9965763.0,43,774,0.6332,36173165.0,9,0,Self-employed,Rented,Mobile,0,0.11024899357211385,535,REVIEW,HIGH_EXISTING_DTI; RENTED_RESIDENCE,2025-02
APP-2026-001004,2025-02-11 20:00:00,24,21480355.0,54,607,0.5209,49958703.0,18,1,Salaried,Owned,Branch,0,0.13196370695013138,520,REVIEW,NO_MATERIAL_ADVERSE_FACTOR,2025-02
APP-2026-001005,2025-02-11 21:00:00,38,7225278.0,94,695,0.3494,12053988.0,24,2,Salaried,Mortgage,Partner,0,0.10787527435468211,536,REVIEW,NO_MATERIAL_ADVERSE_FACTOR,2025-02
APP-2026-001006,2025-02-11 22:00:00,33,8861156.0,45,662,0.5404,125435199.0,12,1,Self-employed,Owned,Partner,1,0.25742953022794873,460,DECLINE,HIGH_LOAN_TO_INCOME,2025-02
APP-2026-001007,2025-02-11 23:00:00,34,17490685.0,41,673,0.2628,73507765.0,6,1,Self-employed,Mortgage,Mobile,0,0.11497830789042132,531,REVIEW,NO_MATERIAL_ADVERSE_FACTOR,2025-02
APP-2026-001008,2025-02-12 00:00:00,46,9233246.0,26,536,0.1767,129382171.0,12,3,Salaried,Rented,Mobile,1,0.34880337980239406,429,DECLINE,HIGH_LOAN_TO_INCOME; MULTIPLE_RECENT_INQUIRIES; LOW_BUREAU_SCORE,2025-02
APP-2026-001009,2025-02-12 01:00:00,30,20565681.0,38,608,0.2147,142714652.0,24,1,Contract,Family,Partner,0,0.16859373680997916,499,REVIEW,HIGH_LOAN_TO_INCOME; CONTRACT_EMPLOYMENT,2025-02
APP-2026-001010,2025-02-12 02:00:00,28,10760134.0,99,688,0.5831,44202323.0,24,2,Salaried,Family,Mobile,0,0.12140059966138703,527,REVIEW,HIGH_EXISTING_DTI,2025-02
APP-2026-001011,2025-02-12 03:00:00,23,4710049.0,84,645,0.4516,22562388.0,9,1,Salaried,Family,Mobile,0,0.11503438032066637,531,REVIEW,NO_MATERIAL_ADVERSE_FACTOR,2025-02
APP-2026-001012,2025-02-12 04:00:00,32,11484147.0,43,781,0.6155,38008245.0,12,1,Salaried,Rented,Mobile,0,0.10894466355239626,535,REVIEW,HIGH_EXISTING_DTI; RENTED_RESIDENCE,2025-02
APP-2026-001013,2025-02-12 05:00:00,44,31417293.0,53,613,0.1816,69448742.0,36,0,Salaried,Rented,Partner,0,0.06785112158490435,573,APPROVE,RENTED_RESIDENCE,2025-02
APP-2026-001014,2025-02-12 06:00:00,20,21441100.0,35,542,0.5678,35305972.0,24,2,Salaried,Mortgage,Partner,1,0.27477338377077826,454,DECLINE,HIGH_EXISTING_DTI; LOW_BUREAU_SCORE,2025-02
APP-2026-001015,2025-02-12 07:00:00,37,23521380.0,125,675,0.5119,40753168.0,24,1,Contract,Mortgage,Mobile,0,0.10345837462271006,540,REVIEW,CONTRACT_EMPLOYMENT,2025-02
APP-2026-001016,2025-02-12 08:00:00,20,3663061.0,20,548,0.5088,74878171.0,18,1,Salaried,Rented,Mobile,0,0.34755874842900314,429,DECLINE,HIGH_LOAN_TO_INCOME; LOW_BUREAU_SCORE; RENTED_RESIDENCE,2025-02
APP-2026-001017,2025-02-12 09:00:00,28,12843633.0,29,677,0.3064,111003865.0,12,0,Salaried,Mortgage,Mobile,0,0.11600740274944552,530,REVIEW,HIGH_LOAN_TO_INCOME,2025-02
APP-2026-001018,2025-02-12 10:00:00,38,23940638.0,59,646,0.6783,63811128.0,24,1,Salaried,Owned,Mobile,0,0.13030647832826997,521,REVIEW,HIGH_EXISTING_DTI,2025-02
APP-2026-001019,2025-02-12 11:00:00,30,14846062.0,22,572,0.3814,19022035.0,24,2,Salaried,Mortgage,Mobile,0,0.177082213143979,495,REVIEW,LOW_BUREAU_SCORE,2025-02
APP-2026-001020,2025-02-12 12:00:00,24,27061168.0,27,640,0.585,44627597.0,9,2,Salaried,Owned,Mobile,0,0.14570118120523992,511,REVIEW,HIGH_EXISTING_DTI,2025-02
APP-2026-001021,2025-02-12 13:00:00,31,22712234.0,90,558,0.2158,43721921.0,18,1,Contract,Owned,Partner,0,0.1265374781735703,523,REVIEW,CONTRACT_EMPLOYMENT; LOW_BUREAU_SCORE,2025-02
APP-2026-001022,2025-02-12 14:00:00,43,12627023.0,53,745,0.1343,60668683.0,36,1,Salaried,Owned,Partner,0,0.04734432356562102,600,APPROVE,NO_MATERIAL_ADVERSE_FACTOR,2025-02
APP-2026-001023,2025-02-12 15:00:00,48,29474435.0,49,545,0.4752,55052423.0,24,3,Self-employed,Mortgage,Branch,0,0.2407717106091925,467,DECLINE,MULTIPLE_RECENT_INQUIRIES; LOW_BUREAU_SCORE,2025-02
APP-2026-001024,2025-02-12 16:00:00,48,39826325.0,99,654,0.0635,26548297.0,12,1,Contract,Rented,Mobile,0,0.04222606136189157,609,APPROVE,CONTRACT_EMPLOYMENT; RENTED_RESIDENCE,2025-02
APP-2026-001025,2025-02-12 17:00:00,41,26358950.0,13,607,0.7656,94397544.0,18,0,Salaried,Rented,Branch,1,0.22398400794593237,474,DECLINE,HIGH_EXISTING_DTI; RENTED_RESIDENCE,2025-02
APP-2026-001026,2025-02-12 18:00:00,38,24749400.0,20,615,0.4136,10905957.0,6,0,Contract,Owned,Mobile,0,0.09282086042659102,548,REVIEW,CONTRACT_EMPLOYMENT,2025-02
APP-2026-001027,2025-02-12 19:00:00,43,8821621.0,20,531,0.2059,149147894.0,36,0,Salaried,Rented,Mobile,0,0.2273460379125364,472,DECLINE,HIGH_LOAN_TO_INCOME; LOW_BUREAU_SCORE; RENTED_RESIDENCE,2025-02
APP-2026-001028,2025-02-12 20:00:00,24,18784271.0,99,614,0.428,86826186.0,24,0,Salaried,Owned,Partner,0,0.11645691758151852,530,REVIEW,NO_MATERIAL_ADVERSE_FACTOR,2025-02
APP-2026-001029,2025-02-12 21:00:00,26,20070477.0,75,600,0.1328,181081948.0,12,0,Salaried,Family,Branch,0,0.10795941816668131,536,REVIEW,HIGH_LOAN_TO_INCOME,2025-02
APP-2026-001030,2025-02-12 22:00:00,46,9947290.0,25,677,0.3177,64050297.0,24,2,Contract,Family,Branch,0,0.1312150808056529,520,REVIEW,HIGH_LOAN_TO_INCOME; CONTRACT_EMPLOYMENT,2025-02
APP-2026-001031,2025-02-12 23:00:00,42,14289676.0,69,703,0.6247,145031605.0,12,1,Contract,Mortgage,Mobile,0,0.24809820036799488,464,DECLINE,HIGH_LOAN_TO_INCOME; HIGH_EXISTING_DTI; CONTRACT_EMPLOYMENT,2025-02
APP-2026-001032,2025-02-13 00:00:00,42,11949756.0,30,632,0.4604,62213669.0,24,2,Self-employed,Family,Mobile,0,0.17197538402756857,497,REVIEW,HIGH_LOAN_TO_INCOME,2025-02
APP-2026-001033,2025-02-13 01:00:00,36,33855253.0,41,519,0.2479,86181789.0,12,0,Contract,Mortgage,Mobile,0,0.1425180827221478,513,REVIEW,LOW_BUREAU_SCORE; CONTRACT_EMPLOYMENT,2025-02
APP-2026-001034,2025-02-13 02:00:00,27,9784535.0,98,540,0.3719,19203021.0,18,0,Salaried,Owned,Branch,0,0.11716847363592153,530,REVIEW,LOW_BUREAU_SCORE,2025-02
APP-2026-001035,2025-02-13 03:00:00,25,19326678.0,52,539,0.184,19215880.0,24,0,Self-employed,Rented,Mobile,0,0.1135481700181606,532,REVIEW,LOW_BUREAU_SCORE; RENTED_RESIDENCE,2025-02
APP-2026-001036,2025-02-13 04:00:00,43,16773109.0,32,657,0.0615,39738597.0,24,3,Salaried,Rented,Mobile,0,0.09951777730311474,543,REVIEW,MULTIPLE_RECENT_INQUIRIES; RENTED_RESIDENCE,2025-02
APP-2026-001037,2025-02-13 05:00:00,44,23149197.0,74,659,0.222,51435992.0,36,1,Salaried,Rented,Mobile,0,0.06606581788746685,575,APPROVE,RENTED_RESIDENCE,2025-02
APP-2026-001038,2025-02-13 06:00:00,24,16727755.0,38,577,0.309,36102918.0,18,2,Self-employed,Owned,Mobile,0,0.16352661325141732,502,REVIEW,LOW_BUREAU_SCORE,2025-02
APP-2026-001039,2025-02-13 07:00:00,28,10479251.0,70,640,0.1894,97276988.0,18,2,Contract,Rented,Partner,1,0.2290505643981883,471,DECLINE,HIGH_LOAN_TO_INCOME; CONTRACT_EMPLOYMENT; RENTED_RESIDENCE,2025-02
APP-2026-001040,2025-02-13 08:00:00,34,19707229.0,85,596,0.2105,31012675.0,12,1,Salaried,Rented,Mobile,0,0.09772777487978461,544,REVIEW,RENTED_RESIDENCE,2025-02
APP-2026-001041,2025-02-13 09:00:00,42,50617224.0,36,636,0.5415,126945492.0,12,1,Salaried,Family,Partner,0,0.09542465300080752,546,REVIEW,NO_MATERIAL_ADVERSE_FACTOR,2025-02
APP-2026-001042,2025-02-13 10:00:00,31,22288891.0,66,622,0.4673,45996581.0,24,1,Salaried,Family,Mobile,0,0.0919810581991422,549,REVIEW,NO_MATERIAL_ADVERSE_FACTOR,2025-02
APP-2026-001043,2025-02-13 11:00:00,27,30712301.0,59,682,0.1547,22325410.0,18,1,Salaried,Family,Mobile,0,0.03195630991094437,630,APPROVE,NO_MATERIAL_ADVERSE_FACTOR,2025-02
APP-2026-001044,2025-02-13 12:00:00,43,7071288.0,16,636,0.2504,30475051.0,12,1,Salaried,Mortgage,Mobile,0,0.11637562525113496,530,REVIEW,NO_MATERIAL_ADVERSE_FACTOR,2025-02
APP-2026-001045,2025-02-13 13:00:00,40,46838173.0,120,643,0.5188,76797705.0,24,3,Salaried,Owned,Partner,0,0.09882041497247376,543,REVIEW,MULTIPLE_RECENT_INQUIRIES,2025-02
APP-2026-001046,2025-02-13 14:00:00,28,33561938.0,68,525,0.3591,74310532.0,12,2,Contract,Family,Branch,0,0.17662309237874277,495,REVIEW,LOW_BUREAU_SCORE; CONTRACT_EMPLOYMENT,2025-02
APP-2026-001047,2025-02-13 15:00:00,29,16188381.0,92,568,0.6402,113192044.0,24,1,Self-employed,Rented,Mobile,1,0.3351807924487532,433,DECLINE,HIGH_LOAN_TO_INCOME; HIGH_EXISTING_DTI; RENTED_RESIDENCE,2025-02
APP-2026-001048,2025-02-13 16:00:00,44,25456927.0,28,611,0.3447,47393357.0,12,1,Salaried,Rented,Mobile,0,0.11634231794596198,530,REVIEW,RENTED_RESIDENCE,2025-02
APP-2026-001049,2025-02-13 17:00:00,23,44937896.0,6,517,0.2401,72287429.0,12,0,Salaried,Rented,Partner,0,0.11640333263332059,530,REVIEW,LOW_BUREAU_SCORE; SHORT_EMPLOYMENT_HISTORY; RENTED_RESIDENCE,2025-02
APP-2026-001050,2025-02-13 18:00:00,32,16639314.0,84,648,0.3307,21720053.0,12,2,Self-employed,Owned,Mobile,0,0.1054954055543496,538,REVIEW,NO_MATERIAL_ADVERSE_FACTOR,2025-02
APP-2026-001051,2025-02-13 19:00:00,38,9365414.0,21,821,0.2956,154513040.0,24,2,Salaried,Rented,Mobile,0,0.121055559506875,527,REVIEW,HIGH_LOAN_TO_INCOME; RENTED_RESIDENCE,2025-02
APP-2026-001052,2025-02-13 20:00:00,36,27174659.0,37,634,0.3213,25168904.0,12,4,Salaried,Owned,Mobile,0,0.12471806863986387,524,REVIEW,MULTIPLE_RECENT_INQUIRIES,2025-02
APP-2026-001053,2025-02-13 21:00:00,43,15062316.0,20,654,0.2046,20212382.0,24,2,Salaried,Mortgage,Branch,0,0.09041458174048345,550,REVIEW,NO_MATERIAL_ADVERSE_FACTOR,2025-02
APP-2026-001054,2025-02-13 22:00:00,20,22870510.0,68,700,0.4156,56305990.0,12,0,Self-employed,Family,Mobile,0,0.06387160693167676,578,APPROVE,NO_MATERIAL_ADVERSE_FACTOR,2025-02
APP-2026-001055,2025-02-13 23:00:00,35,14402546.0,24,693,0.1167,24863720.0,24,0,Salaried,Mortgage,Mobile,0,0.04529028744527857,604,APPROVE,NO_MATERIAL_ADVERSE_FACTOR,2025-02
APP-2026-001056,2025-02-14 00:00:00,37,7349244.0,27,729,0.7015,100877525.0,36,3,Self-employed,Owned,Partner,0,0.2933526526555721,447,DECLINE,HIGH_LOAN_TO_INCOME; HIGH_EXISTING_DTI; MULTIPLE_RECENT_INQUIRIES,2025-02
APP-2026-001057,2025-02-14 01:00:00,37,13210833.0,58,672,0.1307,80537052.0,12,0,Contract,Mortgage,Partner,0,0.10174426996480565,541,REVIEW,HIGH_LOAN_TO_INCOME; CONTRACT_EMPLOYMENT,2025-02
APP-2026-001058,2025-02-14 02:00:00,40,23090596.0,94,626,0.366,90076098.0,12,1,Salaried,Rented,Branch,0,0.1296753793987421,521,REVIEW,RENTED_RESIDENCE,2025-02
APP-2026-001059,2025-02-14 03:00:00,24,9270105.0,112,637,0.4961,49833204.0,6,0,Contract,Rented,Partner,1,0.2047913530896505,482,DECLINE,HIGH_LOAN_TO_INCOME; CONTRACT_EMPLOYMENT; RENTED_RESIDENCE,2025-02
APP-2026-001060,2025-02-14 04:00:00,47,42603467.0,32,619,0.2857,40081521.0,36,2,Contract,Mortgage,Mobile,0,0.08127764039122247,559,REVIEW,CONTRACT_EMPLOYMENT,2025-02
APP-2026-001061,2025-02-14 05:00:00,39,5573023.0,92,600,0.5847,43716329.0,36,0,Salaried,Rented,Mobile,0,0.1729639938694871,497,REVIEW,HIGH_LOAN_TO_INCOME; HIGH_EXISTING_DTI; RENTED_RESIDENCE,2025-02
APP-2026-001062,2025-02-14 06:00:00,39,10489184.0,60,769,0.3013,41242473.0,24,2,Salaried,Rented,Branch,0,0.07900600263991416,561,APPROVE,RENTED_RESIDENCE,2025-02
APP-2026-001063,2025-02-14 07:00:00,29,19907460.0,69,659,0.3457,54119555.0,9,1,Salaried,Owned,Mobile,0,0.0834554530196581,557,REVIEW,NO_MATERIAL_ADVERSE_FACTOR,2025-02
APP-2026-001064,2025-02-14 08:00:00,36,19072091.0,42,660,0.0758,34187932.0,12,0,Salaried,Family,Mobile,0,0.03668000696881183,620,APPROVE,NO_MATERIAL_ADVERSE_FACTOR,2025-02
APP-2026-001065,2025-02-14 09:00:00,46,26735149.0,28,603,0.4573,124240759.0,9,3,Self-employed,Rented,Mobile,1,0.31688630685089036,439,DECLINE,MULTIPLE_RECENT_INQUIRIES; RENTED_RESIDENCE,2025-02
APP-2026-001066,2025-02-14 10:00:00,34,18808525.0,78,729,0.2723,52469924.0,12,1,Salaried,Rented,Mobile,0,0.0671811872663402,574,APPROVE,RENTED_RESIDENCE,2025-02
APP-2026-001067,2025-02-14 11:00:00,36,42209996.0,99,664,0.6723,83683080.0,18,1,Salaried,Family,Mobile,0,0.0761071134608459,564,APPROVE,HIGH_EXISTING_DTI,2025-02
APP-2026-001068,2025-02-14 12:00:00,37,13193337.0,29,535,0.3022,38255963.0,18,3,Salaried,Owned,Mobile,0,0.21416000947291228,478,DECLINE,MULTIPLE_RECENT_INQUIRIES; LOW_BUREAU_SCORE,2025-02
APP-2026-001069,2025-02-14 13:00:00,20,23972783.0,33,746,0.5241,53806848.0,12,0,Self-employed,Mortgage,Partner,0,0.09423868877771595,547,REVIEW,NO_MATERIAL_ADVERSE_FACTOR,2025-02
APP-2026-001070,2025-02-14 14:00:00,33,11906850.0,42,552,0.1245,48053747.0,18,2,Salaried,Owned,Branch,0,0.1359079459335255,517,REVIEW,LOW_BUREAU_SCORE,2025-02
APP-2026-001071,2025-02-14 15:00:00,41,32713792.0,45,505,0.6828,6617973.0,12,0,Salaried,Rented,Mobile,0,0.1738619156278502,496,REVIEW,LOW_BUREAU_SCORE; HIGH_EXISTING_DTI; RENTED_RESIDENCE,2025-02
APP-2026-001072,2025-02-14 16:00:00,30,15405684.0,58,630,0.3957,27227425.0,24,3,Salaried,Family,Mobile,0,0.12891231626759542,522,REVIEW,MULTIPLE_RECENT_INQUIRIES,2025-02
APP-2026-001073,2025-02-14 17:00:00,34,14563733.0,100,625,0.0926,14563063.0,6,2,Contract,Family,Mobile,0,0.08079880105051655,559,REVIEW,CONTRACT_EMPLOYMENT,2025-02
APP-2026-001074,2025-02-14 18:00:00,34,17146937.0,58,646,0.2475,21879913.0,24,1,Salaried,Rented,Mobile,0,0.0827517261993552,557,REVIEW,RENTED_RESIDENCE,2025-02
APP-2026-001075,2025-02-14 19:00:00,20,10399491.0,8,610,0.4349,42601806.0,9,1,Salaried,Family,Mobile,0,0.15008555089155567,509,REVIEW,SHORT_EMPLOYMENT_HISTORY,2025-02
APP-2026-001076,2025-02-14 20:00:00,42,13978511.0,75,661,0.4459,178912030.0,12,1,Salaried,Family,Branch,0,0.1721778201528366,497,REVIEW,HIGH_LOAN_TO_INCOME,2025-02
APP-2026-001077,2025-02-14 21:00:00,22,7109785.0,101,677,0.3772,64741158.0,12,0,Salaried,Owned,Partner,0,0.10085528680425208,542,REVIEW,HIGH_LOAN_TO_INCOME,2025-02
APP-2026-001078,2025-02-14 22:00:00,38,14548749.0,108,751,0.1644,19202884.0,24,2,Self-employed,Owned,Partner,0,0.051754560840337284,594,APPROVE,NO_MATERIAL_ADVERSE_FACTOR,2025-02
APP-2026-001079,2025-02-14 23:00:00,33,16547784.0,83,774,0.109,59798088.0,36,1,Salaried,Owned,Mobile,0,0.03005269084986833,635,APPROVE,NO_MATERIAL_ADVERSE_FACTOR,2025-02
APP-2026-001080,2025-02-15 00:00:00,31,24607721.0,120,509,0.2204,52911222.0,18,1,Salaried,Mortgage,Mobile,0,0.12120008247996475,527,REVIEW,LOW_BUREAU_SCORE,2025-02
APP-2026-001081,2025-02-15 01:00:00,35,13629035.0,48,546,0.5368,41414880.0,9,0,Self-employed,Owned,Mobile,0,0.19235605689580443,487,DECLINE,LOW_BUREAU_SCORE,2025-02
APP-2026-001082,2025-02-15 02:00:00,41,8427883.0,20,752,0.1001,40330340.0,6,2,Salaried,Family,Mobile,0,0.05343189744728059,591,APPROVE,NO_MATERIAL_ADVERSE_FACTOR,2025-02
APP-2026-001083,2025-02-15 03:00:00,42,16803625.0,101,587,0.1418,30954413.0,36,0,Self-employed,Family,Mobile,0,0.053157167352497724,592,APPROVE,NO_MATERIAL_ADVERSE_FACTOR,2025-02
APP-2026-001084,2025-02-15 04:00:00,31,12345672.0,44,738,0.3592,135674519.0,36,0,Salaried,Owned,Mobile,0,0.07832716102276391,562,APPROVE,HIGH_LOAN_TO_INCOME,2025-02
APP-2026-001085,2025-02-15 05:00:00,33,10351837.0,38,641,0.2907,69473634.0,18,1,Contract,Owned,Partner,0,0.16051362350726794,503,REVIEW,HIGH_LOAN_TO_INCOME; CONTRACT_EMPLOYMENT,2025-02
APP-2026-001086,2025-02-15 06:00:00,27,44859941.0,94,627,0.4024,21140860.0,24,1,Salaried,Family,Mobile,0,0.04004915387582321,613,APPROVE,NO_MATERIAL_ADVERSE_FACTOR,2025-02
APP-2026-001087,2025-02-15 07:00:00,21,15076828.0,38,615,0.2724,131785495.0,12,2,Salaried,Rented,Mobile,1,0.241572827826455,466,DECLINE,HIGH_LOAN_TO_INCOME; RENTED_RESIDENCE,2025-02
APP-2026-001088,2025-02-15 08:00:00,43,85187561.0,43,652,0.1415,35545322.0,12,3,Salaried,Family,Mobile,0,0.016451598972874078,679,APPROVE,MULTIPLE_RECENT_INQUIRIES,2025-02
APP-2026-001089,2025-02-15 09:00:00,25,14096329.0,106,653,0.2231,34173577.0,12,1,Salaried,Family,Branch,0,0.06134820188287158,581,APPROVE,NO_MATERIAL_ADVERSE_FACTOR,2025-02
APP-2026-001090,2025-02-15 10:00:00,28,9576694.0,52,588,0.2693,29397119.0,12,1,Salaried,Rented,Mobile,0,0.1505002017011867,509,REVIEW,RENTED_RESIDENCE,2025-02
APP-2026-001091,2025-02-15 11:00:00,38,15012102.0,54,681,0.3952,87902098.0,12,1,Contract,Rented,Mobile,1,0.17151280071538194,498,REVIEW,HIGH_LOAN_TO_INCOME; CONTRACT_EMPLOYMENT; RENTED_RESIDENCE,2025-02
APP-2026-001092,2025-02-15 12:00:00,22,10907495.0,81,559,0.2443,38967927.0,36,5,Salaried,Rented,Branch,0,0.29271086513505257,448,DECLINE,MULTIPLE_RECENT_INQUIRIES; LOW_BUREAU_SCORE; RENTED_RESIDENCE,2025-02
APP-2026-001093,2025-02-15 13:00:00,39,26125535.0,48,552,0.6897,28574066.0,24,2,Salaried,Mortgage,Mobile,1,0.22728804802983688,472,DECLINE,HIGH_EXISTING_DTI; LOW_BUREAU_SCORE,2025-02
APP-2026-001094,2025-02-15 14:00:00,27,13016250.0,84,607,0.1247,245594139.0,24,0,Contract,Family,Partner,0,0.21341882689104166,478,DECLINE,HIGH_LOAN_TO_INCOME; CONTRACT_EMPLOYMENT,2025-02
APP-2026-001095,2025-02-15 15:00:00,24,17542905.0,19,657,0.469,34506506.0,12,4,Self-employed,Rented,Mobile,1,0.2758442937557866,454,DECLINE,MULTIPLE_RECENT_INQUIRIES; RENTED_RESIDENCE,2025-02
APP-2026-001096,2025-02-15 16:00:00,29,26961910.0,88,782,0.1065,17339453.0,24,1,Contract,Rented,Mobile,0,0.03254237994212927,629,APPROVE,CONTRACT_EMPLOYMENT; RENTED_RESIDENCE,2025-02
APP-2026-001097,2025-02-15 17:00:00,27,16377707.0,132,735,0.5411,138798084.0,18,1,Salaried,Owned,Mobile,1,0.11179438169857452,533,REVIEW,HIGH_LOAN_TO_INCOME,2025-02
APP-2026-001098,2025-02-15 18:00:00,37,19326700.0,145,607,0.0906,77678694.0,36,1,Salaried,Rented,Mobile,0,0.07534861385866985,565,APPROVE,RENTED_RESIDENCE,2025-02
APP-2026-001099,2025-02-15 19:00:00,47,12518391.0,150,603,0.2577,44180481.0,9,3,Self-employed,Owned,Partner,0,0.1638625474422979,501,REVIEW,MULTIPLE_RECENT_INQUIRIES,2025-02
APP-2026-001100,2025-02-15 20:00:00,41,29096156.0,47,606,0.2875,101042715.0,36,0,Salaried,Rented,Mobile,0,0.09151521933909809,549,REVIEW,RENTED_RESIDENCE,2025-02
APP-2026-001101,2025-02-15 21:00:00,39,43985986.0,40,553,0.6973,113348476.0,9,3,Contract,Rented,Mobile,0,0.38103678329788326,419,DECLINE,HIGH_EXISTING_DTI; MULTIPLE_RECENT_INQUIRIES; CONTRACT_EMPLOYMENT,2025-02
APP-2026-001102,2025-02-15 22:00:00,29,15518315.0,34,535,0.2185,49665242.0,9,3,Salaried,Rented,Mobile,0,0.25378441280205644,462,DECLINE,MULTIPLE_RECENT_INQUIRIES; LOW_BUREAU_SCORE; RENTED_RESIDENCE,2025-02
APP-2026-001103,2025-02-15 23:00:00,32,10177232.0,32,626,0.4352,62144257.0,12,0,Contract,Family,Mobile,1,0.14386706534099494,513,REVIEW,HIGH_LOAN_TO_INCOME; CONTRACT_EMPLOYMENT,2025-02
APP-2026-001104,2025-02-16 00:00:00,35,18681357.0,48,679,0.4078,16968856.0,6,2,Salaried,Family,Branch,0,0.08378141757155254,556,REVIEW,NO_MATERIAL_ADVERSE_FACTOR,2025-02
APP-2026-001105,2025-02-16 01:00:00,34,45602917.0,56,730,0.7383,100954365.0,9,2,Salaried,Owned,Mobile,0,0.09790390887297733,544,REVIEW,HIGH_EXISTING_DTI,2025-02
APP-2026-001106,2025-02-16 02:00:00,36,15683728.0,91,566,0.0959,88868124.0,24,2,Salaried,Mortgage,Mobile,0,0.13879148959348722,516,REVIEW,HIGH_LOAN_TO_INCOME; LOW_BUREAU_SCORE,2025-02
APP-2026-001107,2025-02-16 03:00:00,23,39297315.0,34,560,0.0757,48301530.0,36,2,Self-employed,Rented,Branch,1,0.09429837746773977,547,REVIEW,RENTED_RESIDENCE; LOW_BUREAU_SCORE,2025-02
APP-2026-001108,2025-02-16 04:00:00,50,10856382.0,39,558,0.4754,65876448.0,24,2,Self-employed,Owned,Branch,0,0.2546454888116362,461,DECLINE,HIGH_LOAN_TO_INCOME; LOW_BUREAU_SCORE,2025-02
APP-2026-001109,2025-02-16 05:00:00,22,15960977.0,38,660,0.3772,22494973.0,12,2,Salaried,Family,Mobile,0,0.09867129796298177,543,REVIEW,NO_MATERIAL_ADVERSE_FACTOR,2025-02
APP-2026-001110,2025-02-16 06:00:00,33,31070919.0,41,684,0.638,96840959.0,36,1,Salaried,Rented,Branch,0,0.13278419655722978,519,REVIEW,HIGH_EXISTING_DTI; RENTED_RESIDENCE,2025-02
APP-2026-001111,2025-02-16 07:00:00,42,20455871.0,76,506,0.2542,30777775.0,12,1,Salaried,Rented,Branch,0,0.15195579683983734,508,REVIEW,LOW_BUREAU_SCORE; RENTED_RESIDENCE,2025-02
APP-2026-001112,2025-02-16 08:00:00,27,13745081.0,117,716,0.3763,115030523.0,6,1,Salaried,Rented,Mobile,0,0.12612007649672768,524,REVIEW,HIGH_LOAN_TO_INCOME; RENTED_RESIDENCE,2025-02
APP-2026-001113,2025-02-16 09:00:00,44,46126315.0,63,667,0.4687,38408394.0,24,1,Salaried,Rented,Mobile,0,0.05672428062122965,587,APPROVE,RENTED_RESIDENCE,2025-02
APP-2026-001114,2025-02-16 10:00:00,21,17236146.0,49,599,0.5298,45814477.0,24,1,Salaried,Mortgage,Partner,0,0.19362732704336932,487,DECLINE,NO_MATERIAL_ADVERSE_FACTOR,2025-02
APP-2026-001115,2025-02-16 11:00:00,27,18833498.0,37,711,0.1575,97841191.0,18,2,Contract,Owned,Branch,0,0.10013050826268102,542,REVIEW,HIGH_LOAN_TO_INCOME; CONTRACT_EMPLOYMENT,2025-02
APP-2026-001116,2025-02-16 12:00:00,20,15313592.0,59,639,0.0821,43813963.0,12,1,Salaried,Rented,Mobile,0,0.08576420099542452,555,REVIEW,RENTED_RESIDENCE,2025-02
APP-2026-001117,2025-02-16 13:00:00,43,11027298.0,59,762,0.3997,90193536.0,36,0,Salaried,Mortgage,Partner,0,0.07672590543270978,563,APPROVE,HIGH_LOAN_TO_INCOME,2025-02
APP-2026-001118,2025-02-16 14:00:00,23,19495814.0,69,685,0.1039,53496844.0,12,2,Self-employed,Family,Mobile,0,0.06617385387521577,575,APPROVE,NO_MATERIAL_ADVERSE_FACTOR,2025-02
APP-2026-001119,2025-02-16 15:00:00,28,35681924.0,89,615,0.2977,81269511.0,18,2,Salaried,Rented,Mobile,0,0.11050627055590398,534,REVIEW,RENTED_RESIDENCE,2025-02
APP-2026-001120,2025-02-16 16:00:00,41,16410848.0,132,676,0.6645,39690916.0,12,1,Salaried,Owned,Mobile,1,0.1063628759731016,537,REVIEW,HIGH_EXISTING_DTI,2025-02
APP-2026-001121,2025-02-16 17:00:00,37,34869661.0,30,674,0.1534,29552801.0,12,2,Self-employed,Rented,Mobile,0,0.06901138590116862,572,APPROVE,RENTED_RESIDENCE,2025-02
APP-2026-001122,2025-02-16 18:00:00,44,10920094.0,58,617,0.1105,30999596.0,36,2,Salaried,Owned,Mobile,0,0.07858997807299695,561,APPROVE,NO_MATERIAL_ADVERSE_FACTOR,2025-02
APP-2026-001123,2025-02-16 19:00:00,40,19695979.0,49,553,0.2036,76110874.0,18,0,Salaried,Mortgage,Partner,0,0.1269447729032563,523,REVIEW,LOW_BUREAU_SCORE,2025-02
APP-2026-001124,2025-02-16 20:00:00,42,25217879.0,73,640,0.3607,27125978.0,6,2,Self-employed,Rented,Branch,0,0.1277238079239806,522,REVIEW,RENTED_RESIDENCE,2025-02
APP-2026-001125,2025-02-16 21:00:00,30,23290567.0,52,660,0.3024,96335777.0,12,0,Salaried,Rented,Branch,0,0.09566637639337419,546,REVIEW,RENTED_RESIDENCE,2025-02
APP-2026-001126,2025-02-16 22:00:00,33,15873892.0,125,565,0.3661,17992255.0,12,1,Self-employed,Mortgage,Mobile,0,0.14135426852566052,514,REVIEW,LOW_BUREAU_SCORE,2025-02
APP-2026-001127,2025-02-16 23:00:00,41,6045802.0,69,727,0.0949,117038815.0,12,2,Salaried,Owned,Mobile,0,0.08939571640087896,551,REVIEW,HIGH_LOAN_TO_INCOME,2025-02
APP-2026-001128,2025-02-17 00:00:00,41,16140432.0,40,528,0.3972,65300276.0,24,0,Self-employed,Mortgage,Mobile,0,0.1919218575318256,488,DECLINE,LOW_BUREAU_SCORE,2025-02
APP-2026-001129,2025-02-17 01:00:00,42,28750803.0,43,614,0.2923,58660251.0,12,2,Salaried,Owned,Branch,0,0.09610800843589908,546,REVIEW,NO_MATERIAL_ADVERSE_FACTOR,2025-02
APP-2026-001130,2025-02-17 02:00:00,27,24872177.0,64,634,0.4459,19942910.0,24,2,Salaried,Family,Partner,0,0.09975919705084361,543,REVIEW,NO_MATERIAL_ADVERSE_FACTOR,2025-02
APP-2026-001131,2025-02-17 03:00:00,24,16516792.0,113,605,0.1583,37804426.0,36,0,Self-employed,Rented,Mobile,0,0.078104254087274,562,APPROVE,RENTED_RESIDENCE,2025-02
APP-2026-001132,2025-02-17 04:00:00,23,37117871.0,14,670,0.1816,43783673.0,12,0,Self-employed,Rented,Mobile,0,0.0536493760855561,591,APPROVE,RENTED_RESIDENCE,2025-02
APP-2026-001133,2025-02-17 05:00:00,30,9706041.0,69,650,0.365,76169687.0,18,1,Salaried,Family,Mobile,0,0.1096709345110685,535,REVIEW,HIGH_LOAN_TO_INCOME,2025-02
APP-2026-001134,2025-02-17 06:00:00,33,22087002.0,46,630,0.2004,33676960.0,12,4,Self-employed,Mortgage,Mobile,0,0.16373060610028617,502,REVIEW,MULTIPLE_RECENT_INQUIRIES,2025-02
APP-2026-001135,2025-02-17 07:00:00,23,43809745.0,76,521,0.4075,27798404.0,24,2,Salaried,Family,Mobile,0,0.0920977050845832,549,REVIEW,LOW_BUREAU_SCORE,2025-02
APP-2026-001136,2025-02-17 08:00:00,32,41874638.0,30,575,0.3503,89556457.0,6,3,Salaried,Rented,Mobile,0,0.18508127827640508,491,DECLINE,MULTIPLE_RECENT_INQUIRIES; RENTED_RESIDENCE; LOW_BUREAU_SCORE,2025-02
APP-2026-001137,2025-02-17 09:00:00,40,52035596.0,30,673,0.3122,67454631.0,24,0,Salaried,Rented,Partner,0,0.04377125876518826,606,APPROVE,RENTED_RESIDENCE,2025-02
APP-2026-001138,2025-02-17 10:00:00,43,8860625.0,23,758,0.1703,33848792.0,6,1,Salaried,Rented,Branch,0,0.06415221635428636,577,APPROVE,RENTED_RESIDENCE,2025-02
APP-2026-001139,2025-02-17 11:00:00,29,14021654.0,96,464,0.2555,20476053.0,6,2,Self-employed,Owned,Mobile,0,0.22204496166332657,474,DECLINE,LOW_BUREAU_SCORE,2025-02
APP-2026-001140,2025-02-17 12:00:00,39,19124848.0,42,610,0.2195,94639988.0,18,1,Salaried,Family,Mobile,0,0.09489397733123547,547,REVIEW,NO_MATERIAL_ADVERSE_FACTOR,2025-02
APP-2026-001141,2025-02-17 13:00:00,22,27453290.0,19,638,0.3796,20246493.0,36,1,Self-employed,Rented,Mobile,0,0.10243898555680712,540,REVIEW,RENTED_RESIDENCE,2025-02
APP-2026-001142,2025-02-17 14:00:00,28,9085892.0,13,638,0.1048,87133975.0,24,0,Self-employed,Family,Mobile,0,0.08531452010057297,555,REVIEW,HIGH_LOAN_TO_INCOME,2025-02
APP-2026-001143,2025-02-17 15:00:00,35,20620815.0,53,628,0.4064,83319282.0,6,3,Self-employed,Owned,Mobile,0,0.2074206480880275,481,DECLINE,MULTIPLE_RECENT_INQUIRIES,2025-02
APP-2026-001144,2025-02-17 16:00:00,28,11069751.0,18,684,0.5859,105251827.0,36,1,Salaried,Rented,Partner,0,0.23284358330578075,470,DECLINE,HIGH_LOAN_TO_INCOME; HIGH_EXISTING_DTI; RENTED_RESIDENCE,2025-02
APP-2026-001145,2025-02-17 17:00:00,27,16525554.0,89,568,0.4675,94207113.0,18,3,Self-employed,Rented,Mobile,0,0.35491372353692313,427,DECLINE,MULTIPLE_RECENT_INQUIRIES; HIGH_LOAN_TO_INCOME; RENTED_RESIDENCE,2025-02
APP-2026-001146,2025-02-17 18:00:00,36,7207993.0,56,617,0.5955,59176492.0,12,1,Salaried,Rented,Mobile,0,0.2455625483634558,465,DECLINE,HIGH_LOAN_TO_INCOME; HIGH_EXISTING_DTI; RENTED_RESIDENCE,2025-02
APP-2026-001147,2025-02-17 19:00:00,25,24792727.0,61,594,0.4397,46846148.0,24,1,Salaried,Mortgage,Partner,0,0.14304972597627855,513,REVIEW,NO_MATERIAL_ADVERSE_FACTOR,2025-02
APP-2026-001148,2025-02-17 20:00:00,35,6074243.0,21,571,0.6063,46690059.0,24,1,Salaried,Rented,Mobile,1,0.29012331975869843,448,DECLINE,HIGH_LOAN_TO_INCOME; HIGH_EXISTING_DTI; RENTED_RESIDENCE,2025-02
APP-2026-001149,2025-02-17 21:00:00,33,21715855.0,45,660,0.1456,61048400.0,24,3,Self-employed,Mortgage,Mobile,0,0.11767760641290811,529,REVIEW,MULTIPLE_RECENT_INQUIRIES,2025-02
APP-2026-001150,2025-02-17 22:00:00,38,8761508.0,37,684,0.4132,42634661.0,12,3,Self-employed,Owned,Branch,0,0.17538986059910114,496,REVIEW,MULTIPLE_RECENT_INQUIRIES,2025-02
APP-2026-001151,2025-02-17 23:00:00,41,11217288.0,59,594,0.1573,45077964.0,9,1,Salaried,Owned,Partner,0,0.10899315401451175,535,REVIEW,NO_MATERIAL_ADVERSE_FACTOR,2025-02
APP-2026-001152,2025-02-18 00:00:00,35,24246867.0,32,641,0.1979,100887989.0,9,1,Salaried,Mortgage,Mobile,0,0.1020138502972167,541,REVIEW,NO_MATERIAL_ADVERSE_FACTOR,2025-02
APP-2026-001153,2025-02-18 01:00:00,29,20652303.0,47,635,0.3624,297204565.0,36,1,Salaried,Mortgage,Mobile,1,0.301262141323802,445,DECLINE,HIGH_LOAN_TO_INCOME,2025-02
APP-2026-001154,2025-02-18 02:00:00,43,8735074.0,59,605,0.3331,55089289.0,36,0,Salaried,Owned,Mobile,0,0.09328006732803899,548,REVIEW,HIGH_LOAN_TO_INCOME,2025-02
APP-2026-001155,2025-02-18 03:00:00,36,4624243.0,26,629,0.388,62950965.0,18,1,Salaried,Rented,Branch,0,0.1940387185381211,487,DECLINE,HIGH_LOAN_TO_INCOME; RENTED_RESIDENCE,2025-02
APP-2026-001156,2025-02-18 04:00:00,26,19324873.0,65,755,0.8072,45051554.0,12,2,Salaried,Family,Mobile,0,0.12139200195528373,527,REVIEW,HIGH_EXISTING_DTI,2025-02
APP-2026-001157,2025-02-18 05:00:00,35,19456505.0,82,598,0.2311,57683217.0,12,4,Salaried,Owned,Mobile,0,0.16117183095659224,503,REVIEW,MULTIPLE_RECENT_INQUIRIES,2025-02
APP-2026-001158,2025-02-18 06:00:00,28,7534951.0,66,589,0.2665,29968453.0,9,2,Salaried,Rented,Branch,0,0.18683693049260958,490,DECLINE,RENTED_RESIDENCE,2025-02
APP-2026-001159,2025-02-18 07:00:00,20,46539398.0,23,712,0.2138,42232832.0,12,5,Salaried,Mortgage,Mobile,0,0.08143659675291844,559,REVIEW,MULTIPLE_RECENT_INQUIRIES,2025-02
APP-2026-001160,2025-02-18 08:00:00,25,28094876.0,52,726,0.5748,143852078.0,9,1,Contract,Owned,Mobile,0,0.15158419545800003,508,REVIEW,HIGH_EXISTING_DTI; HIGH_LOAN_TO_INCOME; CONTRACT_EMPLOYMENT,2025-02
APP-2026-001161,2025-02-18 09:00:00,30,7627093.0,39,682,0.2352,45919672.0,12,2,Salaried,Mortgage,Mobile,0,0.12035463993320634,527,REVIEW,HIGH_LOAN_TO_INCOME,2025-02
APP-2026-001162,2025-02-18 10:00:00,30,28314513.0,38,630,0.1341,57646941.0,24,1,Self-employed,Family,Branch,0,0.05916490527210433,583,APPROVE,NO_MATERIAL_ADVERSE_FACTOR,2025-02
APP-2026-001163,2025-02-18 11:00:00,20,8190117.0,44,644,0.1904,100146479.0,18,2,Self-employed,Owned,Mobile,0,0.16685316051253868,500,REVIEW,HIGH_LOAN_TO_INCOME,2025-02
APP-2026-001164,2025-02-18 12:00:00,31,41100076.0,54,672,0.4454,45906191.0,12,0,Self-employed,Mortgage,Mobile,0,0.06047109063723288,582,APPROVE,NO_MATERIAL_ADVERSE_FACTOR,2025-02
APP-2026-001165,2025-02-18 13:00:00,38,43997714.0,62,676,0.5529,23851057.0,24,2,Salaried,Family,Mobile,0,0.05366847977630509,591,APPROVE,HIGH_EXISTING_DTI,2025-02
APP-2026-001166,2025-02-18 14:00:00,24,46096874.0,40,615,0.4396,67558533.0,36,1,Salaried,Rented,Mobile,0,0.08487266935852439,555,REVIEW,RENTED_RESIDENCE,2025-02
APP-2026-001167,2025-02-18 15:00:00,36,8620919.0,52,674,0.175,38027380.0,9,4,Salaried,Owned,Mobile,0,0.13172939017142787,520,REVIEW,MULTIPLE_RECENT_INQUIRIES,2025-02
APP-2026-001168,2025-02-18 16:00:00,20,14278587.0,52,680,0.6219,82560015.0,24,1,Contract,Rented,Mobile,0,0.2361803087312248,469,DECLINE,HIGH_EXISTING_DTI; HIGH_LOAN_TO_INCOME; CONTRACT_EMPLOYMENT,2025-02
APP-2026-001169,2025-02-18 17:00:00,38,8524958.0,68,687,0.4231,69392460.0,6,3,Salaried,Family,Mobile,0,0.15523169272278078,506,REVIEW,HIGH_LOAN_TO_INCOME; MULTIPLE_RECENT_INQUIRIES,2025-02
APP-2026-001170,2025-02-18 18:00:00,29,10117988.0,25,463,0.3844,36817295.0,12,2,Salaried,Family,Mobile,0,0.2755799626797256,454,DECLINE,LOW_BUREAU_SCORE,2025-02
APP-2026-001171,2025-02-18 19:00:00,22,53952297.0,73,658,0.0764,55077157.0,36,1,Salaried,Owned,Branch,0,0.021042438669621404,661,APPROVE,NO_MATERIAL_ADVERSE_FACTOR,2025-02
APP-2026-001172,2025-02-18 20:00:00,44,18696234.0,66,578,0.2864,29427777.0,18,3,Contract,Family,Partner,0,0.17758763377481382,494,REVIEW,MULTIPLE_RECENT_INQUIRIES; CONTRACT_EMPLOYMENT; LOW_BUREAU_SCORE,2025-02
APP-2026-001173,2025-02-18 21:00:00,38,15157110.0,76,605,0.0949,21264024.0,36,0,Self-employed,Rented,Partner,0,0.07895769275988043,561,APPROVE,RENTED_RESIDENCE,2025-02
APP-2026-001174,2025-02-18 22:00:00,42,15636202.0,26,537,0.0193,22970214.0,12,0,Self-employed,Mortgage,Branch,0,0.09378666031205107,548,REVIEW,LOW_BUREAU_SCORE,2025-02
APP-2026-001175,2025-02-18 23:00:00,37,10896048.0,49,516,0.0693,32421550.0,24,0,Salaried,Rented,Mobile,0,0.11322277306993651,532,REVIEW,LOW_BUREAU_SCORE; RENTED_RESIDENCE,2025-02
APP-2026-001176,2025-02-19 00:00:00,37,12781617.0,135,639,0.4401,77421853.0,24,0,Salaried,Owned,Mobile,0,0.08957457000967345,551,REVIEW,HIGH_LOAN_TO_INCOME,2025-02
APP-2026-001177,2025-02-19 01:00:00,30,23110658.0,162,781,0.0469,129239731.0,18,2,Salaried,Family,Branch,0,0.03440445153647527,624,APPROVE,HIGH_LOAN_TO_INCOME,2025-02
APP-2026-001178,2025-02-19 02:00:00,38,14622871.0,50,659,0.2113,43661396.0,36,4,Salaried,Rented,Mobile,0,0.1492005954901316,509,REVIEW,MULTIPLE_RECENT_INQUIRIES; RENTED_RESIDENCE,2025-02
APP-2026-001179,2025-02-19 03:00:00,33,14005447.0,124,711,0.6496,82664418.0,36,2,Self-employed,Rented,Branch,0,0.1908633073889992,488,DECLINE,HIGH_EXISTING_DTI; HIGH_LOAN_TO_INCOME; RENTED_RESIDENCE,2025-02
APP-2026-001180,2025-02-19 04:00:00,28,15601638.0,57,576,0.5833,32606720.0,18,0,Salaried,Family,Partner,0,0.14603448311657094,511,REVIEW,HIGH_EXISTING_DTI; LOW_BUREAU_SCORE,2025-02
APP-2026-001181,2025-02-19 05:00:00,32,18295468.0,30,696,0.4735,60995948.0,12,0,Salaried,Mortgage,Branch,0,0.09395949507871017,547,REVIEW,NO_MATERIAL_ADVERSE_FACTOR,2025-02
APP-2026-001182,2025-02-19 06:00:00,22,15736168.0,21,593,0.2658,75289157.0,36,2,Salaried,Owned,Mobile,0,0.14545097114769204,512,REVIEW,NO_MATERIAL_ADVERSE_FACTOR,2025-02
APP-2026-001183,2025-02-19 07:00:00,34,13130041.0,26,676,0.2782,151510011.0,24,0,Salaried,Owned,Partner,0,0.12204729232787861,526,REVIEW,HIGH_LOAN_TO_INCOME,2025-02
APP-2026-001184,2025-02-19 08:00:00,38,13629226.0,17,644,0.2779,211343509.0,12,2,Salaried,Rented,Mobile,1,0.30480807277958505,443,DECLINE,HIGH_LOAN_TO_INCOME; RENTED_RESIDENCE,2025-02
APP-2026-001185,2025-02-19 09:00:00,35,22238541.0,16,596,0.4742,32802432.0,6,0,Salaried,Owned,Mobile,0,0.10543882486516236,538,REVIEW,NO_MATERIAL_ADVERSE_FACTOR,2025-02
APP-2026-001186,2025-02-19 10:00:00,39,14302616.0,31,686,0.5388,188754796.0,24,1,Salaried,Owned,Partner,0,0.2320618977232861,470,DECLINE,HIGH_LOAN_TO_INCOME,2025-02
APP-2026-001187,2025-02-19 11:00:00,31,15390563.0,98,639,0.4313,40023063.0,6,1,Self-employed,Mortgage,Partner,1,0.1577291666361591,505,REVIEW,NO_MATERIAL_ADVERSE_FACTOR,2025-02
APP-2026-001188,2025-02-19 12:00:00,34,11893944.0,15,540,0.3538,36831236.0,24,0,Self-employed,Rented,Partner,0,0.2178860825742487,476,DECLINE,LOW_BUREAU_SCORE; RENTED_RESIDENCE,2025-02
APP-2026-001189,2025-02-19 13:00:00,34,16428329.0,72,687,0.2337,65226501.0,24,1,Self-employed,Family,Branch,0,0.06690417009422502,574,APPROVE,NO_MATERIAL_ADVERSE_FACTOR,2025-02
APP-2026-001190,2025-02-19 14:00:00,51,23107650.0,68,627,0.4581,46498807.0,9,1,Self-employed,Rented,Partner,1,0.1616636837489161,503,REVIEW,RENTED_RESIDENCE,2025-02
APP-2026-001191,2025-02-19 15:00:00,22,6328114.0,93,609,0.7216,21544364.0,24,1,Salaried,Rented,Partner,0,0.2697112487722221,456,DECLINE,HIGH_EXISTING_DTI; RENTED_RESIDENCE,2025-02
APP-2026-001192,2025-02-19 16:00:00,52,19208838.0,67,630,0.2708,78014794.0,12,2,Salaried,Owned,Mobile,0,0.1080940821767566,536,REVIEW,NO_MATERIAL_ADVERSE_FACTOR,2025-02
APP-2026-001193,2025-02-19 17:00:00,27,24550422.0,26,429,0.2732,41064921.0,6,3,Contract,Family,Mobile,0,0.311187281351065,441,DECLINE,LOW_BUREAU_SCORE; MULTIPLE_RECENT_INQUIRIES; CONTRACT_EMPLOYMENT,2025-02
APP-2026-001194,2025-02-19 18:00:00,31,17503922.0,72,634,0.1051,31847476.0,18,3,Salaried,Family,Partner,0,0.08974078278749446,551,REVIEW,MULTIPLE_RECENT_INQUIRIES,2025-02
APP-2026-001195,2025-02-19 19:00:00,36,12249320.0,132,528,0.4452,27964145.0,18,0,Contract,Rented,Partner,0,0.22166572707641902,475,DECLINE,LOW_BUREAU_SCORE; CONTRACT_EMPLOYMENT; RENTED_RESIDENCE,2025-02
APP-2026-001196,2025-02-19 20:00:00,39,29285969.0,14,656,0.2263,53472893.0,36,2,Contract,Owned,Partner,0,0.09450365501948037,547,REVIEW,CONTRACT_EMPLOYMENT,2025-02
APP-2026-001197,2025-02-19 21:00:00,34,29569345.0,40,592,0.1008,52326003.0,24,1,Salaried,Owned,Mobile,0,0.05854614161320014,584,APPROVE,NO_MATERIAL_ADVERSE_FACTOR,2025-02
APP-2026-001198,2025-02-19 22:00:00,36,10486756.0,91,698,0.1071,56520376.0,12,1,Salaried,Owned,Mobile,1,0.05445467898878427,590,APPROVE,HIGH_LOAN_TO_INCOME,2025-02
APP-2026-001199,2025-02-19 23:00:00,46,22216561.0,59,579,0.1632,113241074.0,6,1,Salaried,Owned,Mobile,0,0.1121526794976472,533,REVIEW,HIGH_LOAN_TO_INCOME; LOW_BUREAU_SCORE,2025-02
APP-2026-001200,2025-02-20 00:00:00,57,19580538.0,90,750,0.1201,80004435.0,24,0,Salaried,Rented,Mobile,0,0.03637974329390712,620,APPROVE,RENTED_RESIDENCE,2025-02
APP-2026-001201,2025-02-20 01:00:00,37,5561786.0,56,677,0.576,101257294.0,12,1,Salaried,Mortgage,Mobile,0,0.21415308790834806,478,DECLINE,HIGH_LOAN_TO_INCOME; HIGH_EXISTING_DTI,2025-02
APP-2026-001202,2025-02-20 02:00:00,40,20747658.0,53,531,0.2811,47550645.0,12,1,Self-employed,Owned,Partner,0,0.1639868032856941,501,REVIEW,LOW_BUREAU_SCORE,2025-02
APP-2026-001203,2025-02-20 03:00:00,33,7941549.0,39,656,0.4547,62346226.0,18,0,Salaried,Owned,Mobile,0,0.11222676669912075,533,REVIEW,HIGH_LOAN_TO_INCOME,2025-02
APP-2026-001204,2025-02-20 04:00:00,49,17500741.0,22,745,0.6151,19502602.0,6,0,Contract,Rented,Branch,0,0.10757955124417742,537,REVIEW,HIGH_EXISTING_DTI; CONTRACT_EMPLOYMENT; RENTED_RESIDENCE,2025-02
APP-2026-001205,2025-02-20 05:00:00,33,7593628.0,22,673,0.252,103468757.0,24,1,Self-employed,Rented,Branch,0,0.16959159346551872,498,REVIEW,HIGH_LOAN_TO_INCOME; RENTED_RESIDENCE,2025-02
APP-2026-001206,2025-02-20 06:00:00,38,22957671.0,67,515,0.1543,81611296.0,24,0,Salaried,Mortgage,Branch,0,0.10998004615134305,535,REVIEW,LOW_BUREAU_SCORE,2025-02
APP-2026-001207,2025-02-20 07:00:00,25,63482118.0,12,617,0.3927,41825923.0,6,1,Salaried,Rented,Branch,0,0.05689353082664348,586,APPROVE,RENTED_RESIDENCE,2025-02
APP-2026-001208,2025-02-20 08:00:00,20,12141416.0,57,673,0.6603,153480835.0,12,3,Contract,Rented,Partner,1,0.5099614225102282,381,DECLINE,HIGH_LOAN_TO_INCOME; HIGH_EXISTING_DTI; MULTIPLE_RECENT_INQUIRIES,2025-02
APP-2026-001209,2025-02-20 09:00:00,54,10200447.0,70,699,0.292,107528242.0,24,2,Salaried,Mortgage,Partner,1,0.1433070279602422,513,REVIEW,HIGH_LOAN_TO_INCOME,2025-02
APP-2026-001210,2025-02-20 10:00:00,43,7068624.0,13,596,0.2397,140957339.0,18,1,Self-employed,Rented,Mobile,0,0.2722373234882561,455,DECLINE,HIGH_LOAN_TO_INCOME; RENTED_RESIDENCE,2025-02
APP-2026-001211,2025-02-20 11:00:00,42,9724573.0,58,660,0.2151,18754073.0,24,1,Salaried,Rented,Mobile,0,0.08352592413469004,557,REVIEW,RENTED_RESIDENCE,2025-02
APP-2026-001212,2025-02-20 12:00:00,26,30553892.0,18,667,0.6554,38871865.0,24,1,Salaried,Owned,Partner,0,0.11344875006931868,532,REVIEW,HIGH_EXISTING_DTI,2025-02
APP-2026-001213,2025-02-20 13:00:00,20,17630717.0,43,698,0.3416,187495419.0,18,0,Salaried,Owned,Partner,0,0.1377240692373655,516,REVIEW,HIGH_LOAN_TO_INCOME,2025-02
APP-2026-001214,2025-02-20 14:00:00,32,6626684.0,28,718,0.3916,57618168.0,24,0,Salaried,Rented,Partner,0,0.11374756053526361,532,REVIEW,HIGH_LOAN_TO_INCOME; RENTED_RESIDENCE,2025-02
APP-2026-001215,2025-02-20 15:00:00,35,15020310.0,77,645,0.5425,25165577.0,36,1,Self-employed,Rented,Mobile,1,0.14583058967421378,511,REVIEW,RENTED_RESIDENCE,2025-02
APP-2026-001216,2025-02-20 16:00:00,40,13877038.0,51,691,0.3915,38589144.0,36,1,Salaried,Family,Branch,0,0.06471162895353137,577,APPROVE,NO_MATERIAL_ADVERSE_FACTOR,2025-02
APP-2026-001217,2025-02-20 17:00:00,34,23978040.0,148,562,0.2585,17844780.0,12,3,Salaried,Rented,Mobile,0,0.1370078442098573,517,REVIEW,MULTIPLE_RECENT_INQUIRIES; RENTED_RESIDENCE; LOW_BUREAU_SCORE,2025-02
APP-2026-001218,2025-02-20 18:00:00,45,13053976.0,26,589,0.3569,55304155.0,12,1,Salaried,Rented,Branch,0,0.17749078936967613,495,REVIEW,RENTED_RESIDENCE,2025-02
APP-2026-001219,2025-02-20 19:00:00,37,21383916.0,186,644,0.4546,37616368.0,18,2,Contract,Owned,Mobile,0,0.10703922957664887,537,REVIEW,CONTRACT_EMPLOYMENT,2025-02
APP-2026-001220,2025-02-20 20:00:00,37,16205657.0,30,544,0.0864,21345865.0,12,1,Salaried,Mortgage,Partner,0,0.12072994478574135,527,REVIEW,LOW_BUREAU_SCORE,2025-02
APP-2026-001221,2025-02-20 21:00:00,44,6734465.0,23,540,0.556,31126034.0,36,2,Salaried,Owned,Mobile,0,0.24896779669179225,464,DECLINE,HIGH_EXISTING_DTI; LOW_BUREAU_SCORE,2025-02
APP-2026-001222,2025-02-20 22:00:00,28,9642478.0,27,611,0.3018,66226574.0,12,0,Salaried,Owned,Mobile,0,0.11459535530479077,531,REVIEW,HIGH_LOAN_TO_INCOME,2025-02
APP-2026-001223,2025-02-20 23:00:00,37,35399544.0,45,679,0.1402,105905714.0,24,1,Self-employed,Owned,Mobile,1,0.054147714181215556,590,APPROVE,NO_MATERIAL_ADVERSE_FACTOR,2025-02
APP-2026-001224,2025-02-21 00:00:00,29,20945932.0,101,599,0.48,73904583.0,12,1,Self-employed,Owned,Mobile,1,0.1543719423750762,507,REVIEW,NO_MATERIAL_ADVERSE_FACTOR,2025-02
APP-2026-001225,2025-02-21 01:00:00,28,19064068.0,31,745,0.1053,78818420.0,6,0,Salaried,Family,Mobile,0,0.035262839323006445,623,APPROVE,NO_MATERIAL_ADVERSE_FACTOR,2025-02
APP-2026-001226,2025-02-21 02:00:00,47,17001377.0,38,688,0.1086,48143457.0,36,1,Salaried,Family,Mobile,0,0.04027557042982511,613,APPROVE,NO_MATERIAL_ADVERSE_FACTOR,2025-02
APP-2026-001227,2025-02-21 03:00:00,44,6959612.0,40,533,0.4762,42456052.0,24,0,Salaried,Mortgage,Mobile,0,0.19867080946090998,485,DECLINE,HIGH_LOAN_TO_INCOME; LOW_BUREAU_SCORE,2025-02
APP-2026-001228,2025-02-21 04:00:00,39,14773503.0,36,603,0.1017,57850762.0,6,3,Salaried,Family,Partner,0,0.13799850868611263,516,REVIEW,MULTIPLE_RECENT_INQUIRIES,2025-02
APP-2026-001229,2025-02-21 05:00:00,46,21788522.0,140,624,0.3876,75155667.0,36,1,Salaried,Rented,Mobile,0,0.10172237241699167,541,REVIEW,RENTED_RESIDENCE,2025-02
APP-2026-001230,2025-02-21 06:00:00,37,25820483.0,45,529,0.5159,114369146.0,18,4,Contract,Family,Partner,1,0.42935957390217494,404,DECLINE,MULTIPLE_RECENT_INQUIRIES; LOW_BUREAU_SCORE; CONTRACT_EMPLOYMENT,2025-02
APP-2026-001231,2025-02-21 07:00:00,46,30690603.0,16,645,0.7033,65796038.0,12,1,Self-employed,Owned,Mobile,0,0.15392395794881236,507,REVIEW,HIGH_EXISTING_DTI,2025-02
APP-2026-001232,2025-02-21 08:00:00,26,21356269.0,87,600,0.7207,53708920.0,24,1,Salaried,Owned,Branch,0,0.16879982825505588,499,REVIEW,HIGH_EXISTING_DTI,2025-02
APP-2026-001233,2025-02-21 09:00:00,33,23963546.0,22,572,0.1318,35686971.0,12,2,Self-employed,Rented,Branch,0,0.1445062082680923,512,REVIEW,RENTED_RESIDENCE; LOW_BUREAU_SCORE,2025-02
APP-2026-001234,2025-02-21 10:00:00,37,12704939.0,47,662,0.2293,49247053.0,24,0,Self-employed,Owned,Mobile,0,0.06967294926804427,571,APPROVE,NO_MATERIAL_ADVERSE_FACTOR,2025-02
APP-2026-001235,2025-02-21 11:00:00,25,37907450.0,72,573,0.126,42511688.0,36,0,Self-employed,Mortgage,Partner,0,0.060317934851408204,582,APPROVE,LOW_BUREAU_SCORE,2025-02
APP-2026-001236,2025-02-21 12:00:00,28,10177367.0,19,662,0.4395,49223500.0,24,2,Salaried,Rented,Partner,0,0.20904478016574113,480,DECLINE,RENTED_RESIDENCE,2025-02
APP-2026-001237,2025-02-21 13:00:00,23,20924594.0,42,695,0.4374,32363923.0,24,2,Salaried,Rented,Mobile,0,0.11386639397493821,532,REVIEW,RENTED_RESIDENCE,2025-02
APP-2026-001238,2025-02-21 14:00:00,40,15090521.0,84,605,0.051,38563504.0,36,0,Contract,Owned,Mobile,0,0.05755775390327559,586,APPROVE,CONTRACT_EMPLOYMENT,2025-02
APP-2026-001239,2025-02-21 15:00:00,30,34962770.0,126,536,0.252,51385120.0,24,1,Salaried,Rented,Mobile,0,0.09396988855193933,547,REVIEW,LOW_BUREAU_SCORE; RENTED_RESIDENCE,2025-02
APP-2026-001240,2025-02-21 16:00:00,36,16170959.0,185,654,0.6029,49319598.0,12,0,Contract,Rented,Branch,0,0.13744787393555705,516,REVIEW,HIGH_EXISTING_DTI; CONTRACT_EMPLOYMENT; RENTED_RESIDENCE,2025-02
APP-2026-001241,2025-02-21 17:00:00,39,26223800.0,46,778,0.3051,50748741.0,24,1,Salaried,Rented,Mobile,0,0.045990506297900205,603,APPROVE,RENTED_RESIDENCE,2025-02
APP-2026-001242,2025-02-21 18:00:00,33,11836414.0,78,497,0.5549,170705100.0,9,1,Self-employed,Rented,Partner,1,0.5523155711958291,369,DECLINE,HIGH_LOAN_TO_INCOME; LOW_BUREAU_SCORE; HIGH_EXISTING_DTI,2025-02
APP-2026-001243,2025-02-21 19:00:00,34,33801352.0,78,615,0.5873,40710623.0,6,1,Salaried,Mortgage,Mobile,0,0.11704374223867615,530,REVIEW,HIGH_EXISTING_DTI,2025-02
APP-2026-001244,2025-02-21 20:00:00,35,29788198.0,53,608,0.4611,86135850.0,24,1,Salaried,Rented,Branch,0,0.1427446078972308,513,REVIEW,RENTED_RESIDENCE,2025-02
APP-2026-001245,2025-02-21 21:00:00,38,41606459.0,31,619,0.263,82489158.0,9,0,Salaried,Rented,Branch,0,0.06838375684342882,572,APPROVE,RENTED_RESIDENCE,2025-02
APP-2026-001246,2025-02-21 22:00:00,46,15010187.0,47,685,0.4435,109015306.0,12,1,Contract,Family,Mobile,0,0.14202201340500573,514,REVIEW,HIGH_LOAN_TO_INCOME; CONTRACT_EMPLOYMENT,2025-02
APP-2026-001247,2025-02-21 23:00:00,24,29134477.0,141,616,0.3266,55599971.0,24,0,Salaried,Mortgage,Mobile,0,0.06192516409766673,580,APPROVE,NO_MATERIAL_ADVERSE_FACTOR,2025-02
APP-2026-001248,2025-02-22 00:00:00,35,26176330.0,17,688,0.3051,23745027.0,36,2,Salaried,Rented,Mobile,1,0.0766639589575824,563,APPROVE,RENTED_RESIDENCE,2025-02
APP-2026-001249,2025-02-22 01:00:00,23,33505928.0,67,656,0.2889,104975857.0,24,2,Salaried,Rented,Mobile,0,0.11036208735515947,534,REVIEW,RENTED_RESIDENCE,2025-02
APP-2026-001250,2025-02-22 02:00:00,47,26648044.0,59,678,0.3555,90030697.0,24,1,Salaried,Family,Partner,0,0.07372630208957212,566,APPROVE,NO_MATERIAL_ADVERSE_FACTOR,2025-02
APP-2026-001251,2025-02-22 03:00:00,20,19713184.0,77,495,0.1099,505061197.0,9,1,Salaried,Family,Mobile,1,0.6100198802739738,352,DECLINE,HIGH_LOAN_TO_INCOME; LOW_BUREAU_SCORE,2025-02
APP-2026-001252,2025-02-22 04:00:00,35,33881721.0,65,690,0.4481,91268127.0,24,0,Salaried,Owned,Partner,0,0.06313550289222111,578,APPROVE,NO_MATERIAL_ADVERSE_FACTOR,2025-02
APP-2026-001253,2025-02-22 05:00:00,30,4058212.0,45,667,0.2573,150581420.0,36,0,Self-employed,Rented,Branch,0,0.1771119976678598,495,REVIEW,HIGH_LOAN_TO_INCOME; RENTED_RESIDENCE,2025-02
APP-2026-001254,2025-02-22 06:00:00,29,14932666.0,39,607,0.0893,26827341.0,9,4,Salaried,Rented,Branch,0,0.17279715098068354,497,REVIEW,MULTIPLE_RECENT_INQUIRIES; RENTED_RESIDENCE,2025-02
APP-2026-001255,2025-02-22 07:00:00,40,11136125.0,19,672,0.1725,25767023.0,12,1,Salaried,Rented,Mobile,0,0.08631147411756496,554,REVIEW,RENTED_RESIDENCE,2025-02
APP-2026-001256,2025-02-22 08:00:00,39,33707763.0,85,701,0.2,157759135.0,12,1,Salaried,Family,Partner,1,0.06429809171203,577,APPROVE,NO_MATERIAL_ADVERSE_FACTOR,2025-02
APP-2026-001257,2025-02-22 09:00:00,25,16147369.0,67,596,0.4609,83974756.0,12,0,Salaried,Family,Branch,0,0.12628035603229365,523,REVIEW,HIGH_LOAN_TO_INCOME,2025-02
APP-2026-001258,2025-02-22 10:00:00,38,27033883.0,21,679,0.2762,74511724.0,36,2,Salaried,Owned,Mobile,0,0.07287912092013435,567,APPROVE,NO_MATERIAL_ADVERSE_FACTOR,2025-02
APP-2026-001259,2025-02-22 11:00:00,37,19442220.0,105,459,0.1304,35217542.0,24,3,Salaried,Rented,Mobile,0,0.21178557692047822,479,DECLINE,LOW_BUREAU_SCORE; MULTIPLE_RECENT_INQUIRIES; RENTED_RESIDENCE,2025-02
APP-2026-001260,2025-02-22 12:00:00,27,32815423.0,80,702,0.5346,31818467.0,24,1,Salaried,Family,Mobile,1,0.05046182531929092,596,APPROVE,NO_MATERIAL_ADVERSE_FACTOR,2025-02
APP-2026-001261,2025-02-22 13:00:00,21,28330958.0,20,617,0.4472,35501433.0,12,0,Salaried,Rented,Mobile,0,0.10614195450725945,538,REVIEW,RENTED_RESIDENCE,2025-02
APP-2026-001262,2025-02-22 14:00:00,41,18022257.0,37,559,0.4313,46776926.0,9,1,Salaried,Owned,Partner,0,0.17420928211105954,496,REVIEW,LOW_BUREAU_SCORE,2025-02
APP-2026-001263,2025-02-22 15:00:00,40,23828268.0,43,526,0.0518,50016240.0,9,2,Salaried,Owned,Branch,1,0.10777401000254923,536,REVIEW,LOW_BUREAU_SCORE,2025-02
APP-2026-001264,2025-02-22 16:00:00,39,18089893.0,220,572,0.4052,24265871.0,6,1,Salaried,Rented,Partner,0,0.1298974053207662,521,REVIEW,RENTED_RESIDENCE; LOW_BUREAU_SCORE,2025-02
APP-2026-001265,2025-02-22 17:00:00,29,14086664.0,25,485,0.0916,45096022.0,6,1,Salaried,Rented,Branch,1,0.1903525685650056,488,DECLINE,LOW_BUREAU_SCORE; RENTED_RESIDENCE,2025-02
APP-2026-001266,2025-02-22 18:00:00,45,23786213.0,80,725,0.1923,53731458.0,12,1,Salaried,Mortgage,Partner,0,0.05344585839602759,591,APPROVE,NO_MATERIAL_ADVERSE_FACTOR,2025-02
APP-2026-001267,2025-02-22 19:00:00,64,42584479.0,113,649,0.6216,83921884.0,12,1,Self-employed,Rented,Mobile,0,0.11149767436649072,534,REVIEW,HIGH_EXISTING_DTI; RENTED_RESIDENCE,2025-02
APP-2026-001268,2025-02-22 20:00:00,35,29044073.0,41,515,0.1128,70478978.0,6,0,Salaried,Mortgage,Mobile,0,0.09941169292337372,543,REVIEW,LOW_BUREAU_SCORE,2025-02
APP-2026-001269,2025-02-22 21:00:00,39,11680503.0,31,532,0.321,35353133.0,12,2,Salaried,Mortgage,Mobile,0,0.2219359883319012,474,DECLINE,LOW_BUREAU_SCORE,2025-02
APP-2026-001270,2025-02-22 22:00:00,27,28840394.0,94,671,0.385,74080759.0,12,2,Contract,Owned,Partner,0,0.12694855409809827,523,REVIEW,CONTRACT_EMPLOYMENT,2025-02
APP-2026-001271,2025-02-22 23:00:00,27,11574525.0,29,765,0.2914,17335623.0,12,1,Salaried,Rented,Mobile,0,0.065899332930932,575,APPROVE,RENTED_RESIDENCE,2025-02
APP-2026-001272,2025-02-23 00:00:00,49,3444675.0,57,677,0.5002,50202779.0,36,2,Salaried,Mortgage,Mobile,0,0.16357725254451405,502,REVIEW,HIGH_LOAN_TO_INCOME,2025-02
APP-2026-001273,2025-02-23 01:00:00,54,10588333.0,71,618,0.3534,212653948.0,24,1,Salaried,Family,Branch,0,0.20556464720277937,481,DECLINE,HIGH_LOAN_TO_INCOME,2025-02
APP-2026-001274,2025-02-23 02:00:00,32,19578336.0,24,745,0.1612,21014450.0,18,2,Salaried,Owned,Mobile,0,0.04466637668533345,605,APPROVE,NO_MATERIAL_ADVERSE_FACTOR,2025-02
APP-2026-001275,2025-02-23 03:00:00,28,8032960.0,98,624,0.1477,93737122.0,24,1,Salaried,Mortgage,Branch,0,0.1177635125749035,529,REVIEW,HIGH_LOAN_TO_INCOME,2025-02
APP-2026-001276,2025-02-23 04:00:00,26,19802357.0,55,601,0.2194,56943508.0,12,1,Salaried,Mortgage,Mobile,0,0.10913302257588371,535,REVIEW,NO_MATERIAL_ADVERSE_FACTOR,2025-02
APP-2026-001277,2025-02-23 05:00:00,28,33975977.0,63,578,0.2479,68194164.0,9,2,Salaried,Owned,Mobile,0,0.10071032503015813,542,REVIEW,LOW_BUREAU_SCORE,2025-02
APP-2026-001278,2025-02-23 06:00:00,34,17073988.0,60,651,0.2112,73865785.0,12,1,Salaried,Owned,Mobile,0,0.08113702245061855,559,REVIEW,NO_MATERIAL_ADVERSE_FACTOR,2025-02
APP-2026-001279,2025-02-23 07:00:00,23,22694822.0,68,577,0.2596,38134877.0,12,2,Salaried,Rented,Mobile,0,0.14605880523848785,511,REVIEW,RENTED_RESIDENCE; LOW_BUREAU_SCORE,2025-02
APP-2026-001280,2025-02-23 08:00:00,27,15244942.0,32,701,0.2245,98135171.0,24,0,Self-employed,Owned,Mobile,0,0.07464363822615047,565,APPROVE,HIGH_LOAN_TO_INCOME,2025-02
APP-2026-001281,2025-02-23 09:00:00,42,4842751.0,33,685,0.3748,57090384.0,24,1,Salaried,Rented,Mobile,0,0.13583564468454218,517,REVIEW,HIGH_LOAN_TO_INCOME; RENTED_RESIDENCE,2025-02
APP-2026-001282,2025-02-23 10:00:00,32,20364233.0,72,671,0.5832,55376608.0,12,3,Salaried,Mortgage,Branch,1,0.1905755615466834,488,DECLINE,MULTIPLE_RECENT_INQUIRIES; HIGH_EXISTING_DTI,2025-02
APP-2026-001283,2025-02-23 11:00:00,27,11753595.0,103,720,0.1027,138794001.0,18,2,Salaried,Owned,Mobile,0,0.08692582277160331,554,REVIEW,HIGH_LOAN_TO_INCOME,2025-02
APP-2026-001284,2025-02-23 12:00:00,23,20825438.0,82,584,0.2586,176495546.0,24,1,Salaried,Owned,Branch,0,0.1675945937716475,500,REVIEW,HIGH_LOAN_TO_INCOME,2025-02
APP-2026-001285,2025-02-23 13:00:00,43,6032897.0,72,557,0.1759,148839592.0,24,0,Self-employed,Owned,Mobile,0,0.18019293841749887,493,DECLINE,HIGH_LOAN_TO_INCOME; LOW_BUREAU_SCORE,2025-02
APP-2026-001286,2025-02-23 14:00:00,24,19583969.0,89,539,0.4598,52354240.0,24,1,Self-employed,Owned,Mobile,0,0.17687087840985324,495,REVIEW,LOW_BUREAU_SCORE,2025-02
APP-2026-001287,2025-02-23 15:00:00,32,23855384.0,44,550,0.6436,272836845.0,18,2,Self-employed,Family,Mobile,0,0.5191054349788,378,DECLINE,HIGH_LOAN_TO_INCOME; HIGH_EXISTING_DTI; LOW_BUREAU_SCORE,2025-02
APP-2026-001288,2025-02-23 16:00:00,43,38256190.0,38,598,0.3089,62006015.0,12,1,Salaried,Owned,Partner,0,0.08156958708409624,559,REVIEW,NO_MATERIAL_ADVERSE_FACTOR,2025-02
APP-2026-001289,2025-02-23 17:00:00,39,20127190.0,56,764,0.783,26001921.0,18,1,Salaried,Owned,Partner,0,0.09637910538609826,545,REVIEW,HIGH_EXISTING_DTI,2025-02
APP-2026-001290,2025-02-23 18:00:00,36,8615823.0,60,826,0.2196,51714368.0,12,6,Self-employed,Family,Partner,1,0.13337049272399087,519,REVIEW,MULTIPLE_RECENT_INQUIRIES; HIGH_LOAN_TO_INCOME,2025-02
APP-2026-001291,2025-02-23 19:00:00,36,18139217.0,22,470,0.1467,43441788.0,12,0,Salaried,Rented,Branch,0,0.15819314883624092,504,REVIEW,LOW_BUREAU_SCORE; RENTED_RESIDENCE,2025-02
APP-2026-001292,2025-02-23 20:00:00,25,6104190.0,95,556,0.2949,78569936.0,12,1,Salaried,Owned,Branch,0,0.17727643039214064,495,REVIEW,HIGH_LOAN_TO_INCOME; LOW_BUREAU_SCORE,2025-02
APP-2026-001293,2025-02-23 21:00:00,27,6269834.0,33,622,0.2437,47857124.0,24,2,Salaried,Mortgage,Mobile,0,0.1587082645753505,504,REVIEW,HIGH_LOAN_TO_INCOME,2025-02
APP-2026-001294,2025-02-23 22:00:00,30,20464985.0,39,565,0.5299,80554673.0,6,1,Salaried,Rented,Partner,0,0.28098516524162176,452,DECLINE,RENTED_RESIDENCE; LOW_BUREAU_SCORE,2025-02
APP-2026-001295,2025-02-23 23:00:00,20,24346816.0,46,607,0.1869,100705229.0,24,0,Salaried,Rented,Partner,0,0.11416640840520349,532,REVIEW,RENTED_RESIDENCE,2025-02
APP-2026-001296,2025-02-24 00:00:00,30,20188877.0,124,620,0.5097,16307889.0,18,0,Salaried,Mortgage,Mobile,0,0.08618520910351571,554,REVIEW,NO_MATERIAL_ADVERSE_FACTOR,2025-02
APP-2026-001297,2025-02-24 01:00:00,33,34609948.0,105,555,0.2233,68479266.0,12,0,Self-employed,Owned,Branch,0,0.07225878544963855,568,APPROVE,LOW_BUREAU_SCORE,2025-02
APP-2026-001298,2025-02-24 02:00:00,33,27942202.0,30,641,0.2595,91852802.0,12,0,Salaried,Rented,Branch,0,0.08876439317485904,552,REVIEW,RENTED_RESIDENCE,2025-02
APP-2026-001299,2025-02-24 03:00:00,33,24565823.0,79,579,0.5577,99644345.0,24,1,Salaried,Owned,Partner,1,0.18817323059800334,489,DECLINE,HIGH_EXISTING_DTI; LOW_BUREAU_SCORE,2025-02
APP-2026-001300,2025-02-24 04:00:00,36,7236608.0,43,537,0.0886,93362380.0,18,2,Contract,Owned,Partner,0,0.2563921232509187,461,DECLINE,HIGH_LOAN_TO_INCOME; LOW_BUREAU_SCORE; CONTRACT_EMPLOYMENT,2025-02
APP-2026-001301,2025-02-24 05:00:00,36,12148661.0,31,608,0.4224,33238914.0,6,3,Self-employed,Owned,Mobile,0,0.22691174911946485,472,DECLINE,MULTIPLE_RECENT_INQUIRIES,2025-02
APP-2026-001302,2025-02-24 06:00:00,48,19610748.0,54,643,0.1649,54463537.0,36,1,Self-employed,Mortgage,Mobile,0,0.07710336209913704,563,APPROVE,NO_MATERIAL_ADVERSE_FACTOR,2025-02
APP-2026-001303,2025-02-24 07:00:00,35,8043945.0,78,621,0.1045,119355987.0,24,1,Salaried,Mortgage,Mobile,0,0.12804014696483054,522,REVIEW,HIGH_LOAN_TO_INCOME,2025-02
APP-2026-001304,2025-02-24 08:00:00,41,9099013.0,54,550,0.656,27984884.0,12,1,Salaried,Family,Mobile,0,0.21405861234651113,478,DECLINE,HIGH_EXISTING_DTI; LOW_BUREAU_SCORE,2025-02
APP-2026-001305,2025-02-24 09:00:00,28,7673682.0,35,762,0.1301,61369892.0,24,0,Salaried,Family,Mobile,0,0.03641841806289895,620,APPROVE,HIGH_LOAN_TO_INCOME,2025-02
APP-2026-001306,2025-02-24 10:00:00,37,12274041.0,91,640,0.6337,230232202.0,18,1,Salaried,Owned,Mobile,0,0.31851951834126957,439,DECLINE,HIGH_LOAN_TO_INCOME; HIGH_EXISTING_DTI,2025-02
APP-2026-001307,2025-02-24 11:00:00,36,19587226.0,32,663,0.3896,111021598.0,36,2,Contract,Rented,Mobile,0,0.20798884120436334,480,DECLINE,HIGH_LOAN_TO_INCOME; CONTRACT_EMPLOYMENT; RENTED_RESIDENCE,2025-02
APP-2026-001308,2025-02-24 12:00:00,32,34283337.0,50,657,0.5341,45191818.0,9,2,Self-employed,Rented,Mobile,0,0.14721814682676643,511,REVIEW,RENTED_RESIDENCE,2025-02
APP-2026-001309,2025-02-24 13:00:00,20,18193812.0,93,594,0.4152,50144140.0,24,3,Salaried,Rented,Mobile,0,0.21607590763046464,477,DECLINE,MULTIPLE_RECENT_INQUIRIES; RENTED_RESIDENCE,2025-02
APP-2026-001310,2025-02-24 14:00:00,22,14647315.0,111,609,0.4196,42940795.0,18,0,Salaried,Rented,Mobile,0,0.11902942234446098,528,REVIEW,RENTED_RESIDENCE,2025-02
APP-2026-001311,2025-02-24 15:00:00,38,10008008.0,34,547,0.1689,172402148.0,9,1,Self-employed,Family,Partner,0,0.2745456255928999,454,DECLINE,HIGH_LOAN_TO_INCOME; LOW_BUREAU_SCORE,2025-02
APP-2026-001312,2025-02-24 16:00:00,33,36639192.0,15,612,0.3684,41332477.0,12,2,Salaried,Mortgage,Mobile,0,0.1075863530556332,537,REVIEW,NO_MATERIAL_ADVERSE_FACTOR,2025-02
APP-2026-001313,2025-02-24 17:00:00,32,20452348.0,12,725,0.4903,77803953.0,24,0,Salaried,Mortgage,Partner,0,0.0973763123298415,545,REVIEW,NO_MATERIAL_ADVERSE_FACTOR,2025-02
APP-2026-001314,2025-02-24 18:00:00,28,26491561.0,92,493,0.1219,24770053.0,12,0,Salaried,Family,Branch,0,0.06512065756828772,576,APPROVE,LOW_BUREAU_SCORE,2025-02
APP-2026-001315,2025-02-24 19:00:00,35,10022459.0,9,644,0.2149,62926721.0,24,1,Salaried,Family,Mobile,0,0.08911718777690496,552,REVIEW,HIGH_LOAN_TO_INCOME; SHORT_EMPLOYMENT_HISTORY,2025-02
APP-2026-001316,2025-02-24 20:00:00,39,8921347.0,75,675,0.3547,99539500.0,24,2,Contract,Mortgage,Mobile,0,0.19724608974324773,485,DECLINE,HIGH_LOAN_TO_INCOME; CONTRACT_EMPLOYMENT,2025-02
APP-2026-001317,2025-02-24 21:00:00,51,20409126.0,75,559,0.3561,46339571.0,36,1,Contract,Mortgage,Mobile,1,0.14861029470662368,510,REVIEW,CONTRACT_EMPLOYMENT; LOW_BUREAU_SCORE,2025-02
APP-2026-001318,2025-02-24 22:00:00,34,18887818.0,20,684,0.1657,31786805.0,24,2,Salaried,Rented,Partner,0,0.09401816037254089,547,REVIEW,RENTED_RESIDENCE,2025-02
APP-2026-001319,2025-02-24 23:00:00,32,34826859.0,35,618,0.257,35534577.0,24,0,Self-employed,Owned,Partner,0,0.059834146583185685,583,APPROVE,NO_MATERIAL_ADVERSE_FACTOR,2025-02
APP-2026-001320,2025-02-25 00:00:00,36,12340293.0,60,591,0.3371,125681297.0,12,1,Salaried,Family,Mobile,0,0.1675310445778332,500,REVIEW,HIGH_LOAN_TO_INCOME,2025-02
APP-2026-001321,2025-02-25 01:00:00,44,15525786.0,39,594,0.0689,69148236.0,12,1,Salaried,Family,Partner,0,0.08993815449364352,551,REVIEW,NO_MATERIAL_ADVERSE_FACTOR,2025-02
APP-2026-001322,2025-02-25 02:00:00,55,13313194.0,37,619,0.2016,23840077.0,36,0,Self-employed,Mortgage,Mobile,0,0.07433654204814963,566,APPROVE,NO_MATERIAL_ADVERSE_FACTOR,2025-02
APP-2026-001323,2025-02-25 03:00:00,39,31475676.0,55,571,0.4385,69576359.0,9,1,Contract,Family,Mobile,0,0.1377509326990794,516,REVIEW,CONTRACT_EMPLOYMENT; LOW_BUREAU_SCORE,2025-02
APP-2026-001324,2025-02-25 04:00:00,21,11377757.0,43,613,0.2977,161858569.0,6,2,Salaried,Owned,Partner,0,0.2804416302647591,452,DECLINE,HIGH_LOAN_TO_INCOME,2025-02
APP-2026-001325,2025-02-25 05:00:00,34,27225003.0,29,605,0.2506,314321666.0,36,1,Self-employed,Family,Mobile,0,0.25842098037858435,460,DECLINE,HIGH_LOAN_TO_INCOME,2025-02
APP-2026-001326,2025-02-25 06:00:00,24,17226818.0,16,661,0.1748,104231036.0,36,2,Salaried,Rented,Mobile,1,0.13454130914072038,518,REVIEW,HIGH_LOAN_TO_INCOME; RENTED_RESIDENCE,2025-02
APP-2026-001327,2025-02-25 07:00:00,25,24090030.0,30,603,0.3224,105703585.0,18,4,Salaried,Owned,Mobile,0,0.22474162120433813,473,DECLINE,MULTIPLE_RECENT_INQUIRIES,2025-02
APP-2026-001328,2025-02-25 08:00:00,50,37359660.0,80,601,0.3754,71918534.0,12,0,Self-employed,Rented,Branch,0,0.09175310297070181,549,REVIEW,RENTED_RESIDENCE,2025-02
APP-2026-001329,2025-02-25 09:00:00,31,23484875.0,29,531,0.3262,130888330.0,9,1,Salaried,Mortgage,Mobile,0,0.23516922105719584,469,DECLINE,HIGH_LOAN_TO_INCOME; LOW_BUREAU_SCORE,2025-02
APP-2026-001330,2025-02-25 10:00:00,28,51246484.0,55,694,0.0934,108354360.0,12,3,Self-employed,Mortgage,Mobile,0,0.06349443261580955,578,APPROVE,MULTIPLE_RECENT_INQUIRIES,2025-02
APP-2026-001331,2025-02-25 11:00:00,46,21487865.0,19,700,0.1827,64965929.0,12,1,Self-employed,Mortgage,Mobile,0,0.07585584076270872,564,APPROVE,NO_MATERIAL_ADVERSE_FACTOR,2025-02
APP-2026-001332,2025-02-25 12:00:00,35,6480589.0,92,763,0.3678,29589216.0,12,2,Salaried,Rented,Mobile,0,0.0942211415493651,547,REVIEW,RENTED_RESIDENCE,2025-02
APP-2026-001333,2025-02-25 13:00:00,24,21740354.0,52,653,0.4377,81537936.0,18,2,Self-employed,Rented,Partner,0,0.22038017529854378,475,DECLINE,RENTED_RESIDENCE,2025-02
APP-2026-001334,2025-02-25 14:00:00,35,15743484.0,62,642,0.2466,61968645.0,24,1,Salaried,Owned,Mobile,0,0.08087492357695543,559,REVIEW,NO_MATERIAL_ADVERSE_FACTOR,2025-02
APP-2026-001335,2025-02-25 15:00:00,22,10951509.0,78,602,0.2112,44565633.0,24,2,Salaried,Rented,Partner,0,0.17030010592776262,498,REVIEW,RENTED_RESIDENCE,2025-02
APP-2026-001336,2025-02-25 16:00:00,26,15793876.0,113,618,0.106,59564498.0,12,1,Salaried,Owned,Mobile,1,0.07050282725073001,570,APPROVE,NO_MATERIAL_ADVERSE_FACTOR,2025-02
APP-2026-001337,2025-02-25 17:00:00,36,10843280.0,50,662,0.1956,77439222.0,24,2,Salaried,Owned,Partner,1,0.11802147336466942,529,REVIEW,HIGH_LOAN_TO_INCOME,2025-02
APP-2026-001338,2025-02-25 18:00:00,20,22298350.0,26,548,0.0394,96413102.0,18,2,Self-employed,Mortgage,Mobile,0,0.17624705186859305,495,REVIEW,LOW_BUREAU_SCORE,2025-02
APP-2026-001339,2025-02-25 19:00:00,41,20567878.0,66,714,0.104,62229504.0,36,1,Salaried,Owned,Mobile,0,0.03692017706991006,619,APPROVE,NO_MATERIAL_ADVERSE_FACTOR,2025-02
APP-2026-001340,2025-02-25 20:00:00,36,28752825.0,21,464,0.4582,50816367.0,24,5,Contract,Family,Mobile,0,0.4059651258483571,411,DECLINE,LOW_BUREAU_SCORE; MULTIPLE_RECENT_INQUIRIES; CONTRACT_EMPLOYMENT,2025-02
APP-2026-001341,2025-02-25 21:00:00,42,24859163.0,29,705,0.1572,20972826.0,12,1,Salaried,Rented,Partner,1,0.05714382098047517,586,APPROVE,RENTED_RESIDENCE,2025-02
APP-2026-001342,2025-02-25 22:00:00,31,25082897.0,40,594,0.4128,69775978.0,12,1,Salaried,Mortgage,Partner,0,0.16493201473625252,501,REVIEW,NO_MATERIAL_ADVERSE_FACTOR,2025-02
APP-2026-001343,2025-02-25 23:00:00,38,8203608.0,26,710,0.1236,41391786.0,9,0,Salaried,Rented,Partner,0,0.07301202445190372,567,APPROVE,HIGH_LOAN_TO_INCOME; RENTED_RESIDENCE,2025-02
APP-2026-001344,2025-02-26 00:00:00,25,15047187.0,58,633,0.3804,109930345.0,6,1,Salaried,Family,Mobile,0,0.1404853666049357,515,REVIEW,HIGH_LOAN_TO_INCOME,2025-02
APP-2026-001345,2025-02-26 01:00:00,26,5988847.0,65,627,0.4017,193997900.0,12,1,Salaried,Owned,Partner,1,0.29947484255610207,445,DECLINE,HIGH_LOAN_TO_INCOME,2025-02
APP-2026-001346,2025-02-26 02:00:00,35,24372539.0,59,680,0.123,66140694.0,9,1,Self-employed,Rented,Mobile,0,0.07667846507764511,563,APPROVE,RENTED_RESIDENCE,2025-02
APP-2026-001347,2025-02-26 03:00:00,34,17479430.0,61,627,0.0567,29634472.0,18,0,Self-employed,Mortgage,Partner,0,0.06890640438223088,572,APPROVE,NO_MATERIAL_ADVERSE_FACTOR,2025-02
APP-2026-001348,2025-02-26 04:00:00,34,20341118.0,19,696,0.3981,44315992.0,24,0,Salaried,Family,Partner,0,0.06153580047683046,580,APPROVE,NO_MATERIAL_ADVERSE_FACTOR,2025-02
APP-2026-001349,2025-02-26 05:00:00,46,16571677.0,44,724,0.3868,65879899.0,18,1,Salaried,Rented,Mobile,1,0.092718786418837,548,REVIEW,RENTED_RESIDENCE,2025-02
APP-2026-001350,2025-02-26 06:00:00,32,20646869.0,39,702,0.3645,192548357.0,18,0,Salaried,Rented,Mobile,0,0.14598739979970432,511,REVIEW,HIGH_LOAN_TO_INCOME; RENTED_RESIDENCE,2025-02
APP-2026-001351,2025-02-26 07:00:00,38,5676527.0,76,563,0.2664,20896207.0,24,0,Self-employed,Rented,Mobile,0,0.14339000175548455,513,REVIEW,RENTED_RESIDENCE; LOW_BUREAU_SCORE,2025-02
APP-2026-001352,2025-02-26 08:00:00,37,20865877.0,41,611,0.2993,32162978.0,36,3,Salaried,Family,Branch,0,0.10422824291284546,539,REVIEW,MULTIPLE_RECENT_INQUIRIES,2025-02
APP-2026-001353,2025-02-26 09:00:00,36,45736712.0,49,525,0.3015,31939834.0,12,3,Contract,Mortgage,Mobile,0,0.15834121820992247,504,REVIEW,MULTIPLE_RECENT_INQUIRIES; LOW_BUREAU_SCORE; CONTRACT_EMPLOYMENT,2025-02
APP-2026-001354,2025-02-26 10:00:00,38,21437535.0,40,691,0.3266,53412401.0,6,0,Self-employed,Family,Branch,0,0.06029465873880174,582,APPROVE,NO_MATERIAL_ADVERSE_FACTOR,2025-02
APP-2026-001355,2025-02-26 11:00:00,20,13586474.0,21,571,0.0968,86586216.0,24,3,Self-employed,Rented,Mobile,1,0.25370387417945406,462,DECLINE,HIGH_LOAN_TO_INCOME; MULTIPLE_RECENT_INQUIRIES; RENTED_RESIDENCE,2025-02
APP-2026-001356,2025-02-26 12:00:00,29,36151551.0,26,682,0.2355,47845675.0,24,1,Salaried,Owned,Mobile,0,0.04166703739105808,610,APPROVE,NO_MATERIAL_ADVERSE_FACTOR,2025-02
APP-2026-001357,2025-02-26 13:00:00,44,20851877.0,28,567,0.0502,53288328.0,18,0,Salaried,Rented,Partner,0,0.09281046775535928,548,REVIEW,RENTED_RESIDENCE; LOW_BUREAU_SCORE,2025-02
APP-2026-001358,2025-02-26 14:00:00,32,21387628.0,48,539,0.5072,104810955.0,18,0,Contract,Family,Mobile,1,0.20841094859126633,480,DECLINE,LOW_BUREAU_SCORE; CONTRACT_EMPLOYMENT,2025-02
APP-2026-001359,2025-02-26 15:00:00,41,51856567.0,118,526,0.2167,27305191.0,36,1,Self-employed,Rented,Mobile,0,0.059436775770186044,583,APPROVE,LOW_BUREAU_SCORE; RENTED_RESIDENCE,2025-02
APP-2026-001360,2025-02-26 16:00:00,39,22484486.0,45,514,0.4689,46518541.0,9,0,Salaried,Owned,Branch,0,0.14671890500211726,511,REVIEW,LOW_BUREAU_SCORE,2025-02
APP-2026-001361,2025-02-26 17:00:00,20,12176526.0,86,810,0.297,99554571.0,24,0,Salaried,Owned,Mobile,0,0.0425088443462127,609,APPROVE,HIGH_LOAN_TO_INCOME,2025-02
APP-2026-001362,2025-02-26 18:00:00,23,10913380.0,69,674,0.2445,174549469.0,9,0,Self-employed,Owned,Partner,0,0.16213096263971274,502,REVIEW,HIGH_LOAN_TO_INCOME,2025-02
APP-2026-001363,2025-02-26 19:00:00,28,32104822.0,92,603,0.09,84052175.0,6,4,Salaried,Rented,Mobile,0,0.14603949036966085,511,REVIEW,MULTIPLE_RECENT_INQUIRIES; RENTED_RESIDENCE,2025-02
APP-2026-001364,2025-02-26 20:00:00,28,7082768.0,47,677,0.2558,14383972.0,24,1,Salaried,Owned,Branch,0,0.07094047157079822,569,APPROVE,NO_MATERIAL_ADVERSE_FACTOR,2025-02
APP-2026-001365,2025-02-26 21:00:00,30,13123519.0,53,710,0.3015,23059935.0,12,1,Salaried,Mortgage,Partner,0,0.08402574899963082,556,REVIEW,NO_MATERIAL_ADVERSE_FACTOR,2025-02
APP-2026-001366,2025-02-26 22:00:00,30,11936790.0,30,651,0.5273,63871400.0,12,3,Self-employed,Mortgage,Partner,0,0.3175842348270152,439,DECLINE,MULTIPLE_RECENT_INQUIRIES; HIGH_LOAN_TO_INCOME,2025-02
APP-2026-001367,2025-02-26 23:00:00,27,29922028.0,68,678,0.1024,95125563.0,9,3,Self-employed,Rented,Branch,0,0.11633614021946434,530,REVIEW,MULTIPLE_RECENT_INQUIRIES; RENTED_RESIDENCE,2025-02
APP-2026-001368,2025-02-27 00:00:00,28,15429563.0,64,621,0.618,68465478.0,36,2,Salaried,Family,Partner,0,0.1977605195450512,485,DECLINE,HIGH_EXISTING_DTI,2025-02
APP-2026-001369,2025-02-27 01:00:00,20,19106764.0,46,544,0.4127,37337937.0,12,3,Salaried,Owned,Mobile,0,0.22446124896640202,473,DECLINE,MULTIPLE_RECENT_INQUIRIES; LOW_BUREAU_SCORE,2025-02
APP-2026-001370,2025-02-27 02:00:00,52,6162389.0,87,614,0.4336,36937615.0,12,2,Salaried,Owned,Mobile,0,0.15591288100862916,506,REVIEW,HIGH_LOAN_TO_INCOME,2025-02
APP-2026-001371,2025-02-27 03:00:00,47,13049381.0,92,640,0.5574,32315316.0,36,1,Salaried,Rented,Mobile,0,0.13303317235196094,519,REVIEW,HIGH_EXISTING_DTI; RENTED_RESIDENCE,2025-02
APP-2026-001372,2025-02-27 04:00:00,42,16968997.0,41,635,0.3214,100411795.0,12,1,Self-employed,Rented,Mobile,0,0.1764685547976465,495,REVIEW,HIGH_LOAN_TO_INCOME; RENTED_RESIDENCE,2025-02
APP-2026-001373,2025-02-27 05:00:00,33,16814225.0,62,507,0.201,23310735.0,12,1,Self-employed,Family,Partner,0,0.14506520025220887,512,REVIEW,LOW_BUREAU_SCORE,2025-02
APP-2026-001374,2025-02-27 06:00:00,26,17223560.0,58,612,0.3297,92937530.0,9,0,Self-employed,Rented,Mobile,0,0.16260830243387692,502,REVIEW,HIGH_LOAN_TO_INCOME; RENTED_RESIDENCE,2025-02
APP-2026-001375,2025-02-27 07:00:00,56,23853590.0,39,757,0.5041,36122713.0,9,3,Salaried,Mortgage,Mobile,1,0.09759992597743546,544,REVIEW,MULTIPLE_RECENT_INQUIRIES,2025-02
APP-2026-001376,2025-02-27 08:00:00,26,19754433.0,24,555,0.3771,29731431.0,36,0,Self-employed,Family,Mobile,0,0.1046031155750157,539,REVIEW,LOW_BUREAU_SCORE,2025-02
APP-2026-001377,2025-02-27 09:00:00,47,35910749.0,53,601,0.1654,48297296.0,18,0,Salaried,Family,Partner,0,0.04273613777590612,608,APPROVE,NO_MATERIAL_ADVERSE_FACTOR,2025-02
APP-2026-001378,2025-02-27 10:00:00,37,12900615.0,33,850,0.0554,97078833.0,24,0,Salaried,Rented,Partner,0,0.03652371067831502,620,APPROVE,HIGH_LOAN_TO_INCOME; RENTED_RESIDENCE,2025-02
APP-2026-001379,2025-02-27 11:00:00,26,16109119.0,68,708,0.2542,97974487.0,6,1,Salaried,Mortgage,Branch,0,0.09526253818887957,546,REVIEW,HIGH_LOAN_TO_INCOME,2025-02
APP-2026-001380,2025-02-27 12:00:00,27,13486778.0,109,592,0.1563,30549838.0,18,0,Salaried,Rented,Mobile,0,0.08092343670339022,559,REVIEW,RENTED_RESIDENCE,2025-02
APP-2026-001381,2025-02-27 13:00:00,30,40680171.0,55,623,0.2092,36803918.0,24,3,Salaried,Rented,Mobile,1,0.08391655753154444,556,REVIEW,MULTIPLE_RECENT_INQUIRIES; RENTED_RESIDENCE,2025-02
APP-2026-001382,2025-02-27 14:00:00,29,34646937.0,37,662,0.0705,63542895.0,24,2,Self-employed,Rented,Partner,0,0.08330195060038141,557,REVIEW,RENTED_RESIDENCE,2025-02
APP-2026-001383,2025-02-27 15:00:00,21,8259487.0,41,511,0.2164,101098624.0,36,1,Salaried,Rented,Mobile,0,0.2523316796522465,462,DECLINE,HIGH_LOAN_TO_INCOME; LOW_BUREAU_SCORE; RENTED_RESIDENCE,2025-02
APP-2026-001384,2025-02-27 16:00:00,38,8512922.0,81,519,0.2478,81869862.0,24,0,Salaried,Family,Mobile,1,0.13081620711310465,521,REVIEW,HIGH_LOAN_TO_INCOME; LOW_BUREAU_SCORE,2025-02
APP-2026-001385,2025-02-27 17:00:00,26,28378642.0,25,745,0.133,59193219.0,6,2,Salaried,Owned,Mobile,0,0.04604083310736114,603,APPROVE,NO_MATERIAL_ADVERSE_FACTOR,2025-02
APP-2026-001386,2025-02-27 18:00:00,41,30342481.0,37,593,0.6144,41872423.0,9,2,Salaried,Owned,Partner,0,0.179457673119321,494,REVIEW,HIGH_EXISTING_DTI,2025-02
APP-2026-001387,2025-02-27 19:00:00,33,23137376.0,65,581,0.1703,32871207.0,12,2,Salaried,Family,Partner,0,0.09503435764533472,546,REVIEW,NO_MATERIAL_ADVERSE_FACTOR,2025-02
APP-2026-001388,2025-02-27 20:00:00,35,7688695.0,63,574,0.4334,92523505.0,24,0,Contract,Owned,Mobile,0,0.2065754615716326,481,DECLINE,HIGH_LOAN_TO_INCOME; CONTRACT_EMPLOYMENT; LOW_BUREAU_SCORE,2025-02
APP-2026-001389,2025-02-27 21:00:00,35,12578815.0,47,557,0.466,82133227.0,12,2,Self-employed,Rented,Branch,0,0.3465461250066256,430,DECLINE,HIGH_LOAN_TO_INCOME; LOW_BUREAU_SCORE; RENTED_RESIDENCE,2025-02
APP-2026-001390,2025-02-27 22:00:00,31,12033601.0,80,709,0.2779,47318522.0,24,0,Salaried,Owned,Partner,0,0.05729140413778218,586,APPROVE,NO_MATERIAL_ADVERSE_FACTOR,2025-02
APP-2026-001391,2025-02-27 23:00:00,33,14908027.0,61,685,0.5593,28702674.0,18,0,Salaried,Mortgage,Mobile,1,0.09374468731625776,548,REVIEW,HIGH_EXISTING_DTI,2025-02
APP-2026-001392,2025-02-28 00:00:00,36,15561590.0,93,552,0.162,98305865.0,24,0,Salaried,Owned,Partner,0,0.11249687052797526,533,REVIEW,HIGH_LOAN_TO_INCOME; LOW_BUREAU_SCORE,2025-02
APP-2026-001393,2025-02-28 01:00:00,55,7020804.0,99,576,0.436,62703672.0,9,1,Self-employed,Mortgage,Mobile,0,0.21795149356250673,476,DECLINE,HIGH_LOAN_TO_INCOME; LOW_BUREAU_SCORE,2025-02
APP-2026-001394,2025-02-28 02:00:00,23,11846702.0,91,548,0.1066,45101983.0,9,2,Salaried,Family,Mobile,0,0.11947956042341898,528,REVIEW,LOW_BUREAU_SCORE,2025-02
APP-2026-001395,2025-02-28 03:00:00,28,12764359.0,91,579,0.4605,109738502.0,24,0,Self-employed,Owned,Partner,0,0.20622946721572827,481,DECLINE,HIGH_LOAN_TO_INCOME; LOW_BUREAU_SCORE,2025-02
APP-2026-001396,2025-02-28 04:00:00,31,5426272.0,39,620,0.0471,103792055.0,18,0,Self-employed,Mortgage,Mobile,0,0.12389672413835048,525,REVIEW,HIGH_LOAN_TO_INCOME,2025-02
APP-2026-001397,2025-02-28 05:00:00,23,43396354.0,73,642,0.3956,58893177.0,24,3,Salaried,Family,Mobile,0,0.07540156558625408,565,APPROVE,MULTIPLE_RECENT_INQUIRIES,2025-02
APP-2026-001398,2025-02-28 06:00:00,22,43300493.0,45,761,0.594,135017625.0,6,3,Self-employed,Mortgage,Mobile,0,0.15157714035192943,508,REVIEW,MULTIPLE_RECENT_INQUIRIES; HIGH_EXISTING_DTI,2025-02
APP-2026-001399,2025-02-28 07:00:00,20,10823780.0,61,787,0.3449,89859652.0,12,1,Salaried,Family,Partner,0,0.07372719927030671,566,APPROVE,HIGH_LOAN_TO_INCOME,2025-02
APP-2026-001400,2025-02-28 08:00:00,34,12813080.0,94,550,0.4111,152185177.0,36,1,Self-employed,Owned,Partner,0,0.28316294597328884,451,DECLINE,HIGH_LOAN_TO_INCOME; LOW_BUREAU_SCORE,2025-02
APP-2026-001401,2025-02-28 09:00:00,29,12994302.0,31,633,0.4838,89622577.0,18,1,Salaried,Mortgage,Branch,0,0.192905638481434,487,DECLINE,HIGH_LOAN_TO_INCOME,2025-02
APP-2026-001402,2025-02-28 10:00:00,36,11289960.0,42,560,0.5404,248714639.0,12,0,Self-employed,Owned,Mobile,0,0.42573597743839214,405,DECLINE,HIGH_LOAN_TO_INCOME; LOW_BUREAU_SCORE,2025-02
APP-2026-001403,2025-02-28 11:00:00,21,23297735.0,53,574,0.4064,67616527.0,36,0,Salaried,Rented,Partner,1,0.14857860792876293,510,REVIEW,RENTED_RESIDENCE; LOW_BUREAU_SCORE,2025-02
APP-2026-001404,2025-02-28 12:00:00,26,9452870.0,38,655,0.4461,57732328.0,12,0,Salaried,Rented,Mobile,0,0.14346854333931305,513,REVIEW,HIGH_LOAN_TO_INCOME; RENTED_RESIDENCE,2025-02
APP-2026-001405,2025-02-28 13:00:00,42,28763726.0,45,725,0.4394,69051261.0,9,1,Self-employed,Family,Mobile,0,0.06674068982662625,574,APPROVE,NO_MATERIAL_ADVERSE_FACTOR,2025-02
APP-2026-001406,2025-02-28 14:00:00,41,24301995.0,43,695,0.3573,48853563.0,12,1,Salaried,Rented,Partner,0,0.09402457606767212,547,REVIEW,RENTED_RESIDENCE,2025-02
APP-2026-001407,2025-02-28 15:00:00,20,17085870.0,65,602,0.1837,54705623.0,12,1,Salaried,Mortgage,Mobile,0,0.10821059447857842,536,REVIEW,NO_MATERIAL_ADVERSE_FACTOR,2025-02
APP-2026-001408,2025-02-28 16:00:00,41,50540044.0,136,541,0.1662,45278158.0,12,0,Salaried,Rented,Mobile,0,0.043834221738714166,606,APPROVE,LOW_BUREAU_SCORE; RENTED_RESIDENCE,2025-02
APP-2026-001409,2025-02-28 17:00:00,29,27399974.0,18,542,0.3395,33348724.0,24,1,Salaried,Family,Mobile,0,0.10094966781834958,542,REVIEW,LOW_BUREAU_SCORE,2025-02
APP-2026-001410,2025-02-28 18:00:00,24,14056194.0,37,679,0.1486,73008905.0,18,0,Salaried,Mortgage,Mobile,0,0.06934918018597155,571,APPROVE,HIGH_LOAN_TO_INCOME,2025-02
APP-2026-001411,2025-02-28 19:00:00,40,15444213.0,44,605,0.3061,47868332.0,12,1,Salaried,Owned,Branch,0,0.10754186812444388,537,REVIEW,NO_MATERIAL_ADVERSE_FACTOR,2025-02
APP-2026-001412,2025-02-28 20:00:00,42,32683710.0,51,520,0.0914,88879701.0,9,1,Salaried,Rented,Partner,0,0.13728053402205284,516,REVIEW,LOW_BUREAU_SCORE; RENTED_RESIDENCE,2025-02
APP-2026-001413,2025-02-28 21:00:00,20,11227862.0,25,681,0.45,36890769.0,9,1,Contract,Rented,Branch,1,0.18228409930641243,492,DECLINE,CONTRACT_EMPLOYMENT; RENTED_RESIDENCE,2025-02
APP-2026-001414,2025-02-28 22:00:00,42,9640370.0,13,602,0.4768,55819779.0,9,2,Self-employed,Rented,Mobile,0,0.29939840054250333,445,DECLINE,HIGH_LOAN_TO_INCOME; RENTED_RESIDENCE,2025-02
APP-2026-001415,2025-02-28 23:00:00,29,27063156.0,62,519,0.1917,204864069.0,6,1,Salaried,Family,Branch,0,0.20401216418389362,482,DECLINE,HIGH_LOAN_TO_INCOME; LOW_BUREAU_SCORE,2025-02
APP-2026-001416,2025-03-01 00:00:00,29,25903832.0,46,749,0.3613,37173074.0,6,1,Self-employed,Rented,Mobile,0,0.07258005263319138,568,APPROVE,RENTED_RESIDENCE,2025-03
APP-2026-001417,2025-03-01 01:00:00,30,11519420.0,29,626,0.3588,85152511.0,9,2,Contract,Owned,Partner,0,0.2521685853373964,462,DECLINE,HIGH_LOAN_TO_INCOME; CONTRACT_EMPLOYMENT,2025-03
APP-2026-001418,2025-03-01 02:00:00,43,49719205.0,25,692,0.388,146279228.0,9,1,Salaried,Rented,Mobile,0,0.08343971427532712,557,REVIEW,RENTED_RESIDENCE,2025-03
APP-2026-001419,2025-03-01 03:00:00,45,13862496.0,44,689,0.2525,112545452.0,36,3,Self-employed,Rented,Mobile,0,0.18267671503208444,492,DECLINE,HIGH_LOAN_TO_INCOME; MULTIPLE_RECENT_INQUIRIES; RENTED_RESIDENCE,2025-03
APP-2026-001420,2025-03-01 04:00:00,37,30696732.0,28,772,0.2297,18356946.0,12,0,Salaried,Rented,Partner,0,0.0330100611964484,628,APPROVE,RENTED_RESIDENCE,2025-03
APP-2026-001421,2025-03-01 05:00:00,41,22623428.0,52,639,0.2546,87778917.0,6,2,Salaried,Rented,Mobile,0,0.14017284151025744,515,REVIEW,RENTED_RESIDENCE,2025-03
APP-2026-001422,2025-03-01 06:00:00,53,11154435.0,52,635,0.1473,106518513.0,24,2,Salaried,Family,Branch,0,0.10643477768355139,537,REVIEW,HIGH_LOAN_TO_INCOME,2025-03
APP-2026-001423,2025-03-01 07:00:00,33,16373687.0,40,484,0.3077,97764471.0,24,0,Salaried,Rented,Partner,0,0.25614235658350015,461,DECLINE,LOW_BUREAU_SCORE; HIGH_LOAN_TO_INCOME; RENTED_RESIDENCE,2025-03
APP-2026-001424,2025-03-01 08:00:00,24,4494199.0,59,470,0.2585,40569426.0,24,0,Salaried,Owned,Mobile,0,0.17622162575836745,495,REVIEW,LOW_BUREAU_SCORE; HIGH_LOAN_TO_INCOME,2025-03
APP-2026-001425,2025-03-01 09:00:00,38,30084368.0,72,642,0.5606,60087913.0,24,3,Salaried,Owned,Branch,1,0.1376958217884038,516,REVIEW,MULTIPLE_RECENT_INQUIRIES; HIGH_EXISTING_DTI,2025-03
APP-2026-001426,2025-03-01 10:00:00,40,18173210.0,26,662,0.3925,88522011.0,12,1,Salaried,Owned,Partner,0,0.1292260968300327,522,REVIEW,NO_MATERIAL_ADVERSE_FACTOR,2025-03
APP-2026-001427,2025-03-01 11:00:00,32,29677162.0,40,624,0.162,27958327.0,12,0,Salaried,Family,Mobile,0,0.03856524597862446,616,APPROVE,NO_MATERIAL_ADVERSE_FACTOR,2025-03
APP-2026-001428,2025-03-01 12:00:00,32,11042972.0,85,639,0.2881,64814559.0,18,1,Self-employed,Family,Mobile,0,0.10424623111965303,539,REVIEW,HIGH_LOAN_TO_INCOME,2025-03
APP-2026-001429,2025-03-01 13:00:00,53,15777890.0,75,661,0.545,50947731.0,12,1,Salaried,Mortgage,Partner,1,0.14532390922057598,512,REVIEW,NO_MATERIAL_ADVERSE_FACTOR,2025-03
APP-2026-001430,2025-03-01 14:00:00,31,8177327.0,28,544,0.7179,27205101.0,24,2,Salaried,Owned,Branch,0,0.3139925807569526,440,DECLINE,HIGH_EXISTING_DTI; LOW_BUREAU_SCORE,2025-03
APP-2026-001431,2025-03-01 15:00:00,25,11644612.0,105,658,0.4814,93613915.0,36,2,Salaried,Owned,Mobile,0,0.15111608392250142,508,REVIEW,HIGH_LOAN_TO_INCOME,2025-03
APP-2026-001432,2025-03-01 16:00:00,20,26761398.0,112,720,0.1596,25601294.0,12,0,Salaried,Rented,Mobile,0,0.033092760768522266,627,APPROVE,RENTED_RESIDENCE,2025-03
APP-2026-001433,2025-03-01 17:00:00,41,23335981.0,126,619,0.1803,19713302.0,9,2,Self-employed,Owned,Mobile,0,0.07257830513763534,568,APPROVE,NO_MATERIAL_ADVERSE_FACTOR,2025-03
APP-2026-001434,2025-03-01 18:00:00,45,36557628.0,66,742,0.1883,71501289.0,24,3,Salaried,Rented,Mobile,0,0.056489598723912536,587,APPROVE,MULTIPLE_RECENT_INQUIRIES; RENTED_RESIDENCE,2025-03
APP-2026-001435,2025-03-01 19:00:00,23,31323455.0,17,648,0.0626,83686953.0,12,4,Self-employed,Mortgage,Branch,0,0.14083733003591306,514,REVIEW,MULTIPLE_RECENT_INQUIRIES,2025-03
APP-2026-001436,2025-03-01 20:00:00,39,19136791.0,143,665,0.5029,25319317.0,12,2,Self-employed,Family,Partner,0,0.11105942391796815,534,REVIEW,NO_MATERIAL_ADVERSE_FACTOR,2025-03
APP-2026-001437,2025-03-01 21:00:00,31,4355508.0,34,637,0.0496,165850212.0,24,1,Salaried,Owned,Mobile,0,0.14135865406985584,514,REVIEW,HIGH_LOAN_TO_INCOME,2025-03
APP-2026-001438,2025-03-01 22:00:00,34,38778540.0,53,466,0.4834,17555226.0,24,1,Salaried,Rented,Mobile,0,0.16282763946491668,502,REVIEW,LOW_BUREAU_SCORE; RENTED_RESIDENCE,2025-03
APP-2026-001439,2025-03-01 23:00:00,28,19725611.0,72,665,0.1243,48356780.0,36,2,Contract,Rented,Mobile,0,0.09772175167260597,544,REVIEW,CONTRACT_EMPLOYMENT; RENTED_RESIDENCE,2025-03
APP-2026-001440,2025-03-02 00:00:00,34,100425063.0,99,575,0.3179,19894960.0,36,3,Salaried,Rented,Mobile,0,0.023888081063728812,652,APPROVE,MULTIPLE_RECENT_INQUIRIES; RENTED_RESIDENCE; LOW_BUREAU_SCORE,2025-03
APP-2026-001441,2025-03-02 01:00:00,41,49354387.0,84,693,0.2005,53658478.0,18,1,Contract,Rented,Partner,1,0.04779285980270127,600,APPROVE,CONTRACT_EMPLOYMENT; RENTED_RESIDENCE,2025-03
APP-2026-001442,2025-03-02 02:00:00,29,25051522.0,57,655,0.2501,96077734.0,9,2,Salaried,Owned,Partner,0,0.11547797434007487,531,REVIEW,NO_MATERIAL_ADVERSE_FACTOR,2025-03
APP-2026-001443,2025-03-02 03:00:00,28,20088824.0,50,629,0.1908,86147633.0,12,2,Salaried,Mortgage,Mobile,0,0.12931619183963236,521,REVIEW,NO_MATERIAL_ADVERSE_FACTOR,2025-03
APP-2026-001444,2025-03-02 04:00:00,25,14975063.0,96,611,0.2603,48071949.0,24,2,Salaried,Rented,Mobile,0,0.13811018687923432,516,REVIEW,RENTED_RESIDENCE,2025-03
APP-2026-001445,2025-03-02 05:00:00,44,9691125.0,97,624,0.3752,40558007.0,12,1,Salaried,Rented,Partner,0,0.15594939894703183,506,REVIEW,RENTED_RESIDENCE,2025-03
APP-2026-001446,2025-03-02 06:00:00,26,12480808.0,59,746,0.6463,89705220.0,24,2,Salaried,Family,Branch,0,0.13589026378872004,517,REVIEW,HIGH_LOAN_TO_INCOME; HIGH_EXISTING_DTI,2025-03
APP-2026-001447,2025-03-02 07:00:00,39,17092285.0,50,651,0.0358,60150114.0,24,1,Self-employed,Owned,Mobile,0,0.06220950846589601,580,APPROVE,NO_MATERIAL_ADVERSE_FACTOR,2025-03
APP-2026-001448,2025-03-02 08:00:00,22,9735365.0,25,657,0.3965,86154633.0,12,1,Salaried,Family,Mobile,0,0.13603932679836336,517,REVIEW,HIGH_LOAN_TO_INCOME,2025-03
APP-2026-001449,2025-03-02 09:00:00,20,14881061.0,35,654,0.0847,41160055.0,6,2,Self-employed,Owned,Partner,0,0.10910682831290903,535,REVIEW,NO_MATERIAL_ADVERSE_FACTOR,2025-03
APP-2026-001450,2025-03-02 10:00:00,29,31724384.0,58,631,0.3711,86413335.0,12,1,Salaried,Owned,Mobile,0,0.08935452042119404,551,REVIEW,NO_MATERIAL_ADVERSE_FACTOR,2025-03
APP-2026-001451,2025-03-02 11:00:00,36,10096421.0,40,552,0.0766,102894792.0,12,1,Salaried,Rented,Mobile,0,0.18310696622172298,492,DECLINE,HIGH_LOAN_TO_INCOME; LOW_BUREAU_SCORE; RENTED_RESIDENCE,2025-03
APP-2026-001452,2025-03-02 12:00:00,43,15529583.0,137,560,0.5323,82873507.0,24,1,Self-employed,Family,Mobile,0,0.17710252130362358,495,REVIEW,HIGH_LOAN_TO_INCOME; LOW_BUREAU_SCORE,2025-03
APP-2026-001453,2025-03-02 13:00:00,41,14836609.0,54,775,0.3803,41076955.0,24,0,Salaried,Rented,Branch,0,0.05193978768424427,593,APPROVE,RENTED_RESIDENCE,2025-03
APP-2026-001454,2025-03-02 14:00:00,37,18854362.0,89,568,0.2278,187699941.0,12,2,Self-employed,Owned,Mobile,0,0.25344639352740705,462,DECLINE,HIGH_LOAN_TO_INCOME; LOW_BUREAU_SCORE,2025-03
APP-2026-001455,2025-03-02 15:00:00,20,10397642.0,43,561,0.3116,83985357.0,36,1,Contract,Rented,Mobile,1,0.2580626570909261,460,DECLINE,HIGH_LOAN_TO_INCOME; CONTRACT_EMPLOYMENT; RENTED_RESIDENCE,2025-03
APP-2026-001456,2025-03-02 16:00:00,38,13714285.0,60,666,0.1126,20461868.0,24,0,Contract,Owned,Mobile,0,0.05067358949722436,595,APPROVE,CONTRACT_EMPLOYMENT,2025-03
APP-2026-001457,2025-03-02 17:00:00,20,4883421.0,12,566,0.3715,187214413.0,18,1,Salaried,Family,Partner,0,0.3568554893550045,426,DECLINE,HIGH_LOAN_TO_INCOME; LOW_BUREAU_SCORE,2025-03
APP-2026-001458,2025-03-02 18:00:00,27,15744582.0,58,648,0.3062,49608562.0,18,2,Salaried,Family,Mobile,1,0.09775632048304606,544,REVIEW,NO_MATERIAL_ADVERSE_FACTOR,2025-03
APP-2026-001459,2025-03-02 19:00:00,50,25229534.0,35,679,0.1991,73010331.0,18,3,Self-employed,Rented,Mobile,0,0.12574359766883286,524,REVIEW,MULTIPLE_RECENT_INQUIRIES; RENTED_RESIDENCE,2025-03
APP-2026-001460,2025-03-02 20:00:00,43,25280709.0,31,707,0.3448,117530075.0,18,1,Self-employed,Rented,Branch,0,0.11974688827536381,528,REVIEW,RENTED_RESIDENCE,2025-03
APP-2026-001461,2025-03-02 21:00:00,24,31994519.0,108,657,0.2307,50377761.0,12,6,Salaried,Rented,Mobile,0,0.17075781347073718,498,REVIEW,MULTIPLE_RECENT_INQUIRIES; RENTED_RESIDENCE,2025-03
APP-2026-001462,2025-03-02 22:00:00,31,9878387.0,92,751,0.2378,31214453.0,36,1,Salaried,Family,Mobile,0,0.03770966246266991,618,APPROVE,NO_MATERIAL_ADVERSE_FACTOR,2025-03
APP-2026-001463,2025-03-02 23:00:00,41,20396934.0,133,609,0.4719,33365950.0,6,2,Contract,Mortgage,Mobile,1,0.1739966542007592,496,REVIEW,CONTRACT_EMPLOYMENT,2025-03
APP-2026-001464,2025-03-03 00:00:00,32,18488291.0,24,666,0.3926,32677600.0,18,0,Self-employed,Family,Mobile,0,0.0721498482107223,568,APPROVE,NO_MATERIAL_ADVERSE_FACTOR,2025-03
APP-2026-001465,2025-03-03 01:00:00,32,15158861.0,85,554,0.4326,210547196.0,36,1,Salaried,Owned,Mobile,1,0.28284922975520593,451,DECLINE,HIGH_LOAN_TO_INCOME; LOW_BUREAU_SCORE,2025-03
APP-2026-001466,2025-03-03 02:00:00,24,20842376.0,27,577,0.1091,25936576.0,24,1,Contract,Rented,Branch,0,0.12057643397868403,527,REVIEW,CONTRACT_EMPLOYMENT; RENTED_RESIDENCE; LOW_BUREAU_SCORE,2025-03
APP-2026-001467,2025-03-03 03:00:00,39,18161797.0,47,739,0.359,113023163.0,24,3,Self-employed,Rented,Mobile,0,0.17038365281953527,498,REVIEW,HIGH_LOAN_TO_INCOME; MULTIPLE_RECENT_INQUIRIES; RENTED_RESIDENCE,2025-03
APP-2026-001468,2025-03-03 04:00:00,40,10525158.0,46,775,0.3959,105417112.0,12,3,Salaried,Family,Branch,0,0.11625519481268909,530,REVIEW,HIGH_LOAN_TO_INCOME; MULTIPLE_RECENT_INQUIRIES,2025-03
APP-2026-001469,2025-03-03 05:00:00,27,43063494.0,94,511,0.2501,48630990.0,12,3,Salaried,Rented,Branch,0,0.14790367582897296,510,REVIEW,LOW_BUREAU_SCORE; MULTIPLE_RECENT_INQUIRIES; RENTED_RESIDENCE,2025-03
APP-2026-001470,2025-03-03 06:00:00,20,42487106.0,89,735,0.2573,16140153.0,12,1,Self-employed,Family,Partner,0,0.028751400929365213,638,APPROVE,NO_MATERIAL_ADVERSE_FACTOR,2025-03
APP-2026-001471,2025-03-03 07:00:00,50,8944015.0,38,606,0.2828,28158612.0,12,2,Self-employed,Mortgage,Mobile,0,0.17258531473906874,497,REVIEW,NO_MATERIAL_ADVERSE_FACTOR,2025-03
APP-2026-001472,2025-03-03 08:00:00,28,23955496.0,65,613,0.4072,24577753.0,12,0,Salaried,Mortgage,Partner,0,0.09767259534601383,544,REVIEW,NO_MATERIAL_ADVERSE_FACTOR,2025-03
APP-2026-001473,2025-03-03 09:00:00,38,12312094.0,101,687,0.4339,60931200.0,12,3,Self-employed,Mortgage,Partner,0,0.20777192326758898,480,DECLINE,MULTIPLE_RECENT_INQUIRIES,2025-03
APP-2026-001474,2025-03-03 10:00:00,26,27451295.0,21,688,0.2269,19842843.0,6,1,Self-employed,Owned,Branch,0,0.055984349831462964,588,APPROVE,NO_MATERIAL_ADVERSE_FACTOR,2025-03
APP-2026-001475,2025-03-03 11:00:00,27,11462862.0,72,624,0.0734,55116073.0,18,1,Salaried,Owned,Branch,0,0.07412195205615527,566,APPROVE,NO_MATERIAL_ADVERSE_FACTOR,2025-03
APP-2026-001476,2025-03-03 12:00:00,42,9253185.0,33,435,0.5215,17046281.0,12,1,Salaried,Rented,Mobile,0,0.3583863611130963,426,DECLINE,LOW_BUREAU_SCORE; RENTED_RESIDENCE,2025-03
APP-2026-001477,2025-03-03 13:00:00,31,23085448.0,75,645,0.1725,46439769.0,9,0,Salaried,Rented,Mobile,0,0.06240021586582676,579,APPROVE,RENTED_RESIDENCE,2025-03
APP-2026-001478,2025-03-03 14:00:00,41,13120715.0,95,594,0.1557,53638657.0,6,1,Salaried,Family,Mobile,0,0.08162484375545345,559,REVIEW,NO_MATERIAL_ADVERSE_FACTOR,2025-03
APP-2026-001479,2025-03-03 15:00:00,41,20110767.0,43,591,0.5846,60891747.0,36,0,Salaried,Family,Mobile,0,0.11164300536781013,534,REVIEW,HIGH_EXISTING_DTI,2025-03
APP-2026-001480,2025-03-03 16:00:00,29,13814272.0,35,650,0.1953,40253811.0,24,0,Salaried,Rented,Mobile,0,0.07699803888565612,563,APPROVE,RENTED_RESIDENCE,2025-03
APP-2026-001481,2025-03-03 17:00:00,37,9615687.0,26,738,0.5201,25624203.0,6,2,Salaried,Family,Mobile,0,0.10174679241585045,541,REVIEW,NO_MATERIAL_ADVERSE_FACTOR,2025-03
APP-2026-001482,2025-03-03 18:00:00,41,4268368.0,59,732,0.0882,69205710.0,12,1,Self-employed,Family,Partner,0,0.0712253984258282,569,APPROVE,HIGH_LOAN_TO_INCOME,2025-03
APP-2026-001483,2025-03-03 19:00:00,45,30302391.0,41,587,0.3269,64573227.0,18,2,Self-employed,Rented,Mobile,0,0.16207653202451627,502,REVIEW,RENTED_RESIDENCE,2025-03
APP-2026-001484,2025-03-03 20:00:00,31,20952239.0,74,639,0.1725,52478987.0,24,1,Self-employed,Family,Mobile,0,0.06442135729302781,577,APPROVE,NO_MATERIAL_ADVERSE_FACTOR,2025-03
APP-2026-001485,2025-03-03 21:00:00,34,5372214.0,28,569,0.41,35941965.0,24,1,Salaried,Rented,Mobile,0,0.21690871636213221,477,DECLINE,HIGH_LOAN_TO_INCOME; RENTED_RESIDENCE; LOW_BUREAU_SCORE,2025-03
APP-2026-001486,2025-03-03 22:00:00,25,9592085.0,40,631,0.171,28010775.0,36,2,Self-employed,Owned,Partner,0,0.12136995997723452,527,REVIEW,NO_MATERIAL_ADVERSE_FACTOR,2025-03
APP-2026-001487,2025-03-03 23:00:00,41,15184933.0,73,626,0.3389,92973665.0,6,2,Self-employed,Owned,Mobile,0,0.17414013566745457,496,REVIEW,HIGH_LOAN_TO_INCOME,2025-03
APP-2026-001488,2025-03-04 00:00:00,35,35704887.0,30,723,0.4126,131207567.0,18,1,Self-employed,Rented,Branch,0,0.10820973454302099,536,REVIEW,RENTED_RESIDENCE,2025-03
APP-2026-001489,2025-03-04 01:00:00,22,25608946.0,49,695,0.281,70872604.0,12,1,Contract,Mortgage,Branch,0,0.0963853554034629,545,REVIEW,CONTRACT_EMPLOYMENT,2025-03
APP-2026-001490,2025-03-04 02:00:00,31,26994473.0,25,628,0.3625,45347958.0,12,3,Salaried,Owned,Mobile,0,0.1292071906497216,522,REVIEW,MULTIPLE_RECENT_INQUIRIES,2025-03
APP-2026-001491,2025-03-04 03:00:00,33,21595791.0,22,595,0.2518,21038356.0,12,1,Contract,Mortgage,Partner,0,0.14288618286727378,513,REVIEW,CONTRACT_EMPLOYMENT,2025-03
APP-2026-001492,2025-03-04 04:00:00,29,17276842.0,58,555,0.2278,89072324.0,12,1,Salaried,Rented,Branch,0,0.18030005416225783,493,DECLINE,HIGH_LOAN_TO_INCOME; LOW_BUREAU_SCORE; RENTED_RESIDENCE,2025-03
APP-2026-001493,2025-03-04 05:00:00,28,18625164.0,51,481,0.4723,104246711.0,36,0,Salaried,Mortgage,Branch,0,0.24678392492367318,464,DECLINE,LOW_BUREAU_SCORE; HIGH_LOAN_TO_INCOME,2025-03
APP-2026-001494,2025-03-04 06:00:00,20,21898730.0,57,597,0.168,56847043.0,12,2,Salaried,Rented,Partner,1,0.15248309543242028,508,REVIEW,RENTED_RESIDENCE,2025-03
APP-2026-001495,2025-03-04 07:00:00,35,12492521.0,103,671,0.3571,30098270.0,24,0,Salaried,Owned,Mobile,1,0.0574666349353277,586,APPROVE,NO_MATERIAL_ADVERSE_FACTOR,2025-03
APP-2026-001496,2025-03-04 08:00:00,30,5595480.0,104,553,0.4186,23077936.0,24,1,Contract,Rented,Mobile,0,0.2392000186288926,467,DECLINE,CONTRACT_EMPLOYMENT; LOW_BUREAU_SCORE; RENTED_RESIDENCE,2025-03
APP-2026-001497,2025-03-04 09:00:00,42,21258980.0,45,600,0.1523,133034492.0,18,2,Contract,Rented,Mobile,1,0.21395703828633278,478,DECLINE,HIGH_LOAN_TO_INCOME; CONTRACT_EMPLOYMENT; RENTED_RESIDENCE,2025-03
APP-2026-001498,2025-03-04 10:00:00,33,15594146.0,45,731,0.5971,17416567.0,24,2,Salaried,Owned,Partner,0,0.11019863472607035,535,REVIEW,HIGH_EXISTING_DTI,2025-03
APP-2026-001499,2025-03-04 11:00:00,42,7566046.0,34,593,0.5608,39681479.0,12,1,Self-employed,Rented,Mobile,1,0.2714006071710552,455,DECLINE,HIGH_EXISTING_DTI; HIGH_LOAN_TO_INCOME; RENTED_RESIDENCE,2025-03
APP-2026-001500,2025-03-04 12:00:00,23,15178832.0,49,631,0.5369,215466887.0,9,2,Salaried,Rented,Mobile,1,0.4220397261425968,407,DECLINE,HIGH_LOAN_TO_INCOME; RENTED_RESIDENCE,2025-03
APP-2026-001501,2025-03-04 13:00:00,37,32404768.0,60,607,0.4776,12516738.0,12,2,Salaried,Owned,Partner,0,0.10913260074690898,535,REVIEW,NO_MATERIAL_ADVERSE_FACTOR,2025-03
APP-2026-001502,2025-03-04 14:00:00,41,10537560.0,46,644,0.1904,33497105.0,6,2,Contract,Owned,Mobile,0,0.12407639964578039,525,REVIEW,CONTRACT_EMPLOYMENT,2025-03
APP-2026-001503,2025-03-04 15:00:00,41,14426707.0,62,761,0.2056,30534706.0,24,0,Salaried,Owned,Mobile,0,0.029617928850087537,636,APPROVE,NO_MATERIAL_ADVERSE_FACTOR,2025-03
APP-2026-001504,2025-03-04 16:00:00,32,13372361.0,74,592,0.4619,65610927.0,18,0,Self-employed,Mortgage,Partner,0,0.1923527296050263,487,DECLINE,NO_MATERIAL_ADVERSE_FACTOR,2025-03
APP-2026-001505,2025-03-04 17:00:00,26,10713671.0,20,706,0.4644,60627149.0,12,2,Contract,Rented,Mobile,0,0.21992840556989562,475,DECLINE,HIGH_LOAN_TO_INCOME; CONTRACT_EMPLOYMENT; RENTED_RESIDENCE,2025-03
APP-2026-001506,2025-03-04 18:00:00,49,11728834.0,60,471,0.1958,70036235.0,24,1,Salaried,Owned,Partner,0,0.1966537970589863,485,DECLINE,LOW_BUREAU_SCORE; HIGH_LOAN_TO_INCOME,2025-03
APP-2026-001507,2025-03-04 19:00:00,32,15307779.0,75,610,0.0601,67242935.0,18,1,Salaried,Mortgage,Mobile,0,0.08633568754454556,554,REVIEW,NO_MATERIAL_ADVERSE_FACTOR,2025-03
APP-2026-001508,2025-03-04 20:00:00,23,27957684.0,34,612,0.4089,42548796.0,12,1,Salaried,Owned,Mobile,0,0.09739949140409174,545,REVIEW,NO_MATERIAL_ADVERSE_FACTOR,2025-03
APP-2026-001509,2025-03-04 21:00:00,32,18319550.0,56,654,0.1739,13027046.0,24,1,Self-employed,Owned,Partner,0,0.06824021184535614,572,APPROVE,NO_MATERIAL_ADVERSE_FACTOR,2025-03
APP-2026-001510,2025-03-04 22:00:00,37,27545214.0,37,640,0.1807,42601357.0,24,2,Salaried,Owned,Mobile,0,0.06514293097419568,576,APPROVE,NO_MATERIAL_ADVERSE_FACTOR,2025-03
APP-2026-001511,2025-03-04 23:00:00,28,15361580.0,43,704,0.1491,143256535.0,24,1,Salaried,Family,Mobile,0,0.0770091759148727,563,APPROVE,HIGH_LOAN_TO_INCOME,2025-03
APP-2026-001512,2025-03-05 00:00:00,38,18075986.0,105,677,0.1197,54798482.0,12,0,Self-employed,Owned,Mobile,0,0.046122045211122245,602,APPROVE,NO_MATERIAL_ADVERSE_FACTOR,2025-03
APP-2026-001513,2025-03-05 01:00:00,42,7250254.0,99,656,0.3628,80481687.0,12,0,Self-employed,Family,Branch,0,0.10089759858844853,542,REVIEW,HIGH_LOAN_TO_INCOME,2025-03
APP-2026-001514,2025-03-05 02:00:00,34,21766835.0,49,605,0.5013,135259663.0,24,1,Self-employed,Owned,Mobile,0,0.20667078853217666,481,DECLINE,HIGH_LOAN_TO_INCOME,2025-03
APP-2026-001515,2025-03-05 03:00:00,43,28019169.0,95,668,0.2693,86442446.0,6,1,Salaried,Rented,Branch,0,0.0825351783987183,558,REVIEW,RENTED_RESIDENCE,2025-03
APP-2026-001516,2025-03-05 04:00:00,33,17953275.0,113,687,0.3699,33619771.0,18,3,Salaried,Owned,Partner,0,0.10645487049985429,537,REVIEW,MULTIPLE_RECENT_INQUIRIES,2025-03
APP-2026-001517,2025-03-05 05:00:00,30,30290133.0,15,659,0.2413,22144379.0,12,1,Contract,Rented,Mobile,0,0.08623846035829207,554,REVIEW,CONTRACT_EMPLOYMENT; RENTED_RESIDENCE,2025-03
APP-2026-001518,2025-03-05 06:00:00,48,32886921.0,10,650,0.4316,49091025.0,24,1,Salaried,Rented,Mobile,0,0.09148725363847474,549,REVIEW,RENTED_RESIDENCE; SHORT_EMPLOYMENT_HISTORY,2025-03
APP-2026-001519,2025-03-05 07:00:00,40,18774045.0,107,668,0.3218,102992819.0,18,4,Self-employed,Owned,Mobile,0,0.17823220804822765,494,REVIEW,MULTIPLE_RECENT_INQUIRIES; HIGH_LOAN_TO_INCOME,2025-03
APP-2026-001520,2025-03-05 08:00:00,35,22305727.0,22,633,0.4862,72556979.0,18,0,Contract,Owned,Mobile,0,0.12959689076878247,521,REVIEW,CONTRACT_EMPLOYMENT,2025-03
APP-2026-001521,2025-03-05 09:00:00,20,50076955.0,84,620,0.1131,39866001.0,12,0,Contract,Rented,Mobile,0,0.04188646232029729,610,APPROVE,CONTRACT_EMPLOYMENT; RENTED_RESIDENCE,2025-03
APP-2026-001522,2025-03-05 10:00:00,22,11375321.0,23,562,0.4977,17397613.0,12,4,Contract,Rented,Mobile,0,0.4332600129916078,403,DECLINE,MULTIPLE_RECENT_INQUIRIES; CONTRACT_EMPLOYMENT; RENTED_RESIDENCE,2025-03
APP-2026-001523,2025-03-05 11:00:00,20,21473169.0,76,534,0.3671,116479320.0,24,1,Self-employed,Rented,Mobile,1,0.2626598796560988,458,DECLINE,HIGH_LOAN_TO_INCOME; LOW_BUREAU_SCORE; RENTED_RESIDENCE,2025-03
APP-2026-001524,2025-03-05 12:00:00,34,47099129.0,88,559,0.5107,69054824.0,36,1,Contract,Owned,Mobile,0,0.10340000157685411,540,REVIEW,CONTRACT_EMPLOYMENT; LOW_BUREAU_SCORE,2025-03
APP-2026-001525,2025-03-05 13:00:00,34,12403508.0,75,737,0.4424,30743572.0,12,3,Self-employed,Rented,Mobile,0,0.15314574378198315,507,REVIEW,MULTIPLE_RECENT_INQUIRIES; RENTED_RESIDENCE,2025-03
APP-2026-001526,2025-03-05 14:00:00,38,48745295.0,74,602,0.3477,57301064.0,24,2,Salaried,Rented,Partner,0,0.09263429288677974,549,REVIEW,RENTED_RESIDENCE,2025-03
APP-2026-001527,2025-03-05 15:00:00,44,18843177.0,29,569,0.2052,128219744.0,12,4,Salaried,Owned,Mobile,1,0.25849255068298127,460,DECLINE,MULTIPLE_RECENT_INQUIRIES; HIGH_LOAN_TO_INCOME; LOW_BUREAU_SCORE,2025-03
APP-2026-001528,2025-03-05 16:00:00,21,12267728.0,105,651,0.2945,85782182.0,18,0,Self-employed,Family,Partner,0,0.1003176976721539,542,REVIEW,HIGH_LOAN_TO_INCOME,2025-03
APP-2026-001529,2025-03-05 17:00:00,22,24368779.0,43,723,0.1455,21104733.0,24,1,Salaried,Rented,Mobile,0,0.044122010854037885,606,APPROVE,RENTED_RESIDENCE,2025-03
APP-2026-001530,2025-03-05 18:00:00,26,27327929.0,29,617,0.2576,24101705.0,36,3,Salaried,Owned,Mobile,0,0.0917763057966679,549,REVIEW,MULTIPLE_RECENT_INQUIRIES,2025-03
APP-2026-001531,2025-03-05 19:00:00,38,13794010.0,60,641,0.2748,21207309.0,36,1,Salaried,Family,Mobile,0,0.061294547077148,581,APPROVE,NO_MATERIAL_ADVERSE_FACTOR,2025-03
APP-2026-001532,2025-03-05 20:00:00,37,20006934.0,65,600,0.1778,41440981.0,6,1,Salaried,Rented,Partner,1,0.11610320224958237,530,REVIEW,RENTED_RESIDENCE,2025-03
APP-2026-001533,2025-03-05 21:00:00,25,14636485.0,60,573,0.3477,101054265.0,12,2,Salaried,Owned,Partner,1,0.2378514378341651,468,DECLINE,HIGH_LOAN_TO_INCOME; LOW_BUREAU_SCORE,2025-03
APP-2026-001534,2025-03-05 22:00:00,28,13130346.0,13,701,0.1733,72916310.0,9,1,Salaried,Owned,Mobile,0,0.07569684127554628,564,APPROVE,HIGH_LOAN_TO_INCOME,2025-03
APP-2026-001535,2025-03-05 23:00:00,38,22040809.0,39,633,0.4524,303378745.0,12,1,Salaried,Family,Partner,0,0.33619698067238485,433,DECLINE,HIGH_LOAN_TO_INCOME,2025-03
APP-2026-001536,2025-03-06 00:00:00,35,30356346.0,77,606,0.149,52068925.0,6,3,Salaried,Family,Branch,1,0.08203911042037818,558,REVIEW,MULTIPLE_RECENT_INQUIRIES,2025-03
APP-2026-001537,2025-03-06 01:00:00,43,11502430.0,50,691,0.4134,74639902.0,36,2,Self-employed,Family,Partner,0,0.13627396497863545,517,REVIEW,HIGH_LOAN_TO_INCOME,2025-03
APP-2026-001538,2025-03-06 02:00:00,27,16356111.0,65,674,0.3352,162156393.0,12,1,Salaried,Owned,Mobile,0,0.1415824609671163,514,REVIEW,HIGH_LOAN_TO_INCOME,2025-03
APP-2026-001539,2025-03-06 03:00:00,33,53664940.0,6,789,0.2946,36355734.0,18,3,Salaried,Rented,Mobile,0,0.03669219807577441,620,APPROVE,MULTIPLE_RECENT_INQUIRIES; SHORT_EMPLOYMENT_HISTORY; RENTED_RESIDENCE,2025-03
APP-2026-001540,2025-03-06 04:00:00,25,24466927.0,72,582,0.4307,170231053.0,9,0,Salaried,Rented,Mobile,0,0.2218438477158094,474,DECLINE,HIGH_LOAN_TO_INCOME; RENTED_RESIDENCE,2025-03
APP-2026-001541,2025-03-06 05:00:00,45,8027097.0,110,543,0.2377,30346463.0,12,0,Salaried,Family,Mobile,0,0.08862645097918939,552,REVIEW,LOW_BUREAU_SCORE,2025-03
APP-2026-001542,2025-03-06 06:00:00,43,27059861.0,74,646,0.441,111227805.0,6,3,Salaried,Owned,Partner,1,0.18611826486755692,490,DECLINE,MULTIPLE_RECENT_INQUIRIES,2025-03
APP-2026-001543,2025-03-06 07:00:00,39,9446356.0,21,559,0.4336,102686601.0,12,2,Self-employed,Mortgage,Branch,1,0.3606717576889743,425,DECLINE,HIGH_LOAN_TO_INCOME; LOW_BUREAU_SCORE,2025-03
APP-2026-001544,2025-03-06 08:00:00,43,7796394.0,44,770,0.3479,25678304.0,12,2,Salaried,Family,Mobile,0,0.0631869698344378,578,APPROVE,NO_MATERIAL_ADVERSE_FACTOR,2025-03
APP-2026-001545,2025-03-06 09:00:00,47,17224902.0,50,670,0.5129,36557184.0,12,1,Salaried,Rented,Partner,0,0.14216005743162752,514,REVIEW,RENTED_RESIDENCE,2025-03
APP-2026-001546,2025-03-06 10:00:00,47,37661763.0,30,682,0.3448,35689964.0,12,3,Self-employed,Owned,Partner,0,0.09148800580889416,549,REVIEW,MULTIPLE_RECENT_INQUIRIES,2025-03
APP-2026-001547,2025-03-06 11:00:00,49,29682959.0,13,667,0.1513,38931300.0,6,3,Self-employed,Rented,Mobile,0,0.10566808732666741,538,REVIEW,MULTIPLE_RECENT_INQUIRIES; RENTED_RESIDENCE,2025-03
APP-2026-001548,2025-03-06 12:00:00,28,38705048.0,53,611,0.2646,222127204.0,12,1,Self-employed,Family,Mobile,0,0.1478509001317551,510,REVIEW,HIGH_LOAN_TO_INCOME,2025-03
APP-2026-001549,2025-03-06 13:00:00,27,27886510.0,74,637,0.2026,55023207.0,18,1,Salaried,Rented,Mobile,0,0.07592561113416213,564,APPROVE,RENTED_RESIDENCE,2025-03
APP-2026-001550,2025-03-06 14:00:00,46,14833098.0,14,590,0.3894,78889816.0,36,1,Salaried,Mortgage,Partner,0,0.1860490056634451,490,DECLINE,HIGH_LOAN_TO_INCOME,2025-03
APP-2026-001551,2025-03-06 15:00:00,31,23615600.0,143,704,0.4912,20903003.0,12,0,Salaried,Owned,Partner,0,0.0514242370668583,594,APPROVE,NO_MATERIAL_ADVERSE_FACTOR,2025-03
APP-2026-001552,2025-03-06 16:00:00,20,46607359.0,60,574,0.2173,12517575.0,18,0,Salaried,Owned,Mobile,0,0.035236426714629135,623,APPROVE,LOW_BUREAU_SCORE,2025-03
APP-2026-001553,2025-03-06 17:00:00,30,53607164.0,44,477,0.2382,84280825.0,36,2,Salaried,Family,Partner,0,0.10241745260954968,540,REVIEW,LOW_BUREAU_SCORE,2025-03
APP-2026-001554,2025-03-06 18:00:00,44,7552543.0,56,662,0.3638,257864663.0,18,1,Self-employed,Owned,Mobile,1,0.2978043822459312,446,DECLINE,HIGH_LOAN_TO_INCOME,2025-03
APP-2026-001555,2025-03-06 19:00:00,30,21174583.0,30,675,0.3563,72476700.0,9,0,Contract,Rented,Branch,0,0.12227470651367192,526,REVIEW,CONTRACT_EMPLOYMENT; RENTED_RESIDENCE,2025-03
APP-2026-001556,2025-03-06 20:00:00,41,12430956.0,13,443,0.5113,71718481.0,24,1,Salaried,Rented,Mobile,0,0.392063812082423,416,DECLINE,LOW_BUREAU_SCORE; HIGH_LOAN_TO_INCOME; RENTED_RESIDENCE,2025-03
APP-2026-001557,2025-03-06 21:00:00,37,29899654.0,87,614,0.4074,55404792.0,24,0,Self-employed,Owned,Partner,0,0.08481643579056337,555,REVIEW,NO_MATERIAL_ADVERSE_FACTOR,2025-03
APP-2026-001558,2025-03-06 22:00:00,22,25980348.0,44,494,0.2034,81452849.0,24,1,Self-employed,Mortgage,Mobile,0,0.18722820260700604,490,DECLINE,LOW_BUREAU_SCORE,2025-03
APP-2026-001559,2025-03-06 23:00:00,38,17939192.0,11,626,0.2307,42908861.0,6,2,Salaried,Mortgage,Mobile,0,0.12758320976637738,523,REVIEW,SHORT_EMPLOYMENT_HISTORY,2025-03
APP-2026-001560,2025-03-07 00:00:00,35,12174687.0,40,578,0.6179,64045809.0,24,2,Self-employed,Mortgage,Mobile,0,0.32484375245565167,437,DECLINE,HIGH_EXISTING_DTI; HIGH_LOAN_TO_INCOME; LOW_BUREAU_SCORE,2025-03
APP-2026-001561,2025-03-07 01:00:00,30,22586633.0,48,666,0.1469,16230525.0,18,0,Self-employed,Rented,Mobile,0,0.05527385180151713,589,APPROVE,RENTED_RESIDENCE,2025-03
APP-2026-001562,2025-03-07 02:00:00,22,17101893.0,37,663,0.3722,71830837.0,12,3,Salaried,Owned,Mobile,0,0.15941253059762894,504,REVIEW,MULTIPLE_RECENT_INQUIRIES,2025-03
APP-2026-001563,2025-03-07 03:00:00,49,19364370.0,32,706,0.1053,30019106.0,24,2,Contract,Rented,Mobile,0,0.0774192645416081,563,APPROVE,CONTRACT_EMPLOYMENT; RENTED_RESIDENCE,2025-03
APP-2026-001564,2025-03-07 04:00:00,26,16488915.0,100,611,0.2507,54590957.0,6,2,Salaried,Owned,Mobile,0,0.11450255932217815,531,REVIEW,NO_MATERIAL_ADVERSE_FACTOR,2025-03
APP-2026-001565,2025-03-07 05:00:00,20,21388690.0,45,641,0.6343,51016120.0,36,2,Self-employed,Owned,Partner,0,0.20100971153806704,483,DECLINE,HIGH_EXISTING_DTI,2025-03
APP-2026-001566,2025-03-07 06:00:00,42,18040393.0,85,572,0.3203,42481903.0,36,4,Salaried,Mortgage,Branch,0,0.19696491152938123,485,DECLINE,MULTIPLE_RECENT_INQUIRIES; LOW_BUREAU_SCORE,2025-03
APP-2026-001567,2025-03-07 07:00:00,30,27964521.0,30,645,0.6261,93420282.0,24,1,Salaried,Owned,Mobile,0,0.13916783976123898,515,REVIEW,HIGH_EXISTING_DTI,2025-03
APP-2026-001568,2025-03-07 08:00:00,45,3928818.0,66,610,0.2609,81765682.0,18,1,Salaried,Rented,Mobile,1,0.17338583893582218,497,REVIEW,HIGH_LOAN_TO_INCOME; RENTED_RESIDENCE,2025-03
APP-2026-001569,2025-03-07 09:00:00,33,15646039.0,27,666,0.3264,29571140.0,9,2,Contract,Rented,Partner,0,0.18532402805368542,491,DECLINE,CONTRACT_EMPLOYMENT; RENTED_RESIDENCE,2025-03
APP-2026-001570,2025-03-07 10:00:00,34,13702040.0,35,661,0.2225,109909624.0,12,3,Salaried,Mortgage,Mobile,0,0.18502172995376154,491,DECLINE,HIGH_LOAN_TO_INCOME; MULTIPLE_RECENT_INQUIRIES,2025-03
APP-2026-001571,2025-03-07 11:00:00,40,21316075.0,21,605,0.4659,22171763.0,12,1,Salaried,Rented,Partner,0,0.16286902301072317,502,REVIEW,RENTED_RESIDENCE,2025-03
APP-2026-001572,2025-03-07 12:00:00,35,28435390.0,42,581,0.2961,78743666.0,12,1,Contract,Family,Partner,0,0.13837332733655905,516,REVIEW,CONTRACT_EMPLOYMENT,2025-03
APP-2026-001573,2025-03-07 13:00:00,35,20093866.0,49,698,0.1968,80051836.0,18,2,Self-employed,Owned,Partner,0,0.09908056060065906,543,REVIEW,NO_MATERIAL_ADVERSE_FACTOR,2025-03
APP-2026-001574,2025-03-07 14:00:00,44,18528750.0,71,597,0.3028,87941339.0,12,0,Salaried,Owned,Mobile,1,0.09589209028332797,546,REVIEW,NO_MATERIAL_ADVERSE_FACTOR,2025-03
APP-2026-001575,2025-03-07 15:00:00,26,13650299.0,25,600,0.4383,29543643.0,24,1,Salaried,Owned,Partner,1,0.14982062244342864,509,REVIEW,NO_MATERIAL_ADVERSE_FACTOR,2025-03
APP-2026-001576,2025-03-07 16:00:00,39,26647265.0,82,553,0.5028,123607756.0,24,0,Self-employed,Family,Mobile,0,0.1558125358744637,506,REVIEW,LOW_BUREAU_SCORE,2025-03
APP-2026-001577,2025-03-07 17:00:00,37,48668760.0,107,554,0.3249,82836791.0,24,3,Salaried,Owned,Mobile,0,0.09791237788129757,544,REVIEW,MULTIPLE_RECENT_INQUIRIES; LOW_BUREAU_SCORE,2025-03
APP-2026-001578,2025-03-07 18:00:00,20,22530890.0,116,656,0.3774,99441738.0,24,2,Salaried,Family,Branch,0,0.10228774958295765,541,REVIEW,NO_MATERIAL_ADVERSE_FACTOR,2025-03
APP-2026-001579,2025-03-07 19:00:00,44,20240124.0,76,632,0.2823,46268202.0,24,2,Contract,Family,Mobile,0,0.10025506547194832,542,REVIEW,CONTRACT_EMPLOYMENT,2025-03
APP-2026-001580,2025-03-07 20:00:00,41,22585543.0,39,591,0.173,26083459.0,6,1,Salaried,Rented,Mobile,0,0.09536998572758916,546,REVIEW,RENTED_RESIDENCE,2025-03
APP-2026-001581,2025-03-07 21:00:00,48,13271829.0,68,630,0.3635,23206148.0,9,1,Salaried,Family,Mobile,0,0.08353368219475231,557,REVIEW,NO_MATERIAL_ADVERSE_FACTOR,2025-03
APP-2026-001582,2025-03-07 22:00:00,31,11623801.0,44,692,0.2706,97807195.0,9,0,Salaried,Owned,Mobile,1,0.08163764438412047,558,REVIEW,HIGH_LOAN_TO_INCOME,2025-03
APP-2026-001583,2025-03-07 23:00:00,25,11304047.0,62,647,0.2586,52656932.0,6,0,Self-employed,Mortgage,Mobile,0,0.10781139393875663,536,REVIEW,NO_MATERIAL_ADVERSE_FACTOR,2025-03
APP-2026-001584,2025-03-08 00:00:00,62,19572852.0,41,702,0.3262,109902136.0,12,0,Salaried,Rented,Mobile,0,0.08666219155565433,554,REVIEW,HIGH_LOAN_TO_INCOME; RENTED_RESIDENCE,2025-03
APP-2026-001585,2025-03-08 01:00:00,25,26410804.0,47,713,0.2984,210894644.0,6,0,Salaried,Rented,Branch,0,0.13055889514030977,521,REVIEW,HIGH_LOAN_TO_INCOME; RENTED_RESIDENCE,2025-03
APP-2026-001586,2025-03-08 02:00:00,27,20791487.0,23,556,0.4952,79305644.0,12,0,Salaried,Family,Partner,0,0.17191229693397797,497,REVIEW,LOW_BUREAU_SCORE,2025-03
APP-2026-001587,2025-03-08 03:00:00,39,14895678.0,62,606,0.4553,54363261.0,9,0,Salaried,Owned,Mobile,0,0.11323163011504364,532,REVIEW,NO_MATERIAL_ADVERSE_FACTOR,2025-03
APP-2026-001588,2025-03-08 04:00:00,31,24873908.0,48,637,0.5921,195007112.0,12,2,Contract,Mortgage,Branch,0,0.37889833039700827,420,DECLINE,HIGH_LOAN_TO_INCOME; HIGH_EXISTING_DTI; CONTRACT_EMPLOYMENT,2025-03
APP-2026-001589,2025-03-08 05:00:00,38,14756135.0,62,765,0.6406,52783681.0,12,1,Salaried,Rented,Partner,0,0.13069880839566148,521,REVIEW,HIGH_EXISTING_DTI; RENTED_RESIDENCE,2025-03
APP-2026-001590,2025-03-08 06:00:00,23,21252526.0,24,658,0.248,27420174.0,24,1,Contract,Owned,Mobile,0,0.08039402697398204,560,REVIEW,CONTRACT_EMPLOYMENT,2025-03
APP-2026-001591,2025-03-08 07:00:00,20,13137256.0,26,663,0.4623,119618984.0,12,1,Salaried,Rented,Partner,0,0.24652546188270225,464,DECLINE,HIGH_LOAN_TO_INCOME; RENTED_RESIDENCE,2025-03
APP-2026-001592,2025-03-08 08:00:00,30,21461799.0,35,525,0.2593,139177679.0,12,0,Salaried,Rented,Mobile,0,0.21177975456971582,479,DECLINE,HIGH_LOAN_TO_INCOME; LOW_BUREAU_SCORE; RENTED_RESIDENCE,2025-03
APP-2026-001593,2025-03-08 09:00:00,41,10632250.0,101,555,0.3852,49538631.0,18,5,Self-employed,Owned,Mobile,0,0.3327458641391613,434,DECLINE,MULTIPLE_RECENT_INQUIRIES; LOW_BUREAU_SCORE,2025-03
APP-2026-001594,2025-03-08 10:00:00,34,7372136.0,69,617,0.213,115890295.0,12,2,Salaried,Rented,Mobile,0,0.21785272139113515,476,DECLINE,HIGH_LOAN_TO_INCOME; RENTED_RESIDENCE,2025-03
APP-2026-001595,2025-03-08 11:00:00,45,23403282.0,114,497,0.3159,14881866.0,12,2,Contract,Mortgage,Mobile,0,0.1903097077440314,488,DECLINE,LOW_BUREAU_SCORE; CONTRACT_EMPLOYMENT,2025-03
APP-2026-001596,2025-03-08 12:00:00,32,38121237.0,17,718,0.0278,86305783.0,6,3,Contract,Family,Mobile,0,0.0580545426596088,585,APPROVE,MULTIPLE_RECENT_INQUIRIES; CONTRACT_EMPLOYMENT,2025-03
APP-2026-001597,2025-03-08 13:00:00,36,13795963.0,59,712,0.4123,73015328.0,9,1,Self-employed,Family,Branch,0,0.09714436288127051,545,REVIEW,HIGH_LOAN_TO_INCOME,2025-03
APP-2026-001598,2025-03-08 14:00:00,26,4407808.0,58,562,0.1303,103139917.0,24,0,Contract,Family,Mobile,1,0.15118729946078385,508,REVIEW,HIGH_LOAN_TO_INCOME; CONTRACT_EMPLOYMENT; LOW_BUREAU_SCORE,2025-03
APP-2026-001599,2025-03-08 15:00:00,21,32484501.0,68,603,0.2099,67010810.0,9,0,Salaried,Owned,Mobile,0,0.05807852999986578,585,APPROVE,NO_MATERIAL_ADVERSE_FACTOR,2025-03
APP-2026-001600,2025-03-08 16:00:00,24,19058592.0,27,650,0.3658,175857404.0,12,2,Salaried,Mortgage,Partner,1,0.2771892074702213,453,DECLINE,HIGH_LOAN_TO_INCOME,2025-03
APP-2026-001601,2025-03-08 17:00:00,27,62802887.0,47,616,0.2952,29717984.0,18,0,Salaried,Family,Mobile,0,0.0221329047899229,657,APPROVE,NO_MATERIAL_ADVERSE_FACTOR,2025-03
APP-2026-001602,2025-03-08 18:00:00,52,39118530.0,36,575,0.5442,22552117.0,12,3,Contract,Rented,Mobile,0,0.21281976126209684,478,DECLINE,MULTIPLE_RECENT_INQUIRIES; CONTRACT_EMPLOYMENT; RENTED_RESIDENCE,2025-03
APP-2026-001603,2025-03-08 19:00:00,23,13245793.0,16,601,0.1417,175232418.0,24,1,Self-employed,Owned,Partner,0,0.22357870499698523,474,DECLINE,HIGH_LOAN_TO_INCOME,2025-03
APP-2026-001604,2025-03-08 20:00:00,27,17293918.0,166,656,0.115,58813377.0,18,5,Salaried,Rented,Mobile,1,0.14573094323970456,511,REVIEW,MULTIPLE_RECENT_INQUIRIES; RENTED_RESIDENCE,2025-03
APP-2026-001605,2025-03-08 21:00:00,47,23180441.0,50,667,0.3997,39807774.0,6,2,Salaried,Mortgage,Mobile,0,0.10795336517942752,536,REVIEW,NO_MATERIAL_ADVERSE_FACTOR,2025-03
APP-2026-001606,2025-03-08 22:00:00,28,12674961.0,25,598,0.4335,27306712.0,24,1,Salaried,Rented,Partner,0,0.19131852000420818,488,DECLINE,RENTED_RESIDENCE,2025-03
APP-2026-001607,2025-03-08 23:00:00,40,41729793.0,36,512,0.152,15823139.0,12,0,Self-employed,Owned,Mobile,0,0.05758897355217768,586,APPROVE,LOW_BUREAU_SCORE,2025-03
APP-2026-001608,2025-03-09 00:00:00,20,25363885.0,124,634,0.1774,52610286.0,12,1,Salaried,Family,Mobile,0,0.05139014405245934,594,APPROVE,NO_MATERIAL_ADVERSE_FACTOR,2025-03
APP-2026-001609,2025-03-09 01:00:00,26,11575301.0,61,679,0.7561,54195458.0,24,0,Self-employed,Rented,Branch,1,0.19836215025358195,485,DECLINE,HIGH_EXISTING_DTI; RENTED_RESIDENCE,2025-03
APP-2026-001610,2025-03-09 02:00:00,39,37628389.0,11,802,0.474,61457731.0,36,2,Salaried,Family,Mobile,0,0.03790844331673958,617,APPROVE,SHORT_EMPLOYMENT_HISTORY,2025-03
APP-2026-001611,2025-03-09 03:00:00,20,8809173.0,46,683,0.6181,55150961.0,18,3,Self-employed,Owned,Mobile,1,0.25018750255909356,463,DECLINE,HIGH_LOAN_TO_INCOME; HIGH_EXISTING_DTI; MULTIPLE_RECENT_INQUIRIES,2025-03
APP-2026-001612,2025-03-09 04:00:00,36,24613226.0,15,660,0.4166,50744130.0,24,2,Self-employed,Family,Partner,1,0.12289285749737258,526,REVIEW,NO_MATERIAL_ADVERSE_FACTOR,2025-03
APP-2026-001613,2025-03-09 05:00:00,35,8872838.0,35,613,0.5681,124452912.0,9,0,Salaried,Mortgage,Partner,0,0.28024303599127076,452,DECLINE,HIGH_LOAN_TO_INCOME; HIGH_EXISTING_DTI,2025-03
APP-2026-001614,2025-03-09 06:00:00,29,30758530.0,58,578,0.7328,14850594.0,36,1,Salaried,Owned,Mobile,0,0.1265667498625216,523,REVIEW,HIGH_EXISTING_DTI; LOW_BUREAU_SCORE,2025-03
APP-2026-001615,2025-03-09 07:00:00,32,11402475.0,90,557,0.3318,47874575.0,12,0,Salaried,Mortgage,Partner,0,0.1548068905994438,506,REVIEW,LOW_BUREAU_SCORE,2025-03
APP-2026-001616,2025-03-09 08:00:00,41,13193204.0,23,538,0.1862,36046065.0,12,2,Salaried,Owned,Partner,0,0.17153813372025833,497,REVIEW,LOW_BUREAU_SCORE,2025-03
APP-2026-001617,2025-03-09 09:00:00,34,21036421.0,72,666,0.4644,88800863.0,18,0,Salaried,Family,Mobile,0,0.07823519187492824,562,APPROVE,NO_MATERIAL_ADVERSE_FACTOR,2025-03
APP-2026-001618,2025-03-09 10:00:00,43,21442779.0,58,684,0.1506,228453116.0,12,2,Salaried,Rented,Branch,0,0.18753982804412878,490,DECLINE,HIGH_LOAN_TO_INCOME; RENTED_RESIDENCE,2025-03
APP-2026-001619,2025-03-09 11:00:00,41,21644486.0,84,611,0.0873,57264880.0,36,2,Salaried,Owned,Mobile,0,0.06641678672945286,575,APPROVE,NO_MATERIAL_ADVERSE_FACTOR,2025-03
APP-2026-001620,2025-03-09 12:00:00,48,18909727.0,40,614,0.2582,18929885.0,24,2,Salaried,Owned,Branch,0,0.08622725653335753,554,REVIEW,NO_MATERIAL_ADVERSE_FACTOR,2025-03
APP-2026-001621,2025-03-09 13:00:00,31,10268705.0,22,654,0.1916,75342374.0,12,3,Salaried,Owned,Mobile,0,0.14886961186287156,510,REVIEW,HIGH_LOAN_TO_INCOME; MULTIPLE_RECENT_INQUIRIES,2025-03
APP-2026-001622,2025-03-09 14:00:00,36,15579716.0,63,578,0.2373,74614298.0,18,4,Salaried,Mortgage,Partner,0,0.26705654283721303,457,DECLINE,MULTIPLE_RECENT_INQUIRIES; LOW_BUREAU_SCORE,2025-03
APP-2026-001623,2025-03-09 15:00:00,25,17591537.0,23,578,0.2483,120479048.0,12,2,Self-employed,Family,Mobile,1,0.2089522982027238,480,DECLINE,HIGH_LOAN_TO_INCOME; LOW_BUREAU_SCORE,2025-03
APP-2026-001624,2025-03-09 16:00:00,40,20920926.0,37,660,0.4048,60358218.0,12,0,Self-employed,Rented,Mobile,0,0.11386438597865371,532,REVIEW,RENTED_RESIDENCE,2025-03
APP-2026-001625,2025-03-09 17:00:00,28,12721597.0,30,702,0.3956,69221377.0,6,1,Salaried,Mortgage,Partner,0,0.1394958070316087,515,REVIEW,HIGH_LOAN_TO_INCOME,2025-03
APP-2026-001626,2025-03-09 18:00:00,40,26477992.0,14,556,0.186,30900605.0,24,1,Salaried,Mortgage,Mobile,0,0.09312934418774209,548,REVIEW,LOW_BUREAU_SCORE,2025-03
APP-2026-001627,2025-03-09 19:00:00,32,13784421.0,15,681,0.4566,17413829.0,24,3,Salaried,Owned,Mobile,0,0.13179971064717644,520,REVIEW,MULTIPLE_RECENT_INQUIRIES,2025-03
APP-2026-001628,2025-03-09 20:00:00,33,12236745.0,68,667,0.5376,28252974.0,24,3,Salaried,Owned,Branch,0,0.1547556442116984,506,REVIEW,MULTIPLE_RECENT_INQUIRIES,2025-03
APP-2026-001629,2025-03-09 21:00:00,36,10342594.0,42,571,0.1939,40203526.0,24,2,Salaried,Owned,Mobile,0,0.13256445061264352,519,REVIEW,LOW_BUREAU_SCORE,2025-03
APP-2026-001630,2025-03-09 22:00:00,28,10207146.0,55,510,0.5189,59817693.0,12,2,Salaried,Family,Mobile,0,0.2869294637233947,450,DECLINE,LOW_BUREAU_SCORE; HIGH_LOAN_TO_INCOME,2025-03
APP-2026-001631,2025-03-09 23:00:00,28,9925574.0,85,756,0.3636,26035180.0,12,0,Self-employed,Rented,Partner,0,0.08044690504633822,560,REVIEW,RENTED_RESIDENCE,2025-03
APP-2026-001632,2025-03-10 00:00:00,29,12117546.0,69,596,0.4359,76929315.0,24,2,Salaried,Family,Branch,0,0.17453238104689955,496,REVIEW,HIGH_LOAN_TO_INCOME,2025-03
APP-2026-001633,2025-03-10 01:00:00,30,38613672.0,125,589,0.3438,80777774.0,18,0,Salaried,Rented,Branch,0,0.0765696782131695,564,APPROVE,RENTED_RESIDENCE,2025-03
APP-2026-001634,2025-03-10 02:00:00,40,17558744.0,55,676,0.5164,46570559.0,9,1,Self-employed,Owned,Mobile,1,0.11773580540446711,529,REVIEW,NO_MATERIAL_ADVERSE_FACTOR,2025-03
APP-2026-001635,2025-03-10 03:00:00,31,46314939.0,44,793,0.1256,224571150.0,6,2,Salaried,Owned,Mobile,0,0.05285241331564022,592,APPROVE,NO_MATERIAL_ADVERSE_FACTOR,2025-03
APP-2026-001636,2025-03-10 04:00:00,29,6522499.0,34,649,0.31,25204367.0,9,0,Contract,Rented,Mobile,0,0.13962128773405907,515,REVIEW,CONTRACT_EMPLOYMENT; RENTED_RESIDENCE,2025-03
APP-2026-001637,2025-03-10 05:00:00,42,26934536.0,27,728,0.4128,129369231.0,24,2,Salaried,Owned,Branch,0,0.0993438876427732,543,REVIEW,NO_MATERIAL_ADVERSE_FACTOR,2025-03
APP-2026-001638,2025-03-10 06:00:00,41,25131192.0,61,568,0.6494,32100143.0,6,2,Self-employed,Family,Branch,0,0.20220315355362545,483,DECLINE,HIGH_EXISTING_DTI; LOW_BUREAU_SCORE,2025-03
APP-2026-001639,2025-03-10 07:00:00,33,6864893.0,36,772,0.4078,43429813.0,12,1,Self-employed,Family,Partner,0,0.08825871555495796,552,REVIEW,HIGH_LOAN_TO_INCOME,2025-03
APP-2026-001640,2025-03-10 08:00:00,56,19069567.0,76,494,0.4657,71252140.0,18,0,Salaried,Family,Branch,0,0.14983185099708776,509,REVIEW,LOW_BUREAU_SCORE,2025-03
APP-2026-001641,2025-03-10 09:00:00,25,19130420.0,50,627,0.0172,16262046.0,36,1,Salaried,Rented,Mobile,0,0.056984927793906695,586,APPROVE,RENTED_RESIDENCE,2025-03
APP-2026-001642,2025-03-10 10:00:00,49,21510289.0,77,612,0.738,61783295.0,6,2,Contract,Owned,Mobile,0,0.2579893294105538,460,DECLINE,HIGH_EXISTING_DTI; CONTRACT_EMPLOYMENT,2025-03
APP-2026-001643,2025-03-10 11:00:00,37,12284202.0,60,597,0.1863,47281573.0,12,1,Self-employed,Rented,Mobile,0,0.14385117672621386,513,REVIEW,RENTED_RESIDENCE,2025-03
APP-2026-001644,2025-03-10 12:00:00,43,22129943.0,42,645,0.2514,47639409.0,24,0,Salaried,Mortgage,Partner,0,0.0716820128835751,569,APPROVE,NO_MATERIAL_ADVERSE_FACTOR,2025-03
APP-2026-001645,2025-03-10 13:00:00,32,30390734.0,38,794,0.2714,30277525.0,36,0,Salaried,Rented,Mobile,0,0.025706923715838947,646,APPROVE,RENTED_RESIDENCE,2025-03
APP-2026-001646,2025-03-10 14:00:00,45,9910163.0,47,625,0.3168,33273837.0,36,2,Salaried,Owned,Partner,0,0.12639192254153106,523,REVIEW,NO_MATERIAL_ADVERSE_FACTOR,2025-03
APP-2026-001647,2025-03-10 15:00:00,25,13950382.0,49,645,0.2021,68587154.0,12,1,Contract,Mortgage,Mobile,1,0.13530753172819188,518,REVIEW,CONTRACT_EMPLOYMENT,2025-03
APP-2026-001648,2025-03-10 16:00:00,41,24098040.0,81,562,0.1881,191755501.0,24,0,Salaried,Rented,Mobile,0,0.16446190536922164,501,REVIEW,HIGH_LOAN_TO_INCOME; RENTED_RESIDENCE; LOW_BUREAU_SCORE,2025-03
APP-2026-001649,2025-03-10 17:00:00,37,10483093.0,26,670,0.2305,78144028.0,12,1,Salaried,Owned,Partner,0,0.11082685566402972,534,REVIEW,HIGH_LOAN_TO_INCOME,2025-03
APP-2026-001650,2025-03-10 18:00:00,42,27889159.0,15,638,0.4421,45586126.0,24,0,Salaried,Mortgage,Branch,1,0.0807376770372713,559,REVIEW,NO_MATERIAL_ADVERSE_FACTOR,2025-03
APP-2026-001651,2025-03-10 19:00:00,30,17381353.0,51,602,0.0915,191274325.0,36,5,Salaried,Rented,Mobile,1,0.34229345808354006,431,DECLINE,HIGH_LOAN_TO_INCOME; MULTIPLE_RECENT_INQUIRIES; RENTED_RESIDENCE,2025-03
APP-2026-001652,2025-03-10 20:00:00,38,28563109.0,104,490,0.1534,104118576.0,12,0,Salaried,Owned,Partner,0,0.11649116600103822,530,REVIEW,LOW_BUREAU_SCORE,2025-03
APP-2026-001653,2025-03-10 21:00:00,27,3280225.0,50,663,0.0966,39142371.0,18,3,Salaried,Rented,Mobile,0,0.1449117048726068,512,REVIEW,HIGH_LOAN_TO_INCOME; MULTIPLE_RECENT_INQUIRIES; RENTED_RESIDENCE,2025-03
APP-2026-001654,2025-03-10 22:00:00,31,29311519.0,46,671,0.1385,26174208.0,9,1,Salaried,Family,Branch,0,0.036954171146864036,619,APPROVE,NO_MATERIAL_ADVERSE_FACTOR,2025-03
APP-2026-001655,2025-03-10 23:00:00,32,22682830.0,116,518,0.2531,88608568.0,36,2,Contract,Rented,Partner,0,0.25543659265600516,461,DECLINE,LOW_BUREAU_SCORE; CONTRACT_EMPLOYMENT; RENTED_RESIDENCE,2025-03
APP-2026-001656,2025-03-11 00:00:00,29,25040903.0,25,610,0.1146,42279907.0,24,1,Salaried,Family,Branch,0,0.05569986289965134,588,APPROVE,NO_MATERIAL_ADVERSE_FACTOR,2025-03
APP-2026-001657,2025-03-11 01:00:00,30,11767198.0,39,476,0.0802,54402619.0,18,2,Salaried,Mortgage,Partner,0,0.2397259691088786,467,DECLINE,LOW_BUREAU_SCORE,2025-03
APP-2026-001658,2025-03-11 02:00:00,23,43405028.0,98,726,0.4617,80634741.0,12,4,Contract,Family,Partner,0,0.11482649376223138,531,REVIEW,MULTIPLE_RECENT_INQUIRIES; CONTRACT_EMPLOYMENT,2025-03
APP-2026-001659,2025-03-11 03:00:00,33,11430624.0,29,681,0.2288,48236962.0,12,2,Salaried,Owned,Mobile,0,0.09566354898961058,546,REVIEW,NO_MATERIAL_ADVERSE_FACTOR,2025-03
APP-2026-001660,2025-03-11 04:00:00,47,29000470.0,52,582,0.5897,47748687.0,9,0,Salaried,Rented,Mobile,0,0.1400167839126719,515,REVIEW,HIGH_EXISTING_DTI; RENTED_RESIDENCE,2025-03
APP-2026-001661,2025-03-11 05:00:00,60,16576844.0,68,516,0.0982,50623652.0,12,2,Self-employed,Rented,Mobile,1,0.18201635070639827,492,DECLINE,LOW_BUREAU_SCORE; RENTED_RESIDENCE,2025-03
APP-2026-001662,2025-03-11 06:00:00,27,6094005.0,48,691,0.4176,72184948.0,18,0,Salaried,Rented,Partner,0,0.1460100183799209,511,REVIEW,HIGH_LOAN_TO_INCOME; RENTED_RESIDENCE,2025-03
APP-2026-001663,2025-03-11 07:00:00,28,24807569.0,59,641,0.432,59595106.0,24,1,Salaried,Mortgage,Partner,0,0.12135301019735101,527,REVIEW,NO_MATERIAL_ADVERSE_FACTOR,2025-03
APP-2026-001664,2025-03-11 08:00:00,37,17813738.0,56,712,0.2291,44081167.0,24,1,Contract,Owned,Mobile,0,0.06323845350024611,578,APPROVE,CONTRACT_EMPLOYMENT,2025-03
APP-2026-001665,2025-03-11 09:00:00,39,11452371.0,61,634,0.1832,59319524.0,12,3,Contract,Owned,Mobile,0,0.16356078105393107,502,REVIEW,MULTIPLE_RECENT_INQUIRIES; HIGH_LOAN_TO_INCOME; CONTRACT_EMPLOYMENT,2025-03
APP-2026-001666,2025-03-11 10:00:00,23,15888121.0,81,613,0.3647,213706441.0,12,1,Salaried,Owned,Partner,0,0.2669522994924217,457,DECLINE,HIGH_LOAN_TO_INCOME,2025-03
APP-2026-001667,2025-03-11 11:00:00,20,78757553.0,45,630,0.2875,29098175.0,36,4,Self-employed,Owned,Mobile,0,0.0398754861863288,613,APPROVE,MULTIPLE_RECENT_INQUIRIES,2025-03
APP-2026-001668,2025-03-11 12:00:00,37,11951305.0,25,625,0.2297,36521422.0,12,1,Salaried,Family,Mobile,0,0.08538670593960054,555,REVIEW,NO_MATERIAL_ADVERSE_FACTOR,2025-03
APP-2026-001669,2025-03-11 13:00:00,46,30046212.0,65,571,0.071,51350441.0,9,2,Salaried,Owned,Mobile,0,0.0735768756771609,567,APPROVE,LOW_BUREAU_SCORE,2025-03
APP-2026-001670,2025-03-11 14:00:00,47,15862048.0,82,580,0.5058,80625625.0,12,0,Salaried,Family,Mobile,0,0.1286124310242031,522,REVIEW,HIGH_LOAN_TO_INCOME,2025-03
APP-2026-001671,2025-03-11 15:00:00,34,19224326.0,7,636,0.452,76248010.0,12,0,Salaried,Owned,Mobile,0,0.11162209849398921,534,REVIEW,SHORT_EMPLOYMENT_HISTORY,2025-03
APP-2026-001672,2025-03-11 16:00:00,47,29249218.0,61,671,0.2682,16719611.0,36,0,Salaried,Mortgage,Mobile,0,0.03588566796896187,621,APPROVE,NO_MATERIAL_ADVERSE_FACTOR,2025-03
APP-2026-001673,2025-03-11 17:00:00,33,29037768.0,18,650,0.2309,159109756.0,24,3,Contract,Rented,Partner,0,0.26354098524584374,458,DECLINE,MULTIPLE_RECENT_INQUIRIES; HIGH_LOAN_TO_INCOME; CONTRACT_EMPLOYMENT,2025-03
APP-2026-001674,2025-03-11 18:00:00,22,21734515.0,29,658,0.1722,98797367.0,9,0,Salaried,Rented,Partner,0,0.1035192758263002,540,REVIEW,RENTED_RESIDENCE,2025-03
APP-2026-001675,2025-03-11 19:00:00,33,9981145.0,68,519,0.4323,47190699.0,9,3,Salaried,Family,Partner,0,0.30372948458890486,444,DECLINE,LOW_BUREAU_SCORE; MULTIPLE_RECENT_INQUIRIES,2025-03
APP-2026-001676,2025-03-11 20:00:00,44,20171358.0,20,556,0.1329,318687669.0,12,2,Salaried,Rented,Branch,1,0.4429566254371899,400,DECLINE,HIGH_LOAN_TO_INCOME; LOW_BUREAU_SCORE; RENTED_RESIDENCE,2025-03
APP-2026-001677,2025-03-11 21:00:00,36,19553977.0,25,628,0.256,63938643.0,18,4,Salaried,Rented,Branch,0,0.20740864885513216,481,DECLINE,MULTIPLE_RECENT_INQUIRIES; RENTED_RESIDENCE,2025-03
APP-2026-001678,2025-03-11 22:00:00,29,12417112.0,65,599,0.7972,54250377.0,24,1,Salaried,Rented,Branch,0,0.2898930574863677,449,DECLINE,HIGH_EXISTING_DTI; RENTED_RESIDENCE,2025-03
APP-2026-001679,2025-03-11 23:00:00,35,9596840.0,48,592,0.2243,33093112.0,12,0,Salaried,Family,Mobile,1,0.0798929969207915,560,APPROVE,NO_MATERIAL_ADVERSE_FACTOR,2025-03
APP-2026-001680,2025-03-12 00:00:00,37,33812180.0,45,721,0.5579,25356338.0,12,3,Self-employed,Mortgage,Mobile,0,0.11430167399820532,532,REVIEW,MULTIPLE_RECENT_INQUIRIES; HIGH_EXISTING_DTI,2025-03
APP-2026-001681,2025-03-12 01:00:00,36,9131083.0,52,619,0.3741,57875176.0,6,3,Salaried,Owned,Mobile,0,0.2029493972531407,483,DECLINE,HIGH_LOAN_TO_INCOME; MULTIPLE_RECENT_INQUIRIES,2025-03
APP-2026-001682,2025-03-12 02:00:00,37,25180546.0,106,696,0.3757,68477173.0,24,3,Contract,Rented,Mobile,0,0.14364464199440385,513,REVIEW,MULTIPLE_RECENT_INQUIRIES; CONTRACT_EMPLOYMENT; RENTED_RESIDENCE,2025-03
APP-2026-001683,2025-03-12 03:00:00,38,11456660.0,31,646,0.2373,75630866.0,24,0,Self-employed,Mortgage,Partner,0,0.1234883616381498,525,REVIEW,HIGH_LOAN_TO_INCOME,2025-03
APP-2026-001684,2025-03-12 04:00:00,44,24918564.0,131,629,0.5212,86845322.0,24,0,Contract,Family,Mobile,0,0.09673184688137608,545,REVIEW,CONTRACT_EMPLOYMENT,2025-03
APP-2026-001685,2025-03-12 05:00:00,36,5888974.0,23,732,0.5734,35924705.0,36,2,Salaried,Owned,Mobile,0,0.12238488089617112,526,REVIEW,HIGH_LOAN_TO_INCOME; HIGH_EXISTING_DTI,2025-03
APP-2026-001686,2025-03-12 06:00:00,33,27993335.0,52,686,0.2785,24164028.0,12,1,Self-employed,Rented,Mobile,0,0.07159088995346159,569,APPROVE,RENTED_RESIDENCE,2025-03
APP-2026-001687,2025-03-12 07:00:00,38,14548856.0,124,646,0.1233,81739514.0,18,2,Salaried,Family,Branch,0,0.07466349044471159,565,APPROVE,HIGH_LOAN_TO_INCOME,2025-03
APP-2026-001688,2025-03-12 08:00:00,40,10221086.0,16,629,0.2168,37274422.0,24,0,Salaried,Owned,Mobile,0,0.07217784985422848,568,APPROVE,NO_MATERIAL_ADVERSE_FACTOR,2025-03
APP-2026-001689,2025-03-12 09:00:00,20,51426179.0,64,761,0.5607,201652515.0,24,1,Salaried,Rented,Partner,0,0.10765186906289419,536,REVIEW,HIGH_EXISTING_DTI; RENTED_RESIDENCE,2025-03
APP-2026-001690,2025-03-12 10:00:00,45,16990180.0,93,548,0.2682,40758381.0,24,0,Salaried,Rented,Mobile,0,0.10764548725060893,536,REVIEW,LOW_BUREAU_SCORE; RENTED_RESIDENCE,2025-03
APP-2026-001691,2025-03-12 11:00:00,50,19439583.0,56,664,0.3831,83375269.0,18,0,Salaried,Mortgage,Mobile,0,0.08790984524849667,553,REVIEW,NO_MATERIAL_ADVERSE_FACTOR,2025-03
APP-2026-001692,2025-03-12 12:00:00,35,18874783.0,44,645,0.7009,24501821.0,36,2,Salaried,Owned,Branch,0,0.14949734232769898,509,REVIEW,HIGH_EXISTING_DTI,2025-03
APP-2026-001693,2025-03-12 13:00:00,40,26318828.0,93,610,0.322,99093808.0,36,3,Salaried,Rented,Partner,0,0.18703735259351273,490,DECLINE,MULTIPLE_RECENT_INQUIRIES; RENTED_RESIDENCE,2025-03
APP-2026-001694,2025-03-12 14:00:00,28,12886270.0,54,760,0.3016,114216999.0,6,1,Salaried,Mortgage,Branch,0,0.09660836258542152,545,REVIEW,HIGH_LOAN_TO_INCOME,2025-03
APP-2026-001695,2025-03-12 15:00:00,40,41841044.0,82,653,0.039,129205345.0,24,0,Salaried,Rented,Mobile,0,0.04181133443802525,610,APPROVE,RENTED_RESIDENCE,2025-03
APP-2026-001696,2025-03-12 16:00:00,27,11121879.0,41,632,0.5878,54057878.0,18,0,Contract,Owned,Partner,0,0.19769480026507055,485,DECLINE,HIGH_EXISTING_DTI; CONTRACT_EMPLOYMENT,2025-03
APP-2026-001697,2025-03-12 17:00:00,36,12816885.0,34,631,0.2802,21761973.0,24,1,Self-employed,Family,Branch,0,0.08793124248943832,553,REVIEW,NO_MATERIAL_ADVERSE_FACTOR,2025-03
APP-2026-001698,2025-03-12 18:00:00,40,19337204.0,73,656,0.091,57658476.0,12,1,Salaried,Mortgage,Partner,0,0.07355633179305479,567,APPROVE,NO_MATERIAL_ADVERSE_FACTOR,2025-03
APP-2026-001699,2025-03-12 19:00:00,27,55836791.0,34,621,0.1205,28820495.0,18,3,Salaried,Rented,Mobile,0,0.054065627715815225,590,APPROVE,MULTIPLE_RECENT_INQUIRIES; RENTED_RESIDENCE,2025-03
APP-2026-001700,2025-03-12 20:00:00,24,13356726.0,46,592,0.6604,23731193.0,12,0,Salaried,Owned,Mobile,0,0.15763919099215395,505,REVIEW,HIGH_EXISTING_DTI,2025-03
APP-2026-001701,2025-03-12 21:00:00,31,21569609.0,47,668,0.0405,40312422.0,6,0,Salaried,Mortgage,Mobile,0,0.043883318020127966,606,APPROVE,NO_MATERIAL_ADVERSE_FACTOR,2025-03
APP-2026-001702,2025-03-12 22:00:00,29,13610784.0,66,682,0.1542,40239834.0,24,1,Contract,Rented,Mobile,0,0.09172283950377555,549,REVIEW,CONTRACT_EMPLOYMENT; RENTED_RESIDENCE,2025-03
APP-2026-001703,2025-03-12 23:00:00,31,11456705.0,105,587,0.094,37515084.0,24,1,Salaried,Family,Partner,0,0.07755911889865677,563,APPROVE,NO_MATERIAL_ADVERSE_FACTOR,2025-03
APP-2026-001704,2025-03-13 00:00:00,25,20300290.0,95,592,0.0692,59037056.0,24,2,Salaried,Family,Mobile,0,0.07396269006679117,566,APPROVE,NO_MATERIAL_ADVERSE_FACTOR,2025-03
APP-2026-001705,2025-03-13 01:00:00,44,39255536.0,37,633,0.575,53165492.0,12,1,Salaried,Rented,Mobile,1,0.11184204330808331,533,REVIEW,HIGH_EXISTING_DTI; RENTED_RESIDENCE,2025-03
APP-2026-001706,2025-03-13 02:00:00,32,8423237.0,51,591,0.2383,51166251.0,36,5,Self-employed,Mortgage,Branch,0,0.30099938904944556,445,DECLINE,MULTIPLE_RECENT_INQUIRIES; HIGH_LOAN_TO_INCOME,2025-03
APP-2026-001707,2025-03-13 03:00:00,38,19798912.0,16,692,0.3863,27088807.0,24,2,Contract,Family,Branch,0,0.0956901223013039,546,REVIEW,CONTRACT_EMPLOYMENT,2025-03
APP-2026-001708,2025-03-13 04:00:00,20,23199429.0,59,527,0.2714,150355022.0,9,1,Contract,Owned,Mobile,1,0.25436932124994194,461,DECLINE,HIGH_LOAN_TO_INCOME; LOW_BUREAU_SCORE; CONTRACT_EMPLOYMENT,2025-03
APP-2026-001709,2025-03-13 05:00:00,29,15374318.0,37,548,0.1803,43108198.0,12,1,Salaried,Owned,Mobile,0,0.1179890906363624,529,REVIEW,LOW_BUREAU_SCORE,2025-03
APP-2026-001710,2025-03-13 06:00:00,49,14634658.0,62,738,0.475,57705369.0,36,0,Salaried,Mortgage,Mobile,0,0.06361032326531768,578,APPROVE,NO_MATERIAL_ADVERSE_FACTOR,2025-03
APP-2026-001711,2025-03-13 07:00:00,27,11224984.0,80,652,0.3146,37800810.0,9,0,Self-employed,Mortgage,Mobile,0,0.10074035065998559,542,REVIEW,NO_MATERIAL_ADVERSE_FACTOR,2025-03
APP-2026-001712,2025-03-13 08:00:00,37,13766975.0,18,588,0.3594,121586927.0,18,2,Salaried,Owned,Mobile,1,0.227523860484831,472,DECLINE,HIGH_LOAN_TO_INCOME,2025-03
APP-2026-001713,2025-03-13 09:00:00,53,12582272.0,30,574,0.2373,41270618.0,24,1,Self-employed,Family,Branch,0,0.11195377100967382,533,REVIEW,LOW_BUREAU_SCORE,2025-03
APP-2026-001714,2025-03-13 10:00:00,34,29066672.0,83,669,0.2876,104785795.0,9,1,Salaried,Rented,Mobile,0,0.09418139946813267,547,REVIEW,RENTED_RESIDENCE,2025-03
APP-2026-001715,2025-03-13 11:00:00,48,12426324.0,41,664,0.5497,54402541.0,18,1,Salaried,Owned,Partner,0,0.14312170850932726,513,REVIEW,NO_MATERIAL_ADVERSE_FACTOR,2025-03
APP-2026-001716,2025-03-13 12:00:00,26,20538749.0,105,751,0.366,52165869.0,24,2,Salaried,Owned,Mobile,0,0.05811877013470346,585,APPROVE,NO_MATERIAL_ADVERSE_FACTOR,2025-03
APP-2026-001717,2025-03-13 13:00:00,30,34601659.0,83,613,0.3826,53411720.0,24,1,Salaried,Rented,Mobile,0,0.09036316188435436,550,REVIEW,RENTED_RESIDENCE,2025-03
APP-2026-001718,2025-03-13 14:00:00,34,10044276.0,112,589,0.4554,74275152.0,12,1,Salaried,Owned,Branch,0,0.16482760038024719,501,REVIEW,HIGH_LOAN_TO_INCOME,2025-03
APP-2026-001719,2025-03-13 15:00:00,30,10495247.0,12,597,0.5718,86577934.0,24,1,Contract,Rented,Mobile,1,0.3388139746124153,432,DECLINE,HIGH_LOAN_TO_INCOME; HIGH_EXISTING_DTI; CONTRACT_EMPLOYMENT,2025-03
APP-2026-001720,2025-03-13 16:00:00,37,17724640.0,32,619,0.6467,49608308.0,24,0,Salaried,Family,Mobile,0,0.11951439270407682,528,REVIEW,HIGH_EXISTING_DTI,2025-03
APP-2026-001721,2025-03-13 17:00:00,20,12813287.0,68,550,0.0962,50871489.0,12,2,Salaried,Rented,Mobile,1,0.17063932210058114,498,REVIEW,LOW_BUREAU_SCORE; RENTED_RESIDENCE,2025-03
APP-2026-001722,2025-03-13 18:00:00,25,29642021.0,55,733,0.5314,46210092.0,18,1,Contract,Owned,Branch,0,0.07782533524919374,562,APPROVE,CONTRACT_EMPLOYMENT,2025-03
APP-2026-001723,2025-03-13 19:00:00,46,26695577.0,74,650,0.6504,140321327.0,36,2,Salaried,Mortgage,Partner,1,0.23234194747859624,470,DECLINE,HIGH_EXISTING_DTI; HIGH_LOAN_TO_INCOME,2025-03
APP-2026-001724,2025-03-13 20:00:00,35,20608435.0,25,503,0.2458,192975628.0,12,1,Salaried,Family,Partner,1,0.2861347831872515,450,DECLINE,HIGH_LOAN_TO_INCOME; LOW_BUREAU_SCORE,2025-03
APP-2026-001725,2025-03-13 21:00:00,39,33451059.0,43,728,0.3348,47185147.0,18,4,Salaried,Mortgage,Mobile,0,0.08939877908741116,551,REVIEW,MULTIPLE_RECENT_INQUIRIES,2025-03
APP-2026-001726,2025-03-13 22:00:00,50,14790061.0,50,603,0.5015,43620989.0,12,0,Salaried,Rented,Mobile,0,0.14607290593668515,511,REVIEW,RENTED_RESIDENCE,2025-03
APP-2026-001727,2025-03-13 23:00:00,20,18414985.0,147,569,0.5844,32618050.0,12,1,Self-employed,Owned,Branch,0,0.1682184049839574,499,REVIEW,HIGH_EXISTING_DTI; LOW_BUREAU_SCORE,2025-03
APP-2026-001728,2025-03-14 00:00:00,20,33333432.0,35,602,0.4911,49671710.0,6,1,Salaried,Rented,Mobile,0,0.1426132195129555,513,REVIEW,RENTED_RESIDENCE,2025-03
APP-2026-001729,2025-03-14 01:00:00,50,65788208.0,56,585,0.684,31648951.0,18,0,Salaried,Family,Mobile,0,0.04194596963572415,610,APPROVE,HIGH_EXISTING_DTI,2025-03
APP-2026-001730,2025-03-14 02:00:00,22,13946122.0,83,677,0.2174,33853460.0,12,5,Salaried,Family,Branch,0,0.13168396468643237,520,REVIEW,MULTIPLE_RECENT_INQUIRIES,2025-03
APP-2026-001731,2025-03-14 03:00:00,35,14675381.0,44,619,0.2702,138223124.0,36,2,Contract,Owned,Partner,1,0.22995741197374034,471,DECLINE,HIGH_LOAN_TO_INCOME; CONTRACT_EMPLOYMENT,2025-03
APP-2026-001732,2025-03-14 04:00:00,20,41354885.0,24,595,0.5207,38256272.0,12,0,Salaried,Mortgage,Mobile,0,0.08950743198880311,551,REVIEW,NO_MATERIAL_ADVERSE_FACTOR,2025-03
APP-2026-001733,2025-03-14 05:00:00,20,18224498.0,53,840,0.4033,119007655.0,12,4,Salaried,Owned,Branch,1,0.11178615128033927,533,REVIEW,MULTIPLE_RECENT_INQUIRIES; HIGH_LOAN_TO_INCOME,2025-03
APP-2026-001734,2025-03-14 06:00:00,34,7965506.0,72,636,0.5101,41685024.0,12,5,Salaried,Rented,Mobile,0,0.35278691811128665,428,DECLINE,MULTIPLE_RECENT_INQUIRIES; HIGH_LOAN_TO_INCOME; RENTED_RESIDENCE,2025-03
APP-2026-001735,2025-03-14 07:00:00,38,22336460.0,60,661,0.317,52464364.0,12,2,Self-employed,Owned,Branch,0,0.10254277865881205,540,REVIEW,NO_MATERIAL_ADVERSE_FACTOR,2025-03
APP-2026-001736,2025-03-14 08:00:00,27,17606095.0,26,572,0.121,95229880.0,6,2,Salaried,Rented,Partner,0,0.21938082000698103,475,DECLINE,HIGH_LOAN_TO_INCOME; RENTED_RESIDENCE; LOW_BUREAU_SCORE,2025-03
APP-2026-001737,2025-03-14 09:00:00,20,19194564.0,19,643,0.1963,50292145.0,24,2,Self-employed,Owned,Mobile,0,0.1066890762254187,537,REVIEW,NO_MATERIAL_ADVERSE_FACTOR,2025-03
APP-2026-001738,2025-03-14 10:00:00,37,29522987.0,81,680,0.1528,70691959.0,18,2,Self-employed,Mortgage,Partner,0,0.08419531971238989,556,REVIEW,NO_MATERIAL_ADVERSE_FACTOR,2025-03
APP-2026-001739,2025-03-14 11:00:00,51,13426722.0,38,554,0.2489,24090962.0,12,0,Salaried,Family,Branch,0,0.08358557461800901,557,REVIEW,LOW_BUREAU_SCORE,2025-03
APP-2026-001740,2025-03-14 12:00:00,20,13021590.0,38,644,0.2611,33089014.0,36,1,Contract,Mortgage,Partner,0,0.13409610932636865,518,REVIEW,CONTRACT_EMPLOYMENT,2025-03
APP-2026-001741,2025-03-14 13:00:00,41,11912283.0,87,603,0.5091,48125643.0,12,4,Salaried,Rented,Mobile,0,0.3108365128753359,441,DECLINE,MULTIPLE_RECENT_INQUIRIES; RENTED_RESIDENCE,2025-03
APP-2026-001742,2025-03-14 14:00:00,37,34643287.0,17,491,0.2844,73610496.0,24,2,Salaried,Mortgage,Branch,0,0.18134400874592121,493,DECLINE,LOW_BUREAU_SCORE,2025-03
APP-2026-001743,2025-03-14 15:00:00,20,21033200.0,22,671,0.4671,59821331.0,6,1,Self-employed,Rented,Mobile,0,0.16467754695931824,501,REVIEW,RENTED_RESIDENCE,2025-03
APP-2026-001744,2025-03-14 16:00:00,43,4199135.0,102,558,0.1128,43574046.0,12,1,Salaried,Rented,Mobile,0,0.1400252758297656,515,REVIEW,HIGH_LOAN_TO_INCOME; LOW_BUREAU_SCORE; RENTED_RESIDENCE,2025-03
APP-2026-001745,2025-03-14 17:00:00,36,29866675.0,47,576,0.3072,125626234.0,9,2,Self-employed,Rented,Mobile,0,0.23216462459636675,470,DECLINE,RENTED_RESIDENCE; LOW_BUREAU_SCORE,2025-03
APP-2026-001746,2025-03-14 18:00:00,33,22327662.0,40,775,0.3206,94721666.0,18,1,Salaried,Rented,Partner,0,0.0811808179196799,559,REVIEW,RENTED_RESIDENCE,2025-03
APP-2026-001747,2025-03-14 19:00:00,46,3754116.0,77,729,0.2114,104662352.0,24,2,Contract,Family,Mobile,0,0.11081882954383601,534,REVIEW,HIGH_LOAN_TO_INCOME; CONTRACT_EMPLOYMENT,2025-03
APP-2026-001748,2025-03-14 20:00:00,35,43443396.0,85,643,0.2198,38109228.0,24,0,Salaried,Owned,Mobile,0,0.02709717898525941,642,APPROVE,NO_MATERIAL_ADVERSE_FACTOR,2025-03
APP-2026-001749,2025-03-14 21:00:00,46,49032544.0,35,632,0.0884,36980174.0,9,1,Salaried,Mortgage,Mobile,0,0.03406197457396025,625,APPROVE,NO_MATERIAL_ADVERSE_FACTOR,2025-03
APP-2026-001750,2025-03-14 22:00:00,58,18756771.0,33,592,0.1448,52877053.0,18,0,Salaried,Family,Partner,0,0.06632671027381917,575,APPROVE,NO_MATERIAL_ADVERSE_FACTOR,2025-03
APP-2026-001751,2025-03-14 23:00:00,36,25246939.0,134,549,0.2212,185800392.0,6,3,Salaried,Family,Mobile,0,0.21939163439941192,475,DECLINE,HIGH_LOAN_TO_INCOME; MULTIPLE_RECENT_INQUIRIES; LOW_BUREAU_SCORE,2025-03
APP-2026-001752,2025-03-15 00:00:00,38,14191073.0,40,602,0.5351,60350658.0,18,1,Salaried,Owned,Mobile,0,0.16543077094229525,501,REVIEW,NO_MATERIAL_ADVERSE_FACTOR,2025-03
APP-2026-001753,2025-03-15 01:00:00,29,13505962.0,30,714,0.3077,51891064.0,18,0,Contract,Rented,Branch,0,0.09760715773047232,544,REVIEW,CONTRACT_EMPLOYMENT; RENTED_RESIDENCE,2025-03
APP-2026-001754,2025-03-15 02:00:00,48,33447020.0,64,622,0.4986,28341181.0,12,2,Salaried,Rented,Mobile,0,0.11991528035029612,528,REVIEW,RENTED_RESIDENCE,2025-03
APP-2026-001755,2025-03-15 03:00:00,23,13847026.0,45,569,0.1139,71176543.0,12,0,Contract,Rented,Mobile,0,0.15393372512007047,507,REVIEW,HIGH_LOAN_TO_INCOME; CONTRACT_EMPLOYMENT; RENTED_RESIDENCE,2025-03
APP-2026-001756,2025-03-15 04:00:00,30,13627011.0,18,717,0.1114,47808442.0,24,0,Contract,Family,Mobile,1,0.046973798454676766,601,APPROVE,CONTRACT_EMPLOYMENT,2025-03
APP-2026-001757,2025-03-15 05:00:00,34,22720616.0,48,519,0.5156,46884118.0,24,1,Self-employed,Rented,Mobile,0,0.24878782677166322,464,DECLINE,LOW_BUREAU_SCORE; RENTED_RESIDENCE,2025-03
APP-2026-001758,2025-03-15 06:00:00,33,8043299.0,47,654,0.5708,122414599.0,24,1,Salaried,Owned,Mobile,1,0.20572001913461563,481,DECLINE,HIGH_LOAN_TO_INCOME; HIGH_EXISTING_DTI,2025-03
APP-2026-001759,2025-03-15 07:00:00,28,13699866.0,41,545,0.272,23582232.0,18,4,Salaried,Family,Mobile,1,0.20394037518824354,482,DECLINE,MULTIPLE_RECENT_INQUIRIES; LOW_BUREAU_SCORE,2025-03
APP-2026-001760,2025-03-15 08:00:00,42,27127743.0,57,666,0.2702,37273616.0,36,0,Self-employed,Rented,Branch,0,0.0576158646539086,585,APPROVE,RENTED_RESIDENCE,2025-03
APP-2026-001761,2025-03-15 09:00:00,32,6475128.0,84,555,0.167,72161640.0,36,0,Self-employed,Rented,Mobile,1,0.15164260071069688,508,REVIEW,HIGH_LOAN_TO_INCOME; LOW_BUREAU_SCORE; RENTED_RESIDENCE,2025-03
APP-2026-001762,2025-03-15 10:00:00,20,16000394.0,24,628,0.6382,24660681.0,12,1,Salaried,Rented,Mobile,0,0.201579586881837,483,DECLINE,HIGH_EXISTING_DTI; RENTED_RESIDENCE,2025-03
APP-2026-001763,2025-03-15 11:00:00,45,13665460.0,99,627,0.4472,127703036.0,12,0,Self-employed,Family,Partner,1,0.1602147965207663,503,REVIEW,HIGH_LOAN_TO_INCOME,2025-03
APP-2026-001764,2025-03-15 12:00:00,50,11207160.0,65,572,0.2783,108065091.0,18,1,Contract,Owned,Mobile,0,0.19525231100149387,486,DECLINE,HIGH_LOAN_TO_INCOME; CONTRACT_EMPLOYMENT; LOW_BUREAU_SCORE,2025-03
APP-2026-001765,2025-03-15 13:00:00,29,8646572.0,81,539,0.0811,147976782.0,24,3,Contract,Rented,Mobile,1,0.36572974034013506,424,DECLINE,HIGH_LOAN_TO_INCOME; MULTIPLE_RECENT_INQUIRIES; LOW_BUREAU_SCORE,2025-03
APP-2026-001766,2025-03-15 14:00:00,47,10171221.0,65,741,0.2581,208162719.0,12,2,Self-employed,Mortgage,Branch,0,0.2017020111861713,483,DECLINE,HIGH_LOAN_TO_INCOME,2025-03
APP-2026-001767,2025-03-15 15:00:00,30,11604431.0,35,469,0.5234,69766005.0,24,0,Salaried,Family,Mobile,1,0.23859207032145213,468,DECLINE,LOW_BUREAU_SCORE; HIGH_LOAN_TO_INCOME,2025-03
APP-2026-001768,2025-03-15 16:00:00,26,10807927.0,78,592,0.1994,53891916.0,6,0,Salaried,Family,Mobile,0,0.08314779547353139,557,REVIEW,NO_MATERIAL_ADVERSE_FACTOR,2025-03
APP-2026-001769,2025-03-15 17:00:00,26,14743214.0,36,587,0.3195,67447788.0,18,1,Salaried,Rented,Mobile,0,0.17549495640105417,496,REVIEW,RENTED_RESIDENCE,2025-03
APP-2026-001770,2025-03-15 18:00:00,49,13575664.0,66,660,0.2011,49345943.0,24,1,Salaried,Rented,Mobile,0,0.08363557154693858,557,REVIEW,RENTED_RESIDENCE,2025-03
APP-2026-001771,2025-03-15 19:00:00,47,9633958.0,38,692,0.2348,128305153.0,12,2,Self-employed,Mortgage,Mobile,1,0.1766989487088104,495,REVIEW,HIGH_LOAN_TO_INCOME,2025-03
APP-2026-001772,2025-03-15 20:00:00,41,20370406.0,49,618,0.4974,45204104.0,24,0,Salaried,Mortgage,Mobile,0,0.10680980194135987,537,REVIEW,NO_MATERIAL_ADVERSE_FACTOR,2025-03
APP-2026-001773,2025-03-15 21:00:00,25,19642614.0,53,587,0.1785,53044608.0,6,2,Salaried,Rented,Partner,0,0.1699708889937486,498,REVIEW,RENTED_RESIDENCE,2025-03
APP-2026-001774,2025-03-15 22:00:00,42,7878974.0,31,517,0.3058,28938281.0,18,1,Salaried,Rented,Partner,1,0.2388744209242774,467,DECLINE,LOW_BUREAU_SCORE; RENTED_RESIDENCE,2025-03
APP-2026-001775,2025-03-15 23:00:00,25,29948266.0,39,575,0.4087,267615919.0,12,1,Salaried,Family,Branch,1,0.27807255379189844,453,DECLINE,HIGH_LOAN_TO_INCOME; LOW_BUREAU_SCORE,2025-03
APP-2026-001776,2025-03-16 00:00:00,40,15307359.0,31,690,0.1669,212584491.0,24,2,Salaried,Rented,Mobile,1,0.1975839013180179,485,DECLINE,HIGH_LOAN_TO_INCOME; RENTED_RESIDENCE,2025-03
APP-2026-001777,2025-03-16 01:00:00,30,23362677.0,23,634,0.4927,122051960.0,9,2,Self-employed,Family,Mobile,0,0.20968907171132475,480,DECLINE,HIGH_LOAN_TO_INCOME,2025-03
APP-2026-001778,2025-03-16 02:00:00,29,11509371.0,20,687,0.39,62526930.0,18,1,Salaried,Rented,Mobile,0,0.13549603798951543,518,REVIEW,HIGH_LOAN_TO_INCOME; RENTED_RESIDENCE,2025-03
APP-2026-001779,2025-03-16 03:00:00,30,9546024.0,96,597,0.155,34777970.0,12,2,Contract,Rented,Mobile,0,0.17322476252680358,497,REVIEW,CONTRACT_EMPLOYMENT; RENTED_RESIDENCE,2025-03
APP-2026-001780,2025-03-16 04:00:00,20,17368598.0,14,658,0.2574,27778610.0,12,2,Salaried,Mortgage,Mobile,0,0.11144317106150306,534,REVIEW,NO_MATERIAL_ADVERSE_FACTOR,2025-03
APP-2026-001781,2025-03-16 05:00:00,20,9904010.0,114,727,0.2493,108566369.0,24,1,Salaried,Owned,Partner,0,0.08647657483562057,554,REVIEW,HIGH_LOAN_TO_INCOME,2025-03
APP-2026-001782,2025-03-16 06:00:00,33,29496324.0,35,560,0.5729,35332443.0,12,5,Salaried,Rented,Mobile,0,0.35439071748056444,427,DECLINE,MULTIPLE_RECENT_INQUIRIES; HIGH_EXISTING_DTI; RENTED_RESIDENCE,2025-03
APP-2026-001783,2025-03-16 07:00:00,25,54845071.0,114,765,0.4723,46864404.0,9,0,Salaried,Family,Mobile,0,0.017475685181104227,675,APPROVE,NO_MATERIAL_ADVERSE_FACTOR,2025-03
APP-2026-001784,2025-03-16 08:00:00,42,25844442.0,14,692,0.5577,52455507.0,12,0,Salaried,Rented,Branch,0,0.09703432335882495,545,REVIEW,HIGH_EXISTING_DTI; RENTED_RESIDENCE,2025-03
APP-2026-001785,2025-03-16 09:00:00,45,17225243.0,12,638,0.2055,97323742.0,24,1,Salaried,Rented,Mobile,1,0.12329097440966601,525,REVIEW,HIGH_LOAN_TO_INCOME; RENTED_RESIDENCE,2025-03
APP-2026-001786,2025-03-16 10:00:00,20,13690845.0,51,701,0.2444,159780196.0,6,1,Self-employed,Rented,Mobile,1,0.1831326724498271,492,DECLINE,HIGH_LOAN_TO_INCOME; RENTED_RESIDENCE,2025-03
APP-2026-001787,2025-03-16 11:00:00,21,10859242.0,95,630,0.3888,73282862.0,9,1,Self-employed,Rented,Mobile,0,0.19571641938525386,486,DECLINE,HIGH_LOAN_TO_INCOME; RENTED_RESIDENCE,2025-03
APP-2026-001788,2025-03-16 12:00:00,33,15275700.0,26,711,0.1481,43552215.0,18,1,Contract,Rented,Branch,0,0.08625228380174557,554,REVIEW,CONTRACT_EMPLOYMENT; RENTED_RESIDENCE,2025-03
APP-2026-001789,2025-03-16 13:00:00,52,10882528.0,81,746,0.4603,85759653.0,24,4,Salaried,Rented,Mobile,0,0.18591399757679056,490,DECLINE,MULTIPLE_RECENT_INQUIRIES; HIGH_LOAN_TO_INCOME; RENTED_RESIDENCE,2025-03
APP-2026-001790,2025-03-16 14:00:00,27,12259810.0,71,636,0.1561,79446100.0,24,0,Contract,Owned,Partner,0,0.1024731091189858,540,REVIEW,HIGH_LOAN_TO_INCOME; CONTRACT_EMPLOYMENT,2025-03
APP-2026-001791,2025-03-16 15:00:00,39,35144157.0,63,595,0.1184,62216557.0,24,2,Contract,Mortgage,Mobile,0,0.09492936134337338,547,REVIEW,CONTRACT_EMPLOYMENT,2025-03
APP-2026-001792,2025-03-16 16:00:00,20,14069194.0,37,638,0.5242,21531600.0,18,2,Salaried,Family,Mobile,0,0.13891316244250188,516,REVIEW,NO_MATERIAL_ADVERSE_FACTOR,2025-03
APP-2026-001793,2025-03-16 17:00:00,26,25933509.0,76,517,0.3953,45867731.0,18,0,Contract,Rented,Branch,0,0.18080000855315945,493,DECLINE,LOW_BUREAU_SCORE; CONTRACT_EMPLOYMENT; RENTED_RESIDENCE,2025-03
APP-2026-001794,2025-03-16 18:00:00,39,30344448.0,40,721,0.3805,75435903.0,24,4,Contract,Mortgage,Branch,0,0.15063613201045595,509,REVIEW,MULTIPLE_RECENT_INQUIRIES; CONTRACT_EMPLOYMENT,2025-03
APP-2026-001795,2025-03-16 19:00:00,32,18628572.0,36,689,0.1803,97862208.0,18,1,Salaried,Family,Branch,0,0.06605275162590167,575,APPROVE,HIGH_LOAN_TO_INCOME,2025-03
APP-2026-001796,2025-03-16 20:00:00,39,21177190.0,23,543,0.3182,47577699.0,18,1,Self-employed,Family,Mobile,0,0.1364791792547429,517,REVIEW,LOW_BUREAU_SCORE,2025-03
APP-2026-001797,2025-03-16 21:00:00,35,18900416.0,59,496,0.0835,45822301.0,24,2,Salaried,Rented,Mobile,0,0.16475467801126265,501,REVIEW,LOW_BUREAU_SCORE; RENTED_RESIDENCE,2025-03
APP-2026-001798,2025-03-16 22:00:00,34,11022058.0,147,680,0.5683,40805061.0,36,0,Contract,Family,Branch,0,0.08472970006219002,556,REVIEW,HIGH_EXISTING_DTI; CONTRACT_EMPLOYMENT,2025-03
APP-2026-001799,2025-03-16 23:00:00,34,15125825.0,63,605,0.2367,38651322.0,36,1,Self-employed,Rented,Branch,1,0.12015047640452943,528,REVIEW,RENTED_RESIDENCE,2025-03
APP-2026-001800,2025-03-17 00:00:00,47,24883516.0,66,684,0.1091,51141545.0,12,1,Salaried,Owned,Branch,0,0.04087908930240586,612,APPROVE,NO_MATERIAL_ADVERSE_FACTOR,2025-03
APP-2026-001801,2025-03-17 01:00:00,34,8365675.0,51,500,0.179,43001163.0,24,2,Salaried,Family,Mobile,0,0.16929187204653579,499,REVIEW,LOW_BUREAU_SCORE; HIGH_LOAN_TO_INCOME,2025-03
APP-2026-001802,2025-03-17 02:00:00,42,13100934.0,30,619,0.4527,48810147.0,18,1,Salaried,Rented,Mobile,0,0.16929125260583258,499,REVIEW,RENTED_RESIDENCE,2025-03
APP-2026-001803,2025-03-17 03:00:00,32,21576584.0,73,643,0.3662,54175677.0,6,0,Self-employed,Mortgage,Mobile,0,0.09881385987162584,543,REVIEW,NO_MATERIAL_ADVERSE_FACTOR,2025-03
APP-2026-001804,2025-03-17 04:00:00,35,23433305.0,68,605,0.3453,49748996.0,12,2,Salaried,Rented,Partner,0,0.16646567424234768,500,REVIEW,RENTED_RESIDENCE,2025-03
APP-2026-001805,2025-03-17 05:00:00,25,17642330.0,22,671,0.4082,126446802.0,12,3,Contract,Mortgage,Mobile,1,0.29343136297536954,447,DECLINE,HIGH_LOAN_TO_INCOME; MULTIPLE_RECENT_INQUIRIES; CONTRACT_EMPLOYMENT,2025-03
APP-2026-001806,2025-03-17 06:00:00,20,14327813.0,29,587,0.3342,235454148.0,36,4,Salaried,Owned,Mobile,1,0.4376677138971579,402,DECLINE,HIGH_LOAN_TO_INCOME; MULTIPLE_RECENT_INQUIRIES,2025-03
APP-2026-001807,2025-03-17 07:00:00,30,21630478.0,60,672,0.2983,58652858.0,9,2,Contract,Rented,Mobile,0,0.14607395944424956,511,REVIEW,CONTRACT_EMPLOYMENT; RENTED_RESIDENCE,2025-03
APP-2026-001808,2025-03-17 08:00:00,35,20141460.0,50,478,0.4172,29719611.0,12,1,Self-employed,Family,Branch,1,0.19426785340391278,487,DECLINE,LOW_BUREAU_SCORE,2025-03
APP-2026-001809,2025-03-17 09:00:00,30,17718931.0,59,560,0.1485,33385191.0,12,3,Salaried,Owned,Partner,0,0.1552628164169814,506,REVIEW,MULTIPLE_RECENT_INQUIRIES; LOW_BUREAU_SCORE,2025-03
APP-2026-001810,2025-03-17 10:00:00,39,17649646.0,71,663,0.2288,66617786.0,18,1,Self-employed,Rented,Mobile,0,0.10506531251317477,538,REVIEW,RENTED_RESIDENCE,2025-03
APP-2026-001811,2025-03-17 11:00:00,27,20763914.0,73,604,0.3926,80978066.0,18,0,Contract,Owned,Partner,0,0.14545307736269705,512,REVIEW,CONTRACT_EMPLOYMENT,2025-03
APP-2026-001812,2025-03-17 12:00:00,22,12470243.0,45,573,0.488,76742242.0,12,3,Salaried,Family,Partner,1,0.30499289933649676,443,DECLINE,HIGH_LOAN_TO_INCOME; MULTIPLE_RECENT_INQUIRIES; LOW_BUREAU_SCORE,2025-03
APP-2026-001813,2025-03-17 13:00:00,21,29903953.0,23,702,0.3524,36400400.0,9,1,Salaried,Rented,Mobile,1,0.07404611929180187,566,APPROVE,RENTED_RESIDENCE,2025-03
APP-2026-001814,2025-03-17 14:00:00,40,34823619.0,31,749,0.3656,123393072.0,24,0,Salaried,Mortgage,Mobile,0,0.0520217543276061,593,APPROVE,NO_MATERIAL_ADVERSE_FACTOR,2025-03
APP-2026-001815,2025-03-17 15:00:00,27,15328606.0,19,683,0.4391,50688824.0,24,2,Salaried,Rented,Mobile,0,0.15349880515982287,507,REVIEW,RENTED_RESIDENCE,2025-03
APP-2026-001816,2025-03-17 16:00:00,34,4840283.0,20,617,0.043,333775395.0,9,0,Self-employed,Family,Branch,0,0.3006916645353509,445,DECLINE,HIGH_LOAN_TO_INCOME,2025-03
APP-2026-001817,2025-03-17 17:00:00,21,8987973.0,90,714,0.5241,28050204.0,36,1,Contract,Rented,Mobile,0,0.13564214103110084,517,REVIEW,CONTRACT_EMPLOYMENT; RENTED_RESIDENCE,2025-03
APP-2026-001818,2025-03-17 18:00:00,26,25526018.0,76,647,0.1819,29349725.0,12,2,Self-employed,Owned,Mobile,0,0.07366553048230765,567,APPROVE,NO_MATERIAL_ADVERSE_FACTOR,2025-03
APP-2026-001819,2025-03-17 19:00:00,34,10122571.0,50,545,0.2575,24413906.0,24,1,Salaried,Owned,Partner,0,0.14150689016000878,514,REVIEW,LOW_BUREAU_SCORE,2025-03
APP-2026-001820,2025-03-17 20:00:00,44,22292100.0,57,617,0.4781,14731624.0,18,1,Salaried,Mortgage,Partner,0,0.12046451179171129,527,REVIEW,NO_MATERIAL_ADVERSE_FACTOR,2025-03
APP-2026-001821,2025-03-17 21:00:00,24,8686304.0,43,691,0.4622,34062149.0,12,0,Salaried,Mortgage,Mobile,0,0.10272566621764541,540,REVIEW,NO_MATERIAL_ADVERSE_FACTOR,2025-03
APP-2026-001822,2025-03-17 22:00:00,21,23489143.0,31,646,0.1647,94884691.0,12,1,Self-employed,Owned,Mobile,0,0.0957501291404603,546,REVIEW,NO_MATERIAL_ADVERSE_FACTOR,2025-03
APP-2026-001823,2025-03-17 23:00:00,34,18357240.0,163,589,0.2742,66941648.0,18,2,Salaried,Family,Branch,1,0.09821274098702207,544,REVIEW,NO_MATERIAL_ADVERSE_FACTOR,2025-03
APP-2026-001824,2025-03-18 00:00:00,35,17436123.0,91,695,0.2195,46545352.0,36,0,Salaried,Rented,Mobile,1,0.049930304166696714,596,APPROVE,RENTED_RESIDENCE,2025-03
APP-2026-001825,2025-03-18 01:00:00,30,13839793.0,92,701,0.6384,25149819.0,36,1,Salaried,Rented,Branch,0,0.11602321154210535,530,REVIEW,HIGH_EXISTING_DTI; RENTED_RESIDENCE,2025-03
APP-2026-001826,2025-03-18 02:00:00,45,21425424.0,71,707,0.1655,42144202.0,36,1,Salaried,Rented,Branch,0,0.04779945597734665,600,APPROVE,RENTED_RESIDENCE,2025-03
APP-2026-001827,2025-03-18 03:00:00,20,9169495.0,41,670,0.4891,158974280.0,12,1,Salaried,Rented,Mobile,0,0.2745749603404327,454,DECLINE,HIGH_LOAN_TO_INCOME; RENTED_RESIDENCE,2025-03
APP-2026-001828,2025-03-18 04:00:00,26,20448845.0,77,626,0.2798,51130130.0,36,0,Salaried,Family,Mobile,0,0.054018599835928896,590,APPROVE,NO_MATERIAL_ADVERSE_FACTOR,2025-03
APP-2026-001829,2025-03-18 05:00:00,34,15058960.0,60,718,0.5121,72875298.0,18,1,Self-employed,Mortgage,Branch,0,0.13160254936440946,520,REVIEW,NO_MATERIAL_ADVERSE_FACTOR,2025-03
APP-2026-001830,2025-03-18 06:00:00,26,42040341.0,57,722,0.1073,10831524.0,6,0,Self-employed,Rented,Partner,0,0.029599570827289607,636,APPROVE,RENTED_RESIDENCE,2025-03
APP-2026-001831,2025-03-18 07:00:00,37,5677757.0,95,612,0.5586,28275931.0,36,4,Salaried,Mortgage,Mobile,1,0.2765140884029354,453,DECLINE,MULTIPLE_RECENT_INQUIRIES; HIGH_EXISTING_DTI,2025-03
APP-2026-001832,2025-03-18 08:00:00,34,19095059.0,31,553,0.4972,53088467.0,24,2,Self-employed,Family,Mobile,1,0.2133053181930781,478,DECLINE,LOW_BUREAU_SCORE,2025-03
APP-2026-001833,2025-03-18 09:00:00,31,11732663.0,51,617,0.4393,190744620.0,24,1,Salaried,Rented,Mobile,0,0.30607628743242804,443,DECLINE,HIGH_LOAN_TO_INCOME; RENTED_RESIDENCE,2025-03
APP-2026-001834,2025-03-18 10:00:00,55,22583868.0,100,634,0.3118,24316957.0,24,0,Self-employed,Owned,Branch,0,0.0529614505751026,592,APPROVE,NO_MATERIAL_ADVERSE_FACTOR,2025-03
APP-2026-001835,2025-03-18 11:00:00,25,28753219.0,31,601,0.4413,33251923.0,12,1,Contract,Owned,Mobile,1,0.12799905867819195,522,REVIEW,CONTRACT_EMPLOYMENT,2025-03
APP-2026-001836,2025-03-18 12:00:00,31,8004239.0,85,686,0.2669,130455217.0,24,3,Salaried,Rented,Mobile,0,0.20764772917401547,481,DECLINE,HIGH_LOAN_TO_INCOME; MULTIPLE_RECENT_INQUIRIES; RENTED_RESIDENCE,2025-03
APP-2026-001837,2025-03-18 13:00:00,38,37051863.0,66,603,0.3143,58914180.0,12,2,Salaried,Rented,Mobile,0,0.10855077668943647,536,REVIEW,RENTED_RESIDENCE,2025-03
APP-2026-001838,2025-03-18 14:00:00,27,13437360.0,32,597,0.3179,56239172.0,18,1,Salaried,Mortgage,Mobile,0,0.14999709278657963,509,REVIEW,NO_MATERIAL_ADVERSE_FACTOR,2025-03
APP-2026-001839,2025-03-18 15:00:00,35,15013212.0,49,585,0.1356,56691586.0,24,0,Salaried,Owned,Mobile,0,0.07301463662754007,567,APPROVE,NO_MATERIAL_ADVERSE_FACTOR,2025-03
APP-2026-001840,2025-03-18 16:00:00,41,11602207.0,31,637,0.5505,67348971.0,18,2,Self-employed,Rented,Partner,1,0.304292333990298,444,DECLINE,HIGH_LOAN_TO_INCOME; HIGH_EXISTING_DTI; RENTED_RESIDENCE,2025-03
APP-2026-001841,2025-03-18 17:00:00,36,4906244.0,55,620,0.2333,33008797.0,18,1,Contract,Owned,Mobile,0,0.12849540410165566,522,REVIEW,HIGH_LOAN_TO_INCOME; CONTRACT_EMPLOYMENT,2025-03
APP-2026-001842,2025-03-18 18:00:00,40,12937745.0,15,523,0.0612,152058297.0,24,2,Salaried,Owned,Partner,1,0.24706089649853463,464,DECLINE,HIGH_LOAN_TO_INCOME; LOW_BUREAU_SCORE,2025-03
APP-2026-001843,2025-03-18 19:00:00,30,8495106.0,26,733,0.2787,72886608.0,12,2,Self-employed,Rented,Partner,1,0.16925103384063603,499,REVIEW,HIGH_LOAN_TO_INCOME; RENTED_RESIDENCE,2025-03
APP-2026-001844,2025-03-18 20:00:00,31,6844000.0,64,588,0.3175,61865760.0,24,4,Contract,Rented,Branch,0,0.3643838970234287,424,DECLINE,HIGH_LOAN_TO_INCOME; MULTIPLE_RECENT_INQUIRIES; CONTRACT_EMPLOYMENT,2025-03
APP-2026-001845,2025-03-18 21:00:00,51,31883087.0,31,637,0.3164,49943072.0,12,1,Self-employed,Owned,Mobile,0,0.07491211309940768,565,APPROVE,NO_MATERIAL_ADVERSE_FACTOR,2025-03
APP-2026-001846,2025-03-18 22:00:00,38,31174117.0,19,642,0.204,27047377.0,9,0,Salaried,Rented,Branch,0,0.054798076790071294,589,APPROVE,RENTED_RESIDENCE,2025-03
APP-2026-001847,2025-03-18 23:00:00,42,20129599.0,45,690,0.3931,44231356.0,6,3,Salaried,Owned,Partner,0,0.129242325528027,522,REVIEW,MULTIPLE_RECENT_INQUIRIES,2025-03
APP-2026-001848,2025-03-19 00:00:00,28,10055266.0,35,564,0.3063,31917894.0,24,2,Salaried,Mortgage,Partner,0,0.21328084474116626,478,DECLINE,LOW_BUREAU_SCORE,2025-03
APP-2026-001849,2025-03-19 01:00:00,32,31737727.0,83,629,0.5263,48717325.0,9,2,Salaried,Mortgage,Partner,0,0.1485523030848561,510,REVIEW,NO_MATERIAL_ADVERSE_FACTOR,2025-03
APP-2026-001850,2025-03-19 02:00:00,44,17977412.0,32,785,0.6809,48241472.0,18,0,Salaried,Rented,Mobile,0,0.08322154392660293,557,REVIEW,HIGH_EXISTING_DTI; RENTED_RESIDENCE,2025-03
APP-2026-001851,2025-03-19 03:00:00,35,14810420.0,70,600,0.264,70894602.0,12,0,Self-employed,Family,Partner,0,0.11150750511525787,534,REVIEW,NO_MATERIAL_ADVERSE_FACTOR,2025-03
APP-2026-001852,2025-03-19 04:00:00,23,10832241.0,129,524,0.0695,118703477.0,24,1,Self-employed,Family,Mobile,0,0.14849735146257087,510,REVIEW,HIGH_LOAN_TO_INCOME; LOW_BUREAU_SCORE,2025-03
APP-2026-001853,2025-03-19 05:00:00,26,18166132.0,56,705,0.3115,58607982.0,9,2,Salaried,Owned,Partner,0,0.09961148722253906,543,REVIEW,NO_MATERIAL_ADVERSE_FACTOR,2025-03
APP-2026-001854,2025-03-19 06:00:00,33,15028699.0,81,629,0.4426,47300776.0,12,1,Salaried,Rented,Mobile,1,0.14647429696011857,511,REVIEW,RENTED_RESIDENCE,2025-03
APP-2026-001855,2025-03-19 07:00:00,48,14055362.0,49,687,0.5308,172048743.0,9,2,Self-employed,Mortgage,Mobile,0,0.2944843632085281,447,DECLINE,HIGH_LOAN_TO_INCOME,2025-03
APP-2026-001856,2025-03-19 08:00:00,39,14075494.0,40,689,0.4353,114577835.0,36,2,Salaried,Rented,Mobile,0,0.17833602562382148,494,REVIEW,HIGH_LOAN_TO_INCOME; RENTED_RESIDENCE,2025-03
APP-2026-001857,2025-03-19 09:00:00,27,24268390.0,7,612,0.0247,81460480.0,6,1,Self-employed,Owned,Mobile,0,0.08745173154776122,553,REVIEW,SHORT_EMPLOYMENT_HISTORY,2025-03
APP-2026-001858,2025-03-19 10:00:00,34,23060410.0,34,543,0.4437,88424572.0,24,2,Salaried,Rented,Mobile,1,0.26177417768848094,459,DECLINE,LOW_BUREAU_SCORE; RENTED_RESIDENCE,2025-03
APP-2026-001859,2025-03-19 11:00:00,34,35599788.0,59,771,0.507,39229309.0,9,4,Salaried,Rented,Mobile,0,0.10079966447000391,542,REVIEW,MULTIPLE_RECENT_INQUIRIES; RENTED_RESIDENCE,2025-03
APP-2026-001860,2025-03-19 12:00:00,20,14500867.0,46,706,0.497,56654827.0,12,0,Self-employed,Owned,Mobile,0,0.09894602642178042,543,REVIEW,NO_MATERIAL_ADVERSE_FACTOR,2025-03
APP-2026-001861,2025-03-19 13:00:00,34,8714303.0,95,604,0.2844,38157364.0,6,1,Salaried,Owned,Partner,1,0.12544783371201834,524,REVIEW,NO_MATERIAL_ADVERSE_FACTOR,2025-03
APP-2026-001862,2025-03-19 14:00:00,31,18618777.0,54,671,0.4471,49219845.0,24,2,Salaried,Rented,Mobile,0,0.139215100510052,515,REVIEW,RENTED_RESIDENCE,2025-03
APP-2026-001863,2025-03-19 15:00:00,32,6915641.0,111,704,0.1147,32693634.0,6,1,Self-employed,Family,Mobile,0,0.05487777272891314,589,APPROVE,NO_MATERIAL_ADVERSE_FACTOR,2025-03
APP-2026-001864,2025-03-19 16:00:00,26,10296852.0,61,669,0.4576,134648624.0,24,1,Contract,Mortgage,Mobile,0,0.23671059432546518,468,DECLINE,HIGH_LOAN_TO_INCOME; CONTRACT_EMPLOYMENT,2025-03
APP-2026-001865,2025-03-19 17:00:00,37,30093507.0,41,685,0.3525,43111281.0,9,2,Self-employed,Family,Partner,0,0.08631297226114006,554,REVIEW,NO_MATERIAL_ADVERSE_FACTOR,2025-03
APP-2026-001866,2025-03-19 18:00:00,30,41363318.0,53,702,0.6235,135416205.0,24,0,Salaried,Rented,Mobile,0,0.09857182173917942,544,REVIEW,HIGH_EXISTING_DTI; RENTED_RESIDENCE,2025-03
APP-2026-001867,2025-03-19 19:00:00,27,22129497.0,55,665,0.2716,53529004.0,24,1,Salaried,Rented,Branch,1,0.08526571788157619,555,REVIEW,RENTED_RESIDENCE,2025-03
APP-2026-001868,2025-03-19 20:00:00,51,18709988.0,86,647,0.2809,41067080.0,24,1,Self-employed,Owned,Mobile,0,0.07301738454462148,567,APPROVE,NO_MATERIAL_ADVERSE_FACTOR,2025-03
APP-2026-001869,2025-03-19 21:00:00,30,14292960.0,87,692,0.4575,22421510.0,24,0,Salaried,Rented,Branch,0,0.07787174998019145,562,APPROVE,RENTED_RESIDENCE,2025-03
APP-2026-001870,2025-03-19 22:00:00,22,18148891.0,18,653,0.6091,32195612.0,18,1,Salaried,Owned,Mobile,0,0.1316041605103841,520,REVIEW,HIGH_EXISTING_DTI,2025-03
APP-2026-001871,2025-03-19 23:00:00,45,17453943.0,38,599,0.3773,152589392.0,12,3,Contract,Rented,Partner,0,0.4307972556006856,404,DECLINE,HIGH_LOAN_TO_INCOME; MULTIPLE_RECENT_INQUIRIES; CONTRACT_EMPLOYMENT,2025-03
APP-2026-001872,2025-03-20 00:00:00,47,20261308.0,9,650,0.1003,92601629.0,12,2,Salaried,Owned,Mobile,0,0.09098933766355526,550,REVIEW,SHORT_EMPLOYMENT_HISTORY,2025-03
APP-2026-001873,2025-03-20 01:00:00,25,11036768.0,61,640,0.1085,42928067.0,18,2,Salaried,Mortgage,Partner,0,0.11766795959536862,529,REVIEW,NO_MATERIAL_ADVERSE_FACTOR,2025-03
APP-2026-001874,2025-03-20 02:00:00,30,19037671.0,68,574,0.1018,62884586.0,24,2,Self-employed,Rented,Partner,0,0.17026822855785456,498,REVIEW,RENTED_RESIDENCE; LOW_BUREAU_SCORE,2025-03
APP-2026-001875,2025-03-20 03:00:00,32,7926785.0,52,679,0.4476,168329568.0,12,0,Self-employed,Rented,Mobile,0,0.2410266579577633,467,DECLINE,HIGH_LOAN_TO_INCOME; RENTED_RESIDENCE,2025-03
APP-2026-001876,2025-03-20 04:00:00,30,7110431.0,42,625,0.5487,58128990.0,12,2,Salaried,Rented,Partner,0,0.3071549249688904,443,DECLINE,HIGH_LOAN_TO_INCOME; RENTED_RESIDENCE,2025-03
APP-2026-001877,2025-03-20 05:00:00,21,31592762.0,11,581,0.302,35583699.0,24,1,Salaried,Mortgage,Branch,0,0.0983756235875177,544,REVIEW,SHORT_EMPLOYMENT_HISTORY,2025-03
APP-2026-001878,2025-03-20 06:00:00,24,88267076.0,80,541,0.2511,56267800.0,18,4,Salaried,Family,Mobile,0,0.041670680919136616,610,APPROVE,MULTIPLE_RECENT_INQUIRIES; LOW_BUREAU_SCORE,2025-03
APP-2026-001879,2025-03-20 07:00:00,53,18961930.0,35,656,0.5253,67397083.0,18,2,Salaried,Rented,Branch,0,0.17891961512662644,494,REVIEW,RENTED_RESIDENCE,2025-03
APP-2026-001880,2025-03-20 08:00:00,28,17556252.0,90,531,0.394,88601218.0,9,0,Salaried,Family,Partner,1,0.16366045773511317,502,REVIEW,HIGH_LOAN_TO_INCOME; LOW_BUREAU_SCORE,2025-03
APP-2026-001881,2025-03-20 09:00:00,29,36033029.0,71,612,0.6221,46693595.0,24,0,Salaried,Owned,Mobile,1,0.08013589863296364,560,REVIEW,HIGH_EXISTING_DTI,2025-03
APP-2026-001882,2025-03-20 10:00:00,41,8226101.0,37,632,0.1336,82627655.0,18,1,Salaried,Rented,Partner,0,0.14612918432324246,511,REVIEW,HIGH_LOAN_TO_INCOME; RENTED_RESIDENCE,2025-03
APP-2026-001883,2025-03-20 11:00:00,29,7218314.0,179,633,0.3302,73900965.0,24,2,Salaried,Rented,Mobile,1,0.15588017993266834,506,REVIEW,HIGH_LOAN_TO_INCOME; RENTED_RESIDENCE,2025-03
APP-2026-001884,2025-03-20 12:00:00,28,25450520.0,78,589,0.4567,18389006.0,36,1,Self-employed,Family,Mobile,0,0.09165510001808969,549,REVIEW,NO_MATERIAL_ADVERSE_FACTOR,2025-03
APP-2026-001885,2025-03-20 13:00:00,24,37353173.0,24,461,0.5237,48510576.0,9,0,Salaried,Owned,Partner,0,0.18223595783194257,492,DECLINE,LOW_BUREAU_SCORE,2025-03
APP-2026-001886,2025-03-20 14:00:00,39,23676562.0,21,552,0.505,52704311.0,24,1,Contract,Mortgage,Branch,0,0.22358912598450545,474,DECLINE,CONTRACT_EMPLOYMENT; LOW_BUREAU_SCORE,2025-03
APP-2026-001887,2025-03-20 15:00:00,36,15384370.0,40,541,0.3221,39273678.0,36,3,Salaried,Rented,Mobile,1,0.23408973943538727,469,DECLINE,MULTIPLE_RECENT_INQUIRIES; LOW_BUREAU_SCORE; RENTED_RESIDENCE,2025-03
APP-2026-001888,2025-03-20 16:00:00,44,45503444.0,117,706,0.1256,67080726.0,36,2,Contract,Owned,Mobile,0,0.03175617023017159,630,APPROVE,CONTRACT_EMPLOYMENT,2025-03
APP-2026-001889,2025-03-20 17:00:00,30,12933875.0,29,729,0.5178,44656431.0,6,0,Contract,Family,Branch,0,0.09310800710112328,548,REVIEW,CONTRACT_EMPLOYMENT,2025-03
APP-2026-001890,2025-03-20 18:00:00,45,15954150.0,52,750,0.443,75594180.0,6,3,Salaried,Rented,Partner,0,0.17008644738298698,498,REVIEW,MULTIPLE_RECENT_INQUIRIES; RENTED_RESIDENCE,2025-03
APP-2026-001891,2025-03-20 19:00:00,35,13384053.0,33,587,0.0277,52610695.0,6,2,Self-employed,Rented,Mobile,0,0.15761635892527903,505,REVIEW,RENTED_RESIDENCE,2025-03
APP-2026-001892,2025-03-20 20:00:00,29,8897165.0,41,521,0.52,46329728.0,18,0,Salaried,Mortgage,Mobile,0,0.2337208387948813,470,DECLINE,LOW_BUREAU_SCORE; HIGH_LOAN_TO_INCOME,2025-03
APP-2026-001893,2025-03-20 21:00:00,38,15193720.0,64,628,0.2178,51304064.0,18,1,Contract,Rented,Mobile,1,0.1320579408650322,520,REVIEW,CONTRACT_EMPLOYMENT; RENTED_RESIDENCE,2025-03
APP-2026-001894,2025-03-20 22:00:00,37,16012357.0,26,576,0.2694,45498082.0,24,1,Salaried,Mortgage,Mobile,0,0.12996040099686254,521,REVIEW,LOW_BUREAU_SCORE,2025-03
APP-2026-001895,2025-03-20 23:00:00,36,16099329.0,30,647,0.5615,136537128.0,24,0,Self-employed,Mortgage,Branch,0,0.21229712174185217,478,DECLINE,HIGH_LOAN_TO_INCOME; HIGH_EXISTING_DTI,2025-03
APP-2026-001896,2025-03-21 00:00:00,27,23447880.0,51,802,0.2282,23733017.0,9,1,Salaried,Mortgage,Mobile,0,0.03371855393807103,626,APPROVE,NO_MATERIAL_ADVERSE_FACTOR,2025-03
APP-2026-001897,2025-03-21 01:00:00,33,12401134.0,55,580,0.4605,29762070.0,12,2,Salaried,Mortgage,Partner,1,0.23435964146608765,469,DECLINE,NO_MATERIAL_ADVERSE_FACTOR,2025-03
APP-2026-001898,2025-03-21 02:00:00,32,34464313.0,100,715,0.3551,37384858.0,6,2,Contract,Family,Mobile,0,0.057635147207968994,585,APPROVE,CONTRACT_EMPLOYMENT,2025-03
APP-2026-001899,2025-03-21 03:00:00,40,14463480.0,73,588,0.4158,75943049.0,6,1,Self-employed,Rented,Mobile,0,0.22473924583835495,473,DECLINE,HIGH_LOAN_TO_INCOME; RENTED_RESIDENCE,2025-03
APP-2026-001900,2025-03-21 04:00:00,45,9593612.0,44,706,0.1863,78716909.0,36,2,Salaried,Mortgage,Mobile,0,0.09290256029472127,548,REVIEW,HIGH_LOAN_TO_INCOME,2025-03
APP-2026-001901,2025-03-21 05:00:00,41,9266956.0,66,626,0.3459,38998204.0,9,2,Salaried,Owned,Branch,0,0.13507532413493997,518,REVIEW,NO_MATERIAL_ADVERSE_FACTOR,2025-03
APP-2026-001902,2025-03-21 06:00:00,40,13629074.0,35,643,0.4079,211185123.0,12,1,Salaried,Rented,Mobile,1,0.2953763907740824,447,DECLINE,HIGH_LOAN_TO_INCOME; RENTED_RESIDENCE,2025-03
APP-2026-001903,2025-03-21 07:00:00,44,15297853.0,37,682,0.269,95034546.0,36,2,Contract,Rented,Branch,1,0.158841841120907,504,REVIEW,HIGH_LOAN_TO_INCOME; CONTRACT_EMPLOYMENT; RENTED_RESIDENCE,2025-03
APP-2026-001904,2025-03-21 08:00:00,45,21426808.0,28,716,0.3779,130490057.0,12,0,Salaried,Rented,Mobile,0,0.10241033808555684,540,REVIEW,HIGH_LOAN_TO_INCOME; RENTED_RESIDENCE,2025-03
APP-2026-001905,2025-03-21 09:00:00,30,18373209.0,40,626,0.1248,33079641.0,12,0,Salaried,Rented,Partner,0,0.08061942262347847,559,REVIEW,RENTED_RESIDENCE,2025-03
APP-2026-001906,2025-03-21 10:00:00,23,31426054.0,91,748,0.2947,31623156.0,24,2,Salaried,Rented,Mobile,0,0.04977811852973687,597,APPROVE,RENTED_RESIDENCE,2025-03
APP-2026-001907,2025-03-21 11:00:00,35,13237332.0,14,569,0.1225,39438942.0,18,1,Self-employed,Owned,Mobile,0,0.11628020188261143,530,REVIEW,LOW_BUREAU_SCORE,2025-03
APP-2026-001908,2025-03-21 12:00:00,47,24744420.0,46,697,0.2575,129346322.0,6,1,Salaried,Owned,Partner,0,0.09119703871970786,550,REVIEW,HIGH_LOAN_TO_INCOME,2025-03
APP-2026-001909,2025-03-21 13:00:00,23,18077582.0,79,483,0.0604,197918987.0,6,1,Salaried,Rented,Mobile,1,0.30001167978574406,445,DECLINE,HIGH_LOAN_TO_INCOME; LOW_BUREAU_SCORE; RENTED_RESIDENCE,2025-03
APP-2026-001910,2025-03-21 14:00:00,25,24385875.0,55,555,0.3182,105152365.0,12,1,Salaried,Family,Partner,1,0.15911688968572738,504,REVIEW,LOW_BUREAU_SCORE,2025-03
APP-2026-001911,2025-03-21 15:00:00,34,11562334.0,27,533,0.1879,19351112.0,24,0,Salaried,Rented,Partner,0,0.14029910524047376,515,REVIEW,LOW_BUREAU_SCORE; RENTED_RESIDENCE,2025-03
APP-2026-001912,2025-03-21 16:00:00,29,27763174.0,51,514,0.1252,137651374.0,12,0,Salaried,Mortgage,Mobile,0,0.14124711161009876,514,REVIEW,LOW_BUREAU_SCORE,2025-03
APP-2026-001913,2025-03-21 17:00:00,43,9867998.0,87,645,0.6915,85708404.0,36,3,Salaried,Rented,Partner,0,0.34155381623215597,431,DECLINE,HIGH_LOAN_TO_INCOME; HIGH_EXISTING_DTI; MULTIPLE_RECENT_INQUIRIES,2025-03
APP-2026-001914,2025-03-21 18:00:00,35,57614512.0,61,613,0.1471,32477772.0,6,2,Salaried,Rented,Mobile,0,0.045336442452325904,604,APPROVE,RENTED_RESIDENCE,2025-03
APP-2026-001915,2025-03-21 19:00:00,41,7336458.0,23,537,0.5358,23405225.0,24,1,Salaried,Rented,Mobile,1,0.2617868650696174,459,DECLINE,LOW_BUREAU_SCORE; RENTED_RESIDENCE,2025-03
APP-2026-001916,2025-03-21 20:00:00,37,13303883.0,18,655,0.1428,54289422.0,18,1,Salaried,Family,Partner,0,0.07732218341767551,563,APPROVE,NO_MATERIAL_ADVERSE_FACTOR,2025-03
APP-2026-001917,2025-03-21 21:00:00,37,16430837.0,55,515,0.1622,60716088.0,24,4,Self-employed,Owned,Mobile,1,0.24847718980344946,464,DECLINE,MULTIPLE_RECENT_INQUIRIES; LOW_BUREAU_SCORE,2025-03
APP-2026-001918,2025-03-21 22:00:00,23,39413821.0,79,721,0.1361,56327169.0,12,3,Salaried,Owned,Mobile,0,0.04241972559971331,609,APPROVE,MULTIPLE_RECENT_INQUIRIES,2025-03
APP-2026-001919,2025-03-21 23:00:00,28,44497145.0,59,561,0.1571,86882155.0,24,3,Salaried,Rented,Mobile,0,0.12042416071174204,527,REVIEW,MULTIPLE_RECENT_INQUIRIES; RENTED_RESIDENCE; LOW_BUREAU_SCORE,2025-03
APP-2026-001920,2025-03-22 00:00:00,20,9961201.0,92,618,0.2852,30015634.0,9,0,Salaried,Mortgage,Partner,0,0.11017760168054076,535,REVIEW,NO_MATERIAL_ADVERSE_FACTOR,2025-03
APP-2026-001921,2025-03-22 01:00:00,27,33301282.0,72,679,0.1798,49541586.0,18,0,Salaried,Owned,Partner,0,0.0365789013171422,620,APPROVE,NO_MATERIAL_ADVERSE_FACTOR,2025-03
APP-2026-001922,2025-03-22 02:00:00,29,7843107.0,114,605,0.2046,37860665.0,12,2,Salaried,Owned,Mobile,0,0.11409700563204894,532,REVIEW,NO_MATERIAL_ADVERSE_FACTOR,2025-03
APP-2026-001923,2025-03-22 03:00:00,37,46682592.0,64,538,0.6991,27200053.0,24,1,Contract,Rented,Mobile,0,0.17625438885310146,495,REVIEW,HIGH_EXISTING_DTI; LOW_BUREAU_SCORE; CONTRACT_EMPLOYMENT,2025-03
APP-2026-001924,2025-03-22 04:00:00,23,13200640.0,73,556,0.1357,51735468.0,24,2,Salaried,Mortgage,Partner,0,0.16783995841309174,499,REVIEW,LOW_BUREAU_SCORE,2025-03
APP-2026-001925,2025-03-22 05:00:00,50,23473933.0,27,603,0.2365,143994887.0,24,4,Salaried,Family,Mobile,1,0.19901830121829334,484,DECLINE,MULTIPLE_RECENT_INQUIRIES; HIGH_LOAN_TO_INCOME,2025-03
APP-2026-001926,2025-03-22 06:00:00,45,19569438.0,23,680,0.204,30082856.0,12,0,Self-employed,Owned,Mobile,0,0.051591526397575374,594,APPROVE,NO_MATERIAL_ADVERSE_FACTOR,2025-03
APP-2026-001927,2025-03-22 07:00:00,25,10780897.0,68,627,0.4449,87274876.0,9,0,Contract,Family,Mobile,0,0.15649576537682502,505,REVIEW,HIGH_LOAN_TO_INCOME; CONTRACT_EMPLOYMENT,2025-03
APP-2026-001928,2025-03-22 08:00:00,20,17871052.0,27,569,0.319,87297673.0,9,1,Salaried,Rented,Partner,0,0.23596393966719745,469,DECLINE,RENTED_RESIDENCE; LOW_BUREAU_SCORE,2025-03
APP-2026-001929,2025-03-22 09:00:00,20,21676062.0,223,491,0.1869,37171050.0,12,0,Self-employed,Rented,Mobile,0,0.11193441741901541,533,REVIEW,LOW_BUREAU_SCORE; RENTED_RESIDENCE,2025-03
APP-2026-001930,2025-03-22 10:00:00,37,9078669.0,74,559,0.1363,34368008.0,24,2,Salaried,Family,Mobile,0,0.10940129585602572,535,REVIEW,LOW_BUREAU_SCORE,2025-03
APP-2026-001931,2025-03-22 11:00:00,23,21416985.0,101,705,0.2878,60174120.0,12,2,Self-employed,Family,Branch,0,0.07509600702773392,565,APPROVE,NO_MATERIAL_ADVERSE_FACTOR,2025-03
APP-2026-001932,2025-03-22 12:00:00,31,15930134.0,58,777,0.2755,49239222.0,12,4,Salaried,Family,Mobile,0,0.07837545498771734,562,APPROVE,MULTIPLE_RECENT_INQUIRIES,2025-03
APP-2026-001933,2025-03-22 13:00:00,39,11287097.0,26,689,0.2784,30648750.0,12,1,Contract,Rented,Partner,0,0.13795158287067494,516,REVIEW,CONTRACT_EMPLOYMENT; RENTED_RESIDENCE,2025-03
APP-2026-001934,2025-03-22 14:00:00,37,30675453.0,105,667,0.5876,31180954.0,36,0,Contract,Mortgage,Partner,0,0.08952702825478148,551,REVIEW,HIGH_EXISTING_DTI; CONTRACT_EMPLOYMENT,2025-03
APP-2026-001935,2025-03-22 15:00:00,40,11703713.0,69,644,0.3885,59191194.0,6,2,Salaried,Mortgage,Mobile,0,0.16355203261786405,502,REVIEW,HIGH_LOAN_TO_INCOME,2025-03
APP-2026-001936,2025-03-22 16:00:00,22,7001385.0,52,560,0.3457,49484329.0,36,2,Salaried,Rented,Mobile,0,0.23732559565271272,468,DECLINE,HIGH_LOAN_TO_INCOME; RENTED_RESIDENCE; LOW_BUREAU_SCORE,2025-03
APP-2026-001937,2025-03-22 17:00:00,40,25415906.0,40,654,0.3035,64349808.0,12,2,Salaried,Mortgage,Partner,0,0.1226877210811284,526,REVIEW,NO_MATERIAL_ADVERSE_FACTOR,2025-03
APP-2026-001938,2025-03-22 18:00:00,40,10105472.0,36,631,0.543,29164012.0,6,1,Self-employed,Family,Partner,0,0.17730447031599308,495,REVIEW,NO_MATERIAL_ADVERSE_FACTOR,2025-03
APP-2026-001939,2025-03-22 19:00:00,42,18209400.0,33,597,0.2549,37763417.0,18,1,Self-employed,Owned,Partner,0,0.11950188130031188,528,REVIEW,NO_MATERIAL_ADVERSE_FACTOR,2025-03
APP-2026-001940,2025-03-22 20:00:00,41,10164538.0,37,696,0.0387,37022368.0,18,1,Salaried,Rented,Partner,0,0.07204636022225594,568,APPROVE,RENTED_RESIDENCE,2025-03
APP-2026-001941,2025-03-22 21:00:00,22,35182687.0,18,534,0.2493,34417435.0,24,0,Salaried,Family,Mobile,0,0.06346198310027676,578,APPROVE,LOW_BUREAU_SCORE,2025-03
APP-2026-001942,2025-03-22 22:00:00,20,18985564.0,73,760,0.4674,69707845.0,36,1,Salaried,Rented,Partner,0,0.09297918617062745,548,REVIEW,RENTED_RESIDENCE,2025-03
APP-2026-001943,2025-03-22 23:00:00,37,25433655.0,58,556,0.0851,123619820.0,9,1,Contract,Mortgage,Mobile,0,0.16164735492210033,503,REVIEW,CONTRACT_EMPLOYMENT; LOW_BUREAU_SCORE,2025-03
APP-2026-001944,2025-03-23 00:00:00,48,12411606.0,103,658,0.3216,42235766.0,18,2,Contract,Family,Branch,0,0.10683787739217035,537,REVIEW,CONTRACT_EMPLOYMENT,2025-03
APP-2026-001945,2025-03-23 01:00:00,27,10150908.0,9,735,0.1402,38886561.0,18,0,Salaried,Rented,Mobile,0,0.05609758094745652,588,APPROVE,SHORT_EMPLOYMENT_HISTORY; RENTED_RESIDENCE,2025-03
APP-2026-001946,2025-03-23 02:00:00,27,16440767.0,81,598,0.1611,83592720.0,6,0,Salaried,Owned,Mobile,0,0.08422911128315025,556,REVIEW,HIGH_LOAN_TO_INCOME,2025-03
APP-2026-001947,2025-03-23 03:00:00,35,24125707.0,62,645,0.3142,58610371.0,36,0,Salaried,Family,Mobile,0,0.04968235403474847,597,APPROVE,NO_MATERIAL_ADVERSE_FACTOR,2025-03
APP-2026-001948,2025-03-23 04:00:00,44,24334719.0,69,558,0.6383,26248040.0,24,2,Salaried,Rented,Branch,1,0.21936184430246503,475,DECLINE,HIGH_EXISTING_DTI; LOW_BUREAU_SCORE; RENTED_RESIDENCE,2025-03
APP-2026-001949,2025-03-23 05:00:00,41,40394562.0,79,638,0.2008,130676486.0,18,1,Salaried,Owned,Mobile,0,0.05967922112929529,583,APPROVE,NO_MATERIAL_ADVERSE_FACTOR,2025-03
APP-2026-001950,2025-03-23 06:00:00,23,20366200.0,73,645,0.1627,13039412.0,12,2,Salaried,Rented,Branch,1,0.08548096799021332,555,REVIEW,RENTED_RESIDENCE,2025-03
APP-2026-001951,2025-03-23 07:00:00,30,41270408.0,96,728,0.1432,42922691.0,24,3,Salaried,Rented,Mobile,0,0.042805087251243115,608,APPROVE,MULTIPLE_RECENT_INQUIRIES; RENTED_RESIDENCE,2025-03
APP-2026-001952,2025-03-23 08:00:00,29,9409410.0,35,520,0.2856,131681363.0,6,0,Salaried,Owned,Branch,0,0.2273324076111189,472,DECLINE,HIGH_LOAN_TO_INCOME; LOW_BUREAU_SCORE,2025-03
APP-2026-001953,2025-03-23 09:00:00,39,14236280.0,56,532,0.1299,51932651.0,12,3,Salaried,Owned,Mobile,1,0.1717066773844897,497,REVIEW,MULTIPLE_RECENT_INQUIRIES; LOW_BUREAU_SCORE,2025-03
APP-2026-001954,2025-03-23 10:00:00,41,10063489.0,58,518,0.6957,118681845.0,36,1,Salaried,Family,Mobile,1,0.32274083030757666,437,DECLINE,HIGH_LOAN_TO_INCOME; HIGH_EXISTING_DTI; LOW_BUREAU_SCORE,2025-03
APP-2026-001955,2025-03-23 11:00:00,26,18847875.0,38,450,0.1682,171550756.0,36,1,Self-employed,Mortgage,Partner,0,0.3664070655959114,423,DECLINE,LOW_BUREAU_SCORE; HIGH_LOAN_TO_INCOME,2025-03
APP-2026-001956,2025-03-23 12:00:00,27,10307803.0,44,595,0.1364,62280630.0,12,3,Self-employed,Mortgage,Partner,0,0.23961096222855574,467,DECLINE,HIGH_LOAN_TO_INCOME; MULTIPLE_RECENT_INQUIRIES,2025-03
APP-2026-001957,2025-03-23 13:00:00,37,22814139.0,43,684,0.344,101022106.0,24,0,Salaried,Rented,Mobile,0,0.0879951433835931,553,REVIEW,RENTED_RESIDENCE,2025-03
APP-2026-001958,2025-03-23 14:00:00,32,17271742.0,31,599,0.53,42475872.0,18,1,Self-employed,Family,Mobile,1,0.15748825063634242,505,REVIEW,NO_MATERIAL_ADVERSE_FACTOR,2025-03
APP-2026-001959,2025-03-23 15:00:00,27,19808939.0,67,649,0.0803,41425325.0,24,3,Self-employed,Owned,Partner,0,0.10090073626864582,542,REVIEW,MULTIPLE_RECENT_INQUIRIES,2025-03
APP-2026-001960,2025-03-23 16:00:00,30,20374856.0,50,551,0.7365,44290513.0,24,2,Salaried,Family,Mobile,0,0.24068887657871083,467,DECLINE,HIGH_EXISTING_DTI; LOW_BUREAU_SCORE,2025-03
APP-2026-001961,2025-03-23 17:00:00,39,14631368.0,76,661,0.4736,53601450.0,12,2,Salaried,Family,Partner,0,0.1358943027645931,517,REVIEW,NO_MATERIAL_ADVERSE_FACTOR,2025-03
APP-2026-001962,2025-03-23 18:00:00,31,30984536.0,95,630,0.2071,34770305.0,18,2,Self-employed,Rented,Mobile,0,0.08941381293589754,551,REVIEW,RENTED_RESIDENCE,2025-03
APP-2026-001963,2025-03-23 19:00:00,33,54793976.0,52,652,0.4007,25356112.0,36,1,Salaried,Mortgage,Mobile,0,0.03713370910013678,619,APPROVE,NO_MATERIAL_ADVERSE_FACTOR,2025-03
APP-2026-001964,2025-03-23 20:00:00,27,23168344.0,95,649,0.1341,106258445.0,12,1,Self-employed,Family,Mobile,0,0.0747902938255966,565,APPROVE,NO_MATERIAL_ADVERSE_FACTOR,2025-03
APP-2026-001965,2025-03-23 21:00:00,39,19155499.0,41,611,0.6828,59057769.0,9,3,Salaried,Owned,Mobile,0,0.261806350167244,459,DECLINE,HIGH_EXISTING_DTI; MULTIPLE_RECENT_INQUIRIES,2025-03
APP-2026-001966,2025-03-23 22:00:00,29,23522737.0,22,540,0.2892,129905881.0,18,1,Salaried,Family,Mobile,0,0.1671930235484191,500,REVIEW,HIGH_LOAN_TO_INCOME; LOW_BUREAU_SCORE,2025-03
APP-2026-001967,2025-03-23 23:00:00,36,12569196.0,54,521,0.7498,97261680.0,9,0,Salaried,Rented,Partner,1,0.4156121251934818,408,DECLINE,HIGH_LOAN_TO_INCOME; HIGH_EXISTING_DTI; LOW_BUREAU_SCORE,2025-03
APP-2026-001968,2025-03-24 00:00:00,36,11015552.0,36,631,0.4711,67013261.0,18,1,Salaried,Family,Partner,0,0.1553760667496943,506,REVIEW,HIGH_LOAN_TO_INCOME,2025-03
APP-2026-001969,2025-03-24 01:00:00,30,12177759.0,78,509,0.5209,90858438.0,12,2,Salaried,Family,Partner,0,0.3336718315171849,434,DECLINE,HIGH_LOAN_TO_INCOME; LOW_BUREAU_SCORE,2025-03
APP-2026-001970,2025-03-24 02:00:00,26,22562141.0,33,586,0.2111,29445100.0,36,0,Salaried,Rented,Branch,1,0.07839660177180771,562,APPROVE,RENTED_RESIDENCE,2025-03
APP-2026-001971,2025-03-24 03:00:00,33,20750246.0,49,750,0.6022,88490328.0,24,3,Self-employed,Rented,Branch,1,0.19937921504436304,484,DECLINE,HIGH_EXISTING_DTI; MULTIPLE_RECENT_INQUIRIES; RENTED_RESIDENCE,2025-03
APP-2026-001972,2025-03-24 04:00:00,31,41244110.0,37,741,0.3401,27884691.0,18,2,Self-employed,Owned,Mobile,0,0.043252269938846746,607,APPROVE,NO_MATERIAL_ADVERSE_FACTOR,2025-03
APP-2026-001973,2025-03-24 05:00:00,43,8093077.0,36,663,0.1677,18848929.0,18,1,Salaried,Family,Mobile,0,0.05970297613516656,583,APPROVE,NO_MATERIAL_ADVERSE_FACTOR,2025-03
APP-2026-001974,2025-03-24 06:00:00,26,23535254.0,43,595,0.2614,32611148.0,24,1,Salaried,Mortgage,Partner,0,0.10745276816007406,537,REVIEW,NO_MATERIAL_ADVERSE_FACTOR,2025-03
APP-2026-001975,2025-03-24 07:00:00,41,37621665.0,87,538,0.2683,24369592.0,6,2,Salaried,Owned,Branch,0,0.08527248366511593,555,REVIEW,LOW_BUREAU_SCORE,2025-03
APP-2026-001976,2025-03-24 08:00:00,45,9049525.0,57,670,0.3761,54636847.0,6,0,Self-employed,Owned,Mobile,0,0.09939000347067592,543,REVIEW,HIGH_LOAN_TO_INCOME,2025-03
APP-2026-001977,2025-03-24 09:00:00,40,28103387.0,32,550,0.6799,49952060.0,9,2,Salaried,Owned,Mobile,1,0.22823974501278252,472,DECLINE,HIGH_EXISTING_DTI; LOW_BUREAU_SCORE,2025-03
APP-2026-001978,2025-03-24 10:00:00,41,23846496.0,102,643,0.3789,69548673.0,12,2,Contract,Mortgage,Branch,0,0.1493348806182959,509,REVIEW,CONTRACT_EMPLOYMENT,2025-03
APP-2026-001979,2025-03-24 11:00:00,32,17615686.0,37,630,0.2865,84128156.0,24,0,Self-employed,Rented,Mobile,0,0.1267565345999246,523,REVIEW,RENTED_RESIDENCE,2025-03
APP-2026-001980,2025-03-24 12:00:00,38,7540448.0,54,676,0.2844,51828884.0,9,2,Salaried,Family,Branch,0,0.1031238791989876,540,REVIEW,HIGH_LOAN_TO_INCOME,2025-03
APP-2026-001981,2025-03-24 13:00:00,38,11764649.0,55,556,0.4838,180189732.0,24,1,Salaried,Rented,Partner,1,0.4067619706219352,411,DECLINE,HIGH_LOAN_TO_INCOME; LOW_BUREAU_SCORE; RENTED_RESIDENCE,2025-03
APP-2026-001982,2025-03-24 14:00:00,20,27293745.0,35,601,0.205,42862933.0,18,1,Salaried,Rented,Mobile,0,0.09564103947365898,546,REVIEW,RENTED_RESIDENCE,2025-03
APP-2026-001983,2025-03-24 15:00:00,31,30073523.0,11,563,0.5857,34715660.0,18,2,Salaried,Rented,Mobile,0,0.22047694144878002,475,DECLINE,HIGH_EXISTING_DTI; RENTED_RESIDENCE; LOW_BUREAU_SCORE,2025-03
APP-2026-001984,2025-03-24 16:00:00,23,16161980.0,70,740,0.5871,20872328.0,18,2,Self-employed,Rented,Branch,0,0.13889778060805974,516,REVIEW,HIGH_EXISTING_DTI; RENTED_RESIDENCE,2025-03
APP-2026-001985,2025-03-24 17:00:00,20,15374368.0,22,664,0.2008,48891865.0,18,3,Salaried,Mortgage,Mobile,0,0.1340870984337014,518,REVIEW,MULTIPLE_RECENT_INQUIRIES,2025-03
APP-2026-001986,2025-03-24 18:00:00,34,35397151.0,151,675,0.2492,56786247.0,12,1,Self-employed,Owned,Partner,0,0.0507089129377659,595,APPROVE,NO_MATERIAL_ADVERSE_FACTOR,2025-03
APP-2026-001987,2025-03-24 19:00:00,38,19306009.0,98,671,0.3958,125598174.0,36,0,Salaried,Mortgage,Partner,0,0.1075495498661552,537,REVIEW,HIGH_LOAN_TO_INCOME,2025-03
APP-2026-001988,2025-03-24 20:00:00,28,23983289.0,141,633,0.2294,80196267.0,36,2,Salaried,Rented,Mobile,0,0.09695222870997422,545,REVIEW,RENTED_RESIDENCE,2025-03
APP-2026-001989,2025-03-24 21:00:00,39,26226118.0,28,736,0.2977,58887032.0,24,2,Salaried,Owned,Mobile,0,0.0568096490336726,587,APPROVE,NO_MATERIAL_ADVERSE_FACTOR,2025-03
APP-2026-001990,2025-03-24 22:00:00,39,6441543.0,112,694,0.2133,49054747.0,18,0,Self-employed,Family,Partner,0,0.0631593909695796,578,APPROVE,HIGH_LOAN_TO_INCOME,2025-03
APP-2026-001991,2025-03-24 23:00:00,35,94864115.0,64,635,0.3004,32117575.0,18,0,Salaried,Rented,Branch,0,0.012960552591435404,696,APPROVE,RENTED_RESIDENCE,2025-03
APP-2026-001992,2025-03-25 00:00:00,30,24345274.0,34,749,0.4888,51777063.0,12,1,Salaried,Family,Branch,0,0.05928599315928832,583,APPROVE,NO_MATERIAL_ADVERSE_FACTOR,2025-03
APP-2026-001993,2025-03-25 01:00:00,40,50512375.0,47,543,0.0457,48702006.0,18,3,Salaried,Owned,Mobile,1,0.061575309169322766,580,APPROVE,MULTIPLE_RECENT_INQUIRIES; LOW_BUREAU_SCORE,2025-03
APP-2026-001994,2025-03-25 02:00:00,50,11910675.0,23,658,0.3322,82137530.0,18,2,Salaried,Owned,Mobile,0,0.13425301535068707,518,REVIEW,HIGH_LOAN_TO_INCOME,2025-03
APP-2026-001995,2025-03-25 03:00:00,20,7304702.0,29,650,0.2683,177033749.0,12,3,Self-employed,Family,Mobile,1,0.29862649780016104,445,DECLINE,HIGH_LOAN_TO_INCOME; MULTIPLE_RECENT_INQUIRIES,2025-03
APP-2026-001996,2025-03-25 04:00:00,41,24152204.0,53,648,0.1522,36670316.0,24,1,Salaried,Owned,Partner,0,0.055884476203861465,588,APPROVE,NO_MATERIAL_ADVERSE_FACTOR,2025-03
APP-2026-001997,2025-03-25 05:00:00,24,7273414.0,109,612,0.2871,68248541.0,24,0,Contract,Mortgage,Partner,0,0.1608910877795474,503,REVIEW,HIGH_LOAN_TO_INCOME; CONTRACT_EMPLOYMENT,2025-03
APP-2026-001998,2025-03-25 06:00:00,42,12275546.0,92,724,0.2232,105918848.0,24,0,Self-employed,Mortgage,Mobile,0,0.07302206859433982,567,APPROVE,HIGH_LOAN_TO_INCOME,2025-03
APP-2026-001999,2025-03-25 07:00:00,43,16923971.0,65,564,0.2924,18046850.0,6,1,Self-employed,Family,Mobile,0,0.10950878145701315,535,REVIEW,LOW_BUREAU_SCORE,2025-03
APP-2026-002000,2025-03-25 08:00:00,31,8668710.0,129,642,0.5446,49831506.0,12,0,Salaried,Rented,Mobile,0,0.1413192161714712,514,REVIEW,HIGH_LOAN_TO_INCOME; RENTED_RESIDENCE,2025-03
APP-2026-002001,2025-03-25 09:00:00,31,18348703.0,47,619,0.5484,28674783.0,24,3,Contract,Family,Mobile,0,0.20365830752874176,482,DECLINE,MULTIPLE_RECENT_INQUIRIES; CONTRACT_EMPLOYMENT,2025-03
APP-2026-002002,2025-03-25 10:00:00,34,17313653.0,47,686,0.1712,126541360.0,18,2,Contract,Mortgage,Partner,1,0.17204664167869396,497,REVIEW,HIGH_LOAN_TO_INCOME; CONTRACT_EMPLOYMENT,2025-03
APP-2026-002003,2025-03-25 11:00:00,36,15329347.0,35,620,0.1978,117041922.0,24,3,Salaried,Owned,Partner,0,0.1935228859475377,487,DECLINE,HIGH_LOAN_TO_INCOME; MULTIPLE_RECENT_INQUIRIES,2025-03
APP-2026-002004,2025-03-25 12:00:00,33,13085859.0,68,612,0.083,58209186.0,18,1,Salaried,Family,Mobile,0,0.06989779768346419,571,APPROVE,NO_MATERIAL_ADVERSE_FACTOR,2025-03
APP-2026-002005,2025-03-25 13:00:00,45,36240180.0,89,665,0.361,33214409.0,18,0,Self-employed,Rented,Mobile,0,0.05411596055543262,590,APPROVE,RENTED_RESIDENCE,2025-03
APP-2026-002006,2025-03-25 14:00:00,20,17906173.0,13,552,0.4937,103677478.0,12,1,Salaried,Rented,Branch,1,0.3051887256103811,443,DECLINE,HIGH_LOAN_TO_INCOME; LOW_BUREAU_SCORE; RENTED_RESIDENCE,2025-03
APP-2026-002007,2025-03-25 15:00:00,30,19845451.0,18,676,0.4074,197888616.0,18,1,Salaried,Owned,Mobile,0,0.18033124936723824,493,DECLINE,HIGH_LOAN_TO_INCOME,2025-03
APP-2026-002008,2025-03-25 16:00:00,40,22057114.0,78,699,0.2549,41544403.0,18,2,Salaried,Family,Mobile,0,0.053655549859847274,591,APPROVE,NO_MATERIAL_ADVERSE_FACTOR,2025-03
APP-2026-002009,2025-03-25 17:00:00,32,11817771.0,47,662,0.3571,56945924.0,12,1,Salaried,Owned,Partner,0,0.11921574675571704,528,REVIEW,NO_MATERIAL_ADVERSE_FACTOR,2025-03
APP-2026-002010,2025-03-25 18:00:00,32,15219241.0,17,502,0.1691,22565960.0,12,0,Contract,Mortgage,Partner,0,0.18202333048133817,492,DECLINE,LOW_BUREAU_SCORE; CONTRACT_EMPLOYMENT,2025-03
APP-2026-002011,2025-03-25 19:00:00,32,61550462.0,103,603,0.7182,107525770.0,24,0,Salaried,Family,Branch,0,0.0622252738685916,580,APPROVE,HIGH_EXISTING_DTI,2025-03
APP-2026-002012,2025-03-25 20:00:00,43,12389076.0,61,580,0.4351,44096626.0,12,0,Self-employed,Rented,Partner,0,0.20020247835589028,484,DECLINE,RENTED_RESIDENCE,2025-03
APP-2026-002013,2025-03-25 21:00:00,41,42076130.0,60,582,0.5957,36484234.0,12,1,Salaried,Family,Mobile,0,0.08574460615316222,555,REVIEW,HIGH_EXISTING_DTI,2025-03
APP-2026-002014,2025-03-25 22:00:00,23,6661242.0,85,695,0.3626,84574397.0,12,1,Salaried,Rented,Mobile,0,0.14341055408905629,513,REVIEW,HIGH_LOAN_TO_INCOME; RENTED_RESIDENCE,2025-03
APP-2026-002015,2025-03-25 23:00:00,24,19654908.0,52,587,0.3249,30583915.0,12,2,Self-employed,Family,Mobile,0,0.13513061040659213,518,REVIEW,NO_MATERIAL_ADVERSE_FACTOR,2025-03
APP-2026-002016,2025-03-26 00:00:00,31,13131910.0,49,494,0.3294,28505104.0,12,3,Salaried,Rented,Partner,0,0.34461119555580033,430,DECLINE,LOW_BUREAU_SCORE; MULTIPLE_RECENT_INQUIRIES; RENTED_RESIDENCE,2025-03
APP-2026-002017,2025-03-26 01:00:00,33,20303508.0,66,719,0.1832,39795918.0,36,0,Salaried,Rented,Partner,0,0.04644937027314479,602,APPROVE,RENTED_RESIDENCE,2025-03
APP-2026-002018,2025-03-26 02:00:00,43,24922793.0,42,613,0.3289,14818765.0,18,1,Contract,Rented,Branch,0,0.11637676343477225,530,REVIEW,CONTRACT_EMPLOYMENT; RENTED_RESIDENCE,2025-03
APP-2026-002019,2025-03-26 03:00:00,33,23727778.0,54,614,0.3548,27723483.0,12,0,Salaried,Rented,Partner,1,0.10144709947133519,541,REVIEW,RENTED_RESIDENCE,2025-03
APP-2026-002020,2025-03-26 04:00:00,46,11463051.0,31,581,0.2233,176125038.0,12,3,Salaried,Owned,Branch,0,0.29616468626420045,446,DECLINE,HIGH_LOAN_TO_INCOME; MULTIPLE_RECENT_INQUIRIES,2025-03
APP-2026-002021,2025-03-26 05:00:00,51,9804617.0,67,367,0.3416,40136427.0,24,2,Salaried,Mortgage,Mobile,0,0.37537119519269846,421,DECLINE,LOW_BUREAU_SCORE,2025-03
APP-2026-002022,2025-03-26 06:00:00,27,23607930.0,89,596,0.3231,72494712.0,18,5,Salaried,Family,Branch,1,0.19958157615724265,484,DECLINE,MULTIPLE_RECENT_INQUIRIES,2025-03
APP-2026-002023,2025-03-26 07:00:00,36,34270794.0,74,575,0.266,47394360.0,12,2,Self-employed,Mortgage,Partner,0,0.13590451460686234,517,REVIEW,LOW_BUREAU_SCORE,2025-03
APP-2026-002024,2025-03-26 08:00:00,44,24460067.0,47,661,0.2808,115690461.0,9,0,Salaried,Rented,Partner,0,0.11002988356825046,535,REVIEW,RENTED_RESIDENCE,2025-03
APP-2026-002025,2025-03-26 09:00:00,37,37942790.0,46,637,0.0156,49055571.0,12,2,Self-employed,Family,Mobile,0,0.045403495736082065,604,APPROVE,NO_MATERIAL_ADVERSE_FACTOR,2025-03
APP-2026-002026,2025-03-26 10:00:00,38,12041410.0,71,598,0.3687,85546945.0,24,1,Salaried,Family,Mobile,0,0.12973623771168505,521,REVIEW,HIGH_LOAN_TO_INCOME,2025-03
APP-2026-002027,2025-03-26 11:00:00,30,10568796.0,53,609,0.7039,183592409.0,36,1,Contract,Mortgage,Mobile,1,0.440761801511539,401,DECLINE,HIGH_LOAN_TO_INCOME; HIGH_EXISTING_DTI; CONTRACT_EMPLOYMENT,2025-03
APP-2026-002028,2025-03-26 12:00:00,30,14035481.0,54,647,0.3269,52162473.0,6,1,Salaried,Rented,Mobile,0,0.13077395997037616,521,REVIEW,RENTED_RESIDENCE,2025-03
APP-2026-002029,2025-03-26 13:00:00,36,29813689.0,70,536,0.0742,21040210.0,36,3,Contract,Family,Mobile,0,0.0953514997986069,546,REVIEW,MULTIPLE_RECENT_INQUIRIES; LOW_BUREAU_SCORE; CONTRACT_EMPLOYMENT,2025-03
APP-2026-002030,2025-03-26 14:00:00,43,14509370.0,66,624,0.0781,43137342.0,6,1,Contract,Owned,Mobile,0,0.08496489134916446,555,REVIEW,CONTRACT_EMPLOYMENT,2025-03
APP-2026-002031,2025-03-26 15:00:00,25,9608238.0,43,602,0.1048,105389586.0,9,1,Salaried,Rented,Branch,0,0.16604601204864816,500,REVIEW,HIGH_LOAN_TO_INCOME; RENTED_RESIDENCE,2025-03
APP-2026-002032,2025-03-26 16:00:00,33,27280880.0,118,628,0.7248,73263911.0,24,0,Salaried,Owned,Partner,0,0.1246087065243594,525,REVIEW,HIGH_EXISTING_DTI,2025-03
APP-2026-002033,2025-03-26 17:00:00,51,12712554.0,22,729,0.3546,132601356.0,24,0,Self-employed,Rented,Branch,0,0.12318424589526981,525,REVIEW,HIGH_LOAN_TO_INCOME; RENTED_RESIDENCE,2025-03
APP-2026-002034,2025-03-26 18:00:00,33,11784746.0,40,765,0.2227,28141697.0,36,0,Salaried,Owned,Partner,0,0.036843169523118315,619,APPROVE,NO_MATERIAL_ADVERSE_FACTOR,2025-03
APP-2026-002035,2025-03-26 19:00:00,36,8527572.0,78,645,0.5458,29653956.0,12,3,Salaried,Owned,Branch,0,0.1925010540584299,487,DECLINE,MULTIPLE_RECENT_INQUIRIES,2025-03
APP-2026-002036,2025-03-26 20:00:00,42,22928477.0,52,748,0.0828,42130835.0,24,0,Salaried,Owned,Mobile,0,0.022646051106663723,655,APPROVE,NO_MATERIAL_ADVERSE_FACTOR,2025-03
APP-2026-002037,2025-03-26 21:00:00,40,18423980.0,46,550,0.5921,46450599.0,12,0,Contract,Family,Mobile,0,0.18503967968536267,491,DECLINE,HIGH_EXISTING_DTI; CONTRACT_EMPLOYMENT; LOW_BUREAU_SCORE,2025-03
APP-2026-002038,2025-03-26 22:00:00,33,29122857.0,134,588,0.1529,112415623.0,24,2,Self-employed,Owned,Mobile,0,0.10450577194832204,539,REVIEW,NO_MATERIAL_ADVERSE_FACTOR,2025-03
APP-2026-002039,2025-03-26 23:00:00,33,14170834.0,21,639,0.0777,159497101.0,6,0,Salaried,Owned,Mobile,0,0.10451930949953443,539,REVIEW,HIGH_LOAN_TO_INCOME,2025-03
APP-2026-002040,2025-03-27 00:00:00,48,19437199.0,38,635,0.5146,62817135.0,12,0,Salaried,Rented,Partner,0,0.15059941464826238,509,REVIEW,RENTED_RESIDENCE,2025-03
APP-2026-002041,2025-03-27 01:00:00,26,33305317.0,32,681,0.3599,72180700.0,9,2,Contract,Rented,Mobile,1,0.13680271803910482,517,REVIEW,CONTRACT_EMPLOYMENT; RENTED_RESIDENCE,2025-03
APP-2026-002042,2025-03-27 02:00:00,22,10459920.0,67,661,0.2051,42189672.0,9,2,Salaried,Rented,Mobile,0,0.12652892918724884,523,REVIEW,RENTED_RESIDENCE,2025-03
APP-2026-002043,2025-03-27 03:00:00,45,48966604.0,62,697,0.1905,45008020.0,18,0,Contract,Mortgage,Mobile,0,0.028710711122996373,638,APPROVE,CONTRACT_EMPLOYMENT,2025-03
APP-2026-002044,2025-03-27 04:00:00,46,19315225.0,56,536,0.0969,21709512.0,12,3,Salaried,Rented,Mobile,0,0.15602072086445412,506,REVIEW,MULTIPLE_RECENT_INQUIRIES; LOW_BUREAU_SCORE; RENTED_RESIDENCE,2025-03
APP-2026-002045,2025-03-27 05:00:00,26,15945477.0,59,741,0.1833,56455663.0,12,3,Salaried,Family,Mobile,0,0.06833358727901265,572,APPROVE,MULTIPLE_RECENT_INQUIRIES,2025-03
APP-2026-002046,2025-03-27 06:00:00,43,23531965.0,36,690,0.4545,110971813.0,36,5,Salaried,Rented,Mobile,0,0.25255875623131635,462,DECLINE,MULTIPLE_RECENT_INQUIRIES; RENTED_RESIDENCE,2025-03
APP-2026-002047,2025-03-27 07:00:00,38,20317127.0,81,525,0.1325,33561748.0,18,1,Salaried,Family,Mobile,0,0.08097189304264236,559,REVIEW,LOW_BUREAU_SCORE,2025-03
APP-2026-002048,2025-03-27 08:00:00,34,14723657.0,68,573,0.4133,48074442.0,36,0,Self-employed,Rented,Mobile,0,0.15510276785939864,506,REVIEW,RENTED_RESIDENCE; LOW_BUREAU_SCORE,2025-03
APP-2026-002049,2025-03-27 09:00:00,36,19095106.0,91,574,0.5917,109197585.0,18,3,Salaried,Rented,Mobile,1,0.3549353710326585,427,DECLINE,MULTIPLE_RECENT_INQUIRIES; HIGH_EXISTING_DTI; HIGH_LOAN_TO_INCOME,2025-03
APP-2026-002050,2025-03-27 10:00:00,51,26803045.0,35,626,0.3876,212087245.0,36,0,Salaried,Rented,Partner,1,0.19613363405332554,486,DECLINE,HIGH_LOAN_TO_INCOME; RENTED_RESIDENCE,2025-03
APP-2026-002051,2025-03-27 11:00:00,41,43826250.0,57,559,0.2477,35690323.0,12,4,Self-employed,Family,Mobile,0,0.11348063488295453,532,REVIEW,MULTIPLE_RECENT_INQUIRIES; LOW_BUREAU_SCORE,2025-03
APP-2026-002052,2025-03-27 12:00:00,40,33698987.0,27,610,0.7611,28707868.0,18,2,Salaried,Owned,Mobile,0,0.1568699956802244,505,REVIEW,HIGH_EXISTING_DTI,2025-03
APP-2026-002053,2025-03-27 13:00:00,40,37071000.0,80,689,0.2285,84528706.0,36,0,Salaried,Rented,Branch,0,0.0401255112343492,613,APPROVE,RENTED_RESIDENCE,2025-03
APP-2026-002054,2025-03-27 14:00:00,29,27532045.0,33,594,0.3058,23815473.0,24,3,Self-employed,Rented,Branch,1,0.16882318401049415,499,REVIEW,MULTIPLE_RECENT_INQUIRIES; RENTED_RESIDENCE,2025-03
APP-2026-002055,2025-03-27 15:00:00,32,18713307.0,48,603,0.3283,73680560.0,18,2,Salaried,Rented,Mobile,0,0.18159794468285387,493,DECLINE,RENTED_RESIDENCE,2025-03
APP-2026-002056,2025-03-27 16:00:00,34,10366574.0,19,500,0.1348,26955832.0,6,2,Salaried,Mortgage,Mobile,1,0.20635749124269895,481,DECLINE,LOW_BUREAU_SCORE,2025-03
APP-2026-002057,2025-03-27 17:00:00,27,15759708.0,122,763,0.5208,70464568.0,18,1,Salaried,Mortgage,Partner,0,0.09450964405435047,547,REVIEW,NO_MATERIAL_ADVERSE_FACTOR,2025-03
APP-2026-002058,2025-03-27 18:00:00,40,12490428.0,19,605,0.3804,39517007.0,36,1,Salaried,Family,Mobile,0,0.10501802960459097,538,REVIEW,NO_MATERIAL_ADVERSE_FACTOR,2025-03
APP-2026-002059,2025-03-27 19:00:00,45,26061220.0,26,637,0.3412,37932900.0,12,2,Salaried,Owned,Mobile,0,0.09163719212265954,549,REVIEW,NO_MATERIAL_ADVERSE_FACTOR,2025-03
APP-2026-002060,2025-03-27 20:00:00,34,4934026.0,61,586,0.4277,81546694.0,24,0,Salaried,Rented,Mobile,0,0.20125487293291672,483,DECLINE,HIGH_LOAN_TO_INCOME; RENTED_RESIDENCE,2025-03
APP-2026-002061,2025-03-27 21:00:00,27,14503813.0,109,610,0.457,64397826.0,18,2,Salaried,Rented,Branch,0,0.20127552965975842,483,DECLINE,RENTED_RESIDENCE,2025-03
APP-2026-002062,2025-03-27 22:00:00,28,23626991.0,88,630,0.3002,40521397.0,18,2,Salaried,Family,Partner,0,0.09005635792952194,551,REVIEW,NO_MATERIAL_ADVERSE_FACTOR,2025-03
APP-2026-002063,2025-03-27 23:00:00,49,21625157.0,34,540,0.4478,37788383.0,18,1,Self-employed,Family,Mobile,0,0.15009709074703334,509,REVIEW,LOW_BUREAU_SCORE,2025-03
APP-2026-002064,2025-03-28 00:00:00,30,21741094.0,42,705,0.306,19694434.0,24,2,Self-employed,Mortgage,Mobile,0,0.08326415247864465,557,REVIEW,NO_MATERIAL_ADVERSE_FACTOR,2025-03
APP-2026-002065,2025-03-28 01:00:00,24,21531644.0,76,606,0.1764,66129916.0,12,1,Salaried,Mortgage,Mobile,0,0.09676858874170044,545,REVIEW,NO_MATERIAL_ADVERSE_FACTOR,2025-03
APP-2026-002066,2025-03-28 02:00:00,21,8444659.0,16,714,0.3027,86938035.0,24,0,Self-employed,Family,Mobile,0,0.08509573783563984,555,REVIEW,HIGH_LOAN_TO_INCOME,2025-03
APP-2026-002067,2025-03-28 03:00:00,31,37225724.0,109,614,0.4268,156972208.0,9,2,Contract,Mortgage,Mobile,0,0.21044086305564833,479,DECLINE,CONTRACT_EMPLOYMENT,2025-03
APP-2026-002068,2025-03-28 04:00:00,46,28382843.0,59,742,0.3248,39285697.0,9,1,Salaried,Owned,Mobile,0,0.039555357436574345,614,APPROVE,NO_MATERIAL_ADVERSE_FACTOR,2025-03
APP-2026-002069,2025-03-28 05:00:00,46,35051479.0,68,693,0.2158,111563586.0,9,0,Salaried,Rented,Mobile,0,0.05413645426170384,590,APPROVE,RENTED_RESIDENCE,2025-03
APP-2026-002070,2025-03-28 06:00:00,40,20341311.0,129,685,0.2259,44921769.0,18,2,Salaried,Owned,Mobile,0,0.05704689120656401,586,APPROVE,NO_MATERIAL_ADVERSE_FACTOR,2025-03
APP-2026-002071,2025-03-28 07:00:00,28,14636153.0,56,611,0.5523,42360086.0,24,0,Salaried,Mortgage,Mobile,0,0.13886312509671708,516,REVIEW,HIGH_EXISTING_DTI,2025-03
APP-2026-002072,2025-03-28 08:00:00,42,28570666.0,49,717,0.4774,88332622.0,24,1,Salaried,Rented,Mobile,0,0.09149209533148603,549,REVIEW,RENTED_RESIDENCE,2025-03
APP-2026-002073,2025-03-28 09:00:00,33,12789686.0,7,704,0.2285,150000275.0,9,3,Salaried,Rented,Partner,0,0.25035864810780545,463,DECLINE,HIGH_LOAN_TO_INCOME; MULTIPLE_RECENT_INQUIRIES; SHORT_EMPLOYMENT_HISTORY,2025-03
APP-2026-002074,2025-03-28 10:00:00,40,9894909.0,81,732,0.3009,60879056.0,12,3,Self-employed,Family,Mobile,1,0.10636823383175723,537,REVIEW,HIGH_LOAN_TO_INCOME; MULTIPLE_RECENT_INQUIRIES,2025-03
APP-2026-002075,2025-03-28 11:00:00,55,6327855.0,38,590,0.4463,18008179.0,12,0,Salaried,Owned,Branch,0,0.11886102928153189,528,REVIEW,NO_MATERIAL_ADVERSE_FACTOR,2025-03
APP-2026-002076,2025-03-28 12:00:00,33,11092528.0,15,704,0.4558,18870912.0,12,2,Salaried,Rented,Branch,0,0.14242605358784943,513,REVIEW,RENTED_RESIDENCE,2025-03
APP-2026-002077,2025-03-28 13:00:00,23,15789254.0,55,691,0.4349,276870926.0,24,1,Self-employed,Family,Mobile,1,0.26314805150607684,458,DECLINE,HIGH_LOAN_TO_INCOME,2025-03
APP-2026-002078,2025-03-28 14:00:00,52,7661342.0,70,768,0.5697,67746375.0,18,3,Salaried,Mortgage,Mobile,1,0.1556516573944019,506,REVIEW,HIGH_LOAN_TO_INCOME; MULTIPLE_RECENT_INQUIRIES; HIGH_EXISTING_DTI,2025-03
APP-2026-002079,2025-03-28 15:00:00,34,6858170.0,184,642,0.2244,308666380.0,12,1,Salaried,Mortgage,Mobile,0,0.2886994627652306,449,DECLINE,HIGH_LOAN_TO_INCOME,2025-03
APP-2026-002080,2025-03-28 16:00:00,33,12511049.0,23,541,0.3807,126546660.0,24,2,Salaried,Family,Mobile,1,0.26568383192196643,457,DECLINE,HIGH_LOAN_TO_INCOME; LOW_BUREAU_SCORE,2025-03
APP-2026-002081,2025-03-28 17:00:00,20,30017401.0,115,592,0.158,36927391.0,12,0,Contract,Rented,Mobile,0,0.07630433295047337,564,APPROVE,CONTRACT_EMPLOYMENT; RENTED_RESIDENCE,2025-03
APP-2026-002082,2025-03-28 18:00:00,42,14600347.0,39,595,0.2942,41232379.0,12,1,Self-employed,Mortgage,Branch,0,0.14726962979706784,511,REVIEW,NO_MATERIAL_ADVERSE_FACTOR,2025-03
APP-2026-002083,2025-03-28 19:00:00,45,20001611.0,106,558,0.109,49160246.0,24,2,Salaried,Rented,Partner,0,0.1301043672655525,521,REVIEW,LOW_BUREAU_SCORE; RENTED_RESIDENCE,2025-03
APP-2026-002084,2025-03-28 20:00:00,37,9558822.0,80,554,0.093,33620141.0,12,0,Salaried,Owned,Mobile,0,0.07889536063689187,561,APPROVE,LOW_BUREAU_SCORE,2025-03
APP-2026-002085,2025-03-28 21:00:00,45,18655531.0,20,653,0.2042,70290869.0,24,1,Salaried,Owned,Mobile,0,0.07369674338637458,566,APPROVE,NO_MATERIAL_ADVERSE_FACTOR,2025-03
APP-2026-002086,2025-03-28 22:00:00,32,23140320.0,48,657,0.0544,32871080.0,24,1,Salaried,Mortgage,Partner,0,0.05649528216169656,587,APPROVE,NO_MATERIAL_ADVERSE_FACTOR,2025-03
APP-2026-002087,2025-03-28 23:00:00,47,8430663.0,65,640,0.545,82308883.0,6,0,Salaried,Mortgage,Mobile,0,0.16814529046454954,499,REVIEW,HIGH_LOAN_TO_INCOME,2025-03
APP-2026-002088,2025-03-29 00:00:00,42,13056816.0,29,646,0.3272,109192646.0,18,4,Salaried,Mortgage,Mobile,0,0.2615687645177536,459,DECLINE,HIGH_LOAN_TO_INCOME; MULTIPLE_RECENT_INQUIRIES,2025-03
APP-2026-002089,2025-03-29 01:00:00,51,14061553.0,116,577,0.1849,52104707.0,18,3,Salaried,Family,Branch,0,0.11705591316979472,530,REVIEW,MULTIPLE_RECENT_INQUIRIES; LOW_BUREAU_SCORE,2025-03
APP-2026-002090,2025-03-29 02:00:00,20,21074281.0,39,718,0.0761,85279060.0,24,1,Salaried,Rented,Mobile,0,0.061965449445602984,580,APPROVE,RENTED_RESIDENCE,2025-03
APP-2026-002091,2025-03-29 03:00:00,24,12357876.0,50,533,0.6937,51712019.0,18,4,Self-employed,Owned,Mobile,1,0.4719008159628551,392,DECLINE,MULTIPLE_RECENT_INQUIRIES; HIGH_EXISTING_DTI; LOW_BUREAU_SCORE,2025-03
APP-2026-002092,2025-03-29 04:00:00,43,6766379.0,27,571,0.2053,96806606.0,6,1,Salaried,Owned,Partner,0,0.1951236453016564,486,DECLINE,HIGH_LOAN_TO_INCOME; LOW_BUREAU_SCORE,2025-03
APP-2026-002093,2025-03-29 05:00:00,39,12749493.0,59,727,0.1765,144079352.0,24,1,Contract,Mortgage,Mobile,0,0.1171671022809894,530,REVIEW,HIGH_LOAN_TO_INCOME; CONTRACT_EMPLOYMENT,2025-03
APP-2026-002094,2025-03-29 06:00:00,27,37621676.0,41,621,0.3124,65563285.0,18,0,Salaried,Rented,Mobile,0,0.07154573520444549,569,APPROVE,RENTED_RESIDENCE,2025-03
APP-2026-002095,2025-03-29 07:00:00,36,35485677.0,48,657,0.6537,123387307.0,12,0,Contract,Owned,Mobile,1,0.1401482078157546,515,REVIEW,HIGH_EXISTING_DTI; CONTRACT_EMPLOYMENT,2025-03
APP-2026-002096,2025-03-29 08:00:00,44,12628007.0,70,686,0.3031,124482848.0,36,2,Salaried,Rented,Mobile,1,0.14905124737484643,510,REVIEW,HIGH_LOAN_TO_INCOME; RENTED_RESIDENCE,2025-03
APP-2026-002097,2025-03-29 09:00:00,46,10827985.0,84,566,0.5311,43626146.0,24,2,Salaried,Rented,Partner,0,0.2778318754052901,453,DECLINE,RENTED_RESIDENCE; LOW_BUREAU_SCORE,2025-03
APP-2026-002098,2025-03-29 10:00:00,38,10068094.0,67,645,0.5817,88831868.0,12,1,Salaried,Rented,Branch,0,0.2265660418677297,472,DECLINE,HIGH_LOAN_TO_INCOME; HIGH_EXISTING_DTI; RENTED_RESIDENCE,2025-03
APP-2026-002099,2025-03-29 11:00:00,36,13786293.0,53,761,0.4695,137692060.0,24,1,Salaried,Rented,Mobile,0,0.13338700853447882,519,REVIEW,HIGH_LOAN_TO_INCOME; RENTED_RESIDENCE,2025-03
APP-2026-002100,2025-03-29 12:00:00,40,18928442.0,49,572,0.5846,67749144.0,36,1,Self-employed,Owned,Mobile,0,0.19330584001173298,487,DECLINE,HIGH_EXISTING_DTI; LOW_BUREAU_SCORE,2025-03
APP-2026-002101,2025-03-29 13:00:00,35,26383198.0,25,592,0.4628,39604196.0,18,1,Self-employed,Rented,Branch,1,0.16580284211271318,500,REVIEW,RENTED_RESIDENCE,2025-03
APP-2026-002102,2025-03-29 14:00:00,53,43463194.0,55,566,0.4339,19557595.0,18,1,Salaried,Family,Partner,0,0.0681028793133421,573,APPROVE,LOW_BUREAU_SCORE,2025-03
APP-2026-002103,2025-03-29 15:00:00,31,15489211.0,38,657,0.2972,75392261.0,36,0,Self-employed,Owned,Branch,0,0.08324302333681635,557,REVIEW,NO_MATERIAL_ADVERSE_FACTOR,2025-03
APP-2026-002104,2025-03-29 16:00:00,35,45127253.0,38,653,0.5238,97696847.0,12,2,Salaried,Mortgage,Partner,1,0.13426898622214506,518,REVIEW,NO_MATERIAL_ADVERSE_FACTOR,2025-03
APP-2026-002105,2025-03-29 17:00:00,34,31117964.0,86,643,0.4711,40858881.0,24,0,Salaried,Rented,Partner,0,0.08426055698141544,556,REVIEW,RENTED_RESIDENCE,2025-03
APP-2026-002106,2025-03-29 18:00:00,49,15002120.0,137,640,0.4515,77114368.0,12,2,Salaried,Rented,Partner,0,0.18930246477922533,489,DECLINE,HIGH_LOAN_TO_INCOME; RENTED_RESIDENCE,2025-03
APP-2026-002107,2025-03-29 19:00:00,31,7964384.0,32,518,0.2882,51130208.0,36,1,Salaried,Owned,Mobile,0,0.17142576439512028,498,REVIEW,HIGH_LOAN_TO_INCOME; LOW_BUREAU_SCORE,2025-03
APP-2026-002108,2025-03-29 20:00:00,43,16497789.0,23,627,0.2551,62308585.0,18,2,Salaried,Family,Mobile,0,0.10546960858424123,538,REVIEW,NO_MATERIAL_ADVERSE_FACTOR,2025-03
APP-2026-002109,2025-03-29 21:00:00,35,41190652.0,46,646,0.636,149494818.0,12,3,Salaried,Family,Mobile,0,0.18774641868122272,490,DECLINE,HIGH_EXISTING_DTI; MULTIPLE_RECENT_INQUIRIES,2025-03
APP-2026-002110,2025-03-29 22:00:00,31,15807905.0,59,538,0.3279,21478016.0,24,2,Salaried,Family,Mobile,0,0.13743405916742207,516,REVIEW,LOW_BUREAU_SCORE,2025-03
APP-2026-002111,2025-03-29 23:00:00,20,45458199.0,50,532,0.2218,110068368.0,18,0,Self-employed,Rented,Mobile,0,0.11398314894857846,532,REVIEW,LOW_BUREAU_SCORE; RENTED_RESIDENCE,2025-03
APP-2026-002112,2025-03-30 00:00:00,35,9577512.0,121,582,0.2687,218792209.0,24,1,Self-employed,Mortgage,Partner,0,0.3306576481909717,435,DECLINE,HIGH_LOAN_TO_INCOME,2025-03
APP-2026-002113,2025-03-30 01:00:00,50,47567417.0,44,657,0.3676,37685598.0,24,1,Salaried,Rented,Mobile,0,0.049465037807231334,597,APPROVE,RENTED_RESIDENCE,2025-03
APP-2026-002114,2025-03-30 02:00:00,29,13380748.0,28,679,0.1461,127933417.0,24,0,Salaried,Rented,Mobile,0,0.09939884710427808,543,REVIEW,HIGH_LOAN_TO_INCOME; RENTED_RESIDENCE,2025-03
APP-2026-002115,2025-03-30 03:00:00,20,10532218.0,15,526,0.1832,69324471.0,12,2,Self-employed,Rented,Partner,1,0.3301190661994432,435,DECLINE,HIGH_LOAN_TO_INCOME; LOW_BUREAU_SCORE; RENTED_RESIDENCE,2025-03
APP-2026-002116,2025-03-30 04:00:00,38,13168213.0,46,620,0.1133,36298698.0,24,2,Salaried,Family,Mobile,0,0.07741651451702447,563,APPROVE,NO_MATERIAL_ADVERSE_FACTOR,2025-03
APP-2026-002117,2025-03-30 05:00:00,24,12580108.0,65,644,0.1283,61643033.0,12,1,Self-employed,Family,Mobile,0,0.08330863455616488,557,REVIEW,NO_MATERIAL_ADVERSE_FACTOR,2025-03
APP-2026-002118,2025-03-30 06:00:00,20,7366613.0,22,641,0.4292,42385616.0,36,2,Salaried,Mortgage,Mobile,1,0.18045455450776288,493,DECLINE,HIGH_LOAN_TO_INCOME,2025-03
APP-2026-002119,2025-03-30 07:00:00,30,10700547.0,69,715,0.5729,25784376.0,24,1,Salaried,Rented,Mobile,0,0.11795989126029342,529,REVIEW,HIGH_EXISTING_DTI; RENTED_RESIDENCE,2025-03
APP-2026-002120,2025-03-30 08:00:00,23,4845878.0,52,554,0.4184,143773482.0,12,2,Salaried,Rented,Mobile,1,0.427559094013806,405,DECLINE,HIGH_LOAN_TO_INCOME; LOW_BUREAU_SCORE; RENTED_RESIDENCE,2025-03
APP-2026-002121,2025-03-30 09:00:00,44,34000006.0,25,587,0.175,79363855.0,6,1,Salaried,Rented,Mobile,0,0.09986083328886783,543,REVIEW,RENTED_RESIDENCE,2025-03
APP-2026-002122,2025-03-30 10:00:00,37,24248944.0,36,589,0.1071,23698463.0,24,2,Salaried,Rented,Mobile,0,0.09394875131948553,547,REVIEW,RENTED_RESIDENCE,2025-03
APP-2026-002123,2025-03-30 11:00:00,40,12704494.0,58,594,0.5477,149374062.0,12,6,Salaried,Mortgage,Partner,1,0.6043064964218738,353,DECLINE,MULTIPLE_RECENT_INQUIRIES; HIGH_LOAN_TO_INCOME,2025-03
APP-2026-002124,2025-03-30 12:00:00,29,11367904.0,53,504,0.3242,31199817.0,24,2,Contract,Family,Mobile,0,0.22913099283378693,471,DECLINE,LOW_BUREAU_SCORE; CONTRACT_EMPLOYMENT,2025-03
APP-2026-002125,2025-03-30 13:00:00,34,37310443.0,45,736,0.0772,29397395.0,12,1,Salaried,Mortgage,Branch,0,0.025870763107106585,646,APPROVE,NO_MATERIAL_ADVERSE_FACTOR,2025-03
APP-2026-002126,2025-03-30 14:00:00,30,9880355.0,42,739,0.1111,49926033.0,24,0,Salaried,Owned,Partner,0,0.04384685870181921,606,APPROVE,HIGH_LOAN_TO_INCOME,2025-03
APP-2026-002127,2025-03-30 15:00:00,37,28847570.0,84,566,0.5902,64394524.0,9,0,Self-employed,Rented,Partner,1,0.20476979247703064,482,DECLINE,HIGH_EXISTING_DTI; RENTED_RESIDENCE; LOW_BUREAU_SCORE,2025-03
APP-2026-002128,2025-03-30 16:00:00,20,36018759.0,61,651,0.3772,87900085.0,12,2,Self-employed,Rented,Branch,0,0.14163690934922463,514,REVIEW,RENTED_RESIDENCE,2025-03
APP-2026-002129,2025-03-30 17:00:00,34,26024839.0,59,620,0.0109,71398200.0,24,1,Salaried,Owned,Branch,0,0.05101441940466367,595,APPROVE,NO_MATERIAL_ADVERSE_FACTOR,2025-03
APP-2026-002130,2025-03-30 18:00:00,44,17550224.0,51,712,0.3523,42285717.0,12,1,Contract,Owned,Partner,0,0.09278906774311907,548,REVIEW,CONTRACT_EMPLOYMENT,2025-03
APP-2026-002131,2025-03-30 19:00:00,50,25351440.0,33,696,0.3034,52313781.0,12,0,Salaried,Rented,Mobile,0,0.059479815555087634,583,APPROVE,RENTED_RESIDENCE,2025-03
APP-2026-002132,2025-03-30 20:00:00,42,16213041.0,30,664,0.1571,60756480.0,6,0,Salaried,Family,Mobile,0,0.052599003326942305,592,APPROVE,NO_MATERIAL_ADVERSE_FACTOR,2025-03
APP-2026-002133,2025-03-30 21:00:00,36,32186814.0,60,724,0.1599,63627717.0,9,0,Contract,Rented,Mobile,0,0.04807161405193485,599,APPROVE,CONTRACT_EMPLOYMENT; RENTED_RESIDENCE,2025-03
APP-2026-002134,2025-03-30 22:00:00,20,12227764.0,46,635,0.3609,131542101.0,12,2,Salaried,Family,Partner,0,0.2187605827521249,476,DECLINE,HIGH_LOAN_TO_INCOME,2025-03
APP-2026-002135,2025-03-30 23:00:00,36,48773973.0,116,588,0.2519,46997358.0,12,1,Salaried,Owned,Branch,0,0.04253869013860158,609,APPROVE,NO_MATERIAL_ADVERSE_FACTOR,2025-03
APP-2026-002136,2025-03-31 00:00:00,20,27393664.0,162,522,0.2904,29600519.0,9,2,Salaried,Mortgage,Partner,0,0.14855029037368153,510,REVIEW,LOW_BUREAU_SCORE,2025-03
APP-2026-002137,2025-03-31 01:00:00,26,16192567.0,30,525,0.3258,130538367.0,18,1,Self-employed,Mortgage,Mobile,0,0.3020874186155011,444,DECLINE,HIGH_LOAN_TO_INCOME; LOW_BUREAU_SCORE,2025-03
APP-2026-002138,2025-03-31 02:00:00,33,33471487.0,84,630,0.3104,56823858.0,24,1,Salaried,Owned,Mobile,0,0.05872283611454099,584,APPROVE,NO_MATERIAL_ADVERSE_FACTOR,2025-03
APP-2026-002139,2025-03-31 03:00:00,32,31456751.0,166,575,0.0733,70090043.0,18,0,Salaried,Rented,Mobile,0,0.05365929612588889,591,APPROVE,RENTED_RESIDENCE; LOW_BUREAU_SCORE,2025-03
APP-2026-002140,2025-03-31 04:00:00,42,14720887.0,85,653,0.4419,36735355.0,36,3,Self-employed,Mortgage,Partner,0,0.18719803043641314,490,DECLINE,MULTIPLE_RECENT_INQUIRIES,2025-03
APP-2026-002141,2025-03-31 05:00:00,32,9644850.0,30,689,0.2424,39370756.0,18,2,Salaried,Rented,Partner,0,0.13454413603569199,518,REVIEW,RENTED_RESIDENCE,2025-03
APP-2026-002142,2025-03-31 06:00:00,23,8750246.0,75,541,0.318,24723064.0,24,2,Self-employed,Family,Mobile,0,0.1806671373369246,493,DECLINE,LOW_BUREAU_SCORE,2025-03
APP-2026-002143,2025-03-31 07:00:00,30,11969488.0,121,705,0.364,51629508.0,12,5,Salaried,Owned,Mobile,1,0.16136274686824595,503,REVIEW,MULTIPLE_RECENT_INQUIRIES,2025-03
APP-2026-002144,2025-03-31 08:00:00,28,15377250.0,92,538,0.0777,133159627.0,24,3,Salaried,Family,Mobile,0,0.1849513305582843,491,DECLINE,HIGH_LOAN_TO_INCOME; MULTIPLE_RECENT_INQUIRIES; LOW_BUREAU_SCORE,2025-03
APP-2026-002145,2025-03-31 09:00:00,44,16110668.0,72,649,0.1589,46848566.0,9,1,Salaried,Owned,Partner,0,0.07368548792321458,567,APPROVE,NO_MATERIAL_ADVERSE_FACTOR,2025-03
APP-2026-002146,2025-03-31 10:00:00,21,62728822.0,29,646,0.477,41907893.0,36,2,Salaried,Mortgage,Partner,0,0.06154517574772167,580,APPROVE,NO_MATERIAL_ADVERSE_FACTOR,2025-03
APP-2026-002147,2025-03-31 11:00:00,30,17499213.0,39,574,0.2916,45257806.0,36,0,Salaried,Family,Mobile,1,0.07823288267460421,562,APPROVE,LOW_BUREAU_SCORE,2025-03
APP-2026-002148,2025-03-31 12:00:00,43,19064226.0,29,699,0.2996,71866207.0,12,2,Self-employed,Owned,Partner,0,0.11888466308653434,528,REVIEW,NO_MATERIAL_ADVERSE_FACTOR,2025-03
APP-2026-002149,2025-03-31 13:00:00,27,12897576.0,44,589,0.2421,118306526.0,12,0,Self-employed,Mortgage,Mobile,0,0.1789162049782649,494,REVIEW,HIGH_LOAN_TO_INCOME,2025-03
APP-2026-002150,2025-03-31 14:00:00,38,38977435.0,89,709,0.1645,49942731.0,12,0,Contract,Rented,Mobile,0,0.03777367318492253,617,APPROVE,CONTRACT_EMPLOYMENT; RENTED_RESIDENCE,2025-03
APP-2026-002151,2025-03-31 15:00:00,35,8205891.0,36,706,0.291,127626324.0,12,3,Salaried,Family,Mobile,0,0.16246720906115739,502,REVIEW,HIGH_LOAN_TO_INCOME; MULTIPLE_RECENT_INQUIRIES,2025-03
APP-2026-002152,2025-03-31 16:00:00,31,20428492.0,73,585,0.646,39253552.0,24,2,Self-employed,Rented,Mobile,0,0.2658869712638993,457,DECLINE,HIGH_EXISTING_DTI; RENTED_RESIDENCE,2025-03
APP-2026-002153,2025-03-31 17:00:00,20,16987564.0,88,628,0.5779,44240221.0,12,1,Salaried,Owned,Mobile,0,0.13732230756454877,516,REVIEW,HIGH_EXISTING_DTI,2025-03
APP-2026-002154,2025-03-31 18:00:00,35,16728943.0,23,653,0.1775,10379938.0,24,1,Salaried,Mortgage,Mobile,0,0.06593460877533294,575,APPROVE,NO_MATERIAL_ADVERSE_FACTOR,2025-03
APP-2026-002155,2025-03-31 19:00:00,30,18252303.0,73,611,0.6777,20555937.0,12,2,Salaried,Owned,Partner,0,0.2027565199724887,483,DECLINE,HIGH_EXISTING_DTI,2025-03
APP-2026-002156,2025-03-31 20:00:00,37,13093376.0,66,698,0.2333,75514596.0,24,1,Salaried,Family,Mobile,0,0.06224401433657396,580,APPROVE,HIGH_LOAN_TO_INCOME,2025-03
APP-2026-002157,2025-03-31 21:00:00,21,9927471.0,30,558,0.332,21453195.0,36,1,Salaried,Family,Partner,0,0.13927105850362467,515,REVIEW,LOW_BUREAU_SCORE,2025-03
APP-2026-002158,2025-03-31 22:00:00,39,31490788.0,66,542,0.4849,44433927.0,24,3,Salaried,Owned,Mobile,1,0.17164928164537058,497,REVIEW,MULTIPLE_RECENT_INQUIRIES; LOW_BUREAU_SCORE,2025-03
APP-2026-002159,2025-03-31 23:00:00,40,37538920.0,100,642,0.2935,103292847.0,24,0,Salaried,Rented,Mobile,0,0.06223928086308313,580,APPROVE,RENTED_RESIDENCE,2025-03
APP-2026-002160,2025-04-01 00:00:00,47,25713949.0,24,501,0.3898,12590482.0,36,1,Salaried,Rented,Branch,0,0.1503386500682097,509,REVIEW,LOW_BUREAU_SCORE; RENTED_RESIDENCE,2025-04
APP-2026-002161,2025-04-01 01:00:00,30,35544350.0,11,666,0.2752,33637700.0,18,2,Salaried,Rented,Mobile,0,0.07792302493196643,562,APPROVE,RENTED_RESIDENCE; SHORT_EMPLOYMENT_HISTORY,2025-04
APP-2026-002162,2025-04-01 02:00:00,28,19651549.0,16,563,0.4908,30903674.0,12,0,Salaried,Mortgage,Mobile,0,0.15263466928425087,508,REVIEW,LOW_BUREAU_SCORE,2025-04
APP-2026-002163,2025-04-01 03:00:00,42,5185179.0,188,594,0.1747,24132771.0,12,1,Salaried,Rented,Mobile,0,0.09841353962535045,544,REVIEW,RENTED_RESIDENCE,2025-04
APP-2026-002164,2025-04-01 04:00:00,25,10243224.0,15,637,0.1132,34471972.0,36,2,Contract,Rented,Partner,0,0.1622383767959153,502,REVIEW,CONTRACT_EMPLOYMENT; RENTED_RESIDENCE,2025-04
APP-2026-002165,2025-04-01 05:00:00,27,23326788.0,47,727,0.3963,114957794.0,6,0,Salaried,Rented,Partner,0,0.10792627916993736,536,REVIEW,RENTED_RESIDENCE,2025-04
APP-2026-002166,2025-04-01 06:00:00,32,4969656.0,100,753,0.661,41700258.0,24,1,Salaried,Rented,Mobile,0,0.1303800025593754,521,REVIEW,HIGH_LOAN_TO_INCOME; HIGH_EXISTING_DTI; RENTED_RESIDENCE,2025-04
APP-2026-002167,2025-04-01 07:00:00,24,19248374.0,50,623,0.2404,21531764.0,36,1,Salaried,Family,Mobile,0,0.05983382675301936,583,APPROVE,NO_MATERIAL_ADVERSE_FACTOR,2025-04
APP-2026-002168,2025-04-01 08:00:00,47,21430650.0,48,699,0.5324,32767828.0,18,2,Salaried,Rented,Partner,0,0.13685001653738701,517,REVIEW,RENTED_RESIDENCE,2025-04
APP-2026-002169,2025-04-01 09:00:00,43,20993798.0,48,582,0.608,58121054.0,18,2,Salaried,Owned,Partner,0,0.22514250549693454,473,DECLINE,HIGH_EXISTING_DTI,2025-04
APP-2026-002170,2025-04-01 10:00:00,20,9930756.0,47,557,0.1129,21760894.0,18,2,Salaried,Rented,Mobile,0,0.1594125691643876,504,REVIEW,LOW_BUREAU_SCORE; RENTED_RESIDENCE,2025-04
APP-2026-002171,2025-04-01 11:00:00,20,14675764.0,38,735,0.4677,139370392.0,6,2,Salaried,Rented,Mobile,1,0.2108245830708455,479,DECLINE,HIGH_LOAN_TO_INCOME; RENTED_RESIDENCE,2025-04
APP-2026-002172,2025-04-01 12:00:00,29,14828564.0,38,611,0.2451,77670081.0,24,3,Salaried,Rented,Mobile,0,0.2067560985036904,481,DECLINE,MULTIPLE_RECENT_INQUIRIES; HIGH_LOAN_TO_INCOME; RENTED_RESIDENCE,2025-04
APP-2026-002173,2025-04-01 13:00:00,39,20252661.0,39,690,0.0328,120699825.0,12,1,Self-employed,Family,Partner,0,0.07476533012292715,565,APPROVE,HIGH_LOAN_TO_INCOME,2025-04
APP-2026-002174,2025-04-01 14:00:00,41,15408819.0,73,634,0.2789,101639025.0,12,2,Salaried,Family,Partner,0,0.1408763027855315,514,REVIEW,HIGH_LOAN_TO_INCOME,2025-04
APP-2026-002175,2025-04-01 15:00:00,47,6891029.0,83,627,0.5621,70844339.0,24,3,Salaried,Family,Partner,0,0.2452418562450876,465,DECLINE,HIGH_LOAN_TO_INCOME; MULTIPLE_RECENT_INQUIRIES; HIGH_EXISTING_DTI,2025-04
APP-2026-002176,2025-04-01 16:00:00,37,64688724.0,54,576,0.2249,116712316.0,36,0,Self-employed,Mortgage,Mobile,0,0.04714845802499394,601,APPROVE,LOW_BUREAU_SCORE,2025-04
APP-2026-002177,2025-04-01 17:00:00,25,21267021.0,24,686,0.5403,91367008.0,6,2,Self-employed,Rented,Mobile,0,0.231354376164777,471,DECLINE,RENTED_RESIDENCE,2025-04
APP-2026-002178,2025-04-01 18:00:00,38,15692710.0,49,505,0.3359,80821331.0,9,0,Salaried,Rented,Partner,1,0.23985803587227386,467,DECLINE,LOW_BUREAU_SCORE; HIGH_LOAN_TO_INCOME; RENTED_RESIDENCE,2025-04
APP-2026-002179,2025-04-01 19:00:00,24,13319937.0,107,715,0.2182,94106739.0,36,3,Salaried,Family,Partner,0,0.0964874027458884,545,REVIEW,HIGH_LOAN_TO_INCOME; MULTIPLE_RECENT_INQUIRIES,2025-04
APP-2026-002180,2025-04-01 20:00:00,27,26901166.0,34,664,0.4453,20639170.0,18,1,Salaried,Rented,Branch,0,0.09256577547475042,549,REVIEW,RENTED_RESIDENCE,2025-04
APP-2026-002181,2025-04-01 21:00:00,20,19975658.0,72,715,0.9229,81456350.0,24,0,Salaried,Rented,Partner,0,0.20334922389140586,482,DECLINE,HIGH_EXISTING_DTI; RENTED_RESIDENCE,2025-04
APP-2026-002182,2025-04-01 22:00:00,26,22529451.0,69,559,0.5305,65887900.0,9,2,Salaried,Family,Branch,0,0.19429284093222815,487,DECLINE,LOW_BUREAU_SCORE,2025-04
APP-2026-002183,2025-04-01 23:00:00,29,7866003.0,39,619,0.7729,79898612.0,12,2,Self-employed,Rented,Branch,1,0.4352445007002608,403,DECLINE,HIGH_LOAN_TO_INCOME; HIGH_EXISTING_DTI; RENTED_RESIDENCE,2025-04
APP-2026-002184,2025-04-02 00:00:00,29,5736119.0,15,670,0.4013,22476275.0,6,1,Salaried,Family,Partner,1,0.12148138555699783,527,REVIEW,NO_MATERIAL_ADVERSE_FACTOR,2025-04
APP-2026-002185,2025-04-02 01:00:00,50,36846378.0,26,674,0.288,96973022.0,12,1,Contract,Mortgage,Partner,0,0.10222091117567085,541,REVIEW,CONTRACT_EMPLOYMENT,2025-04
APP-2026-002186,2025-04-02 02:00:00,35,20028288.0,55,555,0.1566,106000249.0,36,3,Self-employed,Family,Partner,0,0.19780813244308937,485,DECLINE,MULTIPLE_RECENT_INQUIRIES; HIGH_LOAN_TO_INCOME; LOW_BUREAU_SCORE,2025-04
APP-2026-002187,2025-04-02 03:00:00,38,20762388.0,71,481,0.5148,44876596.0,24,0,Contract,Rented,Mobile,1,0.2557007744772638,461,DECLINE,LOW_BUREAU_SCORE; CONTRACT_EMPLOYMENT; RENTED_RESIDENCE,2025-04
APP-2026-002188,2025-04-02 04:00:00,36,33632302.0,44,685,0.1414,60398528.0,18,2,Salaried,Rented,Partner,0,0.07225849923269165,568,APPROVE,RENTED_RESIDENCE,2025-04
APP-2026-002189,2025-04-02 05:00:00,49,14392729.0,45,687,0.3169,314209113.0,18,0,Salaried,Owned,Partner,0,0.2388310400924972,468,DECLINE,HIGH_LOAN_TO_INCOME,2025-04
APP-2026-002190,2025-04-02 06:00:00,26,23410753.0,42,740,0.3126,151872680.0,12,0,Self-employed,Owned,Mobile,0,0.08172261885359246,558,REVIEW,HIGH_LOAN_TO_INCOME,2025-04
APP-2026-002191,2025-04-02 07:00:00,41,6646532.0,18,694,0.0955,24336234.0,12,0,Salaried,Family,Branch,0,0.04259249722307104,608,APPROVE,NO_MATERIAL_ADVERSE_FACTOR,2025-04
APP-2026-002192,2025-04-02 08:00:00,27,16888531.0,20,585,0.2088,30127345.0,18,0,Salaried,Owned,Mobile,0,0.07772547010552586,562,APPROVE,NO_MATERIAL_ADVERSE_FACTOR,2025-04
APP-2026-002193,2025-04-02 09:00:00,33,17020712.0,39,689,0.4296,37845500.0,36,0,Salaried,Owned,Branch,0,0.060170899581863946,582,APPROVE,NO_MATERIAL_ADVERSE_FACTOR,2025-04
APP-2026-002194,2025-04-02 10:00:00,39,30523725.0,29,511,0.5014,35695824.0,18,0,Salaried,Rented,Branch,0,0.15719500911362413,505,REVIEW,LOW_BUREAU_SCORE; RENTED_RESIDENCE,2025-04
APP-2026-002195,2025-04-02 11:00:00,22,13892056.0,24,731,0.3017,41292659.0,24,1,Salaried,Rented,Mobile,0,0.08124273920622091,559,REVIEW,RENTED_RESIDENCE,2025-04
APP-2026-002196,2025-04-02 12:00:00,31,55180009.0,18,494,0.0472,39375620.0,6,4,Salaried,Owned,Partner,0,0.1095917794466974,535,REVIEW,LOW_BUREAU_SCORE; MULTIPLE_RECENT_INQUIRIES,2025-04
APP-2026-002197,2025-04-02 13:00:00,35,4366395.0,67,583,0.2231,78201880.0,24,0,Salaried,Mortgage,Mobile,0,0.13541479700430842,518,REVIEW,HIGH_LOAN_TO_INCOME,2025-04
APP-2026-002198,2025-04-02 14:00:00,39,31981263.0,20,533,0.2452,53755246.0,18,0,Self-employed,Rented,Mobile,0,0.11989411275388491,528,REVIEW,LOW_BUREAU_SCORE; RENTED_RESIDENCE,2025-04
APP-2026-002199,2025-04-02 15:00:00,32,6768099.0,53,623,0.5271,52263066.0,12,0,Salaried,Owned,Mobile,0,0.1427915102247672,513,REVIEW,HIGH_LOAN_TO_INCOME,2025-04
APP-2026-002200,2025-04-02 16:00:00,60,30570351.0,85,662,0.1329,44399487.0,24,1,Salaried,Mortgage,Branch,0,0.04033189799217145,613,APPROVE,NO_MATERIAL_ADVERSE_FACTOR,2025-04
APP-2026-002201,2025-04-02 17:00:00,51,27526015.0,57,506,0.6268,49041993.0,12,0,Salaried,Owned,Partner,0,0.18187762138430066,492,DECLINE,LOW_BUREAU_SCORE; HIGH_EXISTING_DTI,2025-04
APP-2026-002202,2025-04-02 18:00:00,20,12412798.0,115,664,0.0829,38268667.0,24,1,Contract,Owned,Mobile,0,0.06479774046899389,576,APPROVE,CONTRACT_EMPLOYMENT,2025-04
APP-2026-002203,2025-04-02 19:00:00,36,14422835.0,142,518,0.3486,102659013.0,9,1,Salaried,Rented,Partner,0,0.264013574790152,458,DECLINE,HIGH_LOAN_TO_INCOME; LOW_BUREAU_SCORE; RENTED_RESIDENCE,2025-04
APP-2026-002204,2025-04-02 20:00:00,39,15441806.0,34,584,0.3721,62372614.0,18,3,Salaried,Rented,Mobile,1,0.25330729603178515,462,DECLINE,MULTIPLE_RECENT_INQUIRIES; RENTED_RESIDENCE,2025-04
APP-2026-002205,2025-04-02 21:00:00,38,27424477.0,65,718,0.0926,47335045.0,36,2,Salaried,Mortgage,Partner,0,0.04788583879575387,600,APPROVE,NO_MATERIAL_ADVERSE_FACTOR,2025-04
APP-2026-002206,2025-04-02 22:00:00,47,13395192.0,75,612,0.4755,52091653.0,24,3,Salaried,Mortgage,Mobile,0,0.21052029882116488,479,DECLINE,MULTIPLE_RECENT_INQUIRIES,2025-04
APP-2026-002207,2025-04-02 23:00:00,20,21479124.0,47,646,0.4312,66663029.0,36,1,Salaried,Owned,Branch,0,0.09792548952825528,544,REVIEW,NO_MATERIAL_ADVERSE_FACTOR,2025-04
APP-2026-002208,2025-04-03 00:00:00,25,18726405.0,44,655,0.5037,42848445.0,12,1,Salaried,Rented,Partner,0,0.1629736334550012,502,REVIEW,RENTED_RESIDENCE,2025-04
APP-2026-002209,2025-04-03 01:00:00,48,25591211.0,118,738,0.3092,42240284.0,36,2,Salaried,Mortgage,Mobile,0,0.047042538604627655,601,APPROVE,NO_MATERIAL_ADVERSE_FACTOR,2025-04
APP-2026-002210,2025-04-03 02:00:00,45,19882288.0,70,660,0.3206,49908763.0,24,1,Contract,Family,Partner,0,0.09062622997046335,550,REVIEW,CONTRACT_EMPLOYMENT,2025-04
APP-2026-002211,2025-04-03 03:00:00,55,22935261.0,40,670,0.2897,69241640.0,9,0,Contract,Family,Mobile,0,0.06664656525096073,574,APPROVE,CONTRACT_EMPLOYMENT,2025-04
APP-2026-002212,2025-04-03 04:00:00,49,26892033.0,82,604,0.2559,61025523.0,12,2,Salaried,Owned,Partner,0,0.10311411701213997,540,REVIEW,NO_MATERIAL_ADVERSE_FACTOR,2025-04
APP-2026-002213,2025-04-03 05:00:00,23,26463292.0,60,512,0.4468,32783227.0,12,3,Self-employed,Family,Mobile,1,0.23012027058368037,471,DECLINE,LOW_BUREAU_SCORE; MULTIPLE_RECENT_INQUIRIES,2025-04
APP-2026-002214,2025-04-03 06:00:00,44,26003125.0,80,557,0.2563,26038675.0,24,0,Salaried,Family,Branch,0,0.055199016386880004,589,APPROVE,LOW_BUREAU_SCORE,2025-04
APP-2026-002215,2025-04-03 07:00:00,32,16346738.0,35,614,0.0296,15660897.0,12,0,Salaried,Family,Mobile,0,0.04235390908368077,609,APPROVE,NO_MATERIAL_ADVERSE_FACTOR,2025-04
APP-2026-002216,2025-04-03 08:00:00,36,17088879.0,50,729,0.5578,342033960.0,24,1,Salaried,Rented,Partner,1,0.41514576418910665,409,DECLINE,HIGH_LOAN_TO_INCOME; HIGH_EXISTING_DTI; RENTED_RESIDENCE,2025-04
APP-2026-002217,2025-04-03 09:00:00,35,11972192.0,12,597,0.2509,79187756.0,12,1,Salaried,Rented,Mobile,0,0.17816959360115822,494,REVIEW,HIGH_LOAN_TO_INCOME; RENTED_RESIDENCE,2025-04
APP-2026-002218,2025-04-03 10:00:00,30,25249067.0,39,492,0.0828,34596702.0,24,1,Salaried,Family,Partner,0,0.09766310268824252,544,REVIEW,LOW_BUREAU_SCORE,2025-04
APP-2026-002219,2025-04-03 11:00:00,30,10745096.0,154,739,0.3245,148573678.0,24,0,Self-employed,Mortgage,Mobile,0,0.09451761621070434,547,REVIEW,HIGH_LOAN_TO_INCOME,2025-04
APP-2026-002220,2025-04-03 12:00:00,41,15849762.0,90,672,0.2439,67007006.0,24,0,Self-employed,Rented,Branch,0,0.08122248861810258,559,REVIEW,RENTED_RESIDENCE,2025-04
APP-2026-002221,2025-04-03 13:00:00,30,17068193.0,31,627,0.096,93244117.0,12,0,Salaried,Owned,Mobile,0,0.07298889256363228,567,APPROVE,HIGH_LOAN_TO_INCOME,2025-04
APP-2026-002222,2025-04-03 14:00:00,36,24542112.0,59,529,0.2687,69059800.0,9,1,Salaried,Mortgage,Branch,0,0.15070555061686358,509,REVIEW,LOW_BUREAU_SCORE,2025-04
APP-2026-002223,2025-04-03 15:00:00,39,23493090.0,172,522,0.1572,87896373.0,9,2,Salaried,Owned,Branch,0,0.12087929524057953,527,REVIEW,LOW_BUREAU_SCORE,2025-04
APP-2026-002224,2025-04-03 16:00:00,30,26402580.0,28,577,0.6171,37563094.0,12,3,Salaried,Owned,Partner,0,0.2530633647648716,462,DECLINE,HIGH_EXISTING_DTI; MULTIPLE_RECENT_INQUIRIES; LOW_BUREAU_SCORE,2025-04
APP-2026-002225,2025-04-03 17:00:00,32,20141625.0,30,677,0.3314,94763629.0,24,3,Salaried,Rented,Partner,0,0.19600630994148102,486,DECLINE,MULTIPLE_RECENT_INQUIRIES; RENTED_RESIDENCE,2025-04
APP-2026-002226,2025-04-03 18:00:00,45,8570057.0,9,649,0.41,53193801.0,12,3,Salaried,Mortgage,Partner,0,0.2475561548854944,464,DECLINE,HIGH_LOAN_TO_INCOME; MULTIPLE_RECENT_INQUIRIES; SHORT_EMPLOYMENT_HISTORY,2025-04
APP-2026-002227,2025-04-03 19:00:00,20,13811405.0,46,651,0.4213,167995992.0,24,0,Salaried,Rented,Mobile,0,0.20231789413064857,483,DECLINE,HIGH_LOAN_TO_INCOME; RENTED_RESIDENCE,2025-04
APP-2026-002228,2025-04-03 20:00:00,28,19747237.0,89,717,0.2308,90683623.0,24,1,Self-employed,Rented,Partner,0,0.09849937959525201,544,REVIEW,RENTED_RESIDENCE,2025-04
APP-2026-002229,2025-04-03 21:00:00,22,21920514.0,52,690,0.3328,126784348.0,12,1,Self-employed,Rented,Mobile,0,0.15154250585059148,508,REVIEW,HIGH_LOAN_TO_INCOME; RENTED_RESIDENCE,2025-04
APP-2026-002230,2025-04-03 22:00:00,36,11929525.0,30,730,0.272,45690245.0,24,4,Self-employed,Mortgage,Mobile,0,0.1497367635223376,509,REVIEW,MULTIPLE_RECENT_INQUIRIES,2025-04
APP-2026-002231,2025-04-03 23:00:00,59,12906167.0,41,700,0.3299,20972686.0,12,1,Salaried,Rented,Mobile,0,0.08134393957687489,559,REVIEW,RENTED_RESIDENCE,2025-04
APP-2026-002232,2025-04-04 00:00:00,23,16971026.0,44,627,0.4634,76046087.0,12,0,Self-employed,Mortgage,Mobile,0,0.1611243878217075,503,REVIEW,NO_MATERIAL_ADVERSE_FACTOR,2025-04
APP-2026-002233,2025-04-04 01:00:00,45,9517944.0,100,670,0.1035,111080791.0,36,1,Salaried,Rented,Branch,0,0.09115315774700929,550,REVIEW,HIGH_LOAN_TO_INCOME; RENTED_RESIDENCE,2025-04
APP-2026-002234,2025-04-04 02:00:00,47,16343703.0,86,679,0.1107,72941588.0,6,0,Self-employed,Family,Partner,0,0.05632608149199014,587,APPROVE,NO_MATERIAL_ADVERSE_FACTOR,2025-04
APP-2026-002235,2025-04-04 03:00:00,20,32945836.0,50,710,0.0952,25091071.0,24,0,Salaried,Mortgage,Mobile,0,0.025712783605656098,646,APPROVE,NO_MATERIAL_ADVERSE_FACTOR,2025-04
APP-2026-002236,2025-04-04 04:00:00,22,9210591.0,122,598,0.5199,22430740.0,12,0,Salaried,Owned,Branch,1,0.11687008571696803,530,REVIEW,NO_MATERIAL_ADVERSE_FACTOR,2025-04
APP-2026-002237,2025-04-04 05:00:00,34,8595073.0,82,559,0.3042,47572941.0,18,3,Contract,Owned,Partner,1,0.28013211933092136,452,DECLINE,MULTIPLE_RECENT_INQUIRIES; HIGH_LOAN_TO_INCOME; CONTRACT_EMPLOYMENT,2025-04
APP-2026-002238,2025-04-04 06:00:00,26,31287748.0,21,763,0.1405,77298296.0,12,0,Salaried,Rented,Mobile,0,0.036576070279069194,620,APPROVE,RENTED_RESIDENCE,2025-04
APP-2026-002239,2025-04-04 07:00:00,37,16507257.0,33,678,0.4687,29754398.0,18,2,Contract,Owned,Branch,1,0.13787939734411972,516,REVIEW,CONTRACT_EMPLOYMENT,2025-04
APP-2026-002240,2025-04-04 08:00:00,47,42394719.0,30,544,0.329,30327328.0,12,2,Salaried,Owned,Partner,0,0.10307117112363659,540,REVIEW,LOW_BUREAU_SCORE,2025-04
APP-2026-002241,2025-04-04 09:00:00,41,8679046.0,114,509,0.2227,47900004.0,24,1,Self-employed,Mortgage,Partner,0,0.20572602382977268,481,DECLINE,LOW_BUREAU_SCORE; HIGH_LOAN_TO_INCOME,2025-04
APP-2026-002242,2025-04-04 10:00:00,33,30778231.0,77,604,0.143,47618949.0,36,2,Salaried,Mortgage,Mobile,0,0.0710393583640321,569,APPROVE,NO_MATERIAL_ADVERSE_FACTOR,2025-04
APP-2026-002243,2025-04-04 11:00:00,40,20851865.0,43,668,0.2876,100668209.0,6,1,Self-employed,Mortgage,Partner,1,0.1436338224233284,513,REVIEW,NO_MATERIAL_ADVERSE_FACTOR,2025-04
APP-2026-002244,2025-04-04 12:00:00,38,9425677.0,25,560,0.0592,78737929.0,12,1,Self-employed,Rented,Partner,0,0.2068355167901191,481,DECLINE,HIGH_LOAN_TO_INCOME; RENTED_RESIDENCE; LOW_BUREAU_SCORE,2025-04
APP-2026-002245,2025-04-04 13:00:00,23,21848860.0,45,683,0.2102,28579919.0,12,6,Self-employed,Owned,Mobile,1,0.16995325791612514,498,REVIEW,MULTIPLE_RECENT_INQUIRIES,2025-04
APP-2026-002246,2025-04-04 14:00:00,29,58538530.0,29,638,0.2871,43157070.0,18,0,Salaried,Owned,Branch,0,0.026495307243424616,644,APPROVE,NO_MATERIAL_ADVERSE_FACTOR,2025-04
APP-2026-002247,2025-04-04 15:00:00,39,28711370.0,106,571,0.6463,76544363.0,24,1,Self-employed,Family,Mobile,0,0.15834356124318016,504,REVIEW,HIGH_EXISTING_DTI; LOW_BUREAU_SCORE,2025-04
APP-2026-002248,2025-04-04 16:00:00,34,20281663.0,94,566,0.421,13464656.0,12,4,Salaried,Mortgage,Mobile,0,0.22020187648858708,475,DECLINE,MULTIPLE_RECENT_INQUIRIES; LOW_BUREAU_SCORE,2025-04
APP-2026-002249,2025-04-04 17:00:00,37,14902068.0,25,659,0.5274,70227970.0,6,2,Salaried,Rented,Mobile,0,0.2211667845525807,475,DECLINE,RENTED_RESIDENCE,2025-04
APP-2026-002250,2025-04-04 18:00:00,42,8877194.0,56,560,0.3553,78222722.0,18,0,Salaried,Family,Branch,1,0.13418777886443875,518,REVIEW,HIGH_LOAN_TO_INCOME; LOW_BUREAU_SCORE,2025-04
APP-2026-002251,2025-04-04 19:00:00,20,8782869.0,106,576,0.3579,86436577.0,12,0,Contract,Owned,Partner,1,0.203304245595693,482,DECLINE,HIGH_LOAN_TO_INCOME; CONTRACT_EMPLOYMENT; LOW_BUREAU_SCORE,2025-04
APP-2026-002252,2025-04-04 20:00:00,48,14647782.0,21,639,0.4595,116166131.0,18,1,Salaried,Rented,Mobile,1,0.20594680071025412,481,DECLINE,HIGH_LOAN_TO_INCOME; RENTED_RESIDENCE,2025-04
APP-2026-002253,2025-04-04 21:00:00,20,29283465.0,38,605,0.589,30693346.0,18,2,Salaried,Mortgage,Mobile,0,0.1678722717980373,499,REVIEW,HIGH_EXISTING_DTI,2025-04
APP-2026-002254,2025-04-04 22:00:00,35,16497316.0,53,487,0.5323,121436685.0,36,1,Self-employed,Owned,Mobile,0,0.32792934760646375,436,DECLINE,LOW_BUREAU_SCORE; HIGH_LOAN_TO_INCOME,2025-04
APP-2026-002255,2025-04-04 23:00:00,36,44211650.0,41,689,0.3211,22228552.0,6,1,Self-employed,Owned,Mobile,0,0.04084416157411479,612,APPROVE,NO_MATERIAL_ADVERSE_FACTOR,2025-04
APP-2026-002256,2025-04-05 00:00:00,33,10821749.0,16,646,0.3648,139703792.0,24,0,Salaried,Family,Mobile,1,0.129986542538026,521,REVIEW,HIGH_LOAN_TO_INCOME,2025-04
APP-2026-002257,2025-04-05 01:00:00,36,10075014.0,54,725,0.1225,145721041.0,24,2,Salaried,Mortgage,Branch,0,0.1153342398004997,531,REVIEW,HIGH_LOAN_TO_INCOME,2025-04
APP-2026-002258,2025-04-05 02:00:00,29,18751080.0,86,606,0.5286,165134294.0,6,2,Self-employed,Rented,Mobile,0,0.37685421284927106,420,DECLINE,HIGH_LOAN_TO_INCOME; RENTED_RESIDENCE,2025-04
APP-2026-002259,2025-04-05 03:00:00,28,17351453.0,85,599,0.3615,50803987.0,6,4,Salaried,Rented,Branch,0,0.2572754612543714,460,DECLINE,MULTIPLE_RECENT_INQUIRIES; RENTED_RESIDENCE,2025-04
APP-2026-002260,2025-04-05 04:00:00,33,41619014.0,110,477,0.3093,70828366.0,18,1,Self-employed,Rented,Partner,0,0.1744115521148177,496,REVIEW,LOW_BUREAU_SCORE; RENTED_RESIDENCE,2025-04
APP-2026-002261,2025-04-05 05:00:00,36,25827442.0,75,533,0.4253,47801646.0,36,1,Self-employed,Mortgage,Mobile,0,0.1595218735367167,504,REVIEW,LOW_BUREAU_SCORE,2025-04
APP-2026-002262,2025-04-05 06:00:00,28,18604338.0,55,658,0.4108,103917611.0,18,2,Salaried,Owned,Mobile,1,0.1469590237227037,511,REVIEW,HIGH_LOAN_TO_INCOME,2025-04
APP-2026-002263,2025-04-05 07:00:00,37,11971780.0,49,516,0.294,31090335.0,36,1,Salaried,Family,Mobile,0,0.12646490925376158,523,REVIEW,LOW_BUREAU_SCORE,2025-04
APP-2026-002264,2025-04-05 08:00:00,27,26425308.0,74,548,0.4623,89135721.0,18,1,Self-employed,Rented,Mobile,0,0.2310501806369308,471,DECLINE,LOW_BUREAU_SCORE; RENTED_RESIDENCE,2025-04
APP-2026-002265,2025-04-05 09:00:00,29,67770299.0,101,680,0.7637,40156429.0,24,2,Self-employed,Owned,Partner,0,0.06489116569104418,576,APPROVE,HIGH_EXISTING_DTI,2025-04
APP-2026-002266,2025-04-05 10:00:00,32,19248399.0,35,631,0.5176,22827187.0,18,1,Self-employed,Owned,Mobile,0,0.12669241588643526,523,REVIEW,NO_MATERIAL_ADVERSE_FACTOR,2025-04
APP-2026-002267,2025-04-05 11:00:00,38,9179027.0,17,678,0.8992,58481973.0,12,0,Salaried,Owned,Mobile,0,0.20004120084871485,484,DECLINE,HIGH_EXISTING_DTI; HIGH_LOAN_TO_INCOME,2025-04
APP-2026-002268,2025-04-05 12:00:00,32,7738340.0,18,641,0.0472,24690351.0,12,0,Salaried,Owned,Mobile,0,0.056292169750477614,587,APPROVE,NO_MATERIAL_ADVERSE_FACTOR,2025-04
APP-2026-002269,2025-04-05 13:00:00,38,15033604.0,57,664,0.473,36199730.0,18,2,Salaried,Rented,Mobile,1,0.15154437649049407,508,REVIEW,RENTED_RESIDENCE,2025-04
APP-2026-002270,2025-04-05 14:00:00,49,20445000.0,68,671,0.7597,89301772.0,12,1,Salaried,Rented,Branch,0,0.20487892482830375,482,DECLINE,HIGH_EXISTING_DTI; RENTED_RESIDENCE,2025-04
APP-2026-002271,2025-04-05 15:00:00,30,12391796.0,39,658,0.1609,214620770.0,24,3,Salaried,Owned,Partner,0,0.2588795561049947,460,DECLINE,HIGH_LOAN_TO_INCOME; MULTIPLE_RECENT_INQUIRIES,2025-04
APP-2026-002272,2025-04-05 16:00:00,46,14240471.0,51,647,0.213,134005777.0,24,1,Salaried,Rented,Mobile,0,0.1406994249435491,514,REVIEW,HIGH_LOAN_TO_INCOME; RENTED_RESIDENCE,2025-04
APP-2026-002273,2025-04-05 17:00:00,22,14039091.0,33,595,0.2285,136113836.0,12,0,Self-employed,Mortgage,Mobile,0,0.18829122649531488,489,DECLINE,HIGH_LOAN_TO_INCOME,2025-04
APP-2026-002274,2025-04-05 18:00:00,40,36801259.0,19,603,0.4222,87199644.0,18,0,Salaried,Family,Mobile,0,0.07392076524952548,566,APPROVE,NO_MATERIAL_ADVERSE_FACTOR,2025-04
APP-2026-002275,2025-04-05 19:00:00,33,9124468.0,62,695,0.2085,181989784.0,18,2,Salaried,Mortgage,Partner,0,0.2089389454751812,480,DECLINE,HIGH_LOAN_TO_INCOME,2025-04
APP-2026-002276,2025-04-05 20:00:00,53,13994240.0,79,683,0.2418,39058033.0,12,1,Self-employed,Rented,Mobile,0,0.08946521466241347,551,REVIEW,RENTED_RESIDENCE,2025-04
APP-2026-002277,2025-04-05 21:00:00,30,32781557.0,154,635,0.4257,51415311.0,24,1,Salaried,Family,Mobile,1,0.05427524950136507,590,APPROVE,NO_MATERIAL_ADVERSE_FACTOR,2025-04
APP-2026-002278,2025-04-05 22:00:00,27,41584474.0,55,557,0.2135,36530925.0,12,2,Self-employed,Rented,Partner,0,0.12973567763888622,521,REVIEW,LOW_BUREAU_SCORE; RENTED_RESIDENCE,2025-04
APP-2026-002279,2025-04-05 23:00:00,44,13263649.0,42,619,0.318,53428278.0,12,1,Self-employed,Owned,Mobile,1,0.12677018881677135,523,REVIEW,NO_MATERIAL_ADVERSE_FACTOR,2025-04
APP-2026-002280,2025-04-06 00:00:00,38,16604349.0,65,613,0.3255,65153984.0,12,1,Salaried,Owned,Mobile,1,0.10921928908199634,535,REVIEW,NO_MATERIAL_ADVERSE_FACTOR,2025-04
APP-2026-002281,2025-04-06 01:00:00,35,50642732.0,90,542,0.321,65411555.0,9,2,Self-employed,Mortgage,Mobile,0,0.1127392581488185,533,REVIEW,LOW_BUREAU_SCORE,2025-04
APP-2026-002282,2025-04-06 02:00:00,20,37073002.0,65,627,0.3961,22505390.0,24,0,Salaried,Owned,Partner,0,0.05368881066054809,591,APPROVE,NO_MATERIAL_ADVERSE_FACTOR,2025-04
APP-2026-002283,2025-04-06 03:00:00,38,11879596.0,67,433,0.1731,36137988.0,18,3,Salaried,Family,Partner,0,0.2633510881156247,458,DECLINE,LOW_BUREAU_SCORE; MULTIPLE_RECENT_INQUIRIES,2025-04
APP-2026-002284,2025-04-06 04:00:00,33,10898723.0,25,596,0.2396,32512521.0,9,2,Salaried,Family,Mobile,0,0.12546707189790304,524,REVIEW,NO_MATERIAL_ADVERSE_FACTOR,2025-04
APP-2026-002285,2025-04-06 05:00:00,35,19798077.0,38,473,0.74,42133947.0,12,0,Self-employed,Rented,Mobile,1,0.36230583514535863,425,DECLINE,LOW_BUREAU_SCORE; HIGH_EXISTING_DTI; RENTED_RESIDENCE,2025-04
APP-2026-002286,2025-04-06 06:00:00,27,11269101.0,20,643,0.1616,99052092.0,12,1,Salaried,Family,Mobile,0,0.10284071644817497,540,REVIEW,HIGH_LOAN_TO_INCOME,2025-04
APP-2026-002287,2025-04-06 07:00:00,46,14744179.0,22,582,0.1951,42586988.0,12,2,Self-employed,Rented,Mobile,0,0.18215331817351516,492,DECLINE,RENTED_RESIDENCE,2025-04
APP-2026-002288,2025-04-06 08:00:00,34,22427288.0,68,539,0.1555,289877814.0,9,2,Salaried,Mortgage,Mobile,1,0.3810913498854302,419,DECLINE,HIGH_LOAN_TO_INCOME; LOW_BUREAU_SCORE,2025-04
APP-2026-002289,2025-04-06 09:00:00,32,7551857.0,16,660,0.5152,42771897.0,18,2,Self-employed,Owned,Partner,1,0.22165816506880617,475,DECLINE,HIGH_LOAN_TO_INCOME,2025-04
APP-2026-002290,2025-04-06 10:00:00,20,21304437.0,41,699,0.3113,38081677.0,36,2,Contract,Owned,Partner,0,0.09988341391096206,542,REVIEW,CONTRACT_EMPLOYMENT,2025-04
APP-2026-002291,2025-04-06 11:00:00,32,23946407.0,88,520,0.0736,27530919.0,12,3,Self-employed,Rented,Partner,0,0.192155498556223,487,DECLINE,MULTIPLE_RECENT_INQUIRIES; LOW_BUREAU_SCORE; RENTED_RESIDENCE,2025-04
APP-2026-002292,2025-04-06 12:00:00,24,16378710.0,65,642,0.3352,55514157.0,18,3,Salaried,Rented,Partner,0,0.20383703557100855,482,DECLINE,MULTIPLE_RECENT_INQUIRIES; RENTED_RESIDENCE,2025-04
APP-2026-002293,2025-04-06 13:00:00,46,29170589.0,102,563,0.5014,172707018.0,24,3,Salaried,Owned,Mobile,0,0.26997798288566377,456,DECLINE,MULTIPLE_RECENT_INQUIRIES; HIGH_LOAN_TO_INCOME; LOW_BUREAU_SCORE,2025-04
APP-2026-002294,2025-04-06 14:00:00,36,13115215.0,36,532,0.262,16273739.0,18,2,Salaried,Owned,Branch,1,0.15286216486979956,507,REVIEW,LOW_BUREAU_SCORE,2025-04
APP-2026-002295,2025-04-06 15:00:00,29,15811315.0,46,579,0.1522,30351749.0,12,0,Salaried,Owned,Partner,0,0.08349134515704254,557,REVIEW,LOW_BUREAU_SCORE,2025-04
APP-2026-002296,2025-04-06 16:00:00,33,6953421.0,44,564,0.6653,128761804.0,36,0,Self-employed,Owned,Mobile,1,0.31208308452299954,441,DECLINE,HIGH_LOAN_TO_INCOME; HIGH_EXISTING_DTI; LOW_BUREAU_SCORE,2025-04
APP-2026-002297,2025-04-06 17:00:00,47,3664843.0,99,705,0.6117,47679952.0,18,3,Salaried,Rented,Partner,0,0.2509542087651179,463,DECLINE,HIGH_LOAN_TO_INCOME; HIGH_EXISTING_DTI; MULTIPLE_RECENT_INQUIRIES,2025-04
APP-2026-002298,2025-04-06 18:00:00,35,10095069.0,56,665,0.346,24489549.0,36,1,Salaried,Mortgage,Mobile,0,0.08961981623441206,551,REVIEW,NO_MATERIAL_ADVERSE_FACTOR,2025-04
APP-2026-002299,2025-04-06 19:00:00,34,17484704.0,14,516,0.3255,69018241.0,36,3,Salaried,Family,Mobile,0,0.2210176827771361,475,DECLINE,LOW_BUREAU_SCORE; MULTIPLE_RECENT_INQUIRIES,2025-04
APP-2026-002300,2025-04-06 20:00:00,51,18144664.0,23,636,0.6693,181059847.0,36,0,Salaried,Owned,Mobile,0,0.2085324362284037,480,DECLINE,HIGH_LOAN_TO_INCOME; HIGH_EXISTING_DTI,2025-04
APP-2026-002301,2025-04-06 21:00:00,37,15387732.0,16,655,0.3384,211000995.0,12,1,Salaried,Family,Mobile,0,0.19291865155080376,487,DECLINE,HIGH_LOAN_TO_INCOME,2025-04
APP-2026-002302,2025-04-06 22:00:00,42,15416416.0,73,483,0.3593,55884474.0,18,2,Salaried,Mortgage,Partner,0,0.2861530611888542,450,DECLINE,LOW_BUREAU_SCORE,2025-04
APP-2026-002303,2025-04-06 23:00:00,31,16943052.0,35,549,0.4527,31102755.0,12,3,Salaried,Family,Mobile,0,0.21509923867060757,477,DECLINE,MULTIPLE_RECENT_INQUIRIES; LOW_BUREAU_SCORE,2025-04
APP-2026-002304,2025-04-07 00:00:00,31,18429931.0,17,744,0.1159,38320998.0,18,0,Salaried,Owned,Partner,0,0.0359004255770881,621,APPROVE,NO_MATERIAL_ADVERSE_FACTOR,2025-04
APP-2026-002305,2025-04-07 01:00:00,42,11860229.0,85,540,0.2739,58779797.0,24,1,Salaried,Mortgage,Mobile,0,0.1559017936629372,506,REVIEW,LOW_BUREAU_SCORE,2025-04
APP-2026-002306,2025-04-07 02:00:00,34,7559009.0,101,527,0.1048,38770035.0,12,1,Salaried,Owned,Mobile,0,0.11591712922540642,530,REVIEW,LOW_BUREAU_SCORE; HIGH_LOAN_TO_INCOME,2025-04
APP-2026-002307,2025-04-07 03:00:00,37,25199939.0,83,560,0.6909,66857569.0,6,3,Salaried,Owned,Partner,0,0.31111767835745285,441,DECLINE,HIGH_EXISTING_DTI; MULTIPLE_RECENT_INQUIRIES; LOW_BUREAU_SCORE,2025-04
APP-2026-002308,2025-04-07 04:00:00,34,8670897.0,60,641,0.4449,44408907.0,12,3,Salaried,Mortgage,Partner,0,0.24334286796434962,466,DECLINE,MULTIPLE_RECENT_INQUIRIES; HIGH_LOAN_TO_INCOME,2025-04
APP-2026-002309,2025-04-07 05:00:00,34,40178598.0,89,670,0.3803,193044121.0,12,0,Self-employed,Mortgage,Mobile,0,0.10868026412694372,536,REVIEW,NO_MATERIAL_ADVERSE_FACTOR,2025-04
APP-2026-002310,2025-04-07 06:00:00,33,10021500.0,57,533,0.3169,51833793.0,12,3,Salaried,Mortgage,Mobile,0,0.2806055440266363,452,DECLINE,MULTIPLE_RECENT_INQUIRIES; HIGH_LOAN_TO_INCOME; LOW_BUREAU_SCORE,2025-04
APP-2026-002311,2025-04-07 07:00:00,22,14688907.0,22,668,0.2675,25568350.0,12,0,Salaried,Rented,Mobile,0,0.08138947085689013,559,REVIEW,RENTED_RESIDENCE,2025-04
APP-2026-002312,2025-04-07 08:00:00,46,29562169.0,9,540,0.2349,17865610.0,12,2,Self-employed,Owned,Mobile,0,0.12070205464746123,527,REVIEW,LOW_BUREAU_SCORE; SHORT_EMPLOYMENT_HISTORY,2025-04
APP-2026-002313,2025-04-07 09:00:00,29,13791013.0,79,626,0.2434,75214727.0,12,1,Salaried,Rented,Branch,0,0.13173324255467267,520,REVIEW,HIGH_LOAN_TO_INCOME; RENTED_RESIDENCE,2025-04
APP-2026-002314,2025-04-07 10:00:00,23,9294068.0,57,670,0.3511,25158100.0,36,2,Salaried,Rented,Branch,0,0.12733097657492343,523,REVIEW,RENTED_RESIDENCE,2025-04
APP-2026-002315,2025-04-07 11:00:00,35,15996714.0,48,535,0.1795,70854511.0,6,2,Self-employed,Family,Mobile,0,0.17764331695040164,494,REVIEW,LOW_BUREAU_SCORE,2025-04
APP-2026-002316,2025-04-07 12:00:00,28,29056366.0,86,460,0.3176,56794015.0,36,2,Contract,Family,Mobile,1,0.18969630917492877,489,DECLINE,LOW_BUREAU_SCORE; CONTRACT_EMPLOYMENT,2025-04
APP-2026-002317,2025-04-07 13:00:00,45,17559138.0,21,526,0.2269,56182604.0,18,0,Salaried,Family,Partner,0,0.11497064080077364,531,REVIEW,LOW_BUREAU_SCORE,2025-04
APP-2026-002318,2025-04-07 14:00:00,40,16046999.0,92,651,0.2579,57975952.0,24,1,Self-employed,Mortgage,Partner,1,0.11044523706739018,534,REVIEW,NO_MATERIAL_ADVERSE_FACTOR,2025-04
APP-2026-002319,2025-04-07 15:00:00,29,16584503.0,101,557,0.2849,95005170.0,12,1,Salaried,Owned,Mobile,0,0.14607602830584934,511,REVIEW,HIGH_LOAN_TO_INCOME; LOW_BUREAU_SCORE,2025-04
APP-2026-002320,2025-04-07 16:00:00,26,35051828.0,96,729,0.2958,100651092.0,24,1,Self-employed,Rented,Branch,0,0.06611634427123815,575,APPROVE,RENTED_RESIDENCE,2025-04
APP-2026-002321,2025-04-07 17:00:00,40,8838701.0,41,672,0.2853,17484098.0,36,0,Contract,Family,Mobile,0,0.06365483196740739,578,APPROVE,CONTRACT_EMPLOYMENT,2025-04
APP-2026-002322,2025-04-07 18:00:00,28,20620129.0,98,732,0.3653,69665577.0,12,0,Salaried,Owned,Mobile,0,0.04885422681660764,598,APPROVE,NO_MATERIAL_ADVERSE_FACTOR,2025-04
APP-2026-002323,2025-04-07 19:00:00,22,65133444.0,20,710,0.2907,83713128.0,18,0,Self-employed,Owned,Mobile,0,0.024336031116834772,650,APPROVE,NO_MATERIAL_ADVERSE_FACTOR,2025-04
APP-2026-002324,2025-04-07 20:00:00,20,17755863.0,31,572,0.2847,78187847.0,9,0,Salaried,Family,Mobile,0,0.11161456279025064,534,REVIEW,LOW_BUREAU_SCORE,2025-04
APP-2026-002325,2025-04-07 21:00:00,41,27722164.0,25,653,0.3746,59722102.0,36,1,Salaried,Rented,Partner,0,0.1045318105955407,539,REVIEW,RENTED_RESIDENCE,2025-04
APP-2026-002326,2025-04-07 22:00:00,20,12014151.0,33,591,0.4667,36773182.0,6,1,Self-employed,Owned,Mobile,0,0.19317005270153112,487,DECLINE,NO_MATERIAL_ADVERSE_FACTOR,2025-04
APP-2026-002327,2025-04-07 23:00:00,24,13234271.0,31,697,0.478,113972379.0,24,0,Self-employed,Rented,Partner,0,0.18828647377822935,489,DECLINE,HIGH_LOAN_TO_INCOME; RENTED_RESIDENCE,2025-04
APP-2026-002328,2025-04-08 00:00:00,40,18454570.0,40,653,0.1986,77932860.0,12,3,Salaried,Rented,Mobile,0,0.15326044439309872,507,REVIEW,MULTIPLE_RECENT_INQUIRIES; RENTED_RESIDENCE,2025-04
APP-2026-002329,2025-04-08 01:00:00,41,16905697.0,52,560,0.2701,41458828.0,24,2,Salaried,Rented,Partner,1,0.1895048825705537,489,DECLINE,RENTED_RESIDENCE; LOW_BUREAU_SCORE,2025-04
APP-2026-002330,2025-04-08 02:00:00,24,10433990.0,42,612,0.2823,61909446.0,24,2,Salaried,Rented,Mobile,0,0.18607510739503175,490,DECLINE,HIGH_LOAN_TO_INCOME; RENTED_RESIDENCE,2025-04
APP-2026-002331,2025-04-08 03:00:00,29,27570985.0,50,702,0.1725,19730085.0,36,1,Self-employed,Rented,Mobile,0,0.049213422082343576,598,APPROVE,RENTED_RESIDENCE,2025-04
APP-2026-002332,2025-04-08 04:00:00,43,13716046.0,79,406,0.3428,30864587.0,24,0,Contract,Rented,Mobile,0,0.283580069710805,451,DECLINE,LOW_BUREAU_SCORE; CONTRACT_EMPLOYMENT; RENTED_RESIDENCE,2025-04
APP-2026-002333,2025-04-08 05:00:00,36,26226774.0,50,684,0.3683,30946066.0,36,0,Salaried,Mortgage,Branch,0,0.04927701780340825,597,APPROVE,NO_MATERIAL_ADVERSE_FACTOR,2025-04
APP-2026-002334,2025-04-08 06:00:00,30,16893832.0,40,711,0.1422,39231905.0,24,3,Salaried,Rented,Branch,0,0.09077666595963013,550,REVIEW,MULTIPLE_RECENT_INQUIRIES; RENTED_RESIDENCE,2025-04
APP-2026-002335,2025-04-08 07:00:00,35,37702364.0,50,613,0.3215,45582754.0,24,3,Salaried,Rented,Mobile,0,0.11618878454038076,530,REVIEW,MULTIPLE_RECENT_INQUIRIES; RENTED_RESIDENCE,2025-04
APP-2026-002336,2025-04-08 08:00:00,38,16260623.0,103,755,0.2503,174020277.0,12,1,Self-employed,Rented,Mobile,0,0.1216477415957444,527,REVIEW,HIGH_LOAN_TO_INCOME; RENTED_RESIDENCE,2025-04
APP-2026-002337,2025-04-08 09:00:00,24,11162985.0,57,642,0.2598,80179985.0,24,2,Salaried,Owned,Partner,1,0.14709907168092579,511,REVIEW,HIGH_LOAN_TO_INCOME,2025-04
APP-2026-002338,2025-04-08 10:00:00,25,33032617.0,128,585,0.126,76842904.0,36,1,Salaried,Family,Partner,0,0.05564326754900811,588,APPROVE,NO_MATERIAL_ADVERSE_FACTOR,2025-04
APP-2026-002339,2025-04-08 11:00:00,44,8314631.0,51,751,0.2931,47614713.0,24,2,Salaried,Owned,Partner,1,0.08110759074613291,559,REVIEW,HIGH_LOAN_TO_INCOME,2025-04
APP-2026-002340,2025-04-08 12:00:00,50,14497227.0,39,745,0.3353,56878063.0,24,1,Self-employed,Owned,Mobile,0,0.06673139633873783,574,APPROVE,NO_MATERIAL_ADVERSE_FACTOR,2025-04
APP-2026-002341,2025-04-08 13:00:00,42,15070547.0,12,669,0.2125,82539464.0,18,1,Salaried,Rented,Mobile,0,0.11039950334308277,534,REVIEW,HIGH_LOAN_TO_INCOME; RENTED_RESIDENCE,2025-04
APP-2026-002342,2025-04-08 14:00:00,32,31269164.0,76,674,0.6763,46829208.0,24,1,Salaried,Family,Mobile,0,0.08049450162327212,560,REVIEW,HIGH_EXISTING_DTI,2025-04
APP-2026-002343,2025-04-08 15:00:00,28,22772895.0,12,586,0.2651,62002002.0,18,3,Self-employed,Mortgage,Partner,1,0.23765012321384066,468,DECLINE,MULTIPLE_RECENT_INQUIRIES,2025-04
APP-2026-002344,2025-04-08 16:00:00,35,19528018.0,44,581,0.1827,37615494.0,36,2,Self-employed,Mortgage,Mobile,0,0.12721288572447612,523,REVIEW,NO_MATERIAL_ADVERSE_FACTOR,2025-04
APP-2026-002345,2025-04-08 17:00:00,44,42942824.0,11,555,0.4116,88308606.0,24,0,Salaried,Owned,Mobile,0,0.08428859777814854,556,REVIEW,LOW_BUREAU_SCORE; SHORT_EMPLOYMENT_HISTORY,2025-04
APP-2026-002346,2025-04-08 18:00:00,45,18855881.0,92,735,0.5403,51601008.0,24,1,Salaried,Owned,Partner,0,0.07712890114575116,563,APPROVE,NO_MATERIAL_ADVERSE_FACTOR,2025-04
APP-2026-002347,2025-04-08 19:00:00,34,8534407.0,88,596,0.4678,33678470.0,18,0,Salaried,Owned,Mobile,0,0.11592258949693401,530,REVIEW,NO_MATERIAL_ADVERSE_FACTOR,2025-04
APP-2026-002348,2025-04-08 20:00:00,38,9427442.0,49,721,0.4192,103932014.0,6,2,Salaried,Owned,Partner,0,0.16287183861177051,502,REVIEW,HIGH_LOAN_TO_INCOME,2025-04
APP-2026-002349,2025-04-08 21:00:00,21,8044256.0,71,650,0.2755,75186343.0,12,2,Salaried,Rented,Partner,1,0.20110834242956113,483,DECLINE,HIGH_LOAN_TO_INCOME; RENTED_RESIDENCE,2025-04
APP-2026-002350,2025-04-08 22:00:00,33,17182414.0,37,762,0.4098,21526565.0,36,3,Salaried,Owned,Branch,0,0.0714568250474018,569,APPROVE,MULTIPLE_RECENT_INQUIRIES,2025-04
APP-2026-002351,2025-04-08 23:00:00,47,16720381.0,22,746,0.0431,21016834.0,24,2,Salaried,Owned,Mobile,0,0.0359422755696007,621,APPROVE,NO_MATERIAL_ADVERSE_FACTOR,2025-04
APP-2026-002352,2025-04-09 00:00:00,33,21059199.0,16,609,0.2856,14527188.0,24,1,Salaried,Mortgage,Partner,0,0.10435203460897213,539,REVIEW,NO_MATERIAL_ADVERSE_FACTOR,2025-04
APP-2026-002353,2025-04-09 01:00:00,38,19726827.0,45,553,0.4227,131771776.0,24,0,Salaried,Owned,Mobile,0,0.17024436228897916,498,REVIEW,HIGH_LOAN_TO_INCOME; LOW_BUREAU_SCORE,2025-04
APP-2026-002354,2025-04-09 02:00:00,42,19209455.0,42,626,0.6633,74016601.0,36,1,Salaried,Mortgage,Mobile,0,0.18001215617840846,493,DECLINE,HIGH_EXISTING_DTI,2025-04
APP-2026-002355,2025-04-09 03:00:00,42,43994743.0,50,645,0.6065,135874241.0,12,2,Self-employed,Rented,Partner,0,0.22767205325675213,472,DECLINE,HIGH_EXISTING_DTI; RENTED_RESIDENCE,2025-04
APP-2026-002356,2025-04-09 04:00:00,35,20793500.0,25,590,0.2291,50486585.0,12,2,Salaried,Rented,Mobile,0,0.15210573209905195,508,REVIEW,RENTED_RESIDENCE,2025-04
APP-2026-002357,2025-04-09 05:00:00,29,10985021.0,22,706,0.3924,97964557.0,24,2,Salaried,Owned,Mobile,0,0.13729673360178618,516,REVIEW,HIGH_LOAN_TO_INCOME,2025-04
APP-2026-002358,2025-04-09 06:00:00,20,13370886.0,89,638,0.139,47949563.0,24,0,Contract,Owned,Mobile,0,0.07069171518944228,570,APPROVE,CONTRACT_EMPLOYMENT,2025-04
APP-2026-002359,2025-04-09 07:00:00,24,13298825.0,55,560,0.7636,96769453.0,24,0,Self-employed,Rented,Mobile,0,0.3625366792288883,425,DECLINE,HIGH_EXISTING_DTI; HIGH_LOAN_TO_INCOME; RENTED_RESIDENCE,2025-04
APP-2026-002360,2025-04-09 08:00:00,31,16653826.0,68,608,0.3629,9512986.0,18,0,Contract,Rented,Partner,0,0.13564120836678348,517,REVIEW,CONTRACT_EMPLOYMENT; RENTED_RESIDENCE,2025-04
APP-2026-002361,2025-04-09 09:00:00,41,7782808.0,45,501,0.3794,57155331.0,9,3,Salaried,Rented,Partner,0,0.42307456518374886,406,DECLINE,LOW_BUREAU_SCORE; HIGH_LOAN_TO_INCOME; MULTIPLE_RECENT_INQUIRIES,2025-04
APP-2026-002362,2025-04-09 10:00:00,36,31195218.0,47,665,0.1272,123433454.0,12,0,Salaried,Family,Branch,0,0.04626674238317399,602,APPROVE,NO_MATERIAL_ADVERSE_FACTOR,2025-04
APP-2026-002363,2025-04-09 11:00:00,44,8748343.0,47,423,0.1748,44107459.0,18,2,Salaried,Rented,Mobile,1,0.30637884036175295,443,DECLINE,LOW_BUREAU_SCORE; HIGH_LOAN_TO_INCOME; RENTED_RESIDENCE,2025-04
APP-2026-002364,2025-04-09 12:00:00,23,22664512.0,68,670,0.2845,126316496.0,18,1,Salaried,Family,Mobile,0,0.08665684247803782,554,REVIEW,HIGH_LOAN_TO_INCOME,2025-04
APP-2026-002365,2025-04-09 13:00:00,20,27888384.0,47,647,0.3308,22597547.0,24,2,Salaried,Rented,Partner,0,0.11171176379650427,533,REVIEW,RENTED_RESIDENCE,2025-04
APP-2026-002366,2025-04-09 14:00:00,40,25405308.0,82,615,0.3799,24267808.0,12,0,Salaried,Mortgage,Mobile,0,0.07186768048506369,568,APPROVE,NO_MATERIAL_ADVERSE_FACTOR,2025-04
APP-2026-002367,2025-04-09 15:00:00,50,19233995.0,29,540,0.4634,36296611.0,24,2,Salaried,Mortgage,Partner,0,0.2325863021301422,470,DECLINE,LOW_BUREAU_SCORE,2025-04
APP-2026-002368,2025-04-09 16:00:00,36,17939133.0,18,522,0.3784,33295402.0,18,1,Self-employed,Owned,Partner,0,0.20466968280724213,482,DECLINE,LOW_BUREAU_SCORE,2025-04
APP-2026-002369,2025-04-09 17:00:00,29,42730436.0,38,794,0.2734,81621716.0,36,0,Salaried,Rented,Mobile,1,0.025448776414705797,647,APPROVE,RENTED_RESIDENCE,2025-04
APP-2026-002370,2025-04-09 18:00:00,42,26542637.0,86,513,0.507,78265835.0,24,0,Salaried,Rented,Branch,0,0.17898175610291,494,REVIEW,LOW_BUREAU_SCORE; RENTED_RESIDENCE,2025-04
APP-2026-002371,2025-04-09 19:00:00,47,8458284.0,58,558,0.3287,142744952.0,9,2,Self-employed,Mortgage,Branch,0,0.3528823511419866,428,DECLINE,HIGH_LOAN_TO_INCOME; LOW_BUREAU_SCORE,2025-04
APP-2026-002372,2025-04-09 20:00:00,23,24390192.0,16,636,0.3518,80501127.0,9,1,Salaried,Family,Mobile,0,0.10081576645988026,542,REVIEW,NO_MATERIAL_ADVERSE_FACTOR,2025-04
APP-2026-002373,2025-04-09 21:00:00,31,9614005.0,66,666,0.165,36529667.0,12,1,Salaried,Owned,Mobile,0,0.0689209550170401,572,APPROVE,NO_MATERIAL_ADVERSE_FACTOR,2025-04
APP-2026-002374,2025-04-09 22:00:00,43,27234121.0,44,698,0.0717,52656899.0,24,3,Salaried,Owned,Partner,0,0.06035429074066721,582,APPROVE,MULTIPLE_RECENT_INQUIRIES,2025-04
APP-2026-002375,2025-04-09 23:00:00,36,26936728.0,18,708,0.4231,54287131.0,24,0,Contract,Owned,Mobile,1,0.06633023568445809,575,APPROVE,CONTRACT_EMPLOYMENT,2025-04
APP-2026-002376,2025-04-10 00:00:00,27,72628370.0,70,672,0.6177,37080376.0,36,0,Salaried,Rented,Partner,0,0.03435056775154678,625,APPROVE,HIGH_EXISTING_DTI; RENTED_RESIDENCE,2025-04
APP-2026-002377,2025-04-10 01:00:00,32,19189352.0,29,697,0.3322,20680380.0,12,1,Contract,Rented,Partner,0,0.11790418713109663,529,REVIEW,CONTRACT_EMPLOYMENT; RENTED_RESIDENCE,2025-04
APP-2026-002378,2025-04-10 02:00:00,26,15849739.0,67,585,0.1308,65961793.0,36,2,Salaried,Family,Mobile,0,0.09585912279552297,546,REVIEW,NO_MATERIAL_ADVERSE_FACTOR,2025-04
APP-2026-002379,2025-04-10 03:00:00,21,15113183.0,48,764,0.6621,79213003.0,12,2,Salaried,Rented,Partner,0,0.20026303181890173,484,DECLINE,HIGH_EXISTING_DTI; HIGH_LOAN_TO_INCOME; RENTED_RESIDENCE,2025-04
APP-2026-002380,2025-04-10 04:00:00,37,24734707.0,32,682,0.3121,68299635.0,24,1,Salaried,Family,Mobile,0,0.06018240822748895,582,APPROVE,NO_MATERIAL_ADVERSE_FACTOR,2025-04
APP-2026-002381,2025-04-10 05:00:00,23,23593468.0,35,660,0.3158,76902303.0,36,1,Salaried,Rented,Mobile,0,0.10079434953287222,542,REVIEW,RENTED_RESIDENCE,2025-04
APP-2026-002382,2025-04-10 06:00:00,33,23084089.0,15,626,0.2296,168584334.0,24,1,Self-employed,Rented,Mobile,0,0.19690882619758057,485,DECLINE,HIGH_LOAN_TO_INCOME; RENTED_RESIDENCE,2025-04
APP-2026-002383,2025-04-10 07:00:00,26,34752042.0,53,600,0.3938,48488492.0,9,1,Salaried,Rented,Branch,0,0.11120170476660789,534,REVIEW,RENTED_RESIDENCE,2025-04
APP-2026-002384,2025-04-10 08:00:00,38,23706957.0,1,610,0.0868,128924461.0,12,2,Contract,Rented,Branch,0,0.19890514432904857,484,DECLINE,SHORT_EMPLOYMENT_HISTORY; HIGH_LOAN_TO_INCOME; CONTRACT_EMPLOYMENT,2025-04
APP-2026-002385,2025-04-10 09:00:00,31,7900583.0,44,651,0.3083,137900268.0,12,3,Contract,Rented,Mobile,1,0.3522091306514364,428,DECLINE,HIGH_LOAN_TO_INCOME; MULTIPLE_RECENT_INQUIRIES; CONTRACT_EMPLOYMENT,2025-04
APP-2026-002386,2025-04-10 10:00:00,32,13809657.0,43,669,0.1845,58371753.0,9,1,Contract,Mortgage,Partner,0,0.1292437918902823,522,REVIEW,CONTRACT_EMPLOYMENT,2025-04
APP-2026-002387,2025-04-10 11:00:00,20,18998601.0,42,783,0.5702,165646084.0,12,1,Self-employed,Rented,Mobile,0,0.18892739516535817,489,DECLINE,HIGH_LOAN_TO_INCOME; HIGH_EXISTING_DTI; RENTED_RESIDENCE,2025-04
APP-2026-002388,2025-04-10 12:00:00,36,23010340.0,49,622,0.1781,42838461.0,24,2,Salaried,Owned,Partner,1,0.08826817862618605,552,REVIEW,NO_MATERIAL_ADVERSE_FACTOR,2025-04
APP-2026-002389,2025-04-10 13:00:00,30,9395220.0,30,662,0.1912,85811755.0,24,0,Contract,Family,Partner,0,0.1041699546380648,539,REVIEW,HIGH_LOAN_TO_INCOME; CONTRACT_EMPLOYMENT,2025-04
APP-2026-002390,2025-04-10 14:00:00,27,33142532.0,15,631,0.0444,40441925.0,36,2,Salaried,Owned,Partner,0,0.05539999336187447,588,APPROVE,NO_MATERIAL_ADVERSE_FACTOR,2025-04
APP-2026-002391,2025-04-10 15:00:00,38,14502684.0,51,730,0.4553,123806169.0,24,2,Self-employed,Owned,Partner,0,0.16987741783416546,498,REVIEW,HIGH_LOAN_TO_INCOME,2025-04
APP-2026-002392,2025-04-10 16:00:00,42,29683916.0,74,696,0.3715,33700362.0,6,0,Self-employed,Family,Mobile,0,0.04305510934506589,608,APPROVE,NO_MATERIAL_ADVERSE_FACTOR,2025-04
APP-2026-002393,2025-04-10 17:00:00,49,28570226.0,80,590,0.3164,85644890.0,36,2,Salaried,Mortgage,Partner,0,0.13568026204190722,517,REVIEW,NO_MATERIAL_ADVERSE_FACTOR,2025-04
APP-2026-002394,2025-04-10 18:00:00,36,12516414.0,109,539,0.3635,54207469.0,6,4,Salaried,Family,Partner,0,0.2806552983496558,452,DECLINE,MULTIPLE_RECENT_INQUIRIES; LOW_BUREAU_SCORE,2025-04
APP-2026-002395,2025-04-10 19:00:00,36,25802758.0,75,659,0.3214,72519674.0,6,0,Salaried,Rented,Branch,0,0.079767496914388,560,APPROVE,RENTED_RESIDENCE,2025-04
APP-2026-002396,2025-04-10 20:00:00,26,34220363.0,52,648,0.4588,64246212.0,24,1,Salaried,Family,Mobile,0,0.07024269830988357,570,APPROVE,NO_MATERIAL_ADVERSE_FACTOR,2025-04
APP-2026-002397,2025-04-10 21:00:00,28,19380173.0,51,629,0.4222,50620706.0,6,0,Self-employed,Family,Mobile,0,0.09854794174606724,544,REVIEW,NO_MATERIAL_ADVERSE_FACTOR,2025-04
APP-2026-002398,2025-04-10 22:00:00,44,25656786.0,25,551,0.4803,53072764.0,36,0,Salaried,Rented,Mobile,0,0.13944045396948082,515,REVIEW,LOW_BUREAU_SCORE; RENTED_RESIDENCE,2025-04
APP-2026-002399,2025-04-10 23:00:00,30,9423871.0,24,709,0.0759,32855286.0,12,1,Contract,Owned,Partner,0,0.07761353273744848,562,APPROVE,CONTRACT_EMPLOYMENT,2025-04
APP-2026-002400,2025-04-11 00:00:00,50,9333756.0,78,674,0.4042,38835376.0,36,0,Salaried,Owned,Partner,1,0.07419518982499465,566,APPROVE,NO_MATERIAL_ADVERSE_FACTOR,2025-04
APP-2026-002401,2025-04-11 01:00:00,23,22603832.0,65,602,0.6944,96311687.0,12,2,Contract,Owned,Mobile,1,0.30635111375531754,443,DECLINE,HIGH_EXISTING_DTI; CONTRACT_EMPLOYMENT,2025-04
APP-2026-002402,2025-04-11 02:00:00,33,6504380.0,22,531,0.5278,25384245.0,18,2,Salaried,Owned,Branch,1,0.2737555847416435,454,DECLINE,LOW_BUREAU_SCORE,2025-04
APP-2026-002403,2025-04-11 03:00:00,32,12683145.0,66,790,0.3509,102387143.0,18,0,Salaried,Mortgage,Mobile,0,0.0625049108995998,579,APPROVE,HIGH_LOAN_TO_INCOME,2025-04
APP-2026-002404,2025-04-11 04:00:00,28,16937204.0,49,707,0.0889,142770018.0,36,2,Salaried,Rented,Mobile,0,0.1075353048162038,537,REVIEW,HIGH_LOAN_TO_INCOME; RENTED_RESIDENCE,2025-04
APP-2026-002405,2025-04-11 05:00:00,31,25808231.0,31,685,0.3083,73247069.0,18,2,Salaried,Mortgage,Mobile,0,0.09922194329133632,543,REVIEW,NO_MATERIAL_ADVERSE_FACTOR,2025-04
APP-2026-002406,2025-04-11 06:00:00,33,38140875.0,64,615,0.1543,24797373.0,9,1,Salaried,Rented,Partner,0,0.06338858463393755,578,APPROVE,RENTED_RESIDENCE,2025-04
APP-2026-002407,2025-04-11 07:00:00,36,30666212.0,34,583,0.3066,64710254.0,24,0,Salaried,Owned,Partner,0,0.08299838409330382,557,REVIEW,NO_MATERIAL_ADVERSE_FACTOR,2025-04
APP-2026-002408,2025-04-11 08:00:00,33,8829833.0,60,589,0.7384,97745007.0,36,1,Salaried,Mortgage,Mobile,0,0.30910418151881586,442,DECLINE,HIGH_LOAN_TO_INCOME; HIGH_EXISTING_DTI,2025-04
APP-2026-002409,2025-04-11 09:00:00,44,14844591.0,54,768,0.2563,53610371.0,9,2,Salaried,Mortgage,Partner,0,0.07941186806564728,561,APPROVE,NO_MATERIAL_ADVERSE_FACTOR,2025-04
APP-2026-002410,2025-04-11 10:00:00,57,22579167.0,20,548,0.6028,49281868.0,36,3,Salaried,Rented,Mobile,0,0.2900844848807826,448,DECLINE,HIGH_EXISTING_DTI; MULTIPLE_RECENT_INQUIRIES; LOW_BUREAU_SCORE,2025-04
APP-2026-002411,2025-04-11 11:00:00,41,14275031.0,40,550,0.327,150699159.0,9,3,Salaried,Rented,Mobile,0,0.39291703091674524,415,DECLINE,HIGH_LOAN_TO_INCOME; MULTIPLE_RECENT_INQUIRIES; LOW_BUREAU_SCORE,2025-04
APP-2026-002412,2025-04-11 12:00:00,38,22582109.0,62,623,0.2287,69964317.0,24,3,Salaried,Owned,Mobile,0,0.11360938238087437,532,REVIEW,MULTIPLE_RECENT_INQUIRIES,2025-04
APP-2026-002413,2025-04-11 13:00:00,25,10255492.0,88,765,0.5066,42655285.0,12,0,Salaried,Family,Branch,0,0.05514368455744947,589,APPROVE,NO_MATERIAL_ADVERSE_FACTOR,2025-04
APP-2026-002414,2025-04-11 14:00:00,29,10515648.0,51,501,0.7755,24375414.0,18,3,Self-employed,Rented,Mobile,1,0.5313634749248051,375,DECLINE,LOW_BUREAU_SCORE; HIGH_EXISTING_DTI; MULTIPLE_RECENT_INQUIRIES,2025-04
APP-2026-002415,2025-04-11 15:00:00,20,77565385.0,80,687,0.3309,34059613.0,18,1,Salaried,Mortgage,Mobile,0,0.018386298879318697,671,APPROVE,NO_MATERIAL_ADVERSE_FACTOR,2025-04
APP-2026-002416,2025-04-11 16:00:00,39,13910101.0,25,525,0.565,42810723.0,9,2,Salaried,Rented,Partner,1,0.37440971368918763,421,DECLINE,HIGH_EXISTING_DTI; LOW_BUREAU_SCORE; RENTED_RESIDENCE,2025-04
APP-2026-002417,2025-04-11 17:00:00,21,16996190.0,66,639,0.4755,22536638.0,24,2,Salaried,Mortgage,Mobile,0,0.14028934246597027,515,REVIEW,NO_MATERIAL_ADVERSE_FACTOR,2025-04
APP-2026-002418,2025-04-11 18:00:00,41,32953456.0,36,661,0.4591,84828137.0,12,0,Salaried,Family,Branch,0,0.06420410915717137,577,APPROVE,NO_MATERIAL_ADVERSE_FACTOR,2025-04
APP-2026-002419,2025-04-11 19:00:00,28,17849751.0,84,638,0.5842,72900538.0,24,1,Contract,Mortgage,Mobile,1,0.19960356946931213,484,DECLINE,HIGH_EXISTING_DTI; CONTRACT_EMPLOYMENT,2025-04
APP-2026-002420,2025-04-11 20:00:00,38,37935341.0,93,591,0.2852,28030561.0,36,1,Salaried,Owned,Branch,0,0.04743445993597391,600,APPROVE,NO_MATERIAL_ADVERSE_FACTOR,2025-04
APP-2026-002421,2025-04-11 21:00:00,39,73945938.0,128,559,0.2277,34459512.0,24,0,Self-employed,Owned,Mobile,0,0.020504101221234153,663,APPROVE,LOW_BUREAU_SCORE,2025-04
APP-2026-002422,2025-04-11 22:00:00,20,21069247.0,109,529,0.1799,36795899.0,36,0,Salaried,Rented,Mobile,0,0.09088530549110545,550,REVIEW,LOW_BUREAU_SCORE; RENTED_RESIDENCE,2025-04
APP-2026-002423,2025-04-11 23:00:00,27,96758151.0,40,652,0.1117,30942466.0,12,0,Self-employed,Owned,Mobile,0,0.008169615007161917,730,APPROVE,NO_MATERIAL_ADVERSE_FACTOR,2025-04
APP-2026-002424,2025-04-12 00:00:00,38,14407453.0,10,672,0.1316,30803813.0,18,1,Salaried,Mortgage,Mobile,0,0.06895994878384867,572,APPROVE,SHORT_EMPLOYMENT_HISTORY,2025-04
APP-2026-002425,2025-04-12 01:00:00,39,4831972.0,63,541,0.2361,42029891.0,24,0,Salaried,Rented,Mobile,0,0.15091197807025117,509,REVIEW,HIGH_LOAN_TO_INCOME; LOW_BUREAU_SCORE; RENTED_RESIDENCE,2025-04
APP-2026-002426,2025-04-12 02:00:00,42,21996462.0,58,700,0.2942,135388286.0,12,1,Self-employed,Family,Mobile,0,0.09291948198547526,548,REVIEW,HIGH_LOAN_TO_INCOME,2025-04
APP-2026-002427,2025-04-12 03:00:00,31,24937870.0,116,713,0.5136,57627989.0,36,2,Salaried,Mortgage,Branch,0,0.08687753850865845,554,REVIEW,NO_MATERIAL_ADVERSE_FACTOR,2025-04
APP-2026-002428,2025-04-12 04:00:00,34,9053449.0,44,587,0.4009,35288870.0,12,1,Contract,Owned,Branch,0,0.1865643747121124,490,DECLINE,CONTRACT_EMPLOYMENT,2025-04
APP-2026-002429,2025-04-12 05:00:00,51,8638934.0,51,647,0.454,56581159.0,9,2,Salaried,Family,Mobile,0,0.1456974315473366,511,REVIEW,HIGH_LOAN_TO_INCOME,2025-04
APP-2026-002430,2025-04-12 06:00:00,36,11092068.0,49,675,0.1038,35344971.0,6,2,Salaried,Rented,Partner,0,0.11095949241684692,534,REVIEW,RENTED_RESIDENCE,2025-04
APP-2026-002431,2025-04-12 07:00:00,42,7164821.0,83,593,0.6708,23271629.0,12,1,Salaried,Mortgage,Branch,0,0.22082258793669327,475,DECLINE,HIGH_EXISTING_DTI,2025-04
APP-2026-002432,2025-04-12 08:00:00,32,17926766.0,64,750,0.2472,31656924.0,6,1,Self-employed,Rented,Mobile,0,0.06685523880493108,574,APPROVE,RENTED_RESIDENCE,2025-04
APP-2026-002433,2025-04-12 09:00:00,21,12238979.0,50,524,0.3774,200290654.0,24,0,Contract,Rented,Partner,0,0.4553122728617677,397,DECLINE,HIGH_LOAN_TO_INCOME; LOW_BUREAU_SCORE; CONTRACT_EMPLOYMENT,2025-04
APP-2026-002434,2025-04-12 10:00:00,39,46316529.0,72,481,0.5024,64190992.0,9,2,Salaried,Rented,Partner,0,0.2293792521476238,471,DECLINE,LOW_BUREAU_SCORE; RENTED_RESIDENCE,2025-04
APP-2026-002435,2025-04-12 11:00:00,39,32967521.0,99,743,0.3995,75113200.0,9,2,Self-employed,Mortgage,Partner,0,0.08840152734598941,552,REVIEW,NO_MATERIAL_ADVERSE_FACTOR,2025-04
APP-2026-002436,2025-04-12 12:00:00,43,15725081.0,30,584,0.3275,83014983.0,36,2,Salaried,Family,Partner,0,0.16372594050986314,502,REVIEW,HIGH_LOAN_TO_INCOME,2025-04
APP-2026-002437,2025-04-12 13:00:00,26,16017945.0,17,688,0.4195,99852514.0,12,1,Salaried,Owned,Mobile,0,0.12483998599022554,524,REVIEW,HIGH_LOAN_TO_INCOME,2025-04
APP-2026-002438,2025-04-12 14:00:00,28,39035939.0,49,560,0.1636,65240685.0,24,1,Contract,Rented,Mobile,0,0.10738419426227923,537,REVIEW,CONTRACT_EMPLOYMENT; RENTED_RESIDENCE; LOW_BUREAU_SCORE,2025-04
APP-2026-002439,2025-04-12 15:00:00,20,27836241.0,35,614,0.335,57999860.0,9,1,Salaried,Rented,Mobile,0,0.12330594215643868,525,REVIEW,RENTED_RESIDENCE,2025-04
APP-2026-002440,2025-04-12 16:00:00,39,7877461.0,13,644,0.1494,82479541.0,12,4,Self-employed,Rented,Mobile,0,0.26920547294284286,456,DECLINE,HIGH_LOAN_TO_INCOME; MULTIPLE_RECENT_INQUIRIES; RENTED_RESIDENCE,2025-04
APP-2026-002441,2025-04-12 17:00:00,42,19868281.0,69,644,0.4485,63107108.0,12,0,Salaried,Mortgage,Branch,0,0.0992316466840549,543,REVIEW,NO_MATERIAL_ADVERSE_FACTOR,2025-04
APP-2026-002442,2025-04-12 18:00:00,28,22791363.0,84,810,0.2382,201098224.0,12,1,Self-employed,Family,Mobile,0,0.06949105057179264,571,APPROVE,HIGH_LOAN_TO_INCOME,2025-04
APP-2026-002443,2025-04-12 19:00:00,30,20174643.0,65,578,0.7723,38860691.0,12,1,Salaried,Rented,Mobile,0,0.2590647019563143,460,DECLINE,HIGH_EXISTING_DTI; RENTED_RESIDENCE; LOW_BUREAU_SCORE,2025-04
APP-2026-002444,2025-04-12 20:00:00,33,30219505.0,32,551,0.4447,46691991.0,24,2,Self-employed,Mortgage,Mobile,0,0.1938583599843692,487,DECLINE,LOW_BUREAU_SCORE,2025-04
APP-2026-002445,2025-04-12 21:00:00,49,13994135.0,89,665,0.2198,56439541.0,18,0,Self-employed,Rented,Mobile,0,0.0802285950199425,560,REVIEW,RENTED_RESIDENCE,2025-04
APP-2026-002446,2025-04-12 22:00:00,43,6743947.0,13,656,0.0726,52862977.0,36,3,Salaried,Family,Mobile,0,0.09389686486626338,547,REVIEW,HIGH_LOAN_TO_INCOME; MULTIPLE_RECENT_INQUIRIES,2025-04
APP-2026-002447,2025-04-12 23:00:00,45,32066935.0,23,624,0.2041,118954598.0,12,1,Salaried,Mortgage,Partner,0,0.11293050610461468,533,REVIEW,NO_MATERIAL_ADVERSE_FACTOR,2025-04
APP-2026-002448,2025-04-13 00:00:00,33,10123910.0,99,632,0.2366,299968484.0,6,2,Salaried,Rented,Branch,0,0.4048776450669972,412,DECLINE,HIGH_LOAN_TO_INCOME; RENTED_RESIDENCE,2025-04
APP-2026-002449,2025-04-13 01:00:00,30,13920658.0,65,743,0.25,54164530.0,24,0,Salaried,Mortgage,Mobile,0,0.04885980464709589,598,APPROVE,NO_MATERIAL_ADVERSE_FACTOR,2025-04
APP-2026-002450,2025-04-13 02:00:00,44,20662731.0,79,797,0.1522,97065147.0,6,0,Salaried,Family,Partner,0,0.03088425111927966,632,APPROVE,NO_MATERIAL_ADVERSE_FACTOR,2025-04
APP-2026-002451,2025-04-13 03:00:00,20,8273310.0,83,645,0.2108,38922108.0,24,2,Salaried,Rented,Partner,0,0.14561368965878424,512,REVIEW,RENTED_RESIDENCE,2025-04
APP-2026-002452,2025-04-13 04:00:00,39,16335418.0,63,631,0.2429,32876329.0,24,1,Salaried,Rented,Mobile,0,0.09211971193506813,549,REVIEW,RENTED_RESIDENCE,2025-04
APP-2026-002453,2025-04-13 05:00:00,23,9846036.0,22,712,0.2164,44247789.0,12,0,Contract,Rented,Mobile,0,0.09557338209033808,546,REVIEW,CONTRACT_EMPLOYMENT; RENTED_RESIDENCE,2025-04
APP-2026-002454,2025-04-13 06:00:00,42,12140033.0,38,691,0.4176,188855407.0,24,1,Self-employed,Rented,Mobile,0,0.24834750249923226,464,DECLINE,HIGH_LOAN_TO_INCOME; RENTED_RESIDENCE,2025-04
APP-2026-002455,2025-04-13 07:00:00,39,10064415.0,39,599,0.1196,111099146.0,12,2,Salaried,Rented,Mobile,0,0.1983813004087884,485,DECLINE,HIGH_LOAN_TO_INCOME; RENTED_RESIDENCE,2025-04
APP-2026-002456,2025-04-13 08:00:00,26,9063333.0,33,701,0.3666,130642952.0,12,1,Salaried,Rented,Partner,0,0.2050139043536802,482,DECLINE,HIGH_LOAN_TO_INCOME; RENTED_RESIDENCE,2025-04
APP-2026-002457,2025-04-13 09:00:00,36,27563870.0,67,687,0.1283,108452662.0,24,0,Salaried,Owned,Partner,0,0.047833791667126035,600,APPROVE,NO_MATERIAL_ADVERSE_FACTOR,2025-04
APP-2026-002458,2025-04-13 10:00:00,24,25236329.0,52,786,0.5498,53715907.0,12,0,Salaried,Rented,Branch,1,0.06218582110283568,580,APPROVE,RENTED_RESIDENCE,2025-04
APP-2026-002459,2025-04-13 11:00:00,25,18542503.0,89,612,0.5418,39352102.0,36,1,Salaried,Family,Mobile,0,0.1042887512672775,539,REVIEW,NO_MATERIAL_ADVERSE_FACTOR,2025-04
APP-2026-002460,2025-04-13 12:00:00,31,12610999.0,35,556,0.0532,33253995.0,12,0,Self-employed,Rented,Mobile,0,0.1153042984693979,531,REVIEW,LOW_BUREAU_SCORE; RENTED_RESIDENCE,2025-04
APP-2026-002461,2025-04-13 13:00:00,28,8854179.0,69,527,0.0856,104121535.0,36,0,Salaried,Rented,Partner,1,0.1730511441776731,497,REVIEW,HIGH_LOAN_TO_INCOME; LOW_BUREAU_SCORE; RENTED_RESIDENCE,2025-04
APP-2026-002462,2025-04-13 14:00:00,43,4304818.0,87,551,0.2791,36513442.0,24,1,Salaried,Rented,Mobile,0,0.17272718962285866,497,REVIEW,HIGH_LOAN_TO_INCOME; LOW_BUREAU_SCORE; RENTED_RESIDENCE,2025-04
APP-2026-002463,2025-04-13 15:00:00,53,12515638.0,12,655,0.3146,81179904.0,9,1,Contract,Rented,Mobile,0,0.18175495788598872,492,DECLINE,HIGH_LOAN_TO_INCOME; CONTRACT_EMPLOYMENT; RENTED_RESIDENCE,2025-04
APP-2026-002464,2025-04-13 16:00:00,34,14289209.0,54,559,0.1058,78424033.0,36,3,Salaried,Family,Branch,0,0.13923033398577758,515,REVIEW,MULTIPLE_RECENT_INQUIRIES; HIGH_LOAN_TO_INCOME; LOW_BUREAU_SCORE,2025-04
APP-2026-002465,2025-04-13 17:00:00,34,20376136.0,120,699,0.4094,186848242.0,36,1,Self-employed,Rented,Branch,1,0.16674081982950448,500,REVIEW,HIGH_LOAN_TO_INCOME; RENTED_RESIDENCE,2025-04
APP-2026-002466,2025-04-13 18:00:00,41,28782384.0,5,705,0.3347,95173973.0,12,1,Self-employed,Family,Branch,0,0.07608927135414725,564,APPROVE,SHORT_EMPLOYMENT_HISTORY,2025-04
APP-2026-002467,2025-04-13 19:00:00,32,16676775.0,26,639,0.5183,37579874.0,12,2,Self-employed,Owned,Mobile,1,0.17654651159323653,495,REVIEW,NO_MATERIAL_ADVERSE_FACTOR,2025-04
APP-2026-002468,2025-04-13 20:00:00,38,17905419.0,48,567,0.281,57139616.0,12,2,Salaried,Rented,Mobile,0,0.18755957289669228,490,DECLINE,RENTED_RESIDENCE; LOW_BUREAU_SCORE,2025-04
APP-2026-002469,2025-04-13 21:00:00,20,12137862.0,31,677,0.2931,63851340.0,24,2,Salaried,Owned,Mobile,0,0.1123697178039336,533,REVIEW,HIGH_LOAN_TO_INCOME,2025-04
APP-2026-002470,2025-04-13 22:00:00,28,15732610.0,54,679,0.4765,30508652.0,36,2,Contract,Owned,Mobile,1,0.12767876798794336,523,REVIEW,CONTRACT_EMPLOYMENT,2025-04
APP-2026-002471,2025-04-13 23:00:00,20,22894469.0,56,477,0.0589,18123047.0,18,2,Salaried,Rented,Branch,1,0.15214843064275357,508,REVIEW,LOW_BUREAU_SCORE; RENTED_RESIDENCE,2025-04
APP-2026-002472,2025-04-14 00:00:00,20,10261468.0,77,737,0.3209,64550878.0,9,0,Salaried,Owned,Mobile,0,0.06056361265783326,582,APPROVE,HIGH_LOAN_TO_INCOME,2025-04
APP-2026-002473,2025-04-14 01:00:00,43,16608813.0,51,538,0.1507,33313480.0,12,0,Contract,Rented,Branch,0,0.1350500900103746,518,REVIEW,LOW_BUREAU_SCORE; CONTRACT_EMPLOYMENT; RENTED_RESIDENCE,2025-04
APP-2026-002474,2025-04-14 02:00:00,32,17746315.0,105,678,0.2186,39612584.0,24,4,Salaried,Rented,Mobile,0,0.12371613464308054,525,REVIEW,MULTIPLE_RECENT_INQUIRIES; RENTED_RESIDENCE,2025-04
APP-2026-002475,2025-04-14 03:00:00,48,10204627.0,52,572,0.1321,35605662.0,12,3,Contract,Rented,Branch,0,0.22610776713351743,473,DECLINE,MULTIPLE_RECENT_INQUIRIES; CONTRACT_EMPLOYMENT; RENTED_RESIDENCE,2025-04
APP-2026-002476,2025-04-14 04:00:00,48,9304245.0,27,590,0.0515,38767266.0,12,1,Self-employed,Rented,Mobile,0,0.12735763422603294,523,REVIEW,RENTED_RESIDENCE,2025-04
APP-2026-002477,2025-04-14 05:00:00,34,36295079.0,29,568,0.0646,67833722.0,9,3,Salaried,Mortgage,Mobile,0,0.11290209822163697,533,REVIEW,MULTIPLE_RECENT_INQUIRIES; LOW_BUREAU_SCORE,2025-04
APP-2026-002478,2025-04-14 06:00:00,31,26652566.0,34,556,0.2669,63590436.0,24,1,Self-employed,Rented,Mobile,0,0.1554674640215152,506,REVIEW,LOW_BUREAU_SCORE; RENTED_RESIDENCE,2025-04
APP-2026-002479,2025-04-14 07:00:00,28,14202606.0,110,576,0.5681,30919028.0,12,1,Contract,Family,Mobile,0,0.18100575967833005,493,DECLINE,HIGH_EXISTING_DTI; CONTRACT_EMPLOYMENT; LOW_BUREAU_SCORE,2025-04
APP-2026-002480,2025-04-14 08:00:00,20,16781382.0,28,631,0.1677,111787661.0,18,1,Salaried,Rented,Mobile,0,0.1419405562910922,514,REVIEW,HIGH_LOAN_TO_INCOME; RENTED_RESIDENCE,2025-04
APP-2026-002481,2025-04-14 09:00:00,30,26457880.0,37,701,0.1066,57824016.0,12,2,Salaried,Mortgage,Mobile,0,0.06203789769631326,580,APPROVE,NO_MATERIAL_ADVERSE_FACTOR,2025-04
APP-2026-002482,2025-04-14 10:00:00,32,9897130.0,58,654,0.4853,40352519.0,12,2,Salaried,Owned,Partner,0,0.1711801081209925,498,REVIEW,NO_MATERIAL_ADVERSE_FACTOR,2025-04
APP-2026-002483,2025-04-14 11:00:00,28,16853899.0,45,672,0.6625,52846845.0,6,4,Salaried,Family,Branch,0,0.23629154961384055,469,DECLINE,MULTIPLE_RECENT_INQUIRIES; HIGH_EXISTING_DTI,2025-04
APP-2026-002484,2025-04-14 12:00:00,26,27332659.0,77,540,0.1621,98943510.0,36,1,Salaried,Family,Mobile,0,0.08970657785699666,551,REVIEW,LOW_BUREAU_SCORE,2025-04
APP-2026-002485,2025-04-14 13:00:00,34,10919500.0,30,557,0.1297,28378373.0,18,1,Salaried,Mortgage,Partner,0,0.13876270270165603,516,REVIEW,LOW_BUREAU_SCORE,2025-04
APP-2026-002486,2025-04-14 14:00:00,31,19426554.0,50,587,0.2639,26728716.0,18,1,Salaried,Mortgage,Partner,0,0.11898439773945893,528,REVIEW,NO_MATERIAL_ADVERSE_FACTOR,2025-04
APP-2026-002487,2025-04-14 15:00:00,36,5889490.0,43,710,0.3025,19150226.0,36,1,Salaried,Rented,Mobile,0,0.08249372373866774,558,REVIEW,RENTED_RESIDENCE,2025-04
APP-2026-002488,2025-04-14 16:00:00,25,17864398.0,37,651,0.2455,115293616.0,18,2,Self-employed,Rented,Mobile,1,0.19399804785566274,487,DECLINE,HIGH_LOAN_TO_INCOME; RENTED_RESIDENCE,2025-04
APP-2026-002489,2025-04-14 17:00:00,51,16034363.0,22,618,0.2434,76093129.0,24,1,Contract,Mortgage,Partner,1,0.16492452677495034,501,REVIEW,CONTRACT_EMPLOYMENT,2025-04
APP-2026-002490,2025-04-14 18:00:00,39,48905470.0,87,566,0.483,33186385.0,6,3,Contract,Rented,Partner,0,0.19177839569882224,488,DECLINE,MULTIPLE_RECENT_INQUIRIES; CONTRACT_EMPLOYMENT; RENTED_RESIDENCE,2025-04
APP-2026-002491,2025-04-14 19:00:00,33,19486101.0,35,685,0.3572,44661832.0,18,2,Self-employed,Family,Mobile,0,0.09547840982873415,546,REVIEW,NO_MATERIAL_ADVERSE_FACTOR,2025-04
APP-2026-002492,2025-04-14 20:00:00,27,13336595.0,29,449,0.4556,95113087.0,12,1,Self-employed,Rented,Mobile,1,0.4488516320723899,399,DECLINE,LOW_BUREAU_SCORE; HIGH_LOAN_TO_INCOME; RENTED_RESIDENCE,2025-04
APP-2026-002493,2025-04-14 21:00:00,26,23087378.0,39,570,0.2808,36595771.0,18,1,Salaried,Rented,Branch,0,0.12830242224676452,522,REVIEW,RENTED_RESIDENCE; LOW_BUREAU_SCORE,2025-04
APP-2026-002494,2025-04-14 22:00:00,41,19463469.0,14,632,0.2373,45294575.0,6,2,Self-employed,Family,Mobile,0,0.10928019708624133,535,REVIEW,NO_MATERIAL_ADVERSE_FACTOR,2025-04
APP-2026-002495,2025-04-14 23:00:00,31,10169110.0,27,697,0.1305,64193349.0,18,0,Salaried,Owned,Mobile,0,0.05455468440434017,590,APPROVE,HIGH_LOAN_TO_INCOME,2025-04
APP-2026-002496,2025-04-15 00:00:00,35,17361601.0,77,615,0.6162,32062088.0,12,2,Salaried,Rented,Partner,0,0.2401176774297275,467,DECLINE,HIGH_EXISTING_DTI; RENTED_RESIDENCE,2025-04
APP-2026-002497,2025-04-15 01:00:00,38,50149250.0,32,568,0.7166,117303415.0,24,4,Self-employed,Family,Partner,1,0.30121159024322364,445,DECLINE,MULTIPLE_RECENT_INQUIRIES; HIGH_EXISTING_DTI; LOW_BUREAU_SCORE,2025-04
APP-2026-002498,2025-04-15 02:00:00,29,21921905.0,98,477,0.2448,44107299.0,24,3,Salaried,Rented,Mobile,0,0.2369911287921515,468,DECLINE,LOW_BUREAU_SCORE; MULTIPLE_RECENT_INQUIRIES; RENTED_RESIDENCE,2025-04
APP-2026-002499,2025-04-15 03:00:00,37,7571898.0,27,610,0.4943,73974287.0,12,2,Contract,Mortgage,Mobile,1,0.32257678141076584,437,DECLINE,HIGH_LOAN_TO_INCOME; CONTRACT_EMPLOYMENT,2025-04
APP-2026-002500,2025-04-15 04:00:00,20,15150137.0,16,599,0.5242,40095191.0,36,1,Contract,Mortgage,Mobile,0,0.21632478270231195,477,DECLINE,CONTRACT_EMPLOYMENT,2025-04
APP-2026-002501,2025-04-15 05:00:00,26,21419395.0,102,730,0.2665,38891800.0,12,4,Salaried,Owned,Partner,0,0.09372102977584315,548,REVIEW,MULTIPLE_RECENT_INQUIRIES,2025-04
APP-2026-002502,2025-04-15 06:00:00,20,16456775.0,21,590,0.3753,132602821.0,12,3,Self-employed,Rented,Branch,0,0.3943553115516556,415,DECLINE,HIGH_LOAN_TO_INCOME; MULTIPLE_RECENT_INQUIRIES; RENTED_RESIDENCE,2025-04
APP-2026-002503,2025-04-15 07:00:00,31,38215019.0,15,608,0.1631,84475119.0,36,2,Salaried,Mortgage,Mobile,0,0.08400609892180924,556,REVIEW,NO_MATERIAL_ADVERSE_FACTOR,2025-04
APP-2026-002504,2025-04-15 08:00:00,30,13798186.0,33,655,0.3386,82838543.0,24,1,Salaried,Owned,Mobile,0,0.11065294798739111,534,REVIEW,HIGH_LOAN_TO_INCOME,2025-04
APP-2026-002505,2025-04-15 09:00:00,50,42910364.0,90,604,0.2599,75037218.0,24,2,Salaried,Mortgage,Mobile,0,0.0726247264609906,568,APPROVE,NO_MATERIAL_ADVERSE_FACTOR,2025-04
APP-2026-002506,2025-04-15 10:00:00,27,12416246.0,68,726,0.4387,33033091.0,24,1,Salaried,Rented,Mobile,0,0.09186003524532019,549,REVIEW,RENTED_RESIDENCE,2025-04
APP-2026-002507,2025-04-15 11:00:00,35,17494579.0,40,636,0.4785,76204490.0,24,2,Salaried,Owned,Mobile,0,0.1566859123726622,505,REVIEW,NO_MATERIAL_ADVERSE_FACTOR,2025-04
APP-2026-002508,2025-04-15 12:00:00,38,33500753.0,71,621,0.3118,57495987.0,18,1,Salaried,Rented,Partner,1,0.09611203303241013,546,REVIEW,RENTED_RESIDENCE,2025-04
APP-2026-002509,2025-04-15 13:00:00,47,7268073.0,19,492,0.5658,54587070.0,18,1,Salaried,Family,Branch,0,0.27974306927029746,452,DECLINE,LOW_BUREAU_SCORE; HIGH_LOAN_TO_INCOME; HIGH_EXISTING_DTI,2025-04
APP-2026-002510,2025-04-15 14:00:00,38,10722785.0,12,509,0.4363,53977321.0,12,3,Salaried,Rented,Branch,1,0.39691237812555913,414,DECLINE,LOW_BUREAU_SCORE; MULTIPLE_RECENT_INQUIRIES; HIGH_LOAN_TO_INCOME,2025-04
APP-2026-002511,2025-04-15 15:00:00,41,23931855.0,32,655,0.1539,59077946.0,18,0,Contract,Rented,Mobile,0,0.07772800077500834,562,APPROVE,CONTRACT_EMPLOYMENT; RENTED_RESIDENCE,2025-04
APP-2026-002512,2025-04-15 16:00:00,50,39675897.0,38,636,0.3821,32775922.0,12,3,Salaried,Rented,Mobile,0,0.1070756630803141,537,REVIEW,MULTIPLE_RECENT_INQUIRIES; RENTED_RESIDENCE,2025-04
APP-2026-002513,2025-04-15 17:00:00,20,12097303.0,49,559,0.4692,76861275.0,12,4,Self-employed,Family,Partner,1,0.40462309613003383,412,DECLINE,MULTIPLE_RECENT_INQUIRIES; HIGH_LOAN_TO_INCOME; LOW_BUREAU_SCORE,2025-04
APP-2026-002514,2025-04-15 18:00:00,29,23785114.0,37,547,0.5313,47191279.0,9,0,Self-employed,Family,Partner,0,0.17144954239797885,498,REVIEW,LOW_BUREAU_SCORE,2025-04
APP-2026-002515,2025-04-15 19:00:00,31,9250652.0,59,600,0.1147,44087017.0,36,0,Salaried,Rented,Mobile,0,0.0856861695885905,555,REVIEW,RENTED_RESIDENCE,2025-04
APP-2026-002516,2025-04-15 20:00:00,34,23481524.0,97,705,0.1445,77212025.0,18,2,Salaried,Rented,Mobile,1,0.07139530271687355,569,APPROVE,RENTED_RESIDENCE,2025-04
APP-2026-002517,2025-04-15 21:00:00,28,41443646.0,46,548,0.2675,62043719.0,24,0,Salaried,Rented,Mobile,0,0.080316989730615,560,REVIEW,LOW_BUREAU_SCORE; RENTED_RESIDENCE,2025-04
APP-2026-002518,2025-04-15 22:00:00,44,14808449.0,46,592,0.335,53309312.0,12,2,Salaried,Rented,Partner,0,0.21236754379370576,478,DECLINE,RENTED_RESIDENCE,2025-04
APP-2026-002519,2025-04-15 23:00:00,29,13509905.0,73,483,0.3783,94973783.0,12,0,Self-employed,Owned,Branch,0,0.2418951428650645,466,DECLINE,LOW_BUREAU_SCORE; HIGH_LOAN_TO_INCOME,2025-04
APP-2026-002520,2025-04-16 00:00:00,28,35563404.0,42,673,0.3158,60281537.0,24,1,Salaried,Rented,Mobile,0,0.0682893672807092,572,APPROVE,RENTED_RESIDENCE,2025-04
APP-2026-002521,2025-04-16 01:00:00,38,25551241.0,38,507,0.7067,53723866.0,24,1,Salaried,Mortgage,Mobile,0,0.26705544401183007,457,DECLINE,LOW_BUREAU_SCORE; HIGH_EXISTING_DTI,2025-04
APP-2026-002522,2025-04-16 02:00:00,27,30106250.0,52,627,0.696,59817383.0,12,4,Self-employed,Family,Branch,0,0.2562851796020557,461,DECLINE,MULTIPLE_RECENT_INQUIRIES; HIGH_EXISTING_DTI,2025-04
APP-2026-002523,2025-04-16 03:00:00,25,33306266.0,31,592,0.2181,63448842.0,18,1,Salaried,Family,Mobile,0,0.06825271185027885,572,APPROVE,NO_MATERIAL_ADVERSE_FACTOR,2025-04
APP-2026-002524,2025-04-16 04:00:00,22,16507967.0,12,757,0.3743,90458394.0,24,0,Salaried,Rented,Mobile,0,0.08146202389821075,559,REVIEW,HIGH_LOAN_TO_INCOME; RENTED_RESIDENCE,2025-04
APP-2026-002525,2025-04-16 05:00:00,33,30152621.0,81,537,0.1681,159911316.0,12,1,Self-employed,Rented,Partner,0,0.22783342803465248,472,DECLINE,HIGH_LOAN_TO_INCOME; LOW_BUREAU_SCORE; RENTED_RESIDENCE,2025-04
APP-2026-002526,2025-04-16 06:00:00,43,47119188.0,85,567,0.1517,103430252.0,9,1,Salaried,Rented,Mobile,1,0.07688618813363109,563,APPROVE,RENTED_RESIDENCE; LOW_BUREAU_SCORE,2025-04
APP-2026-002527,2025-04-16 07:00:00,41,14234022.0,32,658,0.6533,108802035.0,18,4,Contract,Owned,Mobile,1,0.383831059475415,418,DECLINE,MULTIPLE_RECENT_INQUIRIES; HIGH_LOAN_TO_INCOME; HIGH_EXISTING_DTI,2025-04
APP-2026-002528,2025-04-16 08:00:00,38,28457536.0,122,693,0.4733,41811565.0,9,1,Salaried,Owned,Partner,0,0.06694978387215395,574,APPROVE,NO_MATERIAL_ADVERSE_FACTOR,2025-04
APP-2026-002529,2025-04-16 09:00:00,35,13856344.0,47,608,0.3852,14798045.0,12,0,Salaried,Mortgage,Partner,0,0.11689625840880587,530,REVIEW,NO_MATERIAL_ADVERSE_FACTOR,2025-04
APP-2026-002530,2025-04-16 10:00:00,29,38687411.0,54,683,0.1797,50385103.0,9,1,Salaried,Mortgage,Branch,0,0.043694639272517856,607,APPROVE,NO_MATERIAL_ADVERSE_FACTOR,2025-04
APP-2026-002531,2025-04-16 11:00:00,33,23785345.0,75,654,0.306,61308747.0,24,2,Salaried,Owned,Branch,0,0.08407086450938288,556,REVIEW,NO_MATERIAL_ADVERSE_FACTOR,2025-04
APP-2026-002532,2025-04-16 12:00:00,23,8600826.0,40,633,0.6596,76757819.0,24,1,Salaried,Owned,Mobile,0,0.21460459548170246,477,DECLINE,HIGH_LOAN_TO_INCOME; HIGH_EXISTING_DTI,2025-04
APP-2026-002533,2025-04-16 13:00:00,35,19375531.0,25,573,0.6598,63891099.0,12,2,Self-employed,Owned,Mobile,0,0.29156198313658366,448,DECLINE,HIGH_EXISTING_DTI; LOW_BUREAU_SCORE,2025-04
APP-2026-002534,2025-04-16 14:00:00,43,13083429.0,59,719,0.2555,40438461.0,36,2,Salaried,Family,Branch,0,0.0560850926555271,588,APPROVE,NO_MATERIAL_ADVERSE_FACTOR,2025-04
APP-2026-002535,2025-04-16 15:00:00,20,27522176.0,14,577,0.5455,167721304.0,18,2,Self-employed,Owned,Mobile,1,0.3346271985034478,433,DECLINE,HIGH_LOAN_TO_INCOME; LOW_BUREAU_SCORE,2025-04
APP-2026-002536,2025-04-16 16:00:00,46,15905269.0,39,649,0.332,40036254.0,24,1,Salaried,Owned,Partner,1,0.09254662510269496,549,REVIEW,NO_MATERIAL_ADVERSE_FACTOR,2025-04
APP-2026-002537,2025-04-16 17:00:00,20,16382268.0,28,549,0.3436,23863347.0,9,2,Salaried,Rented,Mobile,0,0.21917699449412736,476,DECLINE,LOW_BUREAU_SCORE; RENTED_RESIDENCE,2025-04
APP-2026-002538,2025-04-16 18:00:00,27,24942056.0,47,750,0.0752,29890901.0,6,0,Salaried,Family,Mobile,0,0.02117097456397799,660,APPROVE,NO_MATERIAL_ADVERSE_FACTOR,2025-04
APP-2026-002539,2025-04-16 19:00:00,24,13521665.0,65,735,0.0981,82775437.0,12,0,Salaried,Rented,Mobile,0,0.05628494497015396,587,APPROVE,HIGH_LOAN_TO_INCOME; RENTED_RESIDENCE,2025-04
APP-2026-002540,2025-04-16 20:00:00,28,3915934.0,87,653,0.3899,150482604.0,24,0,Salaried,Owned,Mobile,0,0.15436081074372507,507,REVIEW,HIGH_LOAN_TO_INCOME,2025-04
APP-2026-002541,2025-04-16 21:00:00,31,12937461.0,37,574,0.2601,33529350.0,9,0,Salaried,Owned,Mobile,0,0.09866918097721271,543,REVIEW,LOW_BUREAU_SCORE,2025-04
APP-2026-002542,2025-04-16 22:00:00,45,12561099.0,79,738,0.5264,124016036.0,18,3,Contract,Owned,Mobile,0,0.20907422234133657,480,DECLINE,HIGH_LOAN_TO_INCOME; MULTIPLE_RECENT_INQUIRIES; CONTRACT_EMPLOYMENT,2025-04
APP-2026-002543,2025-04-16 23:00:00,25,39784905.0,36,554,0.1573,48453620.0,18,2,Salaried,Owned,Branch,0,0.07884227723163531,561,APPROVE,LOW_BUREAU_SCORE,2025-04
APP-2026-002544,2025-04-17 00:00:00,26,7104736.0,90,676,0.1201,86969034.0,12,1,Salaried,Family,Mobile,0,0.07410104666635768,566,APPROVE,HIGH_LOAN_TO_INCOME,2025-04
APP-2026-002545,2025-04-17 01:00:00,27,45814574.0,21,664,0.1865,99736089.0,12,3,Self-employed,Rented,Branch,0,0.10987643990207482,535,REVIEW,MULTIPLE_RECENT_INQUIRIES; RENTED_RESIDENCE,2025-04
APP-2026-002546,2025-04-17 02:00:00,29,18786295.0,108,648,0.055,153880525.0,24,1,Salaried,Rented,Branch,0,0.10406302260722275,539,REVIEW,HIGH_LOAN_TO_INCOME; RENTED_RESIDENCE,2025-04
APP-2026-002547,2025-04-17 03:00:00,28,21726968.0,86,659,0.3433,49036382.0,24,2,Salaried,Rented,Branch,1,0.11093804280661512,534,REVIEW,RENTED_RESIDENCE,2025-04
APP-2026-002548,2025-04-17 04:00:00,22,15816055.0,72,724,0.1753,39591370.0,24,1,Salaried,Owned,Branch,0,0.04462013433988997,605,APPROVE,NO_MATERIAL_ADVERSE_FACTOR,2025-04
APP-2026-002549,2025-04-17 05:00:00,36,15690433.0,40,465,0.3026,26152657.0,6,1,Salaried,Owned,Mobile,0,0.18592345111157618,490,DECLINE,LOW_BUREAU_SCORE,2025-04
APP-2026-002550,2025-04-17 06:00:00,33,12635974.0,33,495,0.1514,21365276.0,24,1,Self-employed,Mortgage,Mobile,1,0.17085469409837112,498,REVIEW,LOW_BUREAU_SCORE,2025-04
APP-2026-002551,2025-04-17 07:00:00,43,52235964.0,77,601,0.1837,137773561.0,12,0,Contract,Mortgage,Partner,0,0.0785970345274344,561,APPROVE,CONTRACT_EMPLOYMENT,2025-04
APP-2026-002552,2025-04-17 08:00:00,45,11800579.0,26,552,0.5867,58986883.0,12,1,Salaried,Rented,Partner,1,0.32268319925982447,437,DECLINE,HIGH_EXISTING_DTI; LOW_BUREAU_SCORE; RENTED_RESIDENCE,2025-04
APP-2026-002553,2025-04-17 09:00:00,20,22261649.0,93,626,0.4679,31185198.0,36,1,Contract,Owned,Branch,0,0.10804229278380553,536,REVIEW,CONTRACT_EMPLOYMENT,2025-04
APP-2026-002554,2025-04-17 10:00:00,48,19254569.0,67,571,0.443,22113863.0,6,1,Self-employed,Owned,Partner,1,0.15694080042037678,505,REVIEW,LOW_BUREAU_SCORE,2025-04
APP-2026-002555,2025-04-17 11:00:00,38,17624964.0,177,568,0.2027,18151540.0,24,0,Contract,Rented,Partner,0,0.09809514940747381,544,REVIEW,CONTRACT_EMPLOYMENT; RENTED_RESIDENCE; LOW_BUREAU_SCORE,2025-04
APP-2026-002556,2025-04-17 12:00:00,45,29831284.0,66,719,0.2773,44358449.0,12,1,Salaried,Rented,Mobile,0,0.051767519862579194,594,APPROVE,RENTED_RESIDENCE,2025-04
APP-2026-002557,2025-04-17 13:00:00,33,23314215.0,28,593,0.477,70036997.0,24,0,Contract,Owned,Partner,1,0.1613673318465027,503,REVIEW,CONTRACT_EMPLOYMENT,2025-04
APP-2026-002558,2025-04-17 14:00:00,40,6613573.0,51,574,0.5963,28077775.0,24,3,Contract,Rented,Branch,1,0.3985122373915712,414,DECLINE,MULTIPLE_RECENT_INQUIRIES; HIGH_EXISTING_DTI; CONTRACT_EMPLOYMENT,2025-04
APP-2026-002559,2025-04-17 15:00:00,39,6923358.0,36,709,0.1005,65647043.0,6,2,Salaried,Mortgage,Mobile,0,0.09712024946337462,545,REVIEW,HIGH_LOAN_TO_INCOME,2025-04
APP-2026-002560,2025-04-17 16:00:00,46,13047347.0,9,566,0.6984,31154595.0,24,0,Salaried,Rented,Mobile,0,0.22871288524491326,472,DECLINE,HIGH_EXISTING_DTI; SHORT_EMPLOYMENT_HISTORY; RENTED_RESIDENCE,2025-04
APP-2026-002561,2025-04-17 17:00:00,28,37264047.0,58,603,0.2912,19533041.0,24,3,Self-employed,Owned,Partner,0,0.10637268499528249,537,REVIEW,MULTIPLE_RECENT_INQUIRIES,2025-04
APP-2026-002562,2025-04-17 18:00:00,29,49173925.0,32,692,0.4191,51102979.0,24,0,Self-employed,Rented,Mobile,0,0.04913379516785457,598,APPROVE,RENTED_RESIDENCE,2025-04
APP-2026-002563,2025-04-17 19:00:00,32,14186355.0,46,743,0.1393,96883777.0,18,2,Salaried,Family,Branch,0,0.0639209325433602,578,APPROVE,HIGH_LOAN_TO_INCOME,2025-04
APP-2026-002564,2025-04-17 20:00:00,46,17890140.0,84,653,0.1293,25721368.0,24,0,Salaried,Mortgage,Mobile,0,0.04365332527593255,607,APPROVE,NO_MATERIAL_ADVERSE_FACTOR,2025-04
APP-2026-002565,2025-04-17 21:00:00,48,9317649.0,41,594,0.3918,61529166.0,36,2,Contract,Owned,Mobile,0,0.20497831320502652,482,DECLINE,HIGH_LOAN_TO_INCOME; CONTRACT_EMPLOYMENT,2025-04
APP-2026-002566,2025-04-17 22:00:00,24,20767668.0,57,668,0.4744,25829287.0,36,0,Salaried,Family,Partner,0,0.06416782977155362,577,APPROVE,NO_MATERIAL_ADVERSE_FACTOR,2025-04
APP-2026-002567,2025-04-17 23:00:00,39,20462134.0,50,589,0.5869,26944400.0,24,1,Salaried,Mortgage,Mobile,0,0.15574353315416792,506,REVIEW,HIGH_EXISTING_DTI,2025-04
APP-2026-002568,2025-04-18 00:00:00,34,12251159.0,47,703,0.0405,49471906.0,24,2,Salaried,Family,Partner,0,0.05934321734672916,583,APPROVE,NO_MATERIAL_ADVERSE_FACTOR,2025-04
APP-2026-002569,2025-04-18 01:00:00,32,16270126.0,121,741,0.3023,43888473.0,18,4,Salaried,Mortgage,Mobile,0,0.10140392714208964,541,REVIEW,MULTIPLE_RECENT_INQUIRIES,2025-04
APP-2026-002570,2025-04-18 02:00:00,39,22596609.0,36,659,0.3694,18457788.0,36,3,Contract,Rented,Mobile,0,0.14971403224888827,509,REVIEW,MULTIPLE_RECENT_INQUIRIES; CONTRACT_EMPLOYMENT; RENTED_RESIDENCE,2025-04
APP-2026-002571,2025-04-18 03:00:00,51,44333108.0,163,687,0.5085,78393629.0,36,0,Self-employed,Family,Branch,0,0.034043416464840694,625,APPROVE,NO_MATERIAL_ADVERSE_FACTOR,2025-04
APP-2026-002572,2025-04-18 04:00:00,39,49895722.0,51,652,0.4464,69766041.0,12,1,Salaried,Rented,Partner,0,0.08095789134805094,559,REVIEW,RENTED_RESIDENCE,2025-04
APP-2026-002573,2025-04-18 05:00:00,30,72100287.0,74,574,0.4867,33334199.0,24,1,Salaried,Owned,Partner,0,0.04344443266332066,607,APPROVE,LOW_BUREAU_SCORE,2025-04
APP-2026-002574,2025-04-18 06:00:00,29,12312760.0,41,589,0.0571,47546020.0,9,2,Salaried,Owned,Mobile,0,0.10917325536364857,535,REVIEW,NO_MATERIAL_ADVERSE_FACTOR,2025-04
APP-2026-002575,2025-04-18 07:00:00,39,5107846.0,29,593,0.0857,191537404.0,36,2,Salaried,Rented,Mobile,1,0.27475103010974866,454,DECLINE,HIGH_LOAN_TO_INCOME; RENTED_RESIDENCE,2025-04
APP-2026-002576,2025-04-18 08:00:00,37,18257966.0,80,631,0.3705,57837644.0,12,3,Contract,Mortgage,Mobile,0,0.20987871017733206,480,DECLINE,MULTIPLE_RECENT_INQUIRIES; CONTRACT_EMPLOYMENT,2025-04
APP-2026-002577,2025-04-18 09:00:00,44,9249267.0,110,546,0.2482,25264323.0,18,3,Salaried,Family,Mobile,0,0.14928823637400723,509,REVIEW,MULTIPLE_RECENT_INQUIRIES; LOW_BUREAU_SCORE,2025-04
APP-2026-002578,2025-04-18 10:00:00,47,22925718.0,113,514,0.1326,30872704.0,9,1,Salaried,Owned,Mobile,0,0.0823641978756435,558,REVIEW,LOW_BUREAU_SCORE,2025-04
APP-2026-002579,2025-04-18 11:00:00,37,14318319.0,106,764,0.3052,42762604.0,12,2,Salaried,Rented,Mobile,1,0.07299247563956301,567,APPROVE,RENTED_RESIDENCE,2025-04
APP-2026-002580,2025-04-18 12:00:00,40,11530044.0,79,617,0.1255,130651503.0,24,1,Contract,Mortgage,Mobile,0,0.1619718703186423,502,REVIEW,HIGH_LOAN_TO_INCOME; CONTRACT_EMPLOYMENT,2025-04
APP-2026-002581,2025-04-18 13:00:00,49,16809129.0,70,752,0.1785,218294236.0,18,2,Salaried,Family,Branch,0,0.10179377346094635,541,REVIEW,HIGH_LOAN_TO_INCOME,2025-04
APP-2026-002582,2025-04-18 14:00:00,46,30467972.0,74,728,0.2118,129387658.0,12,2,Self-employed,Rented,Mobile,0,0.09531261944308053,546,REVIEW,RENTED_RESIDENCE,2025-04
APP-2026-002583,2025-04-18 15:00:00,26,21366970.0,16,571,0.3846,144230026.0,6,4,Contract,Family,Mobile,0,0.39783308287137575,414,DECLINE,MULTIPLE_RECENT_INQUIRIES; HIGH_LOAN_TO_INCOME; CONTRACT_EMPLOYMENT,2025-04
APP-2026-002584,2025-04-18 16:00:00,22,17210314.0,21,757,0.1185,181300491.0,9,1,Salaried,Family,Partner,0,0.08898434546102635,552,REVIEW,HIGH_LOAN_TO_INCOME,2025-04
APP-2026-002585,2025-04-18 17:00:00,22,10960682.0,20,527,0.2255,61618158.0,36,4,Salaried,Mortgage,Mobile,0,0.304901832518034,443,DECLINE,MULTIPLE_RECENT_INQUIRIES; HIGH_LOAN_TO_INCOME; LOW_BUREAU_SCORE,2025-04
APP-2026-002586,2025-04-18 18:00:00,20,9325335.0,50,605,0.5703,101177093.0,9,2,Salaried,Family,Mobile,0,0.27118149318017704,455,DECLINE,HIGH_LOAN_TO_INCOME; HIGH_EXISTING_DTI,2025-04
APP-2026-002587,2025-04-18 19:00:00,38,21230696.0,56,660,0.3281,25404223.0,24,1,Salaried,Mortgage,Mobile,0,0.0729780114867437,567,APPROVE,NO_MATERIAL_ADVERSE_FACTOR,2025-04
APP-2026-002588,2025-04-18 20:00:00,23,13848556.0,52,570,0.0563,26975757.0,12,0,Salaried,Family,Partner,0,0.07066846814401756,570,APPROVE,LOW_BUREAU_SCORE,2025-04
APP-2026-002589,2025-04-18 21:00:00,41,10091753.0,26,523,0.257,42644975.0,24,3,Contract,Family,Mobile,0,0.2511415592788378,463,DECLINE,MULTIPLE_RECENT_INQUIRIES; LOW_BUREAU_SCORE; CONTRACT_EMPLOYMENT,2025-04
APP-2026-002590,2025-04-18 22:00:00,27,23375173.0,45,608,0.4775,91820979.0,6,0,Salaried,Family,Branch,0,0.11640218750510545,530,REVIEW,NO_MATERIAL_ADVERSE_FACTOR,2025-04
APP-2026-002591,2025-04-18 23:00:00,43,17268540.0,37,601,0.2199,14670402.0,24,3,Contract,Mortgage,Partner,1,0.18273428495236177,492,DECLINE,MULTIPLE_RECENT_INQUIRIES; CONTRACT_EMPLOYMENT,2025-04
APP-2026-002592,2025-04-19 00:00:00,40,14806873.0,73,709,0.1671,39148994.0,12,0,Self-employed,Mortgage,Mobile,1,0.053467313389089055,591,APPROVE,NO_MATERIAL_ADVERSE_FACTOR,2025-04
APP-2026-002593,2025-04-19 01:00:00,36,41290749.0,36,570,0.4221,55691763.0,12,6,Self-employed,Rented,Branch,0,0.32705468219785666,436,DECLINE,MULTIPLE_RECENT_INQUIRIES; RENTED_RESIDENCE; LOW_BUREAU_SCORE,2025-04
APP-2026-002594,2025-04-19 02:00:00,38,12088053.0,12,785,0.0754,19211365.0,24,3,Self-employed,Owned,Mobile,0,0.053170559461259,592,APPROVE,MULTIPLE_RECENT_INQUIRIES,2025-04
APP-2026-002595,2025-04-19 03:00:00,23,29484658.0,71,521,0.3066,96903982.0,24,0,Salaried,Rented,Mobile,0,0.14486610647990567,512,REVIEW,LOW_BUREAU_SCORE; RENTED_RESIDENCE,2025-04
APP-2026-002596,2025-04-19 04:00:00,20,18737731.0,78,673,0.499,85604176.0,24,4,Self-employed,Owned,Mobile,0,0.22738293701215503,472,DECLINE,MULTIPLE_RECENT_INQUIRIES,2025-04
APP-2026-002597,2025-04-19 05:00:00,29,22158194.0,12,685,0.688,38542012.0,24,0,Salaried,Owned,Branch,0,0.09509101405451663,546,REVIEW,HIGH_EXISTING_DTI,2025-04
APP-2026-002598,2025-04-19 06:00:00,38,18389930.0,47,693,0.4897,31428006.0,9,4,Salaried,Rented,Partner,0,0.21907371858842623,476,DECLINE,MULTIPLE_RECENT_INQUIRIES; RENTED_RESIDENCE,2025-04
APP-2026-002599,2025-04-19 07:00:00,22,29654107.0,55,592,0.5954,58032938.0,18,1,Contract,Owned,Mobile,0,0.17265219406828253,497,REVIEW,HIGH_EXISTING_DTI; CONTRACT_EMPLOYMENT,2025-04
APP-2026-002600,2025-04-19 08:00:00,40,40356442.0,38,596,0.2434,52534823.0,24,0,Salaried,Mortgage,Partner,0,0.06081685237620797,581,APPROVE,NO_MATERIAL_ADVERSE_FACTOR,2025-04
APP-2026-002601,2025-04-19 09:00:00,39,8428499.0,103,619,0.0946,45030020.0,12,0,Self-employed,Rented,Branch,0,0.0907924520389938,550,REVIEW,HIGH_LOAN_TO_INCOME; RENTED_RESIDENCE,2025-04
APP-2026-002602,2025-04-19 10:00:00,35,33789399.0,101,714,0.3675,58529296.0,9,2,Salaried,Rented,Branch,0,0.07296450705205267,567,APPROVE,RENTED_RESIDENCE,2025-04
APP-2026-002603,2025-04-19 11:00:00,36,14929869.0,38,537,0.2842,36292048.0,24,2,Salaried,Owned,Mobile,0,0.15764701833606118,505,REVIEW,LOW_BUREAU_SCORE,2025-04
APP-2026-002604,2025-04-19 12:00:00,33,21185320.0,48,615,0.0925,29285493.0,12,1,Salaried,Owned,Mobile,0,0.058997744254211185,584,APPROVE,NO_MATERIAL_ADVERSE_FACTOR,2025-04
APP-2026-002605,2025-04-19 13:00:00,35,20439053.0,200,741,0.3569,14740301.0,9,2,Contract,Owned,Partner,0,0.06276381860598894,579,APPROVE,CONTRACT_EMPLOYMENT,2025-04
APP-2026-002606,2025-04-19 14:00:00,23,13037446.0,57,620,0.6904,68717638.0,36,2,Self-employed,Family,Mobile,0,0.23982325228837303,467,DECLINE,HIGH_EXISTING_DTI; HIGH_LOAN_TO_INCOME,2025-04
APP-2026-002607,2025-04-19 15:00:00,44,12735400.0,90,670,0.7054,31888644.0,12,3,Salaried,Rented,Partner,0,0.2690139475147829,456,DECLINE,HIGH_EXISTING_DTI; MULTIPLE_RECENT_INQUIRIES; RENTED_RESIDENCE,2025-04
APP-2026-002608,2025-04-19 16:00:00,37,19344929.0,26,593,0.2407,40169001.0,12,2,Salaried,Family,Partner,0,0.12111995951689931,527,REVIEW,NO_MATERIAL_ADVERSE_FACTOR,2025-04
APP-2026-002609,2025-04-19 17:00:00,39,12461414.0,57,632,0.2732,78272300.0,36,1,Self-employed,Owned,Mobile,0,0.11180192046196291,533,REVIEW,HIGH_LOAN_TO_INCOME,2025-04
APP-2026-002610,2025-04-19 18:00:00,27,25512817.0,83,742,0.1787,68805800.0,24,3,Salaried,Rented,Mobile,0,0.07310371925079713,567,APPROVE,MULTIPLE_RECENT_INQUIRIES; RENTED_RESIDENCE,2025-04
APP-2026-002611,2025-04-19 19:00:00,21,7618553.0,46,616,0.4607,77450191.0,9,1,Self-employed,Owned,Mobile,0,0.21700351019792702,476,DECLINE,HIGH_LOAN_TO_INCOME,2025-04
APP-2026-002612,2025-04-19 20:00:00,45,15734937.0,32,613,0.344,54225923.0,6,4,Salaried,Family,Partner,1,0.2157113328318052,477,DECLINE,MULTIPLE_RECENT_INQUIRIES,2025-04
APP-2026-002613,2025-04-19 21:00:00,21,37001936.0,115,738,0.0664,57644780.0,18,2,Salaried,Rented,Mobile,0,0.03550694913137179,622,APPROVE,RENTED_RESIDENCE,2025-04
APP-2026-002614,2025-04-19 22:00:00,31,15797540.0,24,564,0.5296,53840340.0,24,1,Self-employed,Rented,Partner,1,0.29364074111609184,447,DECLINE,RENTED_RESIDENCE; LOW_BUREAU_SCORE,2025-04
APP-2026-002615,2025-04-19 23:00:00,33,10368750.0,56,655,0.3973,113214802.0,12,1,Salaried,Mortgage,Mobile,1,0.176400599508657,495,REVIEW,HIGH_LOAN_TO_INCOME,2025-04
APP-2026-002616,2025-04-20 00:00:00,36,16615192.0,70,607,0.3413,147808637.0,18,0,Salaried,Rented,Mobile,0,0.1737861024886639,496,REVIEW,HIGH_LOAN_TO_INCOME; RENTED_RESIDENCE,2025-04
APP-2026-002617,2025-04-20 01:00:00,37,9981911.0,51,484,0.3088,86764165.0,18,1,Salaried,Owned,Mobile,1,0.23462627187801868,469,DECLINE,LOW_BUREAU_SCORE; HIGH_LOAN_TO_INCOME,2025-04
APP-2026-002618,2025-04-20 02:00:00,34,26646835.0,32,587,0.2218,37585826.0,6,0,Self-employed,Owned,Branch,0,0.07673382853975372,563,APPROVE,NO_MATERIAL_ADVERSE_FACTOR,2025-04
APP-2026-002619,2025-04-20 03:00:00,21,18473905.0,33,575,0.4139,80763801.0,36,0,Salaried,Rented,Mobile,0,0.16156258445285426,503,REVIEW,RENTED_RESIDENCE; LOW_BUREAU_SCORE,2025-04
APP-2026-002620,2025-04-20 04:00:00,31,15154059.0,50,581,0.378,99029528.0,24,2,Salaried,Rented,Mobile,0,0.2476780767294895,464,DECLINE,HIGH_LOAN_TO_INCOME; RENTED_RESIDENCE,2025-04
APP-2026-002621,2025-04-20 05:00:00,33,25498199.0,30,488,0.4035,19823624.0,6,4,Self-employed,Rented,Mobile,0,0.3702297246058667,422,DECLINE,LOW_BUREAU_SCORE; MULTIPLE_RECENT_INQUIRIES; RENTED_RESIDENCE,2025-04
APP-2026-002622,2025-04-20 06:00:00,39,16567660.0,139,589,0.4825,78438617.0,24,1,Self-employed,Rented,Partner,0,0.21880956916845523,476,DECLINE,RENTED_RESIDENCE,2025-04
APP-2026-002623,2025-04-20 07:00:00,36,11759346.0,79,639,0.0798,21026803.0,36,2,Contract,Rented,Partner,0,0.11752574479361821,529,REVIEW,CONTRACT_EMPLOYMENT; RENTED_RESIDENCE,2025-04
APP-2026-002624,2025-04-20 08:00:00,44,14434875.0,106,673,0.3121,167993394.0,12,2,Salaried,Rented,Mobile,0,0.19681039338168377,485,DECLINE,HIGH_LOAN_TO_INCOME; RENTED_RESIDENCE,2025-04
APP-2026-002625,2025-04-20 09:00:00,42,11279961.0,40,635,0.1518,34575526.0,18,0,Self-employed,Mortgage,Mobile,0,0.08099670847341962,559,REVIEW,NO_MATERIAL_ADVERSE_FACTOR,2025-04
APP-2026-002626,2025-04-20 10:00:00,22,9465486.0,83,537,0.6467,45986677.0,24,0,Salaried,Family,Mobile,0,0.1904450090474773,488,DECLINE,HIGH_EXISTING_DTI; LOW_BUREAU_SCORE,2025-04
APP-2026-002627,2025-04-20 11:00:00,35,24151963.0,30,612,0.5134,104173369.0,24,1,Salaried,Rented,Mobile,0,0.1934422492888627,487,DECLINE,RENTED_RESIDENCE,2025-04
APP-2026-002628,2025-04-20 12:00:00,38,12004364.0,70,584,0.441,32494078.0,12,1,Contract,Rented,Mobile,1,0.21945216452203503,475,DECLINE,CONTRACT_EMPLOYMENT; RENTED_RESIDENCE,2025-04
APP-2026-002629,2025-04-20 13:00:00,29,12310839.0,92,591,0.3489,61755128.0,24,2,Self-employed,Owned,Mobile,0,0.17331140216677765,497,REVIEW,HIGH_LOAN_TO_INCOME,2025-04
APP-2026-002630,2025-04-20 14:00:00,48,28213718.0,19,667,0.3386,52594736.0,18,2,Salaried,Owned,Branch,0,0.0792495394106115,561,APPROVE,NO_MATERIAL_ADVERSE_FACTOR,2025-04
APP-2026-002631,2025-04-20 15:00:00,29,8273098.0,34,661,0.1575,64569075.0,18,1,Self-employed,Mortgage,Mobile,0,0.11766041305599692,529,REVIEW,HIGH_LOAN_TO_INCOME,2025-04
APP-2026-002632,2025-04-20 16:00:00,22,10963186.0,13,595,0.463,156267152.0,24,0,Salaried,Mortgage,Branch,0,0.2608519868807282,459,DECLINE,HIGH_LOAN_TO_INCOME,2025-04
APP-2026-002633,2025-04-20 17:00:00,20,12713030.0,73,562,0.4893,26477895.0,24,2,Contract,Family,Branch,0,0.21662189107130655,477,DECLINE,CONTRACT_EMPLOYMENT; LOW_BUREAU_SCORE,2025-04
APP-2026-002634,2025-04-20 18:00:00,30,40957893.0,15,489,0.7125,84750633.0,9,3,Salaried,Mortgage,Mobile,0,0.378657093306526,420,DECLINE,LOW_BUREAU_SCORE; HIGH_EXISTING_DTI; MULTIPLE_RECENT_INQUIRIES,2025-04
APP-2026-002635,2025-04-20 19:00:00,30,15610634.0,139,641,0.4693,102813099.0,12,3,Salaried,Mortgage,Partner,0,0.24781115212549962,464,DECLINE,HIGH_LOAN_TO_INCOME; MULTIPLE_RECENT_INQUIRIES,2025-04
APP-2026-002636,2025-04-20 20:00:00,31,18929171.0,56,616,0.411,46800730.0,6,0,Salaried,Family,Branch,0,0.08598526970205247,554,REVIEW,NO_MATERIAL_ADVERSE_FACTOR,2025-04
APP-2026-002637,2025-04-20 21:00:00,20,17797452.0,41,591,0.2585,111231912.0,12,1,Salaried,Owned,Mobile,0,0.14820776686643902,510,REVIEW,HIGH_LOAN_TO_INCOME,2025-04
APP-2026-002638,2025-04-20 22:00:00,34,8725978.0,49,678,0.0885,116200868.0,24,3,Contract,Owned,Mobile,0,0.1598206151133189,504,REVIEW,HIGH_LOAN_TO_INCOME; MULTIPLE_RECENT_INQUIRIES; CONTRACT_EMPLOYMENT,2025-04
APP-2026-002639,2025-04-20 23:00:00,44,21138183.0,47,683,0.5035,100567062.0,12,0,Salaried,Family,Mobile,0,0.08554238119622812,555,REVIEW,NO_MATERIAL_ADVERSE_FACTOR,2025-04
APP-2026-002640,2025-04-21 00:00:00,28,27455652.0,56,684,0.622,93838893.0,12,1,Self-employed,Family,Partner,0,0.14443570991010324,512,REVIEW,HIGH_EXISTING_DTI,2025-04
APP-2026-002641,2025-04-21 01:00:00,40,43855923.0,32,658,0.6666,55493145.0,12,1,Salaried,Rented,Mobile,0,0.10780631035441732,536,REVIEW,HIGH_EXISTING_DTI; RENTED_RESIDENCE,2025-04
APP-2026-002642,2025-04-21 02:00:00,29,15453266.0,60,517,0.5157,138061083.0,36,0,Salaried,Family,Partner,0,0.2474164244542675,464,DECLINE,HIGH_LOAN_TO_INCOME; LOW_BUREAU_SCORE,2025-04
APP-2026-002643,2025-04-21 03:00:00,27,23920648.0,96,623,0.4869,89080270.0,24,1,Contract,Mortgage,Mobile,0,0.1719747140777026,497,REVIEW,CONTRACT_EMPLOYMENT,2025-04
APP-2026-002644,2025-04-21 04:00:00,46,28571492.0,65,767,0.3671,130189861.0,24,0,Self-employed,Mortgage,Partner,0,0.07005025417705314,570,APPROVE,NO_MATERIAL_ADVERSE_FACTOR,2025-04
APP-2026-002645,2025-04-21 05:00:00,41,17974512.0,31,663,0.3006,101811417.0,9,0,Salaried,Rented,Branch,0,0.11119712917787943,534,REVIEW,HIGH_LOAN_TO_INCOME; RENTED_RESIDENCE,2025-04
APP-2026-002646,2025-04-21 06:00:00,42,55046247.0,92,641,0.1886,48639270.0,12,2,Salaried,Rented,Partner,0,0.05003494854434167,596,APPROVE,RENTED_RESIDENCE,2025-04
APP-2026-002647,2025-04-21 07:00:00,55,50633039.0,53,544,0.2925,44490556.0,18,2,Salaried,Owned,Mobile,0,0.06768002600190642,573,APPROVE,LOW_BUREAU_SCORE,2025-04
APP-2026-002648,2025-04-21 08:00:00,34,38737839.0,50,737,0.1759,64043840.0,36,1,Self-employed,Mortgage,Mobile,0,0.035614111505556274,622,APPROVE,NO_MATERIAL_ADVERSE_FACTOR,2025-04
APP-2026-002649,2025-04-21 09:00:00,34,8700883.0,80,633,0.2854,35056709.0,9,1,Salaried,Rented,Branch,0,0.12485911586440734,524,REVIEW,RENTED_RESIDENCE,2025-04
APP-2026-002650,2025-04-21 10:00:00,36,15177222.0,26,641,0.3903,45578868.0,18,2,Contract,Rented,Partner,0,0.23077239345599798,471,DECLINE,CONTRACT_EMPLOYMENT; RENTED_RESIDENCE,2025-04
APP-2026-002651,2025-04-21 11:00:00,47,26659670.0,23,567,0.4742,28486515.0,12,1,Salaried,Family,Mobile,0,0.10916005297961955,535,REVIEW,LOW_BUREAU_SCORE,2025-04
APP-2026-002652,2025-04-21 12:00:00,43,18301343.0,68,620,0.1149,79664201.0,24,0,Self-employed,Rented,Branch,0,0.08811336993880986,552,REVIEW,RENTED_RESIDENCE,2025-04
APP-2026-002653,2025-04-21 13:00:00,26,6864966.0,33,589,0.3637,91917020.0,24,2,Salaried,Owned,Mobile,0,0.22547352187401098,473,DECLINE,HIGH_LOAN_TO_INCOME,2025-04
APP-2026-002654,2025-04-21 14:00:00,27,19827151.0,55,574,0.5092,77530110.0,36,0,Salaried,Rented,Mobile,0,0.16757173639995263,500,REVIEW,RENTED_RESIDENCE; LOW_BUREAU_SCORE,2025-04
APP-2026-002655,2025-04-21 15:00:00,38,53145873.0,96,573,0.126,26925833.0,24,2,Salaried,Family,Mobile,0,0.032964615702207614,628,APPROVE,LOW_BUREAU_SCORE,2025-04
APP-2026-002656,2025-04-21 16:00:00,39,43246892.0,105,587,0.327,43022555.0,24,0,Self-employed,Owned,Mobile,0,0.0482963659590243,599,APPROVE,NO_MATERIAL_ADVERSE_FACTOR,2025-04
APP-2026-002657,2025-04-21 17:00:00,39,28028002.0,76,705,0.1631,29050211.0,12,0,Salaried,Rented,Mobile,0,0.03563370504006139,622,APPROVE,RENTED_RESIDENCE,2025-04
APP-2026-002658,2025-04-21 18:00:00,39,18379629.0,48,585,0.1742,8370297.0,6,0,Salaried,Mortgage,Partner,0,0.08259212264209456,558,REVIEW,NO_MATERIAL_ADVERSE_FACTOR,2025-04
APP-2026-002659,2025-04-21 19:00:00,33,17620487.0,40,755,0.1826,250969531.0,18,0,Salaried,Rented,Mobile,0,0.12366459736065312,525,REVIEW,HIGH_LOAN_TO_INCOME; RENTED_RESIDENCE,2025-04
APP-2026-002660,2025-04-21 20:00:00,40,20673952.0,70,619,0.1656,105765665.0,12,0,Salaried,Rented,Partner,0,0.1098636832911879,535,REVIEW,HIGH_LOAN_TO_INCOME; RENTED_RESIDENCE,2025-04
APP-2026-002661,2025-04-21 21:00:00,40,13415329.0,32,659,0.2524,38770698.0,36,2,Self-employed,Rented,Mobile,0,0.12774771372524263,522,REVIEW,RENTED_RESIDENCE,2025-04
APP-2026-002662,2025-04-21 22:00:00,26,13581578.0,94,716,0.2128,38302283.0,36,1,Self-employed,Mortgage,Mobile,0,0.062399938229175514,579,APPROVE,NO_MATERIAL_ADVERSE_FACTOR,2025-04
APP-2026-002663,2025-04-21 23:00:00,23,19424546.0,52,657,0.0845,51426036.0,18,1,Self-employed,Rented,Partner,0,0.09674700272578732,545,REVIEW,RENTED_RESIDENCE,2025-04
APP-2026-002664,2025-04-22 00:00:00,37,54540786.0,61,706,0.1406,60457953.0,6,0,Salaried,Owned,Mobile,0,0.017352869549065515,675,APPROVE,NO_MATERIAL_ADVERSE_FACTOR,2025-04
APP-2026-002665,2025-04-22 01:00:00,31,24222755.0,81,576,0.7344,150932133.0,24,2,Salaried,Mortgage,Branch,0,0.35919936793828094,426,DECLINE,HIGH_EXISTING_DTI; HIGH_LOAN_TO_INCOME; LOW_BUREAU_SCORE,2025-04
APP-2026-002666,2025-04-22 02:00:00,21,20319975.0,23,679,0.221,109321528.0,12,3,Salaried,Family,Partner,1,0.14245862255783082,513,REVIEW,MULTIPLE_RECENT_INQUIRIES; HIGH_LOAN_TO_INCOME,2025-04
APP-2026-002667,2025-04-22 03:00:00,41,32178920.0,27,663,0.3449,32335144.0,24,3,Salaried,Mortgage,Partner,0,0.10845740876245227,536,REVIEW,MULTIPLE_RECENT_INQUIRIES,2025-04
APP-2026-002668,2025-04-22 04:00:00,38,44465175.0,123,588,0.7183,59328474.0,36,2,Salaried,Family,Mobile,0,0.10291627985721671,540,REVIEW,HIGH_EXISTING_DTI,2025-04
APP-2026-002669,2025-04-22 05:00:00,47,33730030.0,68,836,0.2772,77219438.0,36,0,Salaried,Owned,Partner,0,0.019555358533223276,666,APPROVE,NO_MATERIAL_ADVERSE_FACTOR,2025-04
APP-2026-002670,2025-04-22 06:00:00,34,10014367.0,25,603,0.1367,56133541.0,24,2,Salaried,Owned,Mobile,0,0.1195091444956183,528,REVIEW,HIGH_LOAN_TO_INCOME,2025-04
APP-2026-002671,2025-04-22 07:00:00,35,45787302.0,98,709,0.1694,72991831.0,24,2,Salaried,Rented,Mobile,0,0.04061915355977214,612,APPROVE,RENTED_RESIDENCE,2025-04
APP-2026-002672,2025-04-22 08:00:00,21,28715801.0,70,689,0.066,54844204.0,6,4,Salaried,Owned,Mobile,0,0.07384116689558382,566,APPROVE,MULTIPLE_RECENT_INQUIRIES,2025-04
APP-2026-002673,2025-04-22 09:00:00,47,8908651.0,23,659,0.3284,35837590.0,9,3,Contract,Mortgage,Branch,0,0.21191932826189946,479,DECLINE,MULTIPLE_RECENT_INQUIRIES; CONTRACT_EMPLOYMENT,2025-04
APP-2026-002674,2025-04-22 10:00:00,40,14725890.0,199,573,0.2341,141988984.0,12,1,Salaried,Mortgage,Partner,0,0.17239988169421575,497,REVIEW,HIGH_LOAN_TO_INCOME; LOW_BUREAU_SCORE,2025-04
APP-2026-002675,2025-04-22 11:00:00,42,5351637.0,30,584,0.2302,56857542.0,24,0,Self-employed,Owned,Branch,0,0.12485938276180608,524,REVIEW,HIGH_LOAN_TO_INCOME,2025-04
APP-2026-002676,2025-04-22 12:00:00,32,11364254.0,46,621,0.4373,17799281.0,18,0,Salaried,Owned,Mobile,0,0.09397144342601577,547,REVIEW,NO_MATERIAL_ADVERSE_FACTOR,2025-04
APP-2026-002677,2025-04-22 13:00:00,34,16864569.0,59,540,0.2691,47276505.0,6,0,Contract,Rented,Partner,0,0.19999049351665105,484,DECLINE,LOW_BUREAU_SCORE; CONTRACT_EMPLOYMENT; RENTED_RESIDENCE,2025-04
APP-2026-002678,2025-04-22 14:00:00,37,20778282.0,49,574,0.273,23218371.0,12,0,Salaried,Rented,Mobile,0,0.09734171512790857,545,REVIEW,RENTED_RESIDENCE; LOW_BUREAU_SCORE,2025-04
APP-2026-002679,2025-04-22 15:00:00,28,14243260.0,136,568,0.2547,84349319.0,18,1,Salaried,Family,Partner,0,0.12613682801484177,524,REVIEW,HIGH_LOAN_TO_INCOME; LOW_BUREAU_SCORE,2025-04
APP-2026-002680,2025-04-22 16:00:00,27,19640270.0,26,546,0.5011,102377579.0,9,0,Salaried,Rented,Mobile,0,0.2491610196453209,463,DECLINE,HIGH_LOAN_TO_INCOME; LOW_BUREAU_SCORE; RENTED_RESIDENCE,2025-04
APP-2026-002681,2025-04-22 17:00:00,52,13271279.0,37,641,0.159,30972282.0,36,0,Self-employed,Owned,Mobile,0,0.055812019658920166,588,APPROVE,NO_MATERIAL_ADVERSE_FACTOR,2025-04
APP-2026-002682,2025-04-22 18:00:00,37,22177041.0,68,567,0.6708,53863723.0,36,2,Salaried,Mortgage,Mobile,0,0.23097565647017024,471,DECLINE,HIGH_EXISTING_DTI; LOW_BUREAU_SCORE,2025-04
APP-2026-002683,2025-04-22 19:00:00,28,17468086.0,69,684,0.4912,46645660.0,36,2,Salaried,Owned,Partner,0,0.1164590939930398,530,REVIEW,NO_MATERIAL_ADVERSE_FACTOR,2025-04
APP-2026-002684,2025-04-22 20:00:00,22,24404738.0,37,697,0.309,138774471.0,18,4,Salaried,Rented,Partner,0,0.24455265189332528,465,DECLINE,MULTIPLE_RECENT_INQUIRIES; HIGH_LOAN_TO_INCOME; RENTED_RESIDENCE,2025-04
APP-2026-002685,2025-04-22 21:00:00,24,29438862.0,27,490,0.3266,62505591.0,9,3,Salaried,Rented,Branch,0,0.2889598710824663,449,DECLINE,LOW_BUREAU_SCORE; MULTIPLE_RECENT_INQUIRIES; RENTED_RESIDENCE,2025-04
APP-2026-002686,2025-04-22 22:00:00,37,26405024.0,62,790,0.2986,95176275.0,36,1,Salaried,Owned,Mobile,0,0.037411707928886984,618,APPROVE,NO_MATERIAL_ADVERSE_FACTOR,2025-04
APP-2026-002687,2025-04-22 23:00:00,26,15350913.0,51,669,0.247,78717265.0,6,1,Salaried,Owned,Partner,0,0.10472276429223215,539,REVIEW,HIGH_LOAN_TO_INCOME,2025-04
APP-2026-002688,2025-04-23 00:00:00,25,6744104.0,67,733,0.3779,86406421.0,12,1,Salaried,Rented,Mobile,0,0.12873646261788885,522,REVIEW,HIGH_LOAN_TO_INCOME; RENTED_RESIDENCE,2025-04
APP-2026-002689,2025-04-23 01:00:00,32,23039911.0,84,684,0.1746,37623908.0,12,1,Salaried,Owned,Partner,0,0.05204422886749771,593,APPROVE,NO_MATERIAL_ADVERSE_FACTOR,2025-04
APP-2026-002690,2025-04-23 02:00:00,38,7983449.0,28,611,0.3275,68734138.0,12,2,Salaried,Family,Branch,0,0.1636402753799277,502,REVIEW,HIGH_LOAN_TO_INCOME,2025-04
APP-2026-002691,2025-04-23 03:00:00,46,26915078.0,81,579,0.1643,114065421.0,12,1,Self-employed,Rented,Mobile,1,0.13986012667339573,515,REVIEW,RENTED_RESIDENCE; LOW_BUREAU_SCORE,2025-04
APP-2026-002692,2025-04-23 04:00:00,27,33674861.0,28,561,0.0881,25609992.0,24,2,Salaried,Owned,Partner,0,0.07853607105394994,562,APPROVE,LOW_BUREAU_SCORE,2025-04
APP-2026-002693,2025-04-23 05:00:00,28,30429294.0,36,574,0.4906,28095173.0,18,4,Self-employed,Rented,Mobile,0,0.27712415457476475,453,DECLINE,MULTIPLE_RECENT_INQUIRIES; RENTED_RESIDENCE; LOW_BUREAU_SCORE,2025-04
APP-2026-002694,2025-04-23 06:00:00,38,34578750.0,97,734,0.1273,58989204.0,12,3,Self-employed,Family,Partner,0,0.04989521893133868,596,APPROVE,MULTIPLE_RECENT_INQUIRIES,2025-04
APP-2026-002695,2025-04-23 07:00:00,30,31819994.0,55,605,0.4096,151699456.0,6,1,Salaried,Rented,Mobile,1,0.19225778292759965,487,DECLINE,RENTED_RESIDENCE,2025-04
APP-2026-002696,2025-04-23 08:00:00,42,10870242.0,39,667,0.1924,29532372.0,24,2,Self-employed,Rented,Mobile,0,0.11843739852776514,529,REVIEW,RENTED_RESIDENCE,2025-04
APP-2026-002697,2025-04-23 09:00:00,30,8565253.0,83,547,0.3777,53805996.0,12,1,Salaried,Mortgage,Partner,0,0.22979635770867374,471,DECLINE,HIGH_LOAN_TO_INCOME; LOW_BUREAU_SCORE,2025-04
APP-2026-002698,2025-04-23 10:00:00,22,5174804.0,67,589,0.29,15361735.0,12,2,Contract,Rented,Mobile,0,0.23500538088006112,469,DECLINE,CONTRACT_EMPLOYMENT; RENTED_RESIDENCE,2025-04
APP-2026-002699,2025-04-23 11:00:00,28,18453412.0,104,692,0.5184,106838624.0,24,2,Contract,Rented,Mobile,0,0.21140806273040233,479,DECLINE,HIGH_LOAN_TO_INCOME; CONTRACT_EMPLOYMENT; RENTED_RESIDENCE,2025-04
APP-2026-002700,2025-04-23 12:00:00,20,22463814.0,63,751,0.5801,138923161.0,36,4,Contract,Mortgage,Mobile,0,0.2632581574504737,458,DECLINE,MULTIPLE_RECENT_INQUIRIES; HIGH_LOAN_TO_INCOME; HIGH_EXISTING_DTI,2025-04
APP-2026-002701,2025-04-23 13:00:00,30,21052602.0,96,741,0.2367,76415594.0,24,2,Self-employed,Family,Partner,0,0.06778444745951615,573,APPROVE,NO_MATERIAL_ADVERSE_FACTOR,2025-04
APP-2026-002702,2025-04-23 14:00:00,39,16811161.0,57,603,0.7279,42924257.0,24,0,Contract,Mortgage,Mobile,0,0.21288824534500886,478,DECLINE,HIGH_EXISTING_DTI; CONTRACT_EMPLOYMENT,2025-04
APP-2026-002703,2025-04-23 15:00:00,35,29859007.0,61,670,0.1733,101130599.0,24,1,Self-employed,Rented,Mobile,0,0.08415864893326218,556,REVIEW,RENTED_RESIDENCE,2025-04
APP-2026-002704,2025-04-23 16:00:00,33,20523828.0,111,517,0.4642,67999911.0,24,3,Salaried,Family,Mobile,0,0.22181981343040724,474,DECLINE,LOW_BUREAU_SCORE; MULTIPLE_RECENT_INQUIRIES,2025-04
APP-2026-002705,2025-04-23 17:00:00,23,7175570.0,32,694,0.3699,30298604.0,6,1,Salaried,Rented,Partner,0,0.1450121112527387,512,REVIEW,RENTED_RESIDENCE,2025-04
APP-2026-002706,2025-04-23 18:00:00,27,8041373.0,111,611,0.3875,24313972.0,24,0,Contract,Family,Mobile,0,0.10148994332557396,541,REVIEW,CONTRACT_EMPLOYMENT,2025-04
APP-2026-002707,2025-04-23 19:00:00,31,34330708.0,39,647,0.2093,27334966.0,24,3,Salaried,Owned,Mobile,0,0.06544897020119764,576,APPROVE,MULTIPLE_RECENT_INQUIRIES,2025-04
APP-2026-002708,2025-04-23 20:00:00,36,23061057.0,10,473,0.0848,23039144.0,18,1,Salaried,Rented,Mobile,0,0.13981411101802682,515,REVIEW,LOW_BUREAU_SCORE; RENTED_RESIDENCE; SHORT_EMPLOYMENT_HISTORY,2025-04
APP-2026-002709,2025-04-23 21:00:00,57,7767632.0,77,622,0.2844,74413428.0,24,1,Salaried,Family,Mobile,0,0.09828021967868938,544,REVIEW,HIGH_LOAN_TO_INCOME,2025-04
APP-2026-002710,2025-04-23 22:00:00,28,35406857.0,20,606,0.3484,106205523.0,12,1,Salaried,Family,Mobile,0,0.09753160288270923,544,REVIEW,NO_MATERIAL_ADVERSE_FACTOR,2025-04
APP-2026-002711,2025-04-23 23:00:00,43,13786382.0,50,598,0.3735,22517468.0,12,1,Self-employed,Family,Branch,0,0.1168524079179272,530,REVIEW,NO_MATERIAL_ADVERSE_FACTOR,2025-04
APP-2026-002712,2025-04-24 00:00:00,24,33500855.0,97,697,0.8417,100353406.0,18,1,Salaried,Owned,Mobile,0,0.12946090811663397,521,REVIEW,HIGH_EXISTING_DTI,2025-04
APP-2026-002713,2025-04-24 01:00:00,25,13613598.0,44,738,0.6406,46263448.0,24,0,Salaried,Rented,Mobile,0,0.10733495581264232,537,REVIEW,HIGH_EXISTING_DTI; RENTED_RESIDENCE,2025-04
APP-2026-002714,2025-04-24 02:00:00,20,32888219.0,65,578,0.8276,34134091.0,24,3,Salaried,Mortgage,Partner,0,0.3020471857824988,444,DECLINE,HIGH_EXISTING_DTI; MULTIPLE_RECENT_INQUIRIES; LOW_BUREAU_SCORE,2025-04
APP-2026-002715,2025-04-24 03:00:00,27,26634049.0,82,616,0.6198,37819990.0,24,1,Salaried,Family,Partner,0,0.117323865497363,529,REVIEW,HIGH_EXISTING_DTI,2025-04
APP-2026-002716,2025-04-24 04:00:00,44,13544374.0,73,633,0.2699,96348427.0,18,4,Salaried,Family,Mobile,0,0.1755902109783181,495,REVIEW,MULTIPLE_RECENT_INQUIRIES; HIGH_LOAN_TO_INCOME,2025-04
APP-2026-002717,2025-04-24 05:00:00,34,13436745.0,48,632,0.5897,52475047.0,12,0,Salaried,Family,Partner,0,0.13670704302101974,517,REVIEW,HIGH_EXISTING_DTI,2025-04
APP-2026-002718,2025-04-24 06:00:00,45,36502367.0,30,642,0.0581,71516955.0,36,2,Salaried,Rented,Branch,0,0.06018560580480374,582,APPROVE,RENTED_RESIDENCE,2025-04
APP-2026-002719,2025-04-24 07:00:00,30,21167849.0,90,531,0.4096,37574328.0,24,1,Contract,Rented,Mobile,1,0.20697983603353293,481,DECLINE,LOW_BUREAU_SCORE; CONTRACT_EMPLOYMENT; RENTED_RESIDENCE,2025-04
APP-2026-002720,2025-04-24 08:00:00,44,9502702.0,29,611,0.3507,33712026.0,24,4,Self-employed,Rented,Branch,0,0.2857975070905382,450,DECLINE,MULTIPLE_RECENT_INQUIRIES; RENTED_RESIDENCE,2025-04
APP-2026-002721,2025-04-24 09:00:00,29,10107520.0,30,694,0.2668,27570157.0,18,5,Salaried,Mortgage,Mobile,0,0.18409275150356788,491,DECLINE,MULTIPLE_RECENT_INQUIRIES,2025-04
APP-2026-002722,2025-04-24 10:00:00,42,13172741.0,111,543,0.3823,41030678.0,12,3,Salaried,Rented,Mobile,1,0.2550021070162757,461,DECLINE,MULTIPLE_RECENT_INQUIRIES; LOW_BUREAU_SCORE; RENTED_RESIDENCE,2025-04
APP-2026-002723,2025-04-24 11:00:00,49,15721179.0,50,710,0.136,22102665.0,24,2,Contract,Mortgage,Partner,1,0.08331531378347726,557,REVIEW,CONTRACT_EMPLOYMENT,2025-04
APP-2026-002724,2025-04-24 12:00:00,32,8815073.0,67,618,0.6291,86410410.0,12,4,Salaried,Owned,Partner,1,0.395362347846106,415,DECLINE,HIGH_LOAN_TO_INCOME; MULTIPLE_RECENT_INQUIRIES; HIGH_EXISTING_DTI,2025-04
APP-2026-002725,2025-04-24 13:00:00,22,44438364.0,40,598,0.6017,68825963.0,6,1,Self-employed,Owned,Branch,0,0.13071255797464293,521,REVIEW,HIGH_EXISTING_DTI,2025-04
APP-2026-002726,2025-04-24 14:00:00,51,10253804.0,103,592,0.2592,46870858.0,6,0,Salaried,Family,Branch,0,0.07745949098999497,563,APPROVE,NO_MATERIAL_ADVERSE_FACTOR,2025-04
APP-2026-002727,2025-04-24 15:00:00,26,9710345.0,53,650,0.3663,32472717.0,12,2,Contract,Rented,Mobile,0,0.2039861705910302,482,DECLINE,CONTRACT_EMPLOYMENT; RENTED_RESIDENCE,2025-04
APP-2026-002728,2025-04-24 16:00:00,29,6215626.0,55,618,0.2534,15868133.0,6,1,Self-employed,Rented,Mobile,0,0.1528238742581876,507,REVIEW,RENTED_RESIDENCE,2025-04
APP-2026-002729,2025-04-24 17:00:00,31,15671452.0,71,559,0.3787,38063235.0,24,1,Self-employed,Family,Mobile,0,0.13605043170110215,517,REVIEW,LOW_BUREAU_SCORE,2025-04
APP-2026-002730,2025-04-24 18:00:00,42,14517161.0,56,600,0.3197,19960389.0,36,1,Salaried,Rented,Branch,0,0.11035663710517718,534,REVIEW,RENTED_RESIDENCE,2025-04
APP-2026-002731,2025-04-24 19:00:00,40,25761133.0,33,684,0.3743,74191997.0,36,3,Self-employed,Owned,Branch,0,0.11791502487294821,529,REVIEW,MULTIPLE_RECENT_INQUIRIES,2025-04
APP-2026-002732,2025-04-24 20:00:00,40,13174380.0,49,687,0.4024,67953787.0,18,0,Salaried,Owned,Branch,0,0.07812089057488084,562,APPROVE,HIGH_LOAN_TO_INCOME,2025-04
APP-2026-002733,2025-04-24 21:00:00,32,16747348.0,41,525,0.2988,62650692.0,12,0,Salaried,Family,Mobile,0,0.12329407084283588,525,REVIEW,LOW_BUREAU_SCORE,2025-04
APP-2026-002734,2025-04-24 22:00:00,32,15738728.0,29,606,0.4571,15845403.0,24,1,Salaried,Rented,Mobile,0,0.14699795358159098,511,REVIEW,RENTED_RESIDENCE,2025-04
APP-2026-002735,2025-04-24 23:00:00,42,17140273.0,193,668,0.4215,80779058.0,24,0,Self-employed,Mortgage,Partner,0,0.09502715452507582,546,REVIEW,NO_MATERIAL_ADVERSE_FACTOR,2025-04
APP-2026-002736,2025-04-25 00:00:00,49,13800190.0,74,605,0.1711,39316515.0,18,2,Self-employed,Mortgage,Branch,1,0.1264073015438792,523,REVIEW,NO_MATERIAL_ADVERSE_FACTOR,2025-04
APP-2026-002737,2025-04-25 01:00:00,23,11947563.0,24,564,0.3498,90803098.0,24,1,Salaried,Family,Mobile,1,0.17363090673315454,496,REVIEW,HIGH_LOAN_TO_INCOME; LOW_BUREAU_SCORE,2025-04
APP-2026-002738,2025-04-25 02:00:00,45,19083875.0,222,797,0.4572,21978011.0,36,3,Self-employed,Owned,Partner,0,0.05430736863492883,590,APPROVE,MULTIPLE_RECENT_INQUIRIES,2025-04
APP-2026-002739,2025-04-25 03:00:00,43,31708033.0,12,515,0.4003,65893125.0,12,3,Salaried,Mortgage,Partner,1,0.2765477891086256,453,DECLINE,LOW_BUREAU_SCORE; MULTIPLE_RECENT_INQUIRIES,2025-04
APP-2026-002740,2025-04-25 04:00:00,40,69527908.0,50,546,0.4064,62029151.0,12,0,Self-employed,Owned,Mobile,0,0.04768024870279158,600,APPROVE,LOW_BUREAU_SCORE,2025-04
APP-2026-002741,2025-04-25 05:00:00,28,9482133.0,58,792,0.3756,89560940.0,36,2,Salaried,Rented,Mobile,0,0.10209089446395862,541,REVIEW,HIGH_LOAN_TO_INCOME; RENTED_RESIDENCE,2025-04
APP-2026-002742,2025-04-25 06:00:00,35,10407598.0,27,601,0.0527,39906945.0,9,3,Salaried,Mortgage,Mobile,0,0.1481526045475249,510,REVIEW,MULTIPLE_RECENT_INQUIRIES,2025-04
APP-2026-002743,2025-04-25 07:00:00,38,15982841.0,64,604,0.5656,42436110.0,12,1,Salaried,Family,Mobile,1,0.13709091407819074,517,REVIEW,HIGH_EXISTING_DTI,2025-04
APP-2026-002744,2025-04-25 08:00:00,29,27823642.0,28,666,0.1696,18252116.0,12,0,Salaried,Mortgage,Mobile,0,0.042732499116329904,608,APPROVE,NO_MATERIAL_ADVERSE_FACTOR,2025-04
APP-2026-002745,2025-04-25 09:00:00,45,19705573.0,106,596,0.3309,12120692.0,12,0,Self-employed,Mortgage,Branch,0,0.08449667425515447,556,REVIEW,NO_MATERIAL_ADVERSE_FACTOR,2025-04
APP-2026-002746,2025-04-25 10:00:00,30,12260949.0,45,624,0.1067,18995895.0,12,4,Salaried,Rented,Mobile,0,0.1628650425027269,502,REVIEW,MULTIPLE_RECENT_INQUIRIES; RENTED_RESIDENCE,2025-04
APP-2026-002747,2025-04-25 11:00:00,48,27523597.0,86,588,0.6282,120002382.0,9,1,Contract,Rented,Partner,0,0.31448269143037005,440,DECLINE,HIGH_EXISTING_DTI; CONTRACT_EMPLOYMENT; RENTED_RESIDENCE,2025-04
APP-2026-002748,2025-04-25 12:00:00,21,8223454.0,93,672,0.0613,50486195.0,36,2,Salaried,Rented,Partner,0,0.09988920405359951,542,REVIEW,HIGH_LOAN_TO_INCOME; RENTED_RESIDENCE,2025-04
APP-2026-002749,2025-04-25 13:00:00,22,14021753.0,48,627,0.5697,38033526.0,12,2,Contract,Family,Mobile,0,0.20997449813757235,479,DECLINE,HIGH_EXISTING_DTI; CONTRACT_EMPLOYMENT,2025-04
APP-2026-002750,2025-04-25 14:00:00,20,10902795.0,53,676,0.5633,36191424.0,24,2,Salaried,Rented,Mobile,1,0.18662662479836614,490,DECLINE,HIGH_EXISTING_DTI; RENTED_RESIDENCE,2025-04
APP-2026-002751,2025-04-25 15:00:00,41,9875096.0,48,696,0.6581,11842348.0,24,0,Self-employed,Rented,Mobile,0,0.13234004943422512,520,REVIEW,HIGH_EXISTING_DTI; RENTED_RESIDENCE,2025-04
APP-2026-002752,2025-04-25 16:00:00,26,8248156.0,54,694,0.5747,46214092.0,24,2,Self-employed,Owned,Mobile,0,0.17192490919505693,497,REVIEW,HIGH_EXISTING_DTI; HIGH_LOAN_TO_INCOME,2025-04
APP-2026-002753,2025-04-25 17:00:00,27,11923945.0,53,575,0.3028,89570484.0,9,2,Self-employed,Rented,Branch,0,0.28546902817135145,450,DECLINE,HIGH_LOAN_TO_INCOME; RENTED_RESIDENCE; LOW_BUREAU_SCORE,2025-04
APP-2026-002754,2025-04-25 18:00:00,43,11650986.0,99,588,0.3519,21408435.0,36,2,Salaried,Owned,Branch,0,0.11355833450643933,532,REVIEW,NO_MATERIAL_ADVERSE_FACTOR,2025-04
APP-2026-002755,2025-04-25 19:00:00,50,7368439.0,14,634,0.5084,91153516.0,6,0,Self-employed,Mortgage,Mobile,1,0.21662447796699494,477,DECLINE,HIGH_LOAN_TO_INCOME,2025-04
APP-2026-002756,2025-04-25 20:00:00,28,7510248.0,57,608,0.4633,135910543.0,24,1,Salaried,Owned,Branch,1,0.22867881472893603,472,DECLINE,HIGH_LOAN_TO_INCOME,2025-04
APP-2026-002757,2025-04-25 21:00:00,47,11139952.0,27,716,0.2693,47408703.0,12,0,Salaried,Rented,Mobile,0,0.07134283925028632,569,APPROVE,RENTED_RESIDENCE,2025-04
APP-2026-002758,2025-04-25 22:00:00,39,22245586.0,98,628,0.4797,71360935.0,12,2,Salaried,Rented,Mobile,0,0.17091883015846504,498,REVIEW,RENTED_RESIDENCE,2025-04
APP-2026-002759,2025-04-25 23:00:00,34,8864251.0,44,690,0.2857,51838841.0,24,1,Self-employed,Family,Branch,0,0.08483371843062411,555,REVIEW,HIGH_LOAN_TO_INCOME,2025-04
APP-2026-002760,2025-04-26 00:00:00,24,20924482.0,44,613,0.3591,145890206.0,36,0,Self-employed,Mortgage,Mobile,0,0.16501179609084154,501,REVIEW,HIGH_LOAN_TO_INCOME,2025-04
APP-2026-002761,2025-04-26 01:00:00,22,17090948.0,97,637,0.4957,71106188.0,18,1,Salaried,Family,Partner,0,0.13061522686631122,521,REVIEW,NO_MATERIAL_ADVERSE_FACTOR,2025-04
APP-2026-002762,2025-04-26 02:00:00,35,22099442.0,26,646,0.1695,39720597.0,12,1,Salaried,Owned,Mobile,0,0.062075711595638725,580,APPROVE,NO_MATERIAL_ADVERSE_FACTOR,2025-04
APP-2026-002763,2025-04-26 03:00:00,36,6835822.0,47,519,0.4635,107794026.0,12,6,Salaried,Owned,Mobile,1,0.5715511308471581,363,DECLINE,HIGH_LOAN_TO_INCOME; MULTIPLE_RECENT_INQUIRIES; LOW_BUREAU_SCORE,2025-04
APP-2026-002764,2025-04-26 04:00:00,28,10459412.0,25,714,0.6404,35672247.0,36,0,Contract,Owned,Partner,0,0.13176455180473656,520,REVIEW,HIGH_EXISTING_DTI; CONTRACT_EMPLOYMENT,2025-04
APP-2026-002765,2025-04-26 05:00:00,25,23809028.0,23,589,0.2528,40029263.0,12,1,Self-employed,Owned,Branch,0,0.10820570645368574,536,REVIEW,NO_MATERIAL_ADVERSE_FACTOR,2025-04
APP-2026-002766,2025-04-26 06:00:00,22,50009384.0,35,577,0.1421,17080375.0,12,4,Salaried,Owned,Mobile,0,0.07375578658706487,566,APPROVE,MULTIPLE_RECENT_INQUIRIES; LOW_BUREAU_SCORE,2025-04
APP-2026-002767,2025-04-26 07:00:00,38,11928844.0,60,551,0.3414,25616002.0,24,2,Contract,Rented,Mobile,0,0.24354662681297948,466,DECLINE,CONTRACT_EMPLOYMENT; LOW_BUREAU_SCORE; RENTED_RESIDENCE,2025-04
APP-2026-002768,2025-04-26 08:00:00,40,6590772.0,21,589,0.4123,50468776.0,24,1,Salaried,Owned,Branch,0,0.1642201664420396,501,REVIEW,HIGH_LOAN_TO_INCOME,2025-04
APP-2026-002769,2025-04-26 09:00:00,41,20051120.0,101,562,0.4919,15836275.0,18,1,Contract,Mortgage,Mobile,0,0.16866647157380238,499,REVIEW,CONTRACT_EMPLOYMENT; LOW_BUREAU_SCORE,2025-04
APP-2026-002770,2025-04-26 10:00:00,40,36906670.0,36,564,0.217,43557345.0,24,3,Salaried,Rented,Mobile,0,0.12537315804732474,524,REVIEW,MULTIPLE_RECENT_INQUIRIES; RENTED_RESIDENCE; LOW_BUREAU_SCORE,2025-04
APP-2026-002771,2025-04-26 11:00:00,29,18716956.0,82,690,0.344,53764291.0,36,1,Salaried,Family,Partner,0,0.06515467325455573,576,APPROVE,NO_MATERIAL_ADVERSE_FACTOR,2025-04
APP-2026-002772,2025-04-26 12:00:00,49,11668812.0,32,593,0.1772,41795786.0,24,1,Salaried,Family,Mobile,0,0.08322451628500156,557,REVIEW,NO_MATERIAL_ADVERSE_FACTOR,2025-04
APP-2026-002773,2025-04-26 13:00:00,25,11748567.0,20,625,0.4806,23778591.0,18,1,Self-employed,Mortgage,Mobile,0,0.17836373601931918,494,REVIEW,NO_MATERIAL_ADVERSE_FACTOR,2025-04
APP-2026-002774,2025-04-26 14:00:00,39,29907069.0,28,615,0.2894,93551305.0,9,1,Salaried,Rented,Partner,0,0.14033500848017158,515,REVIEW,RENTED_RESIDENCE,2025-04
APP-2026-002775,2025-04-26 15:00:00,31,67773410.0,28,732,0.1461,45905508.0,6,1,Contract,Family,Partner,0,0.019281267711128272,667,APPROVE,CONTRACT_EMPLOYMENT,2025-04
APP-2026-002776,2025-04-26 16:00:00,24,37365727.0,67,639,0.2964,59396089.0,12,0,Salaried,Rented,Partner,0,0.07102025600810286,569,APPROVE,RENTED_RESIDENCE,2025-04
APP-2026-002777,2025-04-26 17:00:00,29,24271828.0,82,698,0.4678,57660110.0,12,0,Salaried,Owned,Mobile,0,0.06041877556590316,582,APPROVE,NO_MATERIAL_ADVERSE_FACTOR,2025-04
APP-2026-002778,2025-04-26 18:00:00,39,22389241.0,43,522,0.2486,18485017.0,12,4,Contract,Rented,Branch,0,0.29117927173673136,448,DECLINE,MULTIPLE_RECENT_INQUIRIES; LOW_BUREAU_SCORE; CONTRACT_EMPLOYMENT,2025-04
APP-2026-002779,2025-04-26 19:00:00,44,16247473.0,20,588,0.1058,17042435.0,24,2,Salaried,Owned,Branch,0,0.08499421526848029,555,REVIEW,NO_MATERIAL_ADVERSE_FACTOR,2025-04
APP-2026-002780,2025-04-26 20:00:00,37,18480568.0,35,625,0.3269,58520332.0,6,1,Contract,Rented,Branch,0,0.17176008230142278,497,REVIEW,CONTRACT_EMPLOYMENT; RENTED_RESIDENCE,2025-04
APP-2026-002781,2025-04-26 21:00:00,20,16042508.0,39,639,0.2848,175024669.0,12,0,Salaried,Rented,Partner,0,0.20937134647436056,480,DECLINE,HIGH_LOAN_TO_INCOME; RENTED_RESIDENCE,2025-04
APP-2026-002782,2025-04-26 22:00:00,41,6253856.0,53,579,0.519,65777437.0,18,0,Salaried,Family,Branch,1,0.1590537063793429,504,REVIEW,HIGH_LOAN_TO_INCOME; LOW_BUREAU_SCORE,2025-04
APP-2026-002783,2025-04-26 23:00:00,20,4543796.0,34,526,0.2215,145847100.0,36,0,Salaried,Owned,Mobile,0,0.21340693201657684,478,DECLINE,HIGH_LOAN_TO_INCOME; LOW_BUREAU_SCORE,2025-04
APP-2026-002784,2025-04-27 00:00:00,52,22295412.0,57,669,0.4075,23608906.0,9,2,Self-employed,Mortgage,Mobile,0,0.11247087552676882,533,REVIEW,NO_MATERIAL_ADVERSE_FACTOR,2025-04
APP-2026-002785,2025-04-27 01:00:00,36,15558528.0,32,616,0.2708,83226162.0,24,0,Salaried,Family,Branch,0,0.08368519360118323,557,REVIEW,HIGH_LOAN_TO_INCOME,2025-04
APP-2026-002786,2025-04-27 02:00:00,36,11725345.0,55,746,0.2377,92039325.0,24,2,Self-employed,Owned,Partner,1,0.10383961765830399,539,REVIEW,HIGH_LOAN_TO_INCOME,2025-04
APP-2026-002787,2025-04-27 03:00:00,43,18820736.0,81,759,0.2974,23445766.0,36,1,Salaried,Family,Partner,0,0.035196715469347356,623,APPROVE,NO_MATERIAL_ADVERSE_FACTOR,2025-04
APP-2026-002788,2025-04-27 04:00:00,32,18851185.0,19,667,0.3311,95323309.0,12,1,Salaried,Rented,Mobile,0,0.13785061369064755,516,REVIEW,HIGH_LOAN_TO_INCOME; RENTED_RESIDENCE,2025-04
APP-2026-002789,2025-04-27 05:00:00,32,9611986.0,93,645,0.6423,83651342.0,18,2,Salaried,Rented,Mobile,0,0.2716026708629823,455,DECLINE,HIGH_LOAN_TO_INCOME; HIGH_EXISTING_DTI; RENTED_RESIDENCE,2025-04
APP-2026-002790,2025-04-27 06:00:00,31,8729450.0,76,686,0.6095,23256128.0,36,3,Salaried,Rented,Mobile,0,0.19741546929115583,485,DECLINE,HIGH_EXISTING_DTI; MULTIPLE_RECENT_INQUIRIES; RENTED_RESIDENCE,2025-04
APP-2026-002791,2025-04-27 07:00:00,36,25703943.0,65,589,0.3944,69876203.0,9,4,Self-employed,Rented,Mobile,0,0.2888573238151971,449,DECLINE,MULTIPLE_RECENT_INQUIRIES; RENTED_RESIDENCE,2025-04
APP-2026-002792,2025-04-27 08:00:00,35,9809313.0,71,587,0.3474,155737504.0,12,2,Self-employed,Rented,Mobile,1,0.3599734975207775,425,DECLINE,HIGH_LOAN_TO_INCOME; RENTED_RESIDENCE,2025-04
APP-2026-002793,2025-04-27 09:00:00,36,18176550.0,27,594,0.5804,49485866.0,18,1,Salaried,Rented,Partner,0,0.23472572602227654,469,DECLINE,HIGH_EXISTING_DTI; RENTED_RESIDENCE,2025-04
APP-2026-002794,2025-04-27 10:00:00,20,17285410.0,86,637,0.3225,23484483.0,12,2,Self-employed,Mortgage,Partner,0,0.15045255161071452,509,REVIEW,NO_MATERIAL_ADVERSE_FACTOR,2025-04
APP-2026-002795,2025-04-27 11:00:00,34,14151226.0,63,643,0.4231,27058230.0,9,3,Self-employed,Mortgage,Branch,0,0.19919444221918178,484,DECLINE,MULTIPLE_RECENT_INQUIRIES,2025-04
APP-2026-002796,2025-04-27 12:00:00,20,14554124.0,152,671,0.3466,68395678.0,12,1,Self-employed,Owned,Mobile,0,0.0952410524859236,546,REVIEW,NO_MATERIAL_ADVERSE_FACTOR,2025-04
APP-2026-002797,2025-04-27 13:00:00,59,16228235.0,65,674,0.1056,37828778.0,24,1,Self-employed,Rented,Mobile,0,0.06688874644843654,574,APPROVE,RENTED_RESIDENCE,2025-04
APP-2026-002798,2025-04-27 14:00:00,42,15974653.0,37,498,0.4089,40329649.0,12,0,Contract,Rented,Mobile,1,0.24779780364513945,464,DECLINE,LOW_BUREAU_SCORE; CONTRACT_EMPLOYMENT; RENTED_RESIDENCE,2025-04
APP-2026-002799,2025-04-27 15:00:00,43,8769685.0,38,618,0.4221,20432751.0,12,2,Salaried,Mortgage,Branch,0,0.17454386995243504,496,REVIEW,NO_MATERIAL_ADVERSE_FACTOR,2025-04
APP-2026-002800,2025-04-27 16:00:00,39,14977822.0,97,706,0.461,123846345.0,24,2,Contract,Owned,Mobile,0,0.16465008603118303,501,REVIEW,HIGH_LOAN_TO_INCOME; CONTRACT_EMPLOYMENT,2025-04
APP-2026-002801,2025-04-27 17:00:00,40,24021139.0,72,536,0.2029,50876626.0,12,4,Salaried,Family,Mobile,0,0.1633700866144169,502,REVIEW,MULTIPLE_RECENT_INQUIRIES; LOW_BUREAU_SCORE,2025-04
APP-2026-002802,2025-04-27 18:00:00,26,40733773.0,37,549,0.292,168354531.0,12,0,Salaried,Mortgage,Branch,0,0.14189461010861235,514,REVIEW,LOW_BUREAU_SCORE,2025-04
APP-2026-002803,2025-04-27 19:00:00,41,36922755.0,61,616,0.1924,35086042.0,9,0,Self-employed,Mortgage,Mobile,0,0.052402886459964826,593,APPROVE,NO_MATERIAL_ADVERSE_FACTOR,2025-04
APP-2026-002804,2025-04-27 20:00:00,42,4400201.0,60,540,0.094,38183355.0,18,2,Salaried,Owned,Partner,0,0.1629045322429726,502,REVIEW,HIGH_LOAN_TO_INCOME; LOW_BUREAU_SCORE,2025-04
APP-2026-002805,2025-04-27 21:00:00,36,29176785.0,35,541,0.1889,38438526.0,24,2,Salaried,Owned,Mobile,0,0.09939236705081048,543,REVIEW,LOW_BUREAU_SCORE,2025-04
APP-2026-002806,2025-04-27 22:00:00,41,16878043.0,48,554,0.1572,61351913.0,12,0,Salaried,Rented,Partner,0,0.13222580297408143,520,REVIEW,LOW_BUREAU_SCORE; RENTED_RESIDENCE,2025-04
APP-2026-002807,2025-04-27 23:00:00,44,9270408.0,39,634,0.2952,29508729.0,24,2,Salaried,Rented,Mobile,0,0.1429188332043017,513,REVIEW,RENTED_RESIDENCE,2025-04
APP-2026-002808,2025-04-28 00:00:00,35,14940398.0,30,616,0.2159,60635620.0,12,4,Salaried,Rented,Mobile,0,0.22675192166483985,472,DECLINE,MULTIPLE_RECENT_INQUIRIES; RENTED_RESIDENCE,2025-04
APP-2026-002809,2025-04-28 01:00:00,24,34553615.0,40,674,0.6487,71735200.0,18,2,Contract,Family,Mobile,0,0.14374610649890676,513,REVIEW,HIGH_EXISTING_DTI; CONTRACT_EMPLOYMENT,2025-04
APP-2026-002810,2025-04-28 02:00:00,42,18733146.0,35,524,0.8297,38734497.0,24,2,Self-employed,Mortgage,Branch,0,0.39972198765707245,413,DECLINE,HIGH_EXISTING_DTI; LOW_BUREAU_SCORE,2025-04
APP-2026-002811,2025-04-28 03:00:00,48,13306682.0,39,612,0.2847,112969359.0,12,0,Self-employed,Mortgage,Mobile,0,0.1567561321216403,505,REVIEW,HIGH_LOAN_TO_INCOME,2025-04
APP-2026-002812,2025-04-28 04:00:00,24,11032617.0,11,497,0.5949,46544333.0,12,2,Salaried,Owned,Mobile,1,0.3576740564145505,426,DECLINE,LOW_BUREAU_SCORE; HIGH_EXISTING_DTI; SHORT_EMPLOYMENT_HISTORY,2025-04
APP-2026-002813,2025-04-28 05:00:00,45,15147117.0,104,630,0.2264,102120413.0,36,3,Salaried,Rented,Mobile,1,0.16299942496112974,502,REVIEW,HIGH_LOAN_TO_INCOME; MULTIPLE_RECENT_INQUIRIES; RENTED_RESIDENCE,2025-04
APP-2026-002814,2025-04-28 06:00:00,37,14325677.0,13,573,0.283,61384414.0,24,1,Self-employed,Rented,Mobile,0,0.19365144969194512,487,DECLINE,RENTED_RESIDENCE; LOW_BUREAU_SCORE,2025-04
APP-2026-002815,2025-04-28 07:00:00,40,9816085.0,12,632,0.4306,15880319.0,12,1,Salaried,Rented,Mobile,0,0.1532658934868348,507,REVIEW,RENTED_RESIDENCE,2025-04
APP-2026-002816,2025-04-28 08:00:00,42,6791923.0,63,718,0.1102,118277996.0,24,2,Salaried,Rented,Mobile,0,0.1157615382139475,531,REVIEW,HIGH_LOAN_TO_INCOME; RENTED_RESIDENCE,2025-04
APP-2026-002817,2025-04-28 09:00:00,25,9772455.0,40,737,0.2143,109059551.0,12,2,Salaried,Family,Branch,0,0.0939742324268107,547,REVIEW,HIGH_LOAN_TO_INCOME,2025-04
APP-2026-002818,2025-04-28 10:00:00,37,19463136.0,31,501,0.1344,54749124.0,18,0,Contract,Family,Branch,0,0.11882005914928648,528,REVIEW,LOW_BUREAU_SCORE; CONTRACT_EMPLOYMENT,2025-04
APP-2026-002819,2025-04-28 11:00:00,44,4796929.0,29,570,0.179,247936750.0,12,1,Salaried,Family,Mobile,0,0.2967495082602974,446,DECLINE,HIGH_LOAN_TO_INCOME; LOW_BUREAU_SCORE,2025-04
APP-2026-002820,2025-04-28 12:00:00,47,9628253.0,30,652,0.4687,40997145.0,9,1,Contract,Mortgage,Partner,0,0.2066956310314739,481,DECLINE,CONTRACT_EMPLOYMENT,2025-04
APP-2026-002821,2025-04-28 13:00:00,42,62569140.0,29,567,0.0769,75346863.0,18,2,Self-employed,Mortgage,Partner,0,0.06601524978657838,575,APPROVE,LOW_BUREAU_SCORE,2025-04
APP-2026-002822,2025-04-28 14:00:00,26,22537955.0,46,679,0.4031,144852294.0,18,1,Self-employed,Owned,Mobile,0,0.14366240892313462,513,REVIEW,HIGH_LOAN_TO_INCOME,2025-04
APP-2026-002823,2025-04-28 15:00:00,36,48023798.0,60,637,0.2085,141669202.0,36,0,Salaried,Mortgage,Partner,0,0.05691796438706083,586,APPROVE,NO_MATERIAL_ADVERSE_FACTOR,2025-04
APP-2026-002824,2025-04-28 16:00:00,32,29687773.0,45,654,0.0771,41616599.0,24,1,Salaried,Rented,Mobile,0,0.05163702394208116,594,APPROVE,RENTED_RESIDENCE,2025-04
APP-2026-002825,2025-04-28 17:00:00,35,30175177.0,27,625,0.5588,34390859.0,24,1,Contract,Owned,Mobile,0,0.12265320877132375,526,REVIEW,HIGH_EXISTING_DTI; CONTRACT_EMPLOYMENT,2025-04
APP-2026-002826,2025-04-28 18:00:00,44,25675965.0,38,749,0.338,34434550.0,24,2,Contract,Rented,Mobile,0,0.08183884622651291,558,REVIEW,CONTRACT_EMPLOYMENT; RENTED_RESIDENCE,2025-04
APP-2026-002827,2025-04-28 19:00:00,22,12497022.0,134,716,0.329,50763234.0,6,0,Salaried,Rented,Partner,1,0.08050907372528755,560,REVIEW,RENTED_RESIDENCE,2025-04
APP-2026-002828,2025-04-28 20:00:00,39,19281967.0,29,623,0.3344,30460644.0,18,0,Salaried,Owned,Branch,0,0.07083157901903316,570,APPROVE,NO_MATERIAL_ADVERSE_FACTOR,2025-04
APP-2026-002829,2025-04-28 21:00:00,38,39461205.0,133,642,0.13,32564521.0,24,1,Salaried,Owned,Partner,0,0.03215067804381232,629,APPROVE,NO_MATERIAL_ADVERSE_FACTOR,2025-04
APP-2026-002830,2025-04-28 22:00:00,26,19816762.0,96,559,0.398,23923650.0,24,1,Self-employed,Owned,Mobile,0,0.12613736778809748,524,REVIEW,LOW_BUREAU_SCORE,2025-04
APP-2026-002831,2025-04-28 23:00:00,45,14382626.0,74,584,0.226,27945542.0,12,0,Salaried,Rented,Mobile,0,0.09429037115985704,547,REVIEW,RENTED_RESIDENCE,2025-04
APP-2026-002832,2025-04-29 00:00:00,29,16348023.0,117,634,0.6038,34053124.0,18,2,Self-employed,Owned,Mobile,0,0.16631770036129612,500,REVIEW,HIGH_EXISTING_DTI,2025-04
APP-2026-002833,2025-04-29 01:00:00,35,38373699.0,30,631,0.6695,64157246.0,12,1,Salaried,Rented,Mobile,0,0.1467096256107161,511,REVIEW,HIGH_EXISTING_DTI; RENTED_RESIDENCE,2025-04
APP-2026-002834,2025-04-29 02:00:00,20,8214706.0,53,540,0.3759,27174931.0,12,2,Self-employed,Rented,Partner,1,0.33074353321563066,435,DECLINE,LOW_BUREAU_SCORE; RENTED_RESIDENCE,2025-04
APP-2026-002835,2025-04-29 03:00:00,45,48543752.0,56,596,0.2515,26812704.0,24,0,Salaried,Rented,Branch,0,0.04044854761012318,612,APPROVE,RENTED_RESIDENCE,2025-04
APP-2026-002836,2025-04-29 04:00:00,32,14621687.0,48,574,0.1442,25592589.0,12,0,Salaried,Owned,Branch,0,0.07261908029322299,568,APPROVE,LOW_BUREAU_SCORE,2025-04
APP-2026-002837,2025-04-29 05:00:00,32,15236522.0,28,608,0.1117,20299921.0,12,4,Salaried,Owned,Mobile,0,0.13327889514138241,519,REVIEW,MULTIPLE_RECENT_INQUIRIES,2025-04
APP-2026-002838,2025-04-29 06:00:00,48,12985964.0,78,541,0.2082,67430214.0,24,2,Salaried,Rented,Branch,0,0.1886320229234415,489,DECLINE,HIGH_LOAN_TO_INCOME; LOW_BUREAU_SCORE; RENTED_RESIDENCE,2025-04
APP-2026-002839,2025-04-29 07:00:00,20,18567032.0,73,740,0.2062,36027448.0,12,1,Salaried,Mortgage,Partner,0,0.058548990704077264,584,APPROVE,NO_MATERIAL_ADVERSE_FACTOR,2025-04
APP-2026-002840,2025-04-29 08:00:00,42,17854915.0,37,473,0.3447,25793422.0,36,5,Self-employed,Rented,Mobile,0,0.4163531016060375,408,DECLINE,LOW_BUREAU_SCORE; MULTIPLE_RECENT_INQUIRIES; RENTED_RESIDENCE,2025-04
APP-2026-002841,2025-04-29 09:00:00,44,21337307.0,21,669,0.2864,103139584.0,24,2,Salaried,Owned,Partner,0,0.1216801974091074,526,REVIEW,NO_MATERIAL_ADVERSE_FACTOR,2025-04
APP-2026-002842,2025-04-29 10:00:00,20,13442475.0,20,718,0.4549,49531598.0,6,3,Salaried,Family,Branch,0,0.13700529633119635,517,REVIEW,MULTIPLE_RECENT_INQUIRIES,2025-04
APP-2026-002843,2025-04-29 11:00:00,37,9006836.0,33,793,0.1645,40819919.0,12,2,Salaried,Rented,Mobile,0,0.06638718260894566,575,APPROVE,RENTED_RESIDENCE,2025-04
APP-2026-002844,2025-04-29 12:00:00,31,11707386.0,40,629,0.2935,58566058.0,24,2,Salaried,Rented,Partner,0,0.1873831759811385,490,DECLINE,HIGH_LOAN_TO_INCOME; RENTED_RESIDENCE,2025-04
APP-2026-002845,2025-04-29 13:00:00,25,9625960.0,72,577,0.3363,87501982.0,18,4,Self-employed,Rented,Mobile,0,0.38670626216124493,417,DECLINE,HIGH_LOAN_TO_INCOME; MULTIPLE_RECENT_INQUIRIES; RENTED_RESIDENCE,2025-04
APP-2026-002846,2025-04-29 14:00:00,23,7550471.0,40,651,0.3298,29572760.0,24,1,Self-employed,Rented,Mobile,0,0.14788913774562698,510,REVIEW,RENTED_RESIDENCE,2025-04
APP-2026-002847,2025-04-29 15:00:00,41,21598566.0,28,712,0.314,105106626.0,12,2,Self-employed,Rented,Branch,0,0.1452471142825292,512,REVIEW,RENTED_RESIDENCE,2025-04
APP-2026-002848,2025-04-29 16:00:00,45,21719243.0,27,612,0.3762,167166360.0,12,2,Salaried,Owned,Branch,0,0.2177494473252964,476,DECLINE,HIGH_LOAN_TO_INCOME,2025-04
APP-2026-002849,2025-04-29 17:00:00,24,6108261.0,37,644,0.3824,52635352.0,24,1,Salaried,Owned,Partner,0,0.14707200955647481,511,REVIEW,HIGH_LOAN_TO_INCOME,2025-04
APP-2026-002850,2025-04-29 18:00:00,26,8730757.0,27,641,0.1816,120268988.0,9,1,Salaried,Owned,Mobile,0,0.13796323261982263,516,REVIEW,HIGH_LOAN_TO_INCOME,2025-04
APP-2026-002851,2025-04-29 19:00:00,42,29892015.0,23,586,0.3819,161738185.0,9,3,Contract,Rented,Mobile,0,0.3649640732373289,424,DECLINE,MULTIPLE_RECENT_INQUIRIES; HIGH_LOAN_TO_INCOME; CONTRACT_EMPLOYMENT,2025-04
APP-2026-002852,2025-04-29 20:00:00,56,22935372.0,37,752,0.4089,61196937.0,24,0,Salaried,Rented,Mobile,0,0.05455640449852761,590,APPROVE,RENTED_RESIDENCE,2025-04
APP-2026-002853,2025-04-29 21:00:00,20,33975955.0,37,626,0.435,75499808.0,18,0,Salaried,Mortgage,Partner,1,0.10440488862000974,539,REVIEW,NO_MATERIAL_ADVERSE_FACTOR,2025-04
APP-2026-002854,2025-04-29 22:00:00,21,10175490.0,18,738,0.1734,29712691.0,12,2,Salaried,Owned,Mobile,0,0.06728729758964139,574,APPROVE,NO_MATERIAL_ADVERSE_FACTOR,2025-04
APP-2026-002855,2025-04-29 23:00:00,25,4526379.0,3,676,0.7944,35822029.0,9,2,Salaried,Owned,Partner,0,0.2976097589773983,446,DECLINE,HIGH_EXISTING_DTI; HIGH_LOAN_TO_INCOME; SHORT_EMPLOYMENT_HISTORY,2025-04
APP-2026-002856,2025-04-30 00:00:00,25,6393775.0,90,644,0.2395,88851218.0,12,1,Salaried,Owned,Mobile,0,0.1169864191769936,530,REVIEW,HIGH_LOAN_TO_INCOME,2025-04
APP-2026-002857,2025-04-30 01:00:00,45,20088995.0,64,522,0.6924,73926575.0,36,2,Salaried,Owned,Mobile,1,0.274057647622881,454,DECLINE,HIGH_EXISTING_DTI; LOW_BUREAU_SCORE,2025-04
APP-2026-002858,2025-04-30 02:00:00,25,7996066.0,98,630,0.1422,49348229.0,12,0,Salaried,Owned,Mobile,0,0.06765839447945474,573,APPROVE,HIGH_LOAN_TO_INCOME,2025-04
APP-2026-002859,2025-04-30 03:00:00,55,38123470.0,36,528,0.4275,110012343.0,12,2,Salaried,Rented,Mobile,0,0.2191302548975731,476,DECLINE,LOW_BUREAU_SCORE; RENTED_RESIDENCE,2025-04
APP-2026-002860,2025-04-30 04:00:00,39,16819981.0,94,647,0.239,52618258.0,18,0,Salaried,Owned,Partner,0,0.06446232827608912,577,APPROVE,NO_MATERIAL_ADVERSE_FACTOR,2025-04
APP-2026-002861,2025-04-30 05:00:00,44,21309357.0,47,724,0.3984,67830374.0,36,2,Salaried,Family,Partner,0,0.07711426483306957,563,APPROVE,NO_MATERIAL_ADVERSE_FACTOR,2025-04
APP-2026-002862,2025-04-30 06:00:00,40,23847107.0,68,700,0.1287,129016478.0,36,0,Salaried,Family,Partner,0,0.045838664088550495,603,APPROVE,HIGH_LOAN_TO_INCOME,2025-04
APP-2026-002863,2025-04-30 07:00:00,25,30901649.0,19,556,0.1071,173103416.0,12,0,Salaried,Owned,Mobile,0,0.11701250326057351,530,REVIEW,HIGH_LOAN_TO_INCOME; LOW_BUREAU_SCORE,2025-04
APP-2026-002864,2025-04-30 08:00:00,22,18066788.0,36,762,0.3312,73804417.0,9,2,Salaried,Rented,Partner,0,0.11731318953035383,529,REVIEW,RENTED_RESIDENCE,2025-04
APP-2026-002865,2025-04-30 09:00:00,43,20963963.0,59,475,0.6009,112071312.0,12,2,Salaried,Owned,Mobile,0,0.3674572755148218,423,DECLINE,LOW_BUREAU_SCORE; HIGH_EXISTING_DTI; HIGH_LOAN_TO_INCOME,2025-04
APP-2026-002866,2025-04-30 10:00:00,46,5902446.0,56,595,0.1045,62951502.0,18,1,Self-employed,Rented,Mobile,1,0.1503498029324017,509,REVIEW,HIGH_LOAN_TO_INCOME; RENTED_RESIDENCE,2025-04
APP-2026-002867,2025-04-30 11:00:00,39,8936671.0,67,602,0.4784,243293179.0,6,2,Salaried,Rented,Mobile,1,0.48797559908794075,387,DECLINE,HIGH_LOAN_TO_INCOME; RENTED_RESIDENCE,2025-04
APP-2026-002868,2025-04-30 12:00:00,35,21564036.0,123,712,0.4584,103175557.0,36,1,Contract,Mortgage,Mobile,0,0.10878195513330038,536,REVIEW,CONTRACT_EMPLOYMENT,2025-04
APP-2026-002869,2025-04-30 13:00:00,35,18245948.0,70,499,0.105,47358525.0,24,1,Self-employed,Rented,Mobile,0,0.15923711479371905,504,REVIEW,LOW_BUREAU_SCORE; RENTED_RESIDENCE,2025-04
APP-2026-002870,2025-04-30 14:00:00,37,13559252.0,59,686,0.394,46133352.0,24,3,Contract,Owned,Mobile,1,0.1529568483518129,507,REVIEW,MULTIPLE_RECENT_INQUIRIES; CONTRACT_EMPLOYMENT,2025-04
APP-2026-002871,2025-04-30 15:00:00,22,10941821.0,78,628,0.2076,20550504.0,24,0,Salaried,Rented,Mobile,0,0.07888168637562172,561,APPROVE,RENTED_RESIDENCE,2025-04
APP-2026-002872,2025-04-30 16:00:00,35,24906774.0,79,709,0.3948,85999972.0,9,3,Salaried,Owned,Branch,0,0.1085389856964513,536,REVIEW,MULTIPLE_RECENT_INQUIRIES,2025-04
APP-2026-002873,2025-04-30 17:00:00,35,19046234.0,34,679,0.0858,19865634.0,24,0,Salaried,Family,Mobile,0,0.03013793836862947,634,APPROVE,NO_MATERIAL_ADVERSE_FACTOR,2025-04
APP-2026-002874,2025-04-30 18:00:00,20,13626928.0,77,629,0.3282,34974096.0,6,1,Salaried,Owned,Mobile,0,0.10103240602080155,542,REVIEW,NO_MATERIAL_ADVERSE_FACTOR,2025-04
APP-2026-002875,2025-04-30 19:00:00,20,52408093.0,26,560,0.2056,36586200.0,24,2,Salaried,Family,Partner,0,0.061337300220671596,581,APPROVE,LOW_BUREAU_SCORE,2025-04
APP-2026-002876,2025-04-30 20:00:00,32,14297122.0,8,628,0.2562,71163216.0,18,1,Salaried,Family,Partner,0,0.11579454744225819,531,REVIEW,SHORT_EMPLOYMENT_HISTORY,2025-04
APP-2026-002877,2025-04-30 21:00:00,20,11324956.0,72,706,0.1738,20747652.0,24,2,Self-employed,Owned,Partner,0,0.08147882863915754,559,REVIEW,NO_MATERIAL_ADVERSE_FACTOR,2025-04
APP-2026-002878,2025-04-30 22:00:00,20,33301949.0,61,545,0.3889,45456642.0,36,1,Salaried,Mortgage,Branch,0,0.11385871607338875,532,REVIEW,LOW_BUREAU_SCORE,2025-04
APP-2026-002879,2025-04-30 23:00:00,20,9953332.0,32,584,0.3941,58640849.0,18,2,Self-employed,Rented,Partner,1,0.32020561233832134,438,DECLINE,HIGH_LOAN_TO_INCOME; RENTED_RESIDENCE,2025-04
APP-2026-002880,2025-05-01 00:00:00,36,11414976.0,75,633,0.2339,40670147.0,12,1,Contract,Mortgage,Mobile,0,0.12614773233671622,524,REVIEW,CONTRACT_EMPLOYMENT,2025-05
APP-2026-002881,2025-05-01 01:00:00,34,20679584.0,35,797,0.3204,52901818.0,6,1,Salaried,Rented,Mobile,0,0.05722350008105208,586,APPROVE,RENTED_RESIDENCE,2025-05
APP-2026-002882,2025-05-01 02:00:00,35,43084098.0,96,486,0.2478,49811951.0,12,0,Salaried,Owned,Mobile,0,0.0674695371556064,573,APPROVE,LOW_BUREAU_SCORE,2025-05
APP-2026-002883,2025-05-01 03:00:00,50,13135736.0,55,672,0.2664,166156951.0,18,1,Self-employed,Rented,Mobile,0,0.18771927496510987,490,DECLINE,HIGH_LOAN_TO_INCOME; RENTED_RESIDENCE,2025-05
APP-2026-002884,2025-05-01 04:00:00,39,5337022.0,37,642,0.2779,53113788.0,12,1,Salaried,Rented,Branch,0,0.146926312251016,511,REVIEW,HIGH_LOAN_TO_INCOME; RENTED_RESIDENCE,2025-05
APP-2026-002885,2025-05-01 05:00:00,49,32400449.0,51,758,0.2877,73477811.0,24,2,Salaried,Mortgage,Mobile,0,0.05080272448468831,595,APPROVE,NO_MATERIAL_ADVERSE_FACTOR,2025-05
APP-2026-002886,2025-05-01 06:00:00,36,16727702.0,122,692,0.1578,71597367.0,36,1,Salaried,Family,Branch,0,0.04244964220350898,609,APPROVE,NO_MATERIAL_ADVERSE_FACTOR,2025-05
APP-2026-002887,2025-05-01 07:00:00,44,29042632.0,24,650,0.6411,43810248.0,12,0,Self-employed,Owned,Partner,0,0.11841412520634084,529,REVIEW,HIGH_EXISTING_DTI,2025-05
APP-2026-002888,2025-05-01 08:00:00,49,22445737.0,64,644,0.2445,71055810.0,24,1,Self-employed,Mortgage,Mobile,0,0.09236051253778488,549,REVIEW,NO_MATERIAL_ADVERSE_FACTOR,2025-05
APP-2026-002889,2025-05-01 09:00:00,53,34795456.0,21,658,0.2615,350823185.0,24,1,Salaried,Family,Partner,0,0.21548880174786125,477,DECLINE,HIGH_LOAN_TO_INCOME,2025-05
APP-2026-002890,2025-05-01 10:00:00,32,18123208.0,60,588,0.816,58237426.0,24,5,Self-employed,Rented,Mobile,0,0.5335004227379981,374,DECLINE,MULTIPLE_RECENT_INQUIRIES; HIGH_EXISTING_DTI; RENTED_RESIDENCE,2025-05
APP-2026-002891,2025-05-01 11:00:00,23,6177991.0,87,684,0.0723,113621166.0,24,1,Self-employed,Owned,Mobile,0,0.09386754618561602,547,REVIEW,HIGH_LOAN_TO_INCOME,2025-05
APP-2026-002892,2025-05-01 12:00:00,35,16146837.0,9,653,0.789,13215076.0,18,1,Salaried,Rented,Mobile,0,0.20275373137383576,483,DECLINE,HIGH_EXISTING_DTI; SHORT_EMPLOYMENT_HISTORY; RENTED_RESIDENCE,2025-05
APP-2026-002893,2025-05-01 13:00:00,47,40365940.0,54,529,0.0696,71482594.0,24,1,Salaried,Mortgage,Branch,0,0.07010591035164891,570,APPROVE,LOW_BUREAU_SCORE,2025-05
APP-2026-002894,2025-05-01 14:00:00,49,45364584.0,67,609,0.033,61333793.0,24,0,Salaried,Rented,Mobile,0,0.03289800179758745,628,APPROVE,RENTED_RESIDENCE,2025-05
APP-2026-002895,2025-05-01 15:00:00,36,33150648.0,21,749,0.2148,90061365.0,18,4,Self-employed,Owned,Mobile,0,0.08758269367485871,553,REVIEW,MULTIPLE_RECENT_INQUIRIES,2025-05
APP-2026-002896,2025-05-01 16:00:00,38,19261736.0,27,658,0.209,63141140.0,18,5,Salaried,Rented,Mobile,0,0.20386947741309797,482,DECLINE,MULTIPLE_RECENT_INQUIRIES; RENTED_RESIDENCE,2025-05
APP-2026-002897,2025-05-01 17:00:00,49,9203770.0,65,688,0.6464,228853871.0,18,0,Contract,Family,Branch,1,0.2773905299022035,453,DECLINE,HIGH_LOAN_TO_INCOME; HIGH_EXISTING_DTI; CONTRACT_EMPLOYMENT,2025-05
APP-2026-002898,2025-05-01 18:00:00,36,40320682.0,86,697,0.6024,29906330.0,9,1,Salaried,Owned,Mobile,0,0.054543671320878374,590,APPROVE,HIGH_EXISTING_DTI,2025-05
APP-2026-002899,2025-05-01 19:00:00,41,9579476.0,86,646,0.5308,42585197.0,24,3,Self-employed,Rented,Mobile,0,0.2533748480564534,462,DECLINE,MULTIPLE_RECENT_INQUIRIES; RENTED_RESIDENCE,2025-05
APP-2026-002900,2025-05-01 20:00:00,43,17168006.0,24,599,0.0806,27281118.0,18,2,Salaried,Owned,Branch,0,0.08221842948568937,558,REVIEW,NO_MATERIAL_ADVERSE_FACTOR,2025-05
APP-2026-002901,2025-05-01 21:00:00,32,14812388.0,80,607,0.2061,30106047.0,24,1,Salaried,Owned,Branch,0,0.07555360209421506,565,APPROVE,NO_MATERIAL_ADVERSE_FACTOR,2025-05
APP-2026-002902,2025-05-01 22:00:00,27,22624942.0,26,650,0.1066,106632288.0,12,1,Salaried,Owned,Mobile,0,0.07894776859799653,561,APPROVE,NO_MATERIAL_ADVERSE_FACTOR,2025-05
APP-2026-002903,2025-05-01 23:00:00,57,23731402.0,93,644,0.4255,28283394.0,12,3,Self-employed,Rented,Mobile,0,0.15425796753598103,507,REVIEW,MULTIPLE_RECENT_INQUIRIES; RENTED_RESIDENCE,2025-05
APP-2026-002904,2025-05-02 00:00:00,29,83383820.0,52,676,0.1414,62126298.0,24,2,Salaried,Mortgage,Partner,1,0.0204633606367392,663,APPROVE,NO_MATERIAL_ADVERSE_FACTOR,2025-05
APP-2026-002905,2025-05-02 01:00:00,25,40028272.0,37,715,0.3167,81205851.0,18,3,Salaried,Rented,Branch,0,0.09058030863342366,550,REVIEW,MULTIPLE_RECENT_INQUIRIES; RENTED_RESIDENCE,2025-05
APP-2026-002906,2025-05-02 02:00:00,32,16319644.0,46,661,0.2615,28011247.0,9,1,Salaried,Owned,Mobile,0,0.07133274889598758,569,APPROVE,NO_MATERIAL_ADVERSE_FACTOR,2025-05
APP-2026-002907,2025-05-02 03:00:00,36,14521253.0,103,721,0.1671,66584957.0,12,1,Salaried,Owned,Mobile,0,0.05024649612153156,596,APPROVE,NO_MATERIAL_ADVERSE_FACTOR,2025-05
APP-2026-002908,2025-05-02 04:00:00,37,8769134.0,49,550,0.3531,15964773.0,12,2,Contract,Mortgage,Mobile,0,0.2517989607514353,462,DECLINE,CONTRACT_EMPLOYMENT; LOW_BUREAU_SCORE,2025-05
APP-2026-002909,2025-05-02 05:00:00,31,26367392.0,72,760,0.4716,59591511.0,36,2,Self-employed,Owned,Mobile,0,0.06891565397455451,572,APPROVE,NO_MATERIAL_ADVERSE_FACTOR,2025-05
APP-2026-002910,2025-05-02 06:00:00,39,6292064.0,44,631,0.6321,32839340.0,12,1,Salaried,Rented,Branch,0,0.2254962283002589,473,DECLINE,HIGH_EXISTING_DTI; HIGH_LOAN_TO_INCOME; RENTED_RESIDENCE,2025-05
APP-2026-002911,2025-05-02 07:00:00,50,7265609.0,54,650,0.1166,62299177.0,9,1,Contract,Family,Mobile,0,0.09355264248960278,548,REVIEW,HIGH_LOAN_TO_INCOME; CONTRACT_EMPLOYMENT,2025-05
APP-2026-002912,2025-05-02 08:00:00,31,16022159.0,41,686,0.2721,76862066.0,18,1,Salaried,Owned,Mobile,0,0.08059209586671993,560,REVIEW,NO_MATERIAL_ADVERSE_FACTOR,2025-05
APP-2026-002913,2025-05-02 09:00:00,35,19229788.0,20,716,0.5514,40440300.0,24,1,Salaried,Rented,Mobile,0,0.10951886040389236,535,REVIEW,HIGH_EXISTING_DTI; RENTED_RESIDENCE,2025-05
APP-2026-002914,2025-05-02 10:00:00,47,13432876.0,47,656,0.5507,38696793.0,12,2,Self-employed,Rented,Mobile,0,0.21339733437923028,478,DECLINE,HIGH_EXISTING_DTI; RENTED_RESIDENCE,2025-05
APP-2026-002915,2025-05-02 11:00:00,25,24668318.0,24,644,0.4165,50280879.0,18,1,Salaried,Family,Mobile,1,0.0855171688963077,555,REVIEW,NO_MATERIAL_ADVERSE_FACTOR,2025-05
APP-2026-002916,2025-05-02 12:00:00,23,13413637.0,52,620,0.2954,116786334.0,18,0,Self-employed,Rented,Partner,0,0.1997807269380465,484,DECLINE,HIGH_LOAN_TO_INCOME; RENTED_RESIDENCE,2025-05
APP-2026-002917,2025-05-02 13:00:00,28,38265543.0,23,749,0.453,93980085.0,36,1,Salaried,Owned,Mobile,0,0.04957005096180199,597,APPROVE,NO_MATERIAL_ADVERSE_FACTOR,2025-05
APP-2026-002918,2025-05-02 14:00:00,33,22069300.0,163,616,0.3793,13893415.0,12,3,Self-employed,Mortgage,Mobile,0,0.13531107653708752,518,REVIEW,MULTIPLE_RECENT_INQUIRIES,2025-05
APP-2026-002919,2025-05-02 15:00:00,43,13709925.0,32,635,0.3408,30671590.0,12,4,Salaried,Owned,Branch,0,0.17318046326679587,497,REVIEW,MULTIPLE_RECENT_INQUIRIES,2025-05
APP-2026-002920,2025-05-02 16:00:00,20,10223112.0,63,539,0.3459,41584998.0,9,1,Salaried,Rented,Mobile,1,0.21937995396887078,475,DECLINE,LOW_BUREAU_SCORE; RENTED_RESIDENCE,2025-05
APP-2026-002921,2025-05-02 17:00:00,28,46827496.0,34,620,0.1993,45954167.0,12,1,Self-employed,Rented,Mobile,0,0.06554088414362957,576,APPROVE,RENTED_RESIDENCE,2025-05
APP-2026-002922,2025-05-02 18:00:00,24,13193183.0,32,724,0.424,47520128.0,12,0,Contract,Mortgage,Mobile,0,0.10445528152469022,539,REVIEW,CONTRACT_EMPLOYMENT,2025-05
APP-2026-002923,2025-05-02 19:00:00,20,7144160.0,72,615,0.3773,48584003.0,18,1,Self-employed,Owned,Partner,0,0.17737649197108035,495,REVIEW,HIGH_LOAN_TO_INCOME,2025-05
APP-2026-002924,2025-05-02 20:00:00,22,24728626.0,129,650,0.6679,54819094.0,24,0,Salaried,Rented,Partner,1,0.13115177925940452,520,REVIEW,HIGH_EXISTING_DTI; RENTED_RESIDENCE,2025-05
APP-2026-002925,2025-05-02 21:00:00,41,12316412.0,49,621,0.3002,42011057.0,24,3,Salaried,Family,Mobile,0,0.1305092070412143,521,REVIEW,MULTIPLE_RECENT_INQUIRIES,2025-05
APP-2026-002926,2025-05-02 22:00:00,35,64660336.0,50,623,0.3093,29084783.0,9,2,Salaried,Mortgage,Mobile,0,0.04252738118729093,609,APPROVE,NO_MATERIAL_ADVERSE_FACTOR,2025-05
APP-2026-002927,2025-05-02 23:00:00,36,12793402.0,85,647,0.1172,72299630.0,36,2,Self-employed,Owned,Mobile,0,0.09204206424119521,549,REVIEW,HIGH_LOAN_TO_INCOME,2025-05
APP-2026-002928,2025-05-03 00:00:00,40,8021787.0,47,548,0.1427,61913240.0,36,3,Contract,Rented,Mobile,1,0.27113535936086,455,DECLINE,HIGH_LOAN_TO_INCOME; MULTIPLE_RECENT_INQUIRIES; CONTRACT_EMPLOYMENT,2025-05
APP-2026-002929,2025-05-03 01:00:00,39,7220167.0,60,649,0.3109,105779460.0,12,1,Salaried,Rented,Mobile,1,0.1753198959337579,496,REVIEW,HIGH_LOAN_TO_INCOME; RENTED_RESIDENCE,2025-05
APP-2026-002930,2025-05-03 02:00:00,38,5641445.0,95,783,0.1633,44019263.0,18,0,Salaried,Owned,Mobile,0,0.032050150726429735,630,APPROVE,HIGH_LOAN_TO_INCOME,2025-05
APP-2026-002931,2025-05-03 03:00:00,52,25876477.0,46,604,0.5786,28947131.0,12,1,Self-employed,Rented,Mobile,1,0.16743599969673667,500,REVIEW,HIGH_EXISTING_DTI; RENTED_RESIDENCE,2025-05
APP-2026-002932,2025-05-03 04:00:00,41,49816063.0,23,595,0.2347,54586828.0,18,2,Self-employed,Rented,Partner,0,0.10132643072817185,541,REVIEW,RENTED_RESIDENCE,2025-05
APP-2026-002933,2025-05-03 05:00:00,20,19821506.0,79,489,0.3925,206895943.0,12,1,Salaried,Mortgage,Mobile,0,0.3961054209297673,414,DECLINE,HIGH_LOAN_TO_INCOME; LOW_BUREAU_SCORE,2025-05
APP-2026-002934,2025-05-03 06:00:00,40,14650786.0,24,473,0.4899,121382665.0,24,0,Salaried,Owned,Mobile,1,0.27962913319807964,452,DECLINE,LOW_BUREAU_SCORE; HIGH_LOAN_TO_INCOME,2025-05
APP-2026-002935,2025-05-03 07:00:00,44,9358088.0,188,586,0.2097,53781687.0,36,2,Salaried,Rented,Branch,1,0.12179996360686798,526,REVIEW,HIGH_LOAN_TO_INCOME; RENTED_RESIDENCE,2025-05
APP-2026-002936,2025-05-03 08:00:00,39,26634274.0,44,676,0.589,46678898.0,12,0,Salaried,Rented,Partner,0,0.11344751915137385,532,REVIEW,HIGH_EXISTING_DTI; RENTED_RESIDENCE,2025-05
APP-2026-002937,2025-05-03 09:00:00,29,8462150.0,58,556,0.378,56407645.0,24,1,Self-employed,Rented,Mobile,0,0.24532218932606242,465,DECLINE,HIGH_LOAN_TO_INCOME; LOW_BUREAU_SCORE; RENTED_RESIDENCE,2025-05
APP-2026-002938,2025-05-03 10:00:00,25,12409519.0,21,555,0.4204,23502022.0,6,0,Salaried,Owned,Branch,0,0.142552407078622,513,REVIEW,LOW_BUREAU_SCORE,2025-05
APP-2026-002939,2025-05-03 11:00:00,35,14326926.0,99,631,0.3764,70874744.0,18,1,Salaried,Rented,Mobile,0,0.13877317563791564,516,REVIEW,RENTED_RESIDENCE,2025-05
APP-2026-002940,2025-05-03 12:00:00,41,32170442.0,17,743,0.2301,43053927.0,12,2,Salaried,Rented,Mobile,0,0.0560357312079157,588,APPROVE,RENTED_RESIDENCE,2025-05
APP-2026-002941,2025-05-03 13:00:00,43,26459028.0,56,583,0.1022,45310195.0,12,1,Salaried,Owned,Mobile,0,0.06339786853198862,578,APPROVE,NO_MATERIAL_ADVERSE_FACTOR,2025-05
APP-2026-002942,2025-05-03 14:00:00,20,38578142.0,63,534,0.4268,30233732.0,36,1,Self-employed,Family,Mobile,1,0.09410974346034243,547,REVIEW,LOW_BUREAU_SCORE,2025-05
APP-2026-002943,2025-05-03 15:00:00,38,63429986.0,90,656,0.3464,27621576.0,12,3,Salaried,Owned,Mobile,0,0.036976852893644115,619,APPROVE,MULTIPLE_RECENT_INQUIRIES,2025-05
APP-2026-002944,2025-05-03 16:00:00,46,15789198.0,23,589,0.3463,85611404.0,9,1,Contract,Mortgage,Mobile,0,0.21804233971731518,476,DECLINE,HIGH_LOAN_TO_INCOME; CONTRACT_EMPLOYMENT,2025-05
APP-2026-002945,2025-05-03 17:00:00,42,53108042.0,61,702,0.2241,34546662.0,12,2,Salaried,Owned,Mobile,0,0.027032070237305354,642,APPROVE,NO_MATERIAL_ADVERSE_FACTOR,2025-05
APP-2026-002946,2025-05-03 18:00:00,58,42144187.0,71,688,0.2625,98525628.0,18,2,Salaried,Family,Partner,0,0.05264920032484943,592,APPROVE,NO_MATERIAL_ADVERSE_FACTOR,2025-05
APP-2026-002947,2025-05-03 19:00:00,28,20181144.0,58,602,0.1908,50898939.0,18,2,Contract,Mortgage,Mobile,0,0.147422774253897,510,REVIEW,CONTRACT_EMPLOYMENT,2025-05
APP-2026-002948,2025-05-03 20:00:00,23,39557142.0,58,733,0.4949,42159361.0,24,1,Salaried,Owned,Branch,0,0.04284220302893305,608,APPROVE,NO_MATERIAL_ADVERSE_FACTOR,2025-05
APP-2026-002949,2025-05-03 21:00:00,43,31596164.0,48,768,0.608,208599985.0,36,0,Salaried,Rented,Partner,0,0.13209242607431057,520,REVIEW,HIGH_LOAN_TO_INCOME; HIGH_EXISTING_DTI; RENTED_RESIDENCE,2025-05
APP-2026-002950,2025-05-03 22:00:00,49,45675829.0,43,662,0.5969,39901451.0,12,2,Salaried,Rented,Partner,0,0.11186367404783984,533,REVIEW,HIGH_EXISTING_DTI; RENTED_RESIDENCE,2025-05
APP-2026-002951,2025-05-03 23:00:00,25,4221133.0,25,500,0.3079,92602331.0,6,3,Salaried,Rented,Mobile,0,0.45939039798914766,396,DECLINE,HIGH_LOAN_TO_INCOME; LOW_BUREAU_SCORE; MULTIPLE_RECENT_INQUIRIES,2025-05
APP-2026-002952,2025-05-04 00:00:00,35,10353632.0,99,533,0.351,25293738.0,24,2,Salaried,Mortgage,Partner,0,0.21550892742168415,477,DECLINE,LOW_BUREAU_SCORE,2025-05
APP-2026-002953,2025-05-04 01:00:00,37,8338491.0,122,667,0.0942,78423043.0,36,2,Contract,Owned,Mobile,0,0.09363488368431139,548,REVIEW,HIGH_LOAN_TO_INCOME; CONTRACT_EMPLOYMENT,2025-05
APP-2026-002954,2025-05-04 02:00:00,38,20486864.0,53,758,0.5887,51998622.0,18,0,Self-employed,Owned,Mobile,0,0.06825834250478865,572,APPROVE,HIGH_EXISTING_DTI,2025-05
APP-2026-002955,2025-05-04 03:00:00,46,20125595.0,131,612,0.2904,48782029.0,18,1,Salaried,Rented,Mobile,1,0.09404118463535252,547,REVIEW,RENTED_RESIDENCE,2025-05
APP-2026-002956,2025-05-04 04:00:00,57,8545394.0,62,612,0.5516,47338235.0,6,3,Salaried,Family,Partner,0,0.24526576308389153,465,DECLINE,MULTIPLE_RECENT_INQUIRIES; HIGH_LOAN_TO_INCOME; HIGH_EXISTING_DTI,2025-05
APP-2026-002957,2025-05-04 05:00:00,29,11839239.0,8,707,0.24,116828587.0,18,1,Salaried,Mortgage,Mobile,1,0.11856720995656814,529,REVIEW,HIGH_LOAN_TO_INCOME; SHORT_EMPLOYMENT_HISTORY,2025-05
APP-2026-002958,2025-05-04 06:00:00,32,18749352.0,31,718,0.1111,71615446.0,6,1,Salaried,Rented,Partner,0,0.0797113072973423,560,APPROVE,RENTED_RESIDENCE,2025-05
APP-2026-002959,2025-05-04 07:00:00,20,15805261.0,119,681,0.5176,50666142.0,24,2,Salaried,Rented,Partner,0,0.16457329702168738,501,REVIEW,RENTED_RESIDENCE,2025-05
APP-2026-002960,2025-05-04 08:00:00,42,17291306.0,40,673,0.4673,133774152.0,24,2,Salaried,Owned,Mobile,0,0.16864399821236561,499,REVIEW,HIGH_LOAN_TO_INCOME,2025-05
APP-2026-002961,2025-05-04 09:00:00,24,13692464.0,37,634,0.1095,61662893.0,18,0,Salaried,Rented,Mobile,0,0.0847141973030935,556,REVIEW,RENTED_RESIDENCE,2025-05
APP-2026-002962,2025-05-04 10:00:00,36,8744839.0,28,516,0.5689,36095180.0,6,0,Salaried,Mortgage,Branch,0,0.2586712569844575,460,DECLINE,LOW_BUREAU_SCORE; HIGH_EXISTING_DTI,2025-05
APP-2026-002963,2025-05-04 11:00:00,39,24273964.0,36,612,0.184,371893253.0,24,3,Self-employed,Owned,Branch,0,0.44505466391921916,400,DECLINE,HIGH_LOAN_TO_INCOME; MULTIPLE_RECENT_INQUIRIES,2025-05
APP-2026-002964,2025-05-04 12:00:00,47,8139923.0,71,704,0.671,111759538.0,36,0,Salaried,Owned,Mobile,0,0.12983836338455265,521,REVIEW,HIGH_LOAN_TO_INCOME; HIGH_EXISTING_DTI,2025-05
APP-2026-002965,2025-05-04 13:00:00,34,26882037.0,97,768,0.3644,35213315.0,12,2,Self-employed,Rented,Partner,0,0.07796190266186127,562,APPROVE,RENTED_RESIDENCE,2025-05
APP-2026-002966,2025-05-04 14:00:00,30,19514730.0,120,537,0.2383,34314152.0,6,0,Self-employed,Mortgage,Mobile,1,0.11358605441173615,532,REVIEW,LOW_BUREAU_SCORE,2025-05
APP-2026-002967,2025-05-04 15:00:00,28,29055577.0,43,544,0.5338,29235789.0,18,2,Self-employed,Family,Mobile,0,0.1756959133248532,495,REVIEW,LOW_BUREAU_SCORE,2025-05
APP-2026-002968,2025-05-04 16:00:00,44,28413990.0,39,694,0.3633,165907263.0,12,0,Self-employed,Mortgage,Mobile,0,0.1156762290656805,531,REVIEW,HIGH_LOAN_TO_INCOME,2025-05
APP-2026-002969,2025-05-04 17:00:00,31,7377029.0,68,640,0.4124,63334266.0,24,2,Salaried,Rented,Mobile,0,0.19872651406728853,484,DECLINE,HIGH_LOAN_TO_INCOME; RENTED_RESIDENCE,2025-05
APP-2026-002970,2025-05-04 18:00:00,35,8636088.0,29,564,0.0994,31099262.0,6,1,Contract,Rented,Partner,0,0.19864578420207207,485,DECLINE,CONTRACT_EMPLOYMENT; RENTED_RESIDENCE; LOW_BUREAU_SCORE,2025-05
APP-2026-002971,2025-05-04 19:00:00,42,4402641.0,79,771,0.365,186814971.0,24,2,Salaried,Rented,Mobile,0,0.18958610691926028,489,DECLINE,HIGH_LOAN_TO_INCOME; RENTED_RESIDENCE,2025-05
APP-2026-002972,2025-05-04 20:00:00,47,7475408.0,33,558,0.0603,102857462.0,24,0,Self-employed,Rented,Partner,0,0.18214306639340155,492,DECLINE,HIGH_LOAN_TO_INCOME; LOW_BUREAU_SCORE; RENTED_RESIDENCE,2025-05
APP-2026-002973,2025-05-04 21:00:00,45,9152374.0,56,661,0.397,82016213.0,24,1,Salaried,Rented,Partner,0,0.1715490229151178,497,REVIEW,HIGH_LOAN_TO_INCOME; RENTED_RESIDENCE,2025-05
APP-2026-002974,2025-05-04 22:00:00,21,27314936.0,87,676,0.1177,71689673.0,12,2,Salaried,Family,Mobile,0,0.0536790298930544,591,APPROVE,NO_MATERIAL_ADVERSE_FACTOR,2025-05
APP-2026-002975,2025-05-04 23:00:00,24,22835220.0,95,728,0.2726,32937211.0,36,0,Salaried,Owned,Mobile,0,0.029848691432998325,635,APPROVE,NO_MATERIAL_ADVERSE_FACTOR,2025-05
APP-2026-002976,2025-05-05 00:00:00,38,6285320.0,83,585,0.0624,72668222.0,24,1,Salaried,Rented,Mobile,1,0.12589860643145526,524,REVIEW,HIGH_LOAN_TO_INCOME; RENTED_RESIDENCE,2025-05
APP-2026-002977,2025-05-05 01:00:00,40,25669941.0,36,625,0.4921,50630043.0,12,1,Salaried,Mortgage,Mobile,0,0.1255921379225516,524,REVIEW,NO_MATERIAL_ADVERSE_FACTOR,2025-05
APP-2026-002978,2025-05-05 02:00:00,37,12029306.0,115,643,0.3952,28426969.0,6,2,Self-employed,Owned,Partner,0,0.1475691087989319,510,REVIEW,NO_MATERIAL_ADVERSE_FACTOR,2025-05
APP-2026-002979,2025-05-05 03:00:00,47,18849251.0,49,528,0.4645,73598073.0,6,0,Salaried,Owned,Mobile,0,0.1646834012246619,501,REVIEW,LOW_BUREAU_SCORE,2025-05
APP-2026-002980,2025-05-05 04:00:00,49,17355627.0,67,621,0.2944,45582691.0,12,2,Contract,Rented,Branch,0,0.16983845371159717,498,REVIEW,CONTRACT_EMPLOYMENT; RENTED_RESIDENCE,2025-05
APP-2026-002981,2025-05-05 05:00:00,34,14493184.0,22,618,0.1348,47604840.0,24,0,Salaried,Rented,Partner,0,0.09598330260313945,546,REVIEW,RENTED_RESIDENCE,2025-05
APP-2026-002982,2025-05-05 06:00:00,36,33121799.0,25,717,0.1576,83523922.0,36,3,Salaried,Mortgage,Mobile,0,0.06636207596271246,575,APPROVE,MULTIPLE_RECENT_INQUIRIES,2025-05
APP-2026-002983,2025-05-05 07:00:00,45,7422250.0,149,684,0.0618,71222744.0,36,3,Salaried,Family,Mobile,0,0.06538306771456619,576,APPROVE,HIGH_LOAN_TO_INCOME; MULTIPLE_RECENT_INQUIRIES,2025-05
APP-2026-002984,2025-05-05 08:00:00,43,23438908.0,41,611,0.6404,135514366.0,24,2,Salaried,Owned,Mobile,0,0.24446410245496725,465,DECLINE,HIGH_EXISTING_DTI; HIGH_LOAN_TO_INCOME,2025-05
APP-2026-002985,2025-05-05 09:00:00,25,36567377.0,93,604,0.1404,61472055.0,36,3,Salaried,Owned,Branch,0,0.06927746488204256,571,APPROVE,MULTIPLE_RECENT_INQUIRIES,2025-05
APP-2026-002986,2025-05-05 10:00:00,22,13751098.0,45,617,0.3619,28384439.0,12,1,Salaried,Family,Mobile,0,0.10204830551153428,541,REVIEW,NO_MATERIAL_ADVERSE_FACTOR,2025-05
APP-2026-002987,2025-05-05 11:00:00,20,12047737.0,53,536,0.2911,46940778.0,12,0,Salaried,Owned,Partner,1,0.15106096033990515,508,REVIEW,LOW_BUREAU_SCORE,2025-05
APP-2026-002988,2025-05-05 12:00:00,34,9917661.0,63,592,0.5644,122638354.0,24,0,Salaried,Mortgage,Mobile,0,0.2348462404378183,469,DECLINE,HIGH_LOAN_TO_INCOME; HIGH_EXISTING_DTI,2025-05
APP-2026-002989,2025-05-05 13:00:00,29,19218248.0,63,712,0.2895,25216250.0,18,0,Salaried,Owned,Mobile,0,0.04038789668023556,612,APPROVE,NO_MATERIAL_ADVERSE_FACTOR,2025-05
APP-2026-002990,2025-05-05 14:00:00,28,20604796.0,38,665,0.2691,209549403.0,18,2,Salaried,Rented,Mobile,0,0.2355653530898815,469,DECLINE,HIGH_LOAN_TO_INCOME; RENTED_RESIDENCE,2025-05
APP-2026-002991,2025-05-05 15:00:00,20,20126926.0,31,675,0.5241,67231072.0,18,2,Salaried,Owned,Mobile,1,0.14192829497721032,514,REVIEW,NO_MATERIAL_ADVERSE_FACTOR,2025-05
APP-2026-002992,2025-05-05 16:00:00,34,4915824.0,35,564,0.8076,98222008.0,12,1,Salaried,Owned,Mobile,1,0.3926910302804148,415,DECLINE,HIGH_LOAN_TO_INCOME; HIGH_EXISTING_DTI; LOW_BUREAU_SCORE,2025-05
APP-2026-002993,2025-05-05 17:00:00,20,42465526.0,70,671,0.2616,15912341.0,36,0,Self-employed,Owned,Mobile,1,0.027590706761972728,641,APPROVE,NO_MATERIAL_ADVERSE_FACTOR,2025-05
APP-2026-002994,2025-05-05 18:00:00,23,27847796.0,62,631,0.1721,41774615.0,12,3,Self-employed,Rented,Branch,0,0.13040499760659277,521,REVIEW,MULTIPLE_RECENT_INQUIRIES; RENTED_RESIDENCE,2025-05
APP-2026-002995,2025-05-05 19:00:00,31,15390270.0,52,613,0.5211,31711738.0,24,2,Salaried,Owned,Mobile,0,0.15497607160418253,506,REVIEW,NO_MATERIAL_ADVERSE_FACTOR,2025-05
APP-2026-002996,2025-05-05 20:00:00,39,23054984.0,56,650,0.2911,77747364.0,12,2,Self-employed,Family,Branch,1,0.10617856116500672,538,REVIEW,NO_MATERIAL_ADVERSE_FACTOR,2025-05
APP-2026-002997,2025-05-05 21:00:00,35,7995073.0,47,623,0.4112,45888252.0,12,0,Contract,Family,Partner,0,0.1489140387624424,510,REVIEW,HIGH_LOAN_TO_INCOME; CONTRACT_EMPLOYMENT,2025-05
APP-2026-002998,2025-05-05 22:00:00,41,21330128.0,102,584,0.2961,15930157.0,18,1,Salaried,Rented,Partner,0,0.11025225450127059,535,REVIEW,RENTED_RESIDENCE,2025-05
APP-2026-002999,2025-05-05 23:00:00,34,11268080.0,66,779,0.4882,71407991.0,12,2,Salaried,Rented,Partner,0,0.14095529940617457,514,REVIEW,HIGH_LOAN_TO_INCOME; RENTED_RESIDENCE,2025-05
