application_id,application_date,age,monthly_income,employment_months,bureau_score,existing_dti,requested_amount,tenor_months,inquiries_6m,employment_type,home_ownership,channel,default_12m,base_pd,product,identity_match_score,device_age_days,application_velocity_24h,failed_txn_rate,avg_balance_90d,transaction_count_90d,income_regularly,sales_monthly,prior_loans,prior_on_time_ratio,fraud_score,decision_pd,decision,approved_limit_vnd,primary_reason,ekyc_ms,feature_ms,fraud_ms,credit_ms,policy_offer_ms,end_to_end_ms
APP-42-009600,2025-02-04 00:00:00,35,27247186.0,12,612,0.1555,69007538.0,24,0,Contract,Mortgage,Mobile,0,0.10038982095235369,BNPL,0.9234682318213098,239.0,0,0.12969065265459692,18703426.322668742,39,0,0.0,1,0.6050245539901982,0.03262540196658439,0.08665807659548916,APPROVE,25000000.0,POLICY_PASS,660.7383076321006,266.0522102694485,229.04651793405714,32.6647331038624,45.7176042111016,1234.2193731505702
APP-42-009601,2025-02-04 01:00:00,41,36867845.0,13,680,0.2123,32869378.0,36,1,Self-employed,Rented,Mobile,0,0.040989626645256134,BNPL,0.9263888858612752,278.0,1,0.029705018291809205,4991384.044463931,46,1,0.0,1,0.8965852548540308,0.045143348989884695,0.023862863146912133,APPROVE,25000000.0,POLICY_PASS,614.0072981835069,283.568930864363,175.53074692636977,25.801867877624453,59.11213034095414,1158.0209741928184
APP-42-009602,2025-02-04 02:00:00,43,19802889.0,32,557,0.4805,89956995.0,12,1,Contract,Family,Mobile,0,0.24252527426235512,CASH_LOAN,0.8108783680592407,49.0,0,0.10856314175003316,11761896.262076253,45,1,0.0,0,,0.04833764157267414,0.16903780863314508,REVIEW,32920322.673600007,CREDIT_OR_AFFORDABILITY,514.3267779621497,108.18201918431524,237.67692386341113,31.722519025505566,41.020413452942144,932.9286534883238
APP-42-009603,2025-02-04 03:00:00,36,53477630.0,50,593,0.2218,54954000.0,24,0,Self-employed,Rented,Partner,0,0.07475470353249655,CASH_LOAN,0.8437285971802029,44.0,2,0.06455199176639155,25251112.6406313,39,0,0.0,1,0.8237828557945577,0.12455290754206197,0.057727131797988974,APPROVE,54954000.0,POLICY_PASS,603.7567185502218,355.8017867486834,94.12967976867608,33.653248180314776,37.13824202828702,1124.4796752761831
APP-42-009604,2025-02-04 04:00:00,44,8704481.0,50,689,0.3849,38633519.0,12,1,Salaried,Family,Mobile,0,0.07274579101048931,CASH_LOAN,0.9103338378828902,168.0,0,0.032215462573445874,3713959.43640534,47,1,0.0,0,,0.025913002962476145,0.044783634261081284,APPROVE,17133204.041920003,POLICY_PASS,648.8438928623355,346.4598538559453,271.99166406961336,30.53530434807512,45.554988651739485,1343.3857037877087
APP-42-009605,2025-02-04 05:00:00,42,26232941.0,16,611,0.7969,35317020.0,12,0,Salaried,Rented,Mobile,0,0.18324700234492636,CASH_LOAN,0.8360655583662809,338.0,1,0.02073615557092109,18320814.35795133,56,1,0.0,0,,0.06301662974675118,0.1154798108825102,APPROVE,17049313.014719997,POLICY_PASS,561.401526127975,296.2609564598421,315.57115303783183,42.50883140316213,46.099677566441756,1261.8421445952526
APP-42-009606,2025-02-04 06:00:00,45,10270236.0,62,764,0.0608,167737802.0,12,1,Salaried,Owned,Mobile,0,0.07310337119591129,BNPL,0.8818005848139702,585.0,0,0.03769103656742344,5389120.483197759,51,1,0.0,1,0.717945880079684,0.02958405237575031,0.045257077295321954,APPROVE,25000000.0,POLICY_PASS,547.7461256306989,306.7737932995301,300.7979320606051,30.144830722971854,42.74538757249867,1228.2080692863046
APP-42-009607,2025-02-04 07:00:00,44,32219434.0,70,660,0.5248,27013262.0,18,1,Salaried,Rented,Mobile,0,0.09216132158454067,CASH_LOAN,0.9424725094318498,112.0,0,0.10456788416578722,23155424.85604743,45,1,0.0,1,0.980578347245691,0.028067313056463244,0.05661108802654864,APPROVE,27013262.0,POLICY_PASS,483.9112808667727,447.3438868023894,290.2846072149654,30.673696722241996,53.61095422492135,1305.824425831291
APP-42-009608,2025-02-04 08:00:00,49,25215156.0,50,556,0.2497,67589641.0,6,1,Salaried,Rented,Branch,0,0.1788632513443947,CASH_LOAN,0.9448836682639141,276.0,1,0.2312763943926699,4166049.081695631,33,1,0.0,2,0.9750876490333085,0.07414587704235871,0.12684612051702224,REVIEW,60540580.94976,CREDIT_OR_AFFORDABILITY,484.2719215239083,347.1302176563837,267.88691674404885,19.56858974180391,53.46166258609303,1172.3193082522378
APP-42-009609,2025-02-04 09:00:00,33,48478357.0,87,527,0.1824,25576808.0,18,1,Self-employed,Owned,Mobile,0,0.05784390385217442,CASH_LOAN,0.9331863754877872,261.0,0,0.05221495135508376,32874547.98070378,65,1,0.0,1,0.9906422458405412,0.02502008610961456,0.032343804739114884,APPROVE,25576808.0,POLICY_PASS,713.6295579130923,196.41138079132566,256.2257251951539,17.056683576150444,53.01317451948812,1236.3365219952104
APP-42-009610,2025-02-04 10:00:00,23,23693754.0,65,696,0.0537,73344542.0,36,1,Salaried,Rented,Mobile,0,0.0627083611844801,CASH_LOAN,0.8800880645464509,208.0,0,0.037562531944747,4662973.34507366,34,0,0.0,0,,0.02978010249539767,0.048830935257031444,APPROVE,70000000.0,POLICY_PASS,404.80575646771115,298.281325811642,221.83782196911056,39.17821482794169,32.46857118549194,996.5716902618973
APP-42-009611,2025-02-04 11:00:00,41,14413546.0,37,596,0.0474,44261804.0,24,1,Contract,Owned,Branch,0,0.09009706570637141,BNPL,0.8957542934030596,82.0,1,0.04333059256660162,6415996.064086394,47,1,0.0,1,0.7697116675888215,0.05304172045228409,0.05599516781094687,APPROVE,25000000.0,POLICY_PASS,760.9164353448714,335.314613855845,242.89476806988552,25.48861849574252,48.98784634264443,1413.6022821089887
APP-42-009612,2025-02-04 12:00:00,42,13739613.0,102,706,0.2147,58177005.0,12,0,Salaried,Owned,Branch,0,0.04894657966502723,CASH_LOAN,0.8827082409520955,164.0,1,0.2062253475404189,6188927.09212834,56,0,0.0,1,0.86997658658648,0.08796827244558138,0.039727833754990255,APPROVE,34527097.88448,POLICY_PASS,772.4948080355391,324.99602023059765,348.58935975468165,36.21398664503221,36.23182304804659,1518.5259977138974
APP-42-009613,2025-02-04 13:00:00,49,15686089.0,111,601,0.1675,41849076.0,12,1,Salaried,Family,Partner,0,0.07688120429808527,BNPL,0.9827785260072681,139.0,2,0.07123533282596069,9980156.861681812,49,1,0.0,0,,0.07488504433135541,0.04856491964127308,APPROVE,25000000.0,POLICY_PASS,655.8664604773155,218.39672689903068,286.95510487402703,35.96457896452756,65.55538591124252,1262.7382571261433
APP-42-009614,2025-02-04 14:00:00,47,13591893.0,59,657,0.1106,14189026.0,24,2,Salaried,Owned,Mobile,0,0.070913468856823,BUSINESS_LOAN,0.9026763010231935,668.0,0,0.11029702256626807,8751066.163835412,54,1,56099281.118056454,2,0.6049908545519999,0.033557889888655185,0.0474477442373819,APPROVE,14189026.0,POLICY_PASS,742.5625741347776,385.15818245263296,193.86887977684393,45.456893426384326,33.39129565409181,1400.4378254447306
APP-42-009615,2025-02-04 15:00:00,53,37761184.0,28,616,0.3214,69106507.0,18,1,Self-employed,Owned,Mobile,0,0.08137674000149078,CASH_LOAN,0.8855115177524178,322.0,1,0.05713707156034431,5156593.186969403,29,1,0.0,1,0.8732613635053516,0.05744657807158799,0.051129426476770344,APPROVE,69106507.0,POLICY_PASS,544.8610273534247,413.0749598243651,221.2116252314215,27.309878982577278,53.13562363984087,1259.5931150316292
APP-42-009616,2025-02-04 16:00:00,41,36305629.0,85,658,0.3355,65760866.0,6,1,Salaried,Rented,Mobile,0,0.054954552191447334,BUSINESS_LOAN,0.9756641164049455,59.0,1,0.01582050982373848,8535082.854862625,39,1,135074458.44119707,1,0.8861289463550981,0.03555994690847723,0.032398763412257794,APPROVE,65760866.0,POLICY_PASS,606.5424641423523,317.2882221301756,224.66927774957392,22.968548081554694,44.00367701124502,1215.4721891149013
APP-42-009617,2025-02-04 17:00:00,37,7903136.0,21,693,0.1422,27411514.0,24,1,Self-employed,Family,Mobile,0,0.0682305050330026,CASH_LOAN,0.9019147447068274,335.0,1,0.026104151042498445,4112766.2581463116,46,1,0.0,1,0.9672845090534855,0.04927867873041667,0.03928628642556304,APPROVE,21693792.194560003,POLICY_PASS,415.14688867494664,309.966669137111,278.2016841427717,30.586429195993052,58.02060890037508,1091.9222800511975
APP-42-009618,2025-02-04 18:00:00,23,18383800.0,29,641,0.1587,57228881.0,24,3,Self-employed,Owned,Mobile,0,0.11745373912815811,CASH_LOAN,0.9783846282715443,224.0,0,0.1361558543866057,11859007.111840552,39,1,0.0,0,,0.026577638235680524,0.08034640146468806,APPROVE,49492131.008,POLICY_PASS,571.19967020329,326.9764351034861,244.92426948396425,42.92871681235944,59.393375201752306,1245.422466804852
APP-42-009619,2025-02-04 19:00:00,38,18629421.0,79,688,0.7019,66211392.0,24,2,Salaried,Owned,Partner,0,0.14466334645976006,CASH_LOAN,0.9167380942552527,179.0,0,0.014361472212751195,13780650.876905296,42,1,0.0,0,,0.023957713354139355,0.09151173630963909,APPROVE,17770977.28032,POLICY_PASS,704.5414935936969,192.6093257918311,426.4411804001046,28.436975339017174,66.62539934822686,1418.6543744728767
APP-42-009620,2025-02-04 20:00:00,30,11712532.0,27,518,0.4239,70723854.0,18,2,Self-employed,Rented,Mobile,0,0.3781114480472775,BUSINESS_LOAN,0.9552377773453573,321.0,0,0.10226245306333008,5476271.483010914,41,1,46333215.63270027,0,,0.026462407326956292,0.2793123629454988,REVIEW,25483268.597985152,ENHANCED_DUE_DILIGENCE,713.8031773822762,272.713560277375,188.08520223308568,36.10669484458634,15.456968907431836,1226.1656036447553
APP-42-009621,2025-02-04 21:00:00,37,22906238.0,97,670,0.3346,57347164.0,18,2,Contract,Family,Mobile,0,0.06763033570510366,CASH_LOAN,0.9742741111048144,119.0,0,0.005432259845312593,6137281.3258820865,37,0,0.0,2,0.8794330893800556,0.01842130186230045,0.049386593429279396,APPROVE,48773794.448640004,POLICY_PASS,894.7006031988162,347.6225505857302,259.7884441907995,29.56189067337981,49.28134895142245,1580.954837600148
APP-42-009622,2025-02-04 22:00:00,35,40198903.0,28,642,0.4608,34676063.0,12,0,Salaried,Rented,Mobile,0,0.07882261023865739,CASH_LOAN,0.9724540325007401,332.0,0,0.026162548543172227,4043391.1050146585,57,1,0.0,1,0.8200593901302567,0.01972745555962128,0.04658158167065494,APPROVE,34676063.0,POLICY_PASS,622.6016757503398,331.15024655712006,328.97701332948395,36.271327256094075,56.11577665653195,1375.11603954957
APP-42-009623,2025-02-04 23:00:00,39,29396238.0,41,621,0.6148,92095346.0,12,1,Salaried,Rented,Partner,1,0.21126205857362257,CASH_LOAN,0.8972593285170497,291.0,0,0.14246947912571445,12862180.729084177,53,1,0.0,0,,0.037648714247165704,0.14660474314069635,REVIEW,36234978.80832,CREDIT_OR_AFFORDABILITY,618.2088079332996,279.58659290743583,266.40381302306037,23.058052139349478,30.77654748553741,1218.0338134886824
APP-42-009624,2025-02-05 00:00:00,34,37760341.0,39,468,0.2131,68295789.0,12,2,Contract,Rented,Mobile,0,0.17862754601078526,CASH_LOAN,0.8820772528991606,283.0,1,0.13775451164183217,11765977.311746506,44,1,0.0,1,0.8778820861815045,0.0730022465172979,0.11986359448583321,APPROVE,68295789.0,POLICY_PASS,512.2188463288161,309.3488812604706,208.81703596922648,29.76359060381727,26.26541444247128,1086.4137686048016
APP-42-009625,2025-02-05 01:00:00,43,12124333.0,69,520,0.2572,15548820.0,24,1,Salaried,Owned,Mobile,0,0.10443811878476364,BUSINESS_LOAN,0.9673881366669177,55.0,0,0.08537784099785194,3555869.4700890835,42,1,67109783.25210272,0,,0.023965172221651423,0.06825406330484915,APPROVE,15548820.0,POLICY_PASS,558.8875590813619,354.0562358645591,237.12749635901864,29.024658623310454,55.45428588695687,1234.5502358152069
APP-42-009626,2025-02-05 02:00:00,20,18365080.0,69,656,0.1351,41002996.0,12,0,Salaried,Family,Mobile,0,0.05150966643226914,CASH_LOAN,0.8294773940469392,348.0,1,0.07836105773800656,11262785.871310078,55,1,0.0,2,0.7841091564422014,0.07594782944548283,0.0316896025097462,APPROVE,41002996.0,POLICY_PASS,466.15553291902285,354.654996770786,157.46734703755948,32.15449648725505,50.5030392552726,1060.935412469896
APP-42-009627,2025-02-05 03:00:00,37,11813767.0,38,665,0.3174,84048150.0,18,0,Self-employed,Rented,Branch,0,0.12081681302112622,BUSINESS_LOAN,0.931264371937757,157.0,2,0.031378612230100536,4827601.206281245,47,1,42672015.89732947,0,,0.08187239365633134,0.07584529146339311,APPROVE,23469608.743531212,POLICY_PASS,646.0530024816643,410.8160994575897,226.62910856498806,34.73136162791298,70.1799579433089,1388.4095300754639
APP-42-009628,2025-02-05 04:00:00,46,20533512.0,64,669,0.2271,166766330.0,36,3,Contract,Owned,Mobile,0,0.1532045148659945,CASH_LOAN,0.9311973861535728,198.0,0,0.08796309829434897,2156776.6009018086,56,0,0.0,0,,0.028000314817989126,0.12124283551794161,REVIEW,50785124.559360005,CREDIT_OR_AFFORDABILITY,546.1544112330243,319.32927070254544,252.37710656977916,36.40304133549811,35.40226857158035,1189.6660984124276
APP-42-009629,2025-02-05 05:00:00,52,21575745.0,54,639,0.6067,62948922.0,24,1,Salaried,Owned,Branch,0,0.1153606933054596,BUSINESS_LOAN,0.8507724648392277,99.0,0,0.025318484569386564,15153975.794514848,42,1,136714783.2902392,1,0.9861186664522429,0.03238030082652763,0.06799125828177463,APPROVE,62948922.0,POLICY_PASS,352.0374236382178,439.28104018575084,164.42093054386007,44.674122008686936,45.632815904934944,1046.0463322814505
APP-42-009630,2025-02-05 06:00:00,42,30516962.0,72,554,0.5921,23883680.0,18,1,Salaried,Rented,Mobile,1,0.1562722138760037,BNPL,0.8542924804426517,417.0,1,0.04805915266938212,4117528.455464991,49,1,0.0,0,,0.06333717338808227,0.10036405032700323,REVIEW,23883680.0,CREDIT_OR_AFFORDABILITY,733.9348047189493,357.88924679604287,273.3126786328999,29.40384768769754,65.06476895609859,1459.6053467916881
APP-42-009631,2025-02-05 07:00:00,50,37069417.0,67,566,0.2017,18469447.0,24,2,Self-employed,Family,Partner,0,0.060580148536144615,CASH_LOAN,0.8251468067536558,392.0,1,0.04628979800924423,6918368.256448514,56,0,0.0,2,0.9289872501037569,0.07065000745790896,0.04321983684275111,APPROVE,18469447.0,POLICY_PASS,475.4831820910653,248.3376339280043,208.85791874062843,40.0950456702029,54.77920048041549,1027.5529809103164
APP-42-009632,2025-02-05 08:00:00,37,26293170.0,27,488,0.0989,57945187.0,36,1,Salaried,Mortgage,Mobile,0,0.09562808000859169,CASH_LOAN,0.9148835533372742,239.0,0,0.06548751341963459,15710382.303241437,45,1,0.0,0,,0.028030032443977056,0.061073533760359344,APPROVE,57945187.0,POLICY_PASS,695.1661412085211,282.2955219000176,272.4017193817612,27.41836458873741,45.740451052604584,1323.022198131642
APP-42-009633,2025-02-05 09:00:00,35,11215293.0,97,649,0.2041,49259097.0,24,1,Contract,Owned,Mobile,0,0.08138277630376213,CASH_LOAN,0.8996783570491399,358.0,1,0.13190773952760185,8233801.461262201,45,1,0.0,0,,0.0670491941857881,0.05417822592835112,APPROVE,28564005.435840007,POLICY_PASS,695.0105183170687,287.79846607887,251.41623285051,19.487330166530782,62.8338917418002,1316.5464391547796
APP-42-009634,2025-02-05 10:00:00,40,8556376.0,14,777,0.4959,69635545.0,6,1,Salaried,Rented,Branch,0,0.12963259783275183,BNPL,0.9305228005659575,225.0,1,0.1334243858701482,1797774.387206648,42,0,0.0,2,0.9008618225488609,0.05964076755790353,0.10354874950741848,REVIEW,13802461.25312,CREDIT_OR_AFFORDABILITY,857.1434743531066,293.42748522549664,400.4526725477182,42.509140618169,19.675633876656825,1613.2084066211473
APP-42-009635,2025-02-05 11:00:00,35,23959928.0,41,633,0.5406,26674017.0,36,1,Salaried,Rented,Partner,0,0.1830091114656155,CASH_LOAN,0.7597472752002733,600.0,0,0.1172276796561666,10662221.89613663,42,1,0.0,0,,0.06069633412384195,0.12595895447178315,REVIEW,26674017.0,CREDIT_OR_AFFORDABILITY,763.1798838134627,429.4463480819304,256.1808331787302,41.077806788700784,50.22551989174305,1540.1103917545672
APP-42-009636,2025-02-05 12:00:00,28,41085628.0,64,585,0.0726,63767998.0,18,3,Contract,Mortgage,Mobile,0,0.09775386184752621,BNPL,0.8947786434719393,392.0,1,0.0854438515192289,12666165.36675954,60,0,0.0,1,0.7563802882296055,0.05998852729396395,0.07548984748176603,APPROVE,25000000.0,POLICY_PASS,566.2781518100783,352.28583792655974,316.53167564874815,33.536821329221375,65.34392884677186,1333.9764155613793
APP-42-009637,2025-02-05 13:00:00,30,17756226.0,47,642,0.3255,51853073.0,12,2,Salaried,Owned,Mobile,0,0.10419912164089312,CASH_LOAN,0.9209873556610693,121.0,0,0.006392619010011453,2780506.470607014,35,1,0.0,1,0.7953573794345451,0.023000525813048678,0.06445106472524967,APPROVE,38325038.1984,POLICY_PASS,389.8133931895611,251.54939010815303,273.73730584141305,26.662743052366167,66.85144784679711,1008.6142800382905
APP-42-009638,2025-02-05 14:00:00,25,7770273.0,45,630,0.148,29849994.0,24,0,Self-employed,Rented,Mobile,0,0.1367091689029152,BNPL,0.978528004821961,321.0,0,0.11726303159647543,4102036.486876398,45,1,0.0,1,0.9089487616814963,0.025135224873640002,0.08805378644705887,APPROVE,21184872.3072,POLICY_PASS,681.4421590864881,214.6383274274104,230.55358463435735,18.29247434084553,51.54954999371016,1196.4760954828114
APP-42-009639,2025-02-05 15:00:00,40,56655413.0,40,515,0.1741,154375047.0,36,3,Salaried,Rented,Mobile,0,0.22822611123448958,BNPL,0.7783519563929484,354.0,0,0.004776648587886497,32251200.07924123,52,1,0.0,0,,0.040904590243557123,0.14631851797017975,REVIEW,25000000.0,CREDIT_OR_AFFORDABILITY,795.4963976891636,425.7597702253099,223.72256447826734,29.190165667544093,38.726471156486,1512.8953692167709
APP-42-009640,2025-02-05 16:00:00,35,23559856.0,37,658,0.2091,96219784.0,12,2,Salaried,Family,Partner,0,0.10750107054216475,CASH_LOAN,0.7854768582528547,474.0,2,0.061901409831308665,9185669.748906292,49,0,0.0,2,0.8871528912360082,0.15273636472402724,0.08059839313246628,APPROVE,59627168.35328,POLICY_PASS,600.1240631549551,261.7312603180192,379.92898845912816,38.51399674719471,39.34446014444446,1319.6427688237413
APP-42-009641,2025-02-05 17:00:00,32,19776603.0,91,632,0.2332,50506850.0,9,0,Self-employed,Mortgage,Partner,0,0.10810845678706166,CASH_LOAN,0.7626662374600317,183.0,0,0.15159308466840976,5484771.097596366,39,1,0.0,0,,0.06608652395940233,0.07450139527922525,APPROVE,48527037.377280004,POLICY_PASS,411.4400998806877,303.2882250333934,237.06212618805768,37.246137058735485,45.02956498865225,1034.0661531495266
APP-42-009642,2025-02-05 18:00:00,30,9468662.0,45,628,0.1128,22893197.0,9,0,Salaried,Rented,Partner,1,0.10225287080670391,BNPL,0.8280056680412138,256.0,1,0.08070283460436593,5894344.118619111,48,1,0.0,1,0.9124614830714745,0.07687987014474108,0.06287601145759354,APPROVE,22893197.0,POLICY_PASS,709.7499511798281,333.9053981870137,98.70158621173232,41.89953118508434,50.49517365120019,1234.7516404148587
APP-42-009643,2025-02-05 19:00:00,40,18161259.0,45,783,0.0588,75561355.0,24,0,Salaried,Family,Mobile,1,0.03735023911079645,CASH_LOAN,0.9718293269153524,282.0,0,0.07783262969935734,9059938.546605628,34,1,0.0,1,0.7769967261168796,0.023018144501207784,0.023844347143311774,APPROVE,54698806.30656001,POLICY_PASS,430.3582903611833,250.50937899744156,263.10042363364136,33.155286042484285,64.69681796495996,1041.8201969997106
APP-42-009644,2025-02-05 20:00:00,42,26262920.0,31,633,0.1028,35269373.0,36,1,Salaried,Rented,Partner,0,0.08348881485803542,BNPL,0.8352039169000154,131.0,0,0.1910021722339318,9020147.048741944,48,1,0.0,0,,0.05546974751458349,0.057670459261022704,APPROVE,25000000.0,POLICY_PASS,513.2788436359303,297.7550343596258,158.24223314487074,35.26270068836121,37.142124541005124,1041.6809363697932
APP-42-009645,2025-02-05 21:00:00,25,23736956.0,68,771,0.3082,84684510.0,24,1,Salaried,Family,Mobile,0,0.04221538988305049,CASH_LOAN,0.9471459085688326,46.0,0,0.032993533930583956,11949722.85315766,43,1,0.0,1,0.6066813764116871,0.02233456124104516,0.026985551494621896,APPROVE,52547923.71456,POLICY_PASS,741.1315115408472,309.3690916493984,224.7483997103231,17.401426823056873,30.50460467754852,1323.1550344011741
APP-42-009646,2025-02-05 22:00:00,23,12384353.0,20,580,0.2569,71668831.0,12,1,Salaried,Rented,Partner,1,0.20693488062008156,CASH_LOAN,0.9052601546641222,375.0,0,0.06705845721474799,4683278.410868553,47,1,0.0,0,,0.029286142685471955,0.13797552660154144,REVIEW,29449000.68576,CREDIT_OR_AFFORDABILITY,935.1100584933313,417.0131920204377,210.30662153444575,28.92250199997955,59.44234483102531,1650.7947188792198
APP-42-009647,2025-02-05 23:00:00,44,17443827.0,122,531,0.3384,28189622.0,18,1,Salaried,Owned,Mobile,0,0.12710193755417362,BUSINESS_LOAN,0.8360222554053637,444.0,1,0.061358612191572556,6986381.464430836,53,1,117341328.2665265,0,,0.07061912515446214,0.08077893621287958,APPROVE,28189622.0,POLICY_PASS,603.5088367854074,362.7841084932581,320.19715080967944,25.903387083460146,92.73730486042368,1405.1307880322286
APP-42-009648,2025-02-06 00:00:00,23,12827202.0,28,582,0.4013,53910225.0,6,1,Salaried,Rented,Branch,0,0.16257525238133616,CASH_LOAN,0.9634171384512011,52.0,0,0.06368798571390569,7452933.896877377,43,1,0.0,1,0.8245287704212076,0.022858955857454,0.10481973353756223,APPROVE,24574866.679680005,POLICY_PASS,660.0581334011919,236.14636783384805,318.5530878522619,38.764232011672775,68.63611412343036,1322.1579352224048
APP-42-009649,2025-02-06 01:00:00,40,44954939.0,45,724,0.3633,103683185.0,12,2,Salaried,Owned,Mobile,0,0.05014724422182806,BNPL,0.8000751650985413,242.0,0,0.02265787310806846,10202682.555645164,50,0,0.0,1,0.7820553649357616,0.039454923280533405,0.03700601776349584,APPROVE,25000000.0,POLICY_PASS,700.924256750929,349.73444847413754,240.0890146744109,48.43879671607874,56.1246074128107,1395.311124028367
APP-42-009650,2025-02-06 02:00:00,50,29445834.0,60,585,0.5343,19759032.0,12,0,Self-employed,Owned,Branch,0,0.1079696515980786,BUSINESS_LOAN,0.9652662769544257,86.0,2,0.07905301879313718,4101999.3177384827,38,1,82631291.88995004,1,0.5470393503905652,0.0818885729462053,0.0749884576483423,APPROVE,19759032.0,POLICY_PASS,642.3565764228263,314.28156618844446,327.41339592944945,45.650676792159445,55.082367909746225,1384.7845832426258
APP-42-009651,2025-02-06 03:00:00,50,13490525.0,82,537,0.3326,68536584.0,12,0,Salaried,Rented,Mobile,0,0.2306388147253375,BNPL,0.7502534632265216,129.0,0,0.016025760011677773,2413458.3453578637,54,1,0.0,2,0.9371884773058182,0.047291100806762194,0.1416266408824884,REVIEW,25000000.0,CREDIT_OR_AFFORDABILITY,682.2394973412195,309.66257024096393,331.6523574555863,28.79448613540521,43.1847332327175,1395.5336444058923
APP-42-009652,2025-02-06 04:00:00,42,9466066.0,39,664,0.1347,162868337.0,12,0,Self-employed,Mortgage,Mobile,0,0.1465935231714077,CASH_LOAN,0.9227008633163688,80.0,2,0.0040427466970797046,4615083.822492737,38,0,0.0,1,0.8238363958608387,0.07847748902101123,0.11088911588898527,APPROVE,26211158.11136,POLICY_PASS,687.0719833341346,343.68357898371863,259.98243567108005,39.790024538202914,42.850840178129886,1373.378862705266
APP-42-009653,2025-02-06 05:00:00,41,20971619.0,35,612,0.4108,27099936.0,24,1,Self-employed,Rented,Mobile,0,0.13729845330971474,CASH_LOAN,0.9678958752412468,235.0,0,0.15048562723383654,9320322.744167946,55,0,0.0,0,,0.028924765122701316,0.11304106441061394,APPROVE,27099936.0,POLICY_PASS,430.38824021044655,237.17026807158715,285.46644427041514,36.371342109340276,60.86163759377571,1050.2579322555648
APP-42-009654,2025-02-06 06:00:00,55,13726417.0,52,681,0.0259,17733507.0,12,1,Salaried,Owned,Mobile,0,0.04071245356360913,BNPL,0.7787921164954209,84.0,2,0.04397258453592706,6846483.18558226,33,1,0.0,3,0.9428284631441909,0.1494388364512412,0.024232587324393446,APPROVE,17733507.0,POLICY_PASS,721.7831587789719,322.6734073713164,139.56626865684962,31.691243532124137,48.173647340946374,1263.8877256802086
APP-42-009655,2025-02-06 07:00:00,20,14300623.0,32,592,0.3344,318117740.0,18,0,Salaried,Rented,Partner,1,0.24826683742141487,BNPL,0.909522693190768,259.0,0,0.01619890660562107,1958412.3897171097,49,1,0.0,2,0.8491270008672944,0.024809683889668865,0.1586287787893883,REVIEW,25000000.0,CREDIT_OR_AFFORDABILITY,566.1521938219001,277.7171678308935,319.2481921184006,16.66112629998928,50.291432825875944,1230.0701128970595
APP-42-009656,2025-02-06 08:00:00,31,9640799.0,42,574,0.6537,12139257.0,6,2,Contract,Rented,Partner,0,0.3531634507807044,CASH_LOAN,0.9261556901509086,130.0,0,0.012060526184268604,7207852.078904819,39,1,0.0,1,0.9510298709506313,0.022895072748464494,0.23515537956271804,REVIEW,10683547.819840003,ENHANCED_DUE_DILIGENCE,848.9841339230567,418.5963726709683,316.6957304043259,12.62153666800393,20.980029397069682,1617.8778030634244
APP-42-009657,2025-02-06 09:00:00,43,10320136.0,104,759,0.1345,52278460.0,12,1,Self-employed,Owned,Mobile,0,0.04465804691403855,CASH_LOAN,0.9093902935088936,90.0,0,0.08783544809986717,6188159.113683878,46,0,0.0,1,0.9050271800262567,0.030592419654749434,0.033547610520011956,APPROVE,28582648.665599998,POLICY_PASS,461.52363309094903,325.7572803518075,342.3314357782108,35.77789068272637,50.8335609604284,1216.223800864122
APP-42-009658,2025-02-06 10:00:00,32,19684674.0,27,580,0.397,119213408.0,24,1,Self-employed,Rented,Branch,0,0.25021829894572223,BUSINESS_LOAN,0.9185515473988373,451.0,0,0.08980879828664803,5427232.693866813,52,1,113309033.0506888,0,,0.029641502306656856,0.1709241483457593,REVIEW,62319968.17787885,CREDIT_OR_AFFORDABILITY,652.7055104443685,328.16382442720646,60.0,34.15025034030549,51.29326195319274,1126.3128471650734
APP-42-009659,2025-02-06 11:00:00,46,15542662.0,10,580,0.0671,131872508.0,18,3,Self-employed,Mortgage,Partner,0,0.34128763407200263,CASH_LOAN,0.8208590199110853,755.0,1,0.06509808033280283,4562441.296408223,30,1,0.0,2,0.8536268694852599,0.07569614415437079,0.2414354320294249,REVIEW,46399198.01536,ENHANCED_DUE_DILIGENCE,756.22173492463,599.6155688972692,98.80300239392619,14.442763474976413,12.0,1481.0830696908017
APP-42-009660,2025-02-06 12:00:00,35,71055032.0,30,673,0.2995,66818946.0,12,2,Contract,Mortgage,Mobile,0,0.05795916389705153,BNPL,0.9453209467234336,138.0,0,0.038151378822277,37131192.5026505,43,1,0.0,2,0.8601524133615752,0.02284542801817211,0.03476561540713256,APPROVE,25000000.0,POLICY_PASS,801.3225793544335,312.22061204828117,267.1163911442688,32.232620846367055,40.059656763709306,1452.9518601570599
APP-42-009661,2025-02-06 13:00:00,36,24958418.0,20,439,0.2583,145859344.0,18,4,Self-employed,Family,Partner,1,0.39786002388878233,CASH_LOAN,0.9588560743870644,154.0,2,0.0020220932629314726,15030409.20117642,51,0,0.0,1,0.8783402779182472,0.06779089655324116,0.3146701720750462,REVIEW,59237307.61792001,ENHANCED_DUE_DILIGENCE,525.9641498637673,338.42645318394915,212.1284698501502,40.92299763051012,54.46756570553495,1171.9096362339117
APP-42-009662,2025-02-06 14:00:00,33,9553804.0,66,693,0.064,47301642.0,12,4,Salaried,Rented,Mobile,0,0.1351855725116826,BNPL,0.8909467139671913,453.0,1,0.06995782133936011,3224255.1123961713,48,1,0.0,2,0.8310543433046962,0.05829900764375726,0.08558969900955378,APPROVE,25000000.0,POLICY_PASS,924.3843619018686,310.0745042273894,208.00615081320092,34.263290468339136,35.6909981408456,1512.4193055516437
APP-42-009663,2025-02-06 15:00:00,30,7735126.0,35,769,0.2768,40481584.0,24,2,Self-employed,Family,Partner,0,0.07596799981549518,BNPL,0.9180407175771869,372.0,1,0.004936264000739412,2313322.8734405814,45,1,0.0,2,0.899832900467874,0.043481597653028316,0.04416375489969646,APPROVE,17900937.99424,POLICY_PASS,481.3521044081754,255.89091635338013,193.97021884386947,44.65914867952477,56.63379605271363,1032.5061843376634
APP-42-009664,2025-02-06 16:00:00,30,22406834.0,86,702,0.5127,60072400.0,36,1,Salaried,Owned,Mobile,0,0.06683017475459334,CASH_LOAN,0.9262177078259672,453.0,0,0.14400769783162903,2708160.4868917735,42,1,0.0,0,,0.033631201786695986,0.04489792090941034,APPROVE,34940320.66624,POLICY_PASS,525.5555162909425,323.79572547878627,191.71674450478577,27.238571074038433,64.69457003575035,1133.0011273843033
APP-42-009665,2025-02-06 17:00:00,37,14470251.0,42,565,0.3996,71593072.0,18,3,Salaried,Rented,Mobile,0,0.32328881766084533,CASH_LOAN,0.902616060334458,293.0,1,0.01057487307349001,4933858.52072212,39,1,0.0,2,0.900869617569214,0.04700915916375877,0.21432861433836614,REVIEW,27801403.841280002,ENHANCED_DUE_DILIGENCE,541.0801277688364,279.5448272267368,218.5969183500973,22.54630976477297,36.41377469011398,1098.1819578005575
APP-42-009666,2025-02-06 18:00:00,28,37437878.0,20,588,0.848,73880799.0,24,0,Salaried,Owned,Mobile,0,0.1510960630736032,BNPL,0.9883356647705436,419.0,1,0.09279863666207235,13340326.025257852,46,1,0.0,2,0.861800074839328,0.042184032664617704,0.09735447168648885,APPROVE,18209783.859200004,POLICY_PASS,474.1382783649775,285.5709203826808,215.01552419080485,22.863974339004436,43.60458585093799,1041.1932831284057
APP-42-009667,2025-02-06 19:00:00,44,21018371.0,81,645,0.6674,29519090.0,18,2,Self-employed,Mortgage,Partner,0,0.22136407245381712,BUSINESS_LOAN,0.7755163134178596,302.0,1,0.11187528912808177,9951387.94168251,48,1,95847796.78084475,0,,0.10233523453213501,0.15253850116107986,REVIEW,29519090.0,CREDIT_OR_AFFORDABILITY,796.0287211927674,291.9341879512607,200.36192040783908,24.5411715839665,54.39186888015585,1367.2578700159895
APP-42-009668,2025-02-06 20:00:00,41,6049560.0,28,666,0.5129,58260206.0,36,2,Salaried,Rented,Partner,0,0.1770474129790436,BNPL,0.8914279585753461,86.0,0,0.06010802935355604,1640563.1926256537,31,1,0.0,1,0.8878970756816044,0.03036369702028265,0.11509024349092142,REVIEW,9429570.1632,CREDIT_OR_AFFORDABILITY,633.5449103893116,208.82237696298986,317.4485052742402,19.416667503197473,59.386155308431086,1238.6186154381703
APP-42-009669,2025-02-06 21:00:00,45,10274739.0,10,756,0.4508,27653560.0,18,0,Contract,Family,Mobile,0,0.0783783842878833,CASH_LOAN,0.8621214643662526,43.0,1,0.10192068948519538,5198997.786596112,39,0,0.0,2,0.7420641021808279,0.07141539184968602,0.06363955518743082,APPROVE,18057237.308160003,POLICY_PASS,595.7498735355704,332.6432734590005,353.7570706777931,34.7729965799198,47.75260295536643,1364.6758172076502
APP-42-009670,2025-02-06 22:00:00,25,12415760.0,58,753,0.2638,49479102.0,12,2,Self-employed,Rented,Mobile,0,0.08822579993123597,BNPL,0.8436175131079823,615.0,0,0.010920544202595391,6694078.408882334,42,1,0.0,2,0.9044471485984288,0.03197102727068295,0.052023376786831034,APPROVE,25000000.0,POLICY_PASS,581.9420064786412,298.995069284975,258.6065668498932,40.870735942811706,41.76118583818616,1222.1755643945073
APP-42-009671,2025-02-06 23:00:00,20,22953997.0,31,625,0.1566,80835524.0,24,1,Salaried,Rented,Mobile,0,0.11732343998990816,CASH_LOAN,0.8900086650613459,1011.0,0,0.09957869654132667,11206259.280087933,37,1,0.0,0,,0.03424729220036985,0.0785408011737427,APPROVE,61950083.423360005,POLICY_PASS,821.8624942619482,365.3924917110551,63.47961613939796,40.13105303314876,50.200680866903,1341.0663360124531
APP-42-009672,2025-02-07 00:00:00,35,10088114.0,61,602,0.0964,77963558.0,36,1,Contract,Family,Mobile,0,0.10949201188631127,BNPL,0.8390841538028397,192.0,0,0.005178775148583824,2537771.483625985,46,1,0.0,1,0.8622483563134533,0.03202724109021897,0.06520866936316512,APPROVE,25000000.0,POLICY_PASS,804.1927257624061,318.57344265068286,220.58399503812348,26.911129248470075,31.18314961469084,1401.4444423143734
APP-42-009673,2025-02-07 01:00:00,61,19578293.0,74,584,0.1452,196038314.0,12,2,Salaried,Family,Branch,0,0.16184310267733362,BNPL,0.8666682207498169,119.0,2,0.11801335770048646,2916725.3689036085,53,1,0.0,1,0.9035119298136222,0.131705056209998,0.10403989005643692,REVIEW,25000000.0,CREDIT_OR_AFFORDABILITY,508.97466414428374,250.24098927978434,202.12915113717764,22.98131158215852,54.28373580269049,1038.6098519460945
APP-42-009674,2025-02-07 02:00:00,46,8632113.0,55,686,0.137,39313893.0,12,1,Salaried,Mortgage,Partner,0,0.07616145160937848,CASH_LOAN,0.9293596231465511,280.0,2,0.05893841181414369,3274877.490434824,52,0,0.0,1,0.9659357656799877,0.08895228404807527,0.054926914169361754,APPROVE,23838443.260800004,POLICY_PASS,493.17555464351574,276.82413687506977,261.8189810461431,26.427499166220283,37.40809586714696,1095.6542675980959
APP-42-009675,2025-02-07 03:00:00,30,18061340.0,32,718,0.4556,109170608.0,24,0,Salaried,Family,Mobile,0,0.11021946322203335,BNPL,0.8859460073467198,152.0,1,0.058062234645511246,11943734.110311508,35,1,0.0,1,0.9467979148252994,0.057498073149812215,0.06792595497519885,APPROVE,25000000.0,POLICY_PASS,823.5022498184837,217.38110565923586,367.94532920341555,37.18713000187687,36.18693073721303,1482.202745420225
APP-42-009676,2025-02-07 04:00:00,39,22062648.0,82,645,0.5089,204355568.0,36,1,Contract,Owned,Mobile,0,0.1826203076492101,CASH_LOAN,0.7927727243323215,211.0,0,0.1214943579158463,15368650.308089137,49,0,0.0,0,,0.053902826473827534,0.1505142014068769,REVIEW,34671892.58496,CREDIT_OR_AFFORDABILITY,911.5500996879796,355.04382168425906,185.49270343257578,36.18850405094786,47.6190205741708,1535.894149429933
APP-42-009677,2025-02-07 05:00:00,42,40213487.0,27,640,0.2051,246778436.0,12,0,Salaried,Rented,Mobile,0,0.08896028876105502,CASH_LOAN,0.841359433194626,130.0,1,0.1277468201661433,29249738.217498977,53,0,0.0,1,0.99093143713106,0.0831369277765227,0.06699042737343443,APPROVE,70000000.0,POLICY_PASS,756.4172285109556,255.90602349702775,203.12147207303684,21.575937303479,47.31877571393188,1284.339437098431
APP-42-009678,2025-02-07 06:00:00,23,20603032.0,61,792,0.2396,108982133.0,18,0,Salaried,Rented,Mobile,0,0.05740007036281348,CASH_LOAN,0.8471699172515639,57.0,1,0.01138454977062062,3900491.971283228,52,1,0.0,0,,0.05874765665889797,0.03425530721020205,APPROVE,50132945.70496,POLICY_PASS,444.2764276985457,143.4308857446924,307.2012702325111,41.03013902156771,29.259181312324515,965.1979040096414
APP-42-009679,2025-02-07 07:00:00,47,11486444.0,68,689,0.0516,22202618.0,9,2,Salaried,Rented,Mobile,0,0.07313491566918376,BNPL,0.956605865919514,248.0,1,0.04161764905657623,1489237.0022915213,42,1,0.0,0,,0.04137228088963137,0.04576943201037114,APPROVE,22202618.0,POLICY_PASS,283.34596203409177,271.1111312338379,271.69570603740385,25.639255372722715,36.31665366015269,888.1087083382089
APP-42-009680,2025-02-07 08:00:00,33,40916138.0,49,492,0.5767,28901033.0,12,1,Salaried,Family,Mobile,0,0.12661892944341094,CASH_LOAN,0.8834653320829551,53.0,0,0.06181953175751753,15057217.433974156,30,1,0.0,0,,0.031520298174280446,0.08395186615539234,APPROVE,28901033.0,POLICY_PASS,469.73737575694076,303.59012844172554,233.62543108889855,33.18467810584645,30.13848250915023,1070.2760959025613
APP-42-009681,2025-02-07 09:00:00,34,16274897.0,73,638,0.4008,31328876.0,18,2,Self-employed,Family,Branch,0,0.13254937828616,CASH_LOAN,0.9387426344938851,209.0,0,0.08596925381188346,1571741.678855617,43,1,0.0,0,,0.02699306303023152,0.0874539319248721,APPROVE,31206138.50368,POLICY_PASS,644.694508436777,517.2397007491642,266.0087648402355,20.28087882867024,21.731813854176583,1469.9556667090235
APP-42-009682,2025-02-07 10:00:00,35,27545343.0,55,655,0.3961,60083035.0,6,2,Self-employed,Owned,Mobile,0,0.1025313874496718,BNPL,0.9752387451636889,355.0,2,0.05509228399790861,14807928.043604216,40,0,0.0,0,,0.07373205697849745,0.08068397484657387,APPROVE,25000000.0,POLICY_PASS,503.0045884148475,191.30895658252476,179.03370315068094,35.542257679540775,55.53759617372839,964.4271020013223
APP-42-009683,2025-02-07 11:00:00,45,12849168.0,59,621,0.4609,191269955.0,24,2,Salaried,Owned,Mobile,0,0.32328656381481247,CASH_LOAN,0.886882957485296,509.0,0,0.11404785629832591,3164390.7171128355,27,0,0.0,1,0.8763282321044777,0.036167212280640425,0.2748662805651011,REVIEW,22166356.70016,ENHANCED_DUE_DILIGENCE,423.27370216458223,474.6020438706621,205.76258464320497,26.957531566071275,46.25043986784355,1176.8463021123644
APP-42-009684,2025-02-07 12:00:00,28,18921518.0,73,731,0.5047,50198453.0,24,1,Salaried,Rented,Mobile,0,0.06815825130989063,BUSINESS_LOAN,0.9832449218963446,601.0,0,0.10101448957763359,4554275.303325216,53,1,114719684.66967845,1,0.8825715122538575,0.023508931220572897,0.04187290959175445,APPROVE,50198453.0,POLICY_PASS,608.5699336231341,212.16122471533834,166.30418158890012,23.283696436226016,66.04816037906298,1076.3671967426617
APP-42-009685,2025-02-07 13:00:00,20,11584574.0,53,616,0.5003,33599615.0,12,1,Salaried,Mortgage,Branch,0,0.14553987659128165,BNPL,0.8577622820383459,355.0,1,0.031494102143038626,2687492.177191537,48,0,0.0,2,0.8662835635739337,0.05962973833399926,0.108875006005008,REVIEW,18524197.208960004,CREDIT_OR_AFFORDABILITY,574.5822458105287,251.31892947127352,210.86599410876343,34.700262655814726,58.773008329341536,1130.2404403757218
APP-42-009686,2025-02-07 14:00:00,38,21490581.0,78,569,0.0946,122360491.0,36,2,Salaried,Owned,Mobile,0,0.1666772575711089,BNPL,0.9804334524356799,90.0,0,0.004897735233408219,8587099.85405244,39,1,0.0,1,0.9384648182944718,0.01793105666055853,0.1010849027282195,REVIEW,25000000.0,CREDIT_OR_AFFORDABILITY,615.2227926534378,187.83262508189551,242.73565127794163,39.233554244550035,55.249926302692174,1140.274549560517
APP-42-009687,2025-02-07 15:00:00,20,28007637.0,95,589,0.1582,40263766.0,12,3,Contract,Rented,Partner,0,0.16493089486248938,CASH_LOAN,0.9562812414817033,326.0,0,0.051422922312085055,13213432.030471364,43,1,0.0,1,0.7433467253060937,0.02270701798493836,0.10789505446974634,APPROVE,40263766.0,POLICY_PASS,713.2046595700031,245.13635182402237,205.0305968121079,17.587904823617816,44.68674855744974,1225.646261587201
APP-42-009688,2025-02-07 16:00:00,32,13711462.0,62,689,0.1526,106735725.0,12,4,Salaried,Owned,Branch,0,0.14272680255001977,BNPL,0.7654892430497597,189.0,1,0.13391150436253654,7819019.710076679,46,0,0.0,1,0.9277329825877298,0.11271334202469738,0.11277433406333351,REVIEW,25000000.0,CREDIT_OR_AFFORDABILITY,599.2787257869935,273.4886722393394,270.5918217137582,36.84703663042772,53.72593484377709,1233.932191214296
APP-42-009689,2025-02-07 17:00:00,46,13294061.0,74,542,0.1187,43490404.0,12,0,Contract,Owned,Mobile,1,0.13967775772963176,BNPL,0.8321897587955953,74.0,1,0.10184496808704248,6313845.748086682,45,0,0.0,1,0.9337588955013707,0.08019783549420453,0.10796358870637143,REVIEW,25000000.0,CREDIT_OR_AFFORDABILITY,843.217315317602,415.567513422475,277.0886003218511,48.37782277720511,62.675449718125705,1646.926701557259
APP-42-009690,2025-02-07 18:00:00,40,21902960.0,49,605,0.0439,99552354.0,12,4,Contract,Mortgage,Mobile,0,0.20848462065166182,BNPL,0.89546604138944,86.0,0,0.006227583598532178,5844450.4288310595,50,0,0.0,2,0.9195349638468454,0.025524151264784745,0.15377772647083982,REVIEW,25000000.0,CREDIT_OR_AFFORDABILITY,476.6189484330549,274.4102886396784,312.65459414326074,32.194154865126286,38.24508079289049,1134.123066874011
APP-42-009691,2025-02-07 19:00:00,44,11434247.0,96,701,0.4737,65578902.0,12,0,Salaried,Owned,Mobile,0,0.09453233187368831,BUSINESS_LOAN,0.8671888398512236,9.0,2,0.10436014888700294,6639895.799471712,48,0,77816533.4922911,2,0.824769250206517,0.12684882547401388,0.07414669408181192,APPROVE,42799093.4207601,POLICY_PASS,645.7176601253361,422.67430062006486,150.24930009415755,29.79409550740212,41.96174341203309,1290.3970997589936
APP-42-009692,2025-02-07 20:00:00,41,7810764.0,57,542,0.2902,45469615.0,24,1,Salaried,Family,Partner,1,0.14989700150474203,BNPL,0.9325063956933888,121.0,0,0.031050883418866568,5278650.758122962,42,1,0.0,0,,0.023582756472316436,0.09611810989339996,APPROVE,17741056.919040002,POLICY_PASS,564.8714105167415,396.5211929126235,305.26448981783443,23.41552865968586,53.90130001977035,1343.9739219266557
APP-42-009693,2025-02-07 21:00:00,57,21859373.0,71,565,0.186,21765372.0,18,2,Self-employed,Rented,Branch,0,0.10476180201624669,CASH_LOAN,0.8829011160134592,135.0,2,0.1538897371719018,11405655.709080907,55,1,0.0,1,0.9120381515409104,0.13628253940868942,0.0670073662893717,APPROVE,21765372.0,POLICY_PASS,538.4354339049484,181.35740484055137,286.2681520901298,38.11812050780527,44.016670478761164,1088.1957818221958
APP-42-009694,2025-02-07 22:00:00,30,16964761.0,20,518,0.0899,56823493.0,12,0,Contract,Owned,Mobile,0,0.1395696463050751,CASH_LOAN,0.8507463872227435,39.0,0,0.025466575919823216,12538073.68302949,40,0,0.0,0,,0.032397656882238154,0.10863416204501075,APPROVE,49406812.75552001,POLICY_PASS,645.155315605876,245.59845819525958,205.30515606797775,25.963571502339953,45.86717052176331,1167.8896718932165
APP-42-009695,2025-02-07 23:00:00,39,16768449.0,67,576,0.4758,23994638.0,18,0,Salaried,Family,Mobile,0,0.10330084450802288,CASH_LOAN,0.9002283491810691,130.0,0,0.04873247304119839,6518296.846128755,43,0,0.0,0,,0.028339175760361882,0.0805035048771223,APPROVE,23994638.0,POLICY_PASS,777.4661718100942,335.65478733912715,229.54344790147508,14.464585309576545,47.147884994182114,1404.2768773544549
APP-42-009696,2025-02-08 00:00:00,31,23973774.0,51,602,0.383,70039742.0,36,0,Salaried,Mortgage,Mobile,0,0.1210249218736332,BNPL,0.9139286429222462,295.0,0,0.0850278516395217,5164031.503401436,43,1,0.0,0,,0.02978777547480375,0.07943934147626044,APPROVE,25000000.0,POLICY_PASS,547.5227253907907,231.56383359910143,295.9717495488796,34.7926048622307,42.99020594458448,1152.841119345587
APP-42-009697,2025-02-08 01:00:00,44,25888127.0,66,623,0.3475,101427666.0,12,0,Salaried,Owned,Partner,0,0.11488237254172771,BNPL,0.9292895799025008,568.0,0,0.040598753409084365,4608109.671750905,43,0,0.0,0,,0.02457316944531326,0.08928774668125758,APPROVE,25000000.0,POLICY_PASS,462.0775470471146,299.9101574074665,276.6657495329297,30.87097939137647,47.68631531426205,1117.210748693149
APP-42-009698,2025-02-08 02:00:00,34,16474615.0,70,574,0.1071,79682116.0,12,3,Salaried,Rented,Mobile,0,0.22114138940561667,CASH_LOAN,0.9856227464394416,56.0,0,0.11118418527650234,10239684.07117203,45,0,0.0,0,,0.023984680248184658,0.1838258181953126,REVIEW,47072587.9472,CREDIT_OR_AFFORDABILITY,554.137660015723,299.97147181345713,277.9526861038572,19.69711199794373,48.52284980582423,1200.2817797368052
APP-42-009699,2025-02-08 03:00:00,50,9707547.0,74,612,0.2708,53439594.0,6,0,Self-employed,Owned,Mobile,0,0.12158972018544774,BNPL,0.9572453929340268,593.0,0,0.016984757963136907,4954030.688726075,42,1,0.0,0,,0.020442670121604996,0.07629940997306076,APPROVE,22651978.471680004,POLICY_PASS,521.1819917521927,339.6734716432435,155.9552448306538,28.882972415969945,52.2978978167926,1097.9915784588525
APP-42-009700,2025-02-08 04:00:00,30,12668885.0,68,711,0.1969,53047679.0,12,3,Salaried,Rented,Partner,1,0.13220849303522314,CASH_LOAN,0.854616233551713,108.0,0,0.0015822107095425668,5203796.418346741,51,0,0.0,1,0.8913056484262774,0.02975239846603758,0.09536875790966763,APPROVE,32558020.939200003,POLICY_PASS,713.6230419436605,374.1092487482923,269.38104898817244,30.381249733671613,28.22366099439906,1415.718250408196
APP-42-009701,2025-02-08 05:00:00,48,24831225.0,43,664,0.4021,88103466.0,24,1,Self-employed,Rented,Branch,0,0.10766352691911286,BNPL,0.9223521130815572,143.0,1,0.01842331893918516,15867513.960713182,45,0,0.0,0,,0.04442083830687774,0.08195960328068226,APPROVE,25000000.0,POLICY_PASS,776.2783011298463,208.2829780147027,227.18664862311903,29.464015057141026,56.59824099780432,1297.8101838226135
APP-42-009702,2025-02-08 06:00:00,40,19402331.0,114,794,0.404,37052782.0,24,1,Salaried,Mortgage,Partner,0,0.0494842288245768,CASH_LOAN,0.9467334779357446,340.0,1,0.009573105791783864,5281918.942197417,40,1,0.0,0,,0.0392575989784353,0.03008531556380241,APPROVE,37004125.683199994,POLICY_PASS,707.8149787257736,306.31059021336387,173.52830292561407,47.7642402175061,28.965813559215896,1264.3839256414735
APP-42-009703,2025-02-08 07:00:00,35,13303193.0,86,592,0.23,62201241.0,12,2,Self-employed,Owned,Mobile,0,0.13456286790775351,BUSINESS_LOAN,0.9808016089103684,414.0,0,0.061563850861092735,7637938.418462416,39,1,69672677.24942844,2,0.8524223559405165,0.021151310579043014,0.08558636476478455,APPROVE,38319972.48718564,POLICY_PASS,501.4311927493126,278.1035483871199,206.0329878772353,20.999867606038542,27.940994732052832,1034.5085913517592
APP-42-009704,2025-02-08 08:00:00,40,11692635.0,46,608,0.359,22373385.0,12,1,Salaried,Rented,Mobile,1,0.11130621209334106,CASH_LOAN,0.9191622469278642,448.0,0,0.11379802921338822,1825630.9385465013,46,1,0.0,1,0.986623033240411,0.03170423393572316,0.06913159558554702,APPROVE,22373385.0,POLICY_PASS,469.22336611633193,327.18819687320894,174.54258642850039,27.56230339215829,24.73622329676768,1023.2526761069672
APP-42-009705,2025-02-08 09:00:00,37,25284064.0,44,651,0.1377,34190934.0,24,0,Salaried,Family,Mobile,0,0.05113104171813672,CASH_LOAN,0.842167077416242,190.0,0,0.21152442612136363,6064709.208889452,28,1,0.0,0,,0.05718769623337178,0.03685418622062361,APPROVE,34190934.0,POLICY_PASS,575.3179921448495,373.91380051401336,195.89052221969735,19.04780969854556,31.82394377310319,1195.9940683502089
APP-42-009706,2025-02-08 10:00:00,38,15934123.0,5,603,0.6981,64785490.0,24,2,Salaried,Rented,Branch,0,0.25460777979053867,CASH_LOAN,0.8721058549178619,66.0,1,0.056438807954621605,11582255.227740476,48,1,0.0,0,,0.06045319730670564,0.17180945647645918,REVIEW,15393637.547839997,CREDIT_OR_AFFORDABILITY,587.6418659680473,256.6237094784035,222.37403741568488,29.1946043701019,24.294585024813863,1120.1288022570513
APP-42-009707,2025-02-08 11:00:00,33,27231271.0,25,638,0.6198,23025129.0,12,3,Salaried,Family,Branch,0,0.12063052761729216,CASH_LOAN,0.9293403826090593,220.0,0,0.06342026229825266,3148036.9469289626,42,0,0.0,1,0.9708035603261245,0.026263289542974747,0.08995793676637413,APPROVE,23025129.0,POLICY_PASS,435.76182891164666,339.42190844342474,272.9956729098843,31.949737109833407,42.8067250688826,1122.9358724436715
APP-42-009708,2025-02-08 12:00:00,29,29195262.0,31,502,0.4102,62609138.0,12,0,Salaried,Mortgage,Branch,0,0.10703629619241198,CASH_LOAN,0.9522729274501504,167.0,1,0.13587149620297032,6574498.8684138805,41,1,0.0,1,0.9267392996122132,0.055099873950508194,0.06917085696180822,APPROVE,55101969.68832001,POLICY_PASS,590.2025117888803,319.54556208208163,265.62598422430347,33.808164939311055,33.0563971402413,1242.2386201748177
APP-42-009709,2025-02-08 13:00:00,32,15154688.0,45,613,0.34,83855510.0,12,2,Salaried,Owned,Branch,0,0.16492797258220265,CASH_LOAN,0.9697354773564313,146.0,0,0.06335094666207225,9103146.848892149,38,0,0.0,0,,0.02225164995669062,0.1329070782757192,REVIEW,32006701.055999994,CREDIT_OR_AFFORDABILITY,885.1837846676563,244.19231682510633,271.14406983267264,27.100621033372345,48.64408654103271,1476.2648788998404
APP-42-009710,2025-02-08 14:00:00,20,30346399.0,94,703,0.2689,34853534.0,18,0,Contract,Mortgage,Mobile,0,0.046730325338318626,CASH_LOAN,0.8892576516495898,282.0,0,0.031270387649911704,19076910.00492098,42,1,0.0,1,0.9464723554478944,0.028165957770235967,0.027119890409340736,APPROVE,34853534.0,POLICY_PASS,674.7695300090483,361.4742909015612,248.58987563498576,23.40039334521051,36.22218610153963,1344.4562759923451
APP-42-009711,2025-02-08 15:00:00,43,19423761.0,42,777,0.1031,68585621.0,18,0,Contract,Rented,Mobile,0,0.06338352126826914,CASH_LOAN,0.9433509919824102,184.0,0,0.3262745344300877,14540238.5422701,53,0,0.0,0,,0.05298778567256115,0.058449542468411296,APPROVE,55747747.97088001,POLICY_PASS,706.8564212937487,327.1699327165787,207.33185054224586,30.901078517483523,37.00267067967628,1309.261953749733
APP-42-009712,2025-02-08 16:00:00,24,20855940.0,24,744,0.5076,22810062.0,12,1,Salaried,Rented,Mobile,0,0.05406517438006591,BNPL,0.8608839725980386,575.0,0,0.1947448249030355,12344599.941544458,48,1,0.0,1,0.8238955587368025,0.05061923947630797,0.03629541173441157,APPROVE,22810062.0,POLICY_PASS,710.5395942687004,114.44551000523657,191.25455680494724,24.499779093192377,19.955399521488488,1060.694839693565
APP-42-009713,2025-02-08 17:00:00,33,5400868.0,65,649,0.5033,73768364.0,12,1,Salaried,Owned,Partner,1,0.18666181659288864,BNPL,0.9607285511527889,88.0,1,0.054383655979374355,3878699.796098658,39,1,0.0,1,0.9028286472956089,0.04221252443896465,0.11921244182251486,REVIEW,8584355.63392,CREDIT_OR_AFFORDABILITY,918.6106413525138,456.0006809269256,275.4291699852032,20.29079211784711,39.257774052991536,1709.5890584354813
APP-42-009714,2025-02-08 18:00:00,41,10552524.0,68,675,0.5274,40781804.0,9,1,Salaried,Mortgage,Mobile,0,0.13808545297316868,CASH_LOAN,0.9136999678371585,272.0,2,0.0070624347229987505,6383584.04702019,54,0,0.0,1,0.8528886959579568,0.08193420141049039,0.10066538312015409,APPROVE,15958793.095680002,POLICY_PASS,623.7666957141206,286.2840607989184,237.90223176595958,19.596610058546823,49.25584372597693,1216.8054420635224
APP-42-009715,2025-02-08 19:00:00,43,10871991.0,42,664,0.4299,29327730.0,12,1,Self-employed,Rented,Mobile,0,0.14266929212738258,BUSINESS_LOAN,0.8940441703591901,223.0,1,0.025494463093841915,3308822.8394907787,40,1,42329618.028136075,1,0.78492733672955,0.0507624523682451,0.09032675322511435,APPROVE,23281289.915474843,POLICY_PASS,715.3476574604637,156.67095782720972,138.5320173173885,34.1272185189286,35.324284173296164,1080.0021352972865
APP-42-009716,2025-02-08 20:00:00,20,15106297.0,88,600,0.2582,43450307.0,18,2,Salaried,Rented,Partner,0,0.16947163045802968,BNPL,0.9601355286540176,518.0,0,0.05130088825202791,1261812.089212852,36,1,0.0,1,0.8206786973992516,0.022342547057877294,0.11016032609482761,REVIEW,25000000.0,CREDIT_OR_AFFORDABILITY,522.0753664022131,319.94040757770017,356.7777422245499,30.983916816790575,48.87344191097022,1278.650874932224
APP-42-009717,2025-02-08 21:00:00,34,19168433.0,91,571,0.5887,25362976.0,36,1,Salaried,Family,Mobile,0,0.1051222557533096,CASH_LOAN,0.9263236690842518,602.0,0,0.08119729145775799,1547126.8607438325,40,1,0.0,3,0.9197314300286044,0.02800500160525784,0.06558433178840613,APPROVE,25228724.777280003,POLICY_PASS,736.5349800285373,336.4446397754583,245.64381864156462,10.616004615430708,39.31751730350197,1368.556960364493
APP-42-009718,2025-02-08 22:00:00,39,19604506.0,15,658,0.4349,90501257.0,18,0,Self-employed,Mortgage,Partner,0,0.19603373757237724,CASH_LOAN,0.928074434848636,230.0,1,0.01853538911287055,8098583.119125663,39,1,0.0,0,,0.04342572384939751,0.12782042485679077,REVIEW,35451220.289919995,CREDIT_OR_AFFORDABILITY,517.3693715087566,316.72275810327056,281.7011556138443,44.87859906860349,68.15840403135644,1228.8302883258314
APP-42-009719,2025-02-08 23:00:00,35,21063308.0,68,632,0.2564,59711358.0,12,1,Salaried,Mortgage,Mobile,0,0.07977210020720542,CASH_LOAN,0.8603090031898427,515.0,0,0.0013470828251478685,3916376.686450422,29,0,0.0,0,,0.029049997896948183,0.061373630655243594,APPROVE,50120562.652160004,POLICY_PASS,746.4225561944135,266.09933510378653,232.52115081781108,44.662057520752185,58.364356414188165,1348.0694560509514
APP-42-009720,2025-02-09 00:00:00,47,12349953.0,10,700,0.1803,107957032.0,12,0,Self-employed,Mortgage,Mobile,0,0.10596820834353517,BNPL,0.9230291067843915,349.0,2,0.035763263967382754,5050483.180130573,43,0,0.0,1,0.8294964884195708,0.08553352084174062,0.08012656032013386,APPROVE,25000000.0,POLICY_PASS,701.9190634404218,215.77034239629387,189.30524947944855,31.36795789534475,53.371985537889444,1191.7345987493984
APP-42-009721,2025-02-09 01:00:00,28,26327694.0,45,469,0.4402,16972974.0,9,1,Salaried,Rented,Partner,0,0.19422618951673137,CASH_LOAN,0.8275725390841783,101.0,0,0.08327826805157235,7712303.208903075,47,0,0.0,0,,0.04204864406003862,0.15718540529118522,REVIEW,16972974.0,CREDIT_OR_AFFORDABILITY,653.911275545536,273.02678160688964,202.86144008417472,28.883523594034138,39.71639042226265,1198.3994112528974
APP-42-009722,2025-02-09 02:00:00,20,48690328.0,144,628,0.2797,98285983.0,36,2,Salaried,Family,Branch,0,0.060415907443529655,CASH_LOAN,0.947094338897261,87.0,0,0.1229180497719343,12923640.509637112,55,1,0.0,3,0.9371889333446174,0.029056048458063935,0.036857117443949844,APPROVE,70000000.0,POLICY_PASS,644.3888104046,239.5920049790866,259.2872685160073,16.321419949683836,33.55390946949781,1193.1434133188754
APP-42-009723,2025-02-09 03:00:00,42,14820970.0,67,727,0.1058,18969707.0,12,4,Self-employed,Rented,Branch,0,0.07582812047629253,CASH_LOAN,0.9262029925643273,270.0,0,0.036796493884287435,10568557.20377739,52,1,0.0,0,,0.02461051464643566,0.046449287006069165,APPROVE,18969707.0,POLICY_PASS,760.7928950598721,126.28463320730478,381.0583177479627,31.507774174793436,46.84449038799915,1346.4881105779323
APP-42-009724,2025-02-09 04:00:00,30,12495321.0,33,682,0.3101,53044071.0,24,2,Salaried,Rented,Branch,0,0.10301186028578267,BNPL,0.9420690711478751,82.0,0,0.07385846547059843,6663868.940955795,52,0,0.0,3,0.9501212822825267,0.025702843893363508,0.0760096694245654,APPROVE,25000000.0,POLICY_PASS,622.3509948689186,217.07041225993174,165.281741143743,47.427737616162815,57.74462077639936,1109.8755066651556
APP-42-009725,2025-02-09 05:00:00,20,12347323.0,70,569,0.5367,260619705.0,12,2,Salaried,Family,Mobile,0,0.3773272010370834,BNPL,0.9151862597076804,434.0,0,0.04055869537345382,5155094.344683353,60,1,0.0,1,0.7347096227303465,0.026030623136961452,0.26290920694639097,REVIEW,18305647.186880004,ENHANCED_DUE_DILIGENCE,583.452955228613,276.1781062228877,308.5818458771933,54.39504007003936,62.60787562649975,1285.215823025233
APP-42-009726,2025-02-09 06:00:00,34,18866334.0,31,546,0.1257,19501826.0,6,0,Self-employed,Owned,Mobile,1,0.1056552354371827,CASH_LOAN,0.8640488765158574,434.0,1,0.04980878796692489,11014058.338473342,48,0,0.0,0,,0.0612503700717802,0.08169374894438257,APPROVE,19501826.0,POLICY_PASS,567.3504696146035,375.7120752868582,158.18860913083648,32.89078856898577,45.898339572598616,1180.0402821738826
APP-42-009727,2025-02-09 07:00:00,46,13479932.0,58,637,0.4048,54943824.0,18,1,Salaried,Rented,Mobile,0,0.1440359114362388,CASH_LOAN,0.8864344804061847,53.0,1,0.043289496766478794,4757945.574603958,41,1,0.0,1,0.9262815214809401,0.05503615537424569,0.0887023570278177,APPROVE,25674417.684479997,POLICY_PASS,443.64837798732276,192.27819022734207,257.58713976338197,34.96951273466376,32.4659250091952,960.9491457219058
APP-42-009728,2025-02-09 08:00:00,24,6949649.0,28,697,0.1497,27660024.0,24,3,Salaried,Mortgage,Mobile,0,0.11210174110858853,CASH_LOAN,0.8565047744754658,91.0,0,0.025989831615083055,4462842.676668975,44,1,0.0,0,,0.03169615467416313,0.0702433053111613,APPROVE,18909716.943040002,POLICY_PASS,984.6221916819835,278.2771416877304,321.6636862661137,43.8713946478772,34.00061234649468,1662.4350266301994
APP-42-009729,2025-02-09 09:00:00,56,8078112.0,39,677,0.4153,37457358.0,12,0,Self-employed,Family,Partner,0,0.09703288563599188,BUSINESS_LOAN,0.9485923440095048,120.0,0,0.030448105815683902,2885834.65309045,48,0,27693309.832673687,0,,0.02203711747139277,0.0738636867375505,APPROVE,15231320.407970529,POLICY_PASS,506.7065556416745,145.36208721311039,221.39139255114537,37.99684809460706,43.47836029741316,954.9352437979504
APP-42-009730,2025-02-09 10:00:00,27,31546932.0,87,648,0.3487,28661960.0,24,0,Salaried,Family,Mobile,0,0.04398536626766949,CASH_LOAN,0.7644927322201218,77.0,0,0.08991621821763522,6748250.537028881,50,0,0.0,0,,0.05514211226466695,0.0343407258025578,APPROVE,28661960.0,POLICY_PASS,365.4588957674174,263.6418336781952,298.2962288022036,27.47162691170347,34.28091248967245,989.1494976491921
APP-42-009731,2025-02-09 11:00:00,36,36428757.0,113,686,0.2368,9745902.0,18,1,Salaried,Mortgage,Partner,0,0.02432229702359837,BNPL,0.8104575443357037,158.0,0,0.03957020483038061,17324589.595422305,58,1,0.0,1,0.4944443800190356,0.039726064985491596,0.015574941467405803,APPROVE,9745902.0,POLICY_PASS,682.1139506255599,347.72775351644304,153.0413060380635,23.49184578413802,47.59994913229281,1253.9748050964972
APP-42-009732,2025-02-09 12:00:00,24,43393559.0,57,659,0.0838,76752146.0,24,0,Self-employed,Rented,Partner,0,0.07811252924372572,BNPL,0.9233448077452365,238.0,0,0.16198958397350108,11900808.570792504,38,1,0.0,0,,0.03584391282840086,0.05376946415839838,APPROVE,25000000.0,POLICY_PASS,685.8833911116333,419.1130339789005,252.5777910989155,19.501107806675698,36.32616598129186,1413.4014899774165
APP-42-009733,2025-02-09 13:00:00,35,20385813.0,75,683,0.1811,55604740.0,12,1,Salaried,Mortgage,Mobile,0,0.04893503071765304,BNPL,0.8880165921631111,412.0,0,0.06526565030429864,4845543.080978256,48,1,0.0,0,,0.031253465535265125,0.030497462023623374,APPROVE,25000000.0,POLICY_PASS,559.210637703218,278.23102071637607,299.08147474134967,24.735077916987635,63.05455618907226,1224.3127672670037
APP-42-009734,2025-02-09 14:00:00,34,10437173.0,36,707,0.0958,29766607.0,9,2,Salaried,Mortgage,Mobile,0,0.0866254678523242,BNPL,0.9700812351776358,174.0,0,0.06814297134318646,2507758.4514479414,38,0,0.0,1,0.9270987246947946,0.02253457170172296,0.06546248449130508,APPROVE,25000000.0,POLICY_PASS,718.7509970502547,320.92824711365375,191.0744192933635,18.325265465244406,41.387937871095254,1290.4668667936116
APP-42-009735,2025-02-09 15:00:00,22,14146438.0,25,608,0.3947,123833933.0,9,2,Salaried,Mortgage,Partner,0,0.33403647218236265,BNPL,0.9379185198361097,96.0,0,0.010280622426007725,3970682.6705,41,1,0.0,2,0.7967231953562658,0.021701872377862138,0.2273577769627958,REVIEW,25000000.0,ENHANCED_DUE_DILIGENCE,929.7395400812688,283.5277327038298,122.7377457122909,43.003870855509746,36.839004929605636,1415.847894282505
APP-42-009736,2025-02-09 16:00:00,60,7925683.0,54,576,0.3583,77845629.0,9,1,Salaried,Rented,Branch,0,0.22251954066232849,CASH_LOAN,0.8532621637055492,566.0,0,0.08444013924659591,3200233.9696529596,42,1,0.0,1,0.8841447938417288,0.03803831537868486,0.14717187339122326,REVIEW,16274914.499519998,CREDIT_OR_AFFORDABILITY,549.3591016008683,249.32476095894944,141.54979704690936,37.34252323338392,48.59351190048599,1026.169694740597
APP-42-009737,2025-02-09 17:00:00,31,7759603.0,52,692,0.2332,55118306.0,12,1,Contract,Rented,Mobile,1,0.09218646190580633,BNPL,0.7406243283992229,90.0,1,0.06853147408516704,4916816.0949247535,42,1,0.0,0,,0.10386233200055475,0.05925471226604306,APPROVE,19040203.457280003,POLICY_PASS,598.2232440823707,142.9547400272391,353.46939574215196,25.648696820675934,37.32140887109528,1157.617485543533
APP-42-009738,2025-02-09 18:00:00,31,20713098.0,148,603,0.4645,77817823.0,24,1,Salaried,Family,Branch,0,0.1228677058980382,BNPL,0.9329687146796067,355.0,1,0.0648550874120701,2988170.745832534,37,1,0.0,2,0.9512347847096391,0.04861885535106268,0.07611946665644596,APPROVE,25000000.0,POLICY_PASS,786.688788553841,368.5811222650644,189.68644534399573,31.922011705481875,36.05298201095455,1412.9313498793376
APP-42-009739,2025-02-09 19:00:00,44,24211509.0,44,500,0.2305,78168002.0,36,2,Salaried,Family,Partner,0,0.17216874519967373,CASH_LOAN,0.8834754439660747,240.0,0,0.027685624145973184,2354017.9108720627,57,0,0.0,3,0.7190021017002666,0.028538710523905067,0.1324726677930381,REVIEW,59618419.761599995,CREDIT_OR_AFFORDABILITY,700.8992212682356,263.59644526200475,314.5064227047105,34.79232782041479,31.73513263682625,1345.5295496921917
APP-42-009740,2025-02-09 20:00:00,51,52851031.0,43,743,0.3248,53545637.0,12,0,Salaried,Rented,Mobile,0,0.028835987600839927,CASH_LOAN,0.9251963260967662,91.0,2,0.09041016794614191,19950201.16632357,29,1,0.0,1,0.856647205366662,0.09844757103029536,0.01826996820161311,APPROVE,53545637.0,POLICY_PASS,564.0972862394794,203.0393306078055,266.5685112593928,51.48665259425887,43.11835687600374,1128.3101375769402
APP-42-009741,2025-02-09 21:00:00,45,17195888.0,66,658,0.0421,73426391.0,24,1,Salaried,Rented,Mobile,1,0.10323177382358852,BUSINESS_LOAN,0.9476670938656192,324.0,2,0.04731615962598722,11172988.891647948,50,1,97249664.80220678,1,0.8673993240721424,0.08030181630295566,0.06258775906728545,APPROVE,53487315.64121374,POLICY_PASS,578.6316551463254,479.55776055760236,174.60564793127543,32.432576413904734,30.85456551941884,1296.082205568527
APP-42-009742,2025-02-09 22:00:00,24,8529772.0,35,655,0.2927,64238425.0,24,0,Salaried,Mortgage,Mobile,0,0.09073097826908363,CASH_LOAN,0.9010998289376532,139.0,1,0.027721042772242716,1887202.2861851964,47,0,0.0,2,0.8993137657968774,0.049667734799039125,0.06612810003548245,APPROVE,19305944.75392,POLICY_PASS,419.1516414860838,398.43720406507066,318.1301205932269,29.400538778705343,25.809084834735433,1190.928589757822
APP-42-009743,2025-02-09 23:00:00,37,16832567.0,30,627,0.1303,42998769.0,12,2,Self-employed,Mortgage,Partner,0,0.15668470182794025,BUSINESS_LOAN,0.8149168870025286,265.0,0,0.0855847301448768,9058652.945436336,41,1,99138672.21984251,1,0.6371308483740709,0.04453610640293988,0.107930542959248,APPROVE,42998769.0,POLICY_PASS,826.0164014737226,302.15961641167326,198.02729551688822,34.851520061740075,42.203468191537894,1403.258301655562
APP-42-009744,2025-02-10 00:00:00,20,15410039.0,61,700,0.3163,34589480.0,12,1,Contract,Mortgage,Branch,0,0.07160820571541118,BNPL,0.8761387515988457,43.0,1,0.09091961606085973,3571729.9837014107,44,0,0.0,1,0.7195993234426682,0.0655574121597075,0.05743590735336518,APPROVE,25000000.0,POLICY_PASS,670.820320522354,312.27751186902344,156.85710772140993,24.571045804509072,32.43641503998239,1196.962400957279
APP-42-009745,2025-02-10 01:00:00,43,13738393.0,19,548,0.4752,35175983.0,24,4,Contract,Rented,Partner,1,0.5131569168659639,BUSINESS_LOAN,0.895389252952672,1188.0,0,0.08690351111839603,4865880.147937638,62,1,76778403.49206965,0,,0.032297829686191694,0.38907964163209313,REVIEW,35175983.0,ENHANCED_DUE_DILIGENCE,509.60418475364344,502.0260871209621,271.5625358793852,29.552250136874058,36.04122906436727,1348.7862869552323
APP-42-009746,2025-02-10 02:00:00,20,21746091.0,64,640,0.5494,30396313.0,36,3,Salaried,Rented,Mobile,0,0.21041905302452116,CASH_LOAN,0.8657126607597347,317.0,0,0.016653118706268635,8700551.121376535,48,0,0.0,0,,0.029712233833450345,0.16370553505563895,REVIEW,30396313.0,CREDIT_OR_AFFORDABILITY,549.6241624729197,449.24283184174465,387.1132001603785,35.91642745559788,45.990982640556865,1467.8876045711977
APP-42-009747,2025-02-10 03:00:00,28,9229565.0,38,660,0.2209,49524694.0,36,1,Salaried,Family,Partner,0,0.07383854499022603,BNPL,0.9404499501465715,596.0,2,0.07260713763190764,5010011.860799831,64,1,0.0,1,0.8347422948676885,0.08850166696361439,0.04422911139010963,APPROVE,23010413.092800003,POLICY_PASS,644.3572540795818,164.48247260892043,256.93789667130585,20.09808688281268,54.425093916958595,1140.3008041595792
APP-42-009748,2025-02-10 04:00:00,35,19341800.0,73,680,0.5326,76596870.0,24,0,Salaried,Family,Partner,0,0.13142483432924945,BNPL,0.9488890296741567,367.0,0,0.048734569916844266,7656173.502957375,39,1,0.0,2,0.8771702697630142,0.02322265962170374,0.08218529008873096,APPROVE,25000000.0,POLICY_PASS,585.0270905582689,299.5482465000635,301.3354678155841,34.28712914822401,50.65738110162657,1270.855315123767
APP-42-009749,2025-02-10 05:00:00,39,25757647.0,97,517,0.3864,98909057.0,12,2,Contract,Rented,Mobile,0,0.2963874985229417,BUSINESS_LOAN,0.8510374109577996,39.0,0,0.00733411538517854,12142203.898824148,36,1,108162768.63086447,2,0.9501980482307827,0.03069871233055635,0.19214707970705255,REVIEW,59489522.74697547,CREDIT_OR_AFFORDABILITY,681.4715057265784,268.01459091540625,225.3108783246667,41.748791317935414,78.97178055444405,1295.5175468390307
APP-42-009750,2025-02-10 06:00:00,33,39300118.0,30,683,0.4983,62966596.0,18,1,Salaried,Family,Partner,0,0.05000272551041998,BNPL,0.9811454668103415,299.0,0,0.004827579062369228,21236641.05309269,49,0,0.0,1,0.6961377354980369,0.01787477668682333,0.03741314319790509,APPROVE,25000000.0,POLICY_PASS,652.5633558874193,486.0531476850541,291.9655489347522,39.92087108798768,43.625306252797806,1514.1282298480112
APP-42-009751,2025-02-10 07:00:00,49,21350571.0,43,610,0.393,112207544.0,24,1,Self-employed,Owned,Partner,0,0.1655697780721664,BUSINESS_LOAN,0.9685329550990363,640.0,0,0.07402747304553808,7462376.747584464,55,1,102559141.70878877,0,,0.023072838512730464,0.10747120814147687,APPROVE,56407527.93983383,POLICY_PASS,594.9319135994293,450.60328881966467,255.3949462664448,41.374698301288284,39.038152677713974,1381.3429996645411
APP-42-009752,2025-02-10 08:00:00,42,31947311.0,84,593,0.3694,25979940.0,36,2,Self-employed,Family,Mobile,0,0.0687276624407133,BNPL,0.7605273846700465,54.0,0,0.11487761513241009,16641069.068179363,31,0,0.0,0,,0.06011025196893079,0.05693409645661025,APPROVE,25000000.0,POLICY_PASS,658.1680970612748,258.56691363686446,294.22192277632865,29.743257004289404,33.43706285536126,1274.1372533341187
APP-42-009753,2025-02-10 09:00:00,41,14100763.0,57,528,0.3565,109253719.0,36,3,Self-employed,Family,Mobile,0,0.29150224081970355,BUSINESS_LOAN,0.8663154320624794,190.0,0,0.07427473453823584,3554759.8687798996,45,0,81678001.5452285,0,,0.035036476012806676,0.2409655564615554,REVIEW,44922900.84987567,ENHANCED_DUE_DILIGENCE,335.1634105386641,384.728453106075,312.6512153535212,29.655179896249354,50.63788233843553,1112.836141232945
APP-42-009754,2025-02-10 10:00:00,24,15226116.0,114,801,0.4687,103951649.0,24,2,Salaried,Mortgage,Partner,0,0.14303616518679596,BNPL,0.7661731264853942,401.0,0,0.08148148447049597,5874366.922333527,46,1,0.0,0,,0.053480084578100176,0.09396231496217779,APPROVE,25000000.0,POLICY_PASS,336.26168388615497,354.90377808098356,216.9364866471442,35.753680143967706,37.67071025270759,981.526339010958
APP-42-009755,2025-02-10 11:00:00,50,37776516.0,59,631,0.4748,21983581.0,6,0,Self-employed,Mortgage,Partner,0,0.08960442951784285,BUSINESS_LOAN,0.7756812907263814,289.0,0,0.022071812022569498,9715648.689732092,44,0,166810689.6404098,0,,0.04345316817011573,0.06818430837028945,APPROVE,21983581.0,POLICY_PASS,729.7290130834549,337.7198597941359,262.5725307591747,31.46179733246934,14.224759866322024,1375.707960835557
APP-42-009756,2025-02-10 12:00:00,28,8465511.0,94,658,0.1428,25668506.0,18,0,Self-employed,Owned,Partner,0,0.07665380534942567,CASH_LOAN,0.8693096170685547,132.0,0,0.13713216849515517,5982653.258932091,43,0,0.0,1,0.9626169975482594,0.04149889614355804,0.059488494236151046,APPROVE,23221235.29344,POLICY_PASS,798.6668621663671,174.59075413647352,287.45593454607183,31.77031876413021,38.59463063425495,1331.0785002472976
APP-42-009757,2025-02-10 13:00:00,51,14420410.0,23,564,0.0863,35500782.0,36,3,Self-employed,Mortgage,Mobile,1,0.18468474073258984,CASH_LOAN,0.8645299904581679,171.0,1,0.005539807649769265,2829067.3041499876,44,1,0.0,0,,0.05394138484617001,0.11776475174054223,APPROVE,35500782.0,POLICY_PASS,709.9938228850876,498.86425564043884,350.10126453760654,48.06449553703797,40.940874114604185,1647.9647127147753
APP-42-009758,2025-02-10 14:00:00,53,33482310.0,30,530,0.6745,75079530.0,24,2,Salaried,Rented,Partner,1,0.36711200955005646,CASH_LOAN,0.9810831516330093,391.0,0,0.0370588971652052,13943727.926594717,44,1,0.0,1,0.9288397020683612,0.019658858853081943,0.24908763167922363,REVIEW,34875174.09600001,ENHANCED_DUE_DILIGENCE,375.0566178811211,416.7170073770312,222.47006453217227,38.93450940314502,37.3138524204279,1090.4920516138975
APP-42-009759,2025-02-10 15:00:00,40,16026768.0,106,699,0.062,12540565.0,12,0,Self-employed,Mortgage,Mobile,0,0.043724433692047586,CASH_LOAN,0.9576058003586855,198.0,2,0.1597825618686767,3561960.391727753,41,1,0.0,1,0.9382740845821697,0.10502506504137037,0.027955588847456928,APPROVE,12540565.0,POLICY_PASS,490.5374914871716,305.7567598218103,339.2209083395503,36.378430190328416,29.899679822920604,1201.7932696617813
APP-42-009760,2025-02-10 16:00:00,44,15383425.0,29,543,0.2885,65039350.0,18,0,Contract,Family,Partner,0,0.15524867123872543,CASH_LOAN,0.8118702668205772,374.0,2,0.21096114908008023,4936526.577544588,51,0,0.0,1,0.8523705439438208,0.20149580267090034,0.13084541176800885,REVIEW,35024982.04000001,CREDIT_OR_AFFORDABILITY,813.1773052977535,219.5684373206175,299.80307490581026,26.093823935459444,26.55984918089488,1385.2024906405354
APP-42-009761,2025-02-10 17:00:00,20,15555886.0,107,734,0.388,79069868.0,24,0,Salaried,Rented,Mobile,0,0.07883953394574406,BNPL,0.9882842170762266,86.0,1,0.1143058254912059,2493376.125100779,43,1,0.0,0,,0.044878649343162505,0.05198129398540701,APPROVE,25000000.0,POLICY_PASS,331.8203636887987,288.1070800824353,154.0534246893881,23.952525755130626,36.826982662349536,834.7603768781023
APP-42-009762,2025-02-10 18:00:00,33,19197983.0,32,770,0.6253,181261337.0,12,1,Self-employed,Mortgage,Partner,1,0.18661032041880604,CASH_LOAN,0.8246911484987968,30.0,0,0.028166426548570867,3633283.0431486797,48,1,0.0,0,,0.03629156172536245,0.12003878952678307,REVIEW,23019149.53632,CREDIT_OR_AFFORDABILITY,701.0787011841251,312.00923688120855,150.63765583144794,29.457919247726174,29.997619437223108,1223.181132581731
APP-42-009763,2025-02-10 19:00:00,45,32711211.0,20,584,0.51,143663824.0,9,1,Salaried,Owned,Branch,0,0.19613951454173553,CASH_LOAN,0.9026048692592182,350.0,0,0.07098739361278203,18500407.977271955,48,0,0.0,0,,0.029945352507571427,0.15731289080776817,REVIEW,51291178.848000005,CREDIT_OR_AFFORDABILITY,614.7911259596353,367.63927841872544,244.63297739830034,28.785314349870788,39.67899855521945,1295.5276946817514
APP-42-009764,2025-02-10 20:00:00,43,29925145.0,44,607,0.2165,41795041.0,6,1,Salaried,Rented,Mobile,0,0.07470935872530624,BUSINESS_LOAN,0.8426897500346595,698.0,1,0.0861470944779188,3330893.1743473997,46,1,128708968.32102361,1,0.747716507894065,0.07372319344473391,0.04796148682197414,APPROVE,41795041.0,POLICY_PASS,488.342313490076,297.58117892785043,226.4338060479239,37.14692983861919,33.25436812796295,1082.7585964324326
APP-42-009765,2025-02-10 21:00:00,24,18113785.0,23,457,0.4594,36711608.0,24,0,Salaried,Owned,Mobile,1,0.1826773837442427,CASH_LOAN,0.8046095015331541,311.0,1,0.20735401201027276,6760495.402748992,49,1,0.0,0,,0.11843881928081913,0.13172446797074155,REVIEW,31335398.9472,CREDIT_OR_AFFORDABILITY,809.2368619372139,361.92030963353335,228.69157953374656,35.72743518694389,54.68817591206245,1490.2643622035002
APP-42-009766,2025-02-10 22:00:00,32,32824838.0,69,515,0.0837,114484644.0,18,0,Salaried,Owned,Branch,0,0.09104611707655261,CASH_LOAN,0.8781480108390046,352.0,0,0.08189029525593125,11598523.364006199,44,1,0.0,1,0.94774417099391,0.03413994786909675,0.05562798713034013,APPROVE,70000000.0,POLICY_PASS,472.2223900133613,327.23855604524766,196.638337429805,26.591130774874863,25.148557003919535,1047.8389712672083
APP-42-009767,2025-02-10 23:00:00,20,21722702.0,10,685,0.4951,125021739.0,24,2,Salaried,Family,Mobile,1,0.17520024931028294,CASH_LOAN,0.9484828280327107,354.0,2,0.04061040376190574,11009833.302461822,47,1,0.0,0,,0.07858015044244028,0.11327130209009909,APPROVE,35096935.16736,POLICY_PASS,371.89287984419025,309.5904105849472,213.99117857819132,24.139659165769153,41.63057697046924,961.2447051435672
APP-42-009768,2025-02-11 00:00:00,39,28872450.0,129,730,0.2309,77895825.0,24,1,Salaried,Owned,Mobile,0,0.031247379660614336,CASH_LOAN,0.8378400387722849,192.0,0,0.1637398960022774,9167461.99154924,40,1,0.0,1,0.8533099193016122,0.05080070859494305,0.020487063276538934,APPROVE,70000000.0,POLICY_PASS,734.568097922992,361.8046609677515,323.6407910549784,24.715751234816793,67.83478632357284,1512.5640875041115
APP-42-009769,2025-02-11 01:00:00,20,10224313.0,52,584,0.3985,24872775.0,12,2,Contract,Rented,Mobile,0,0.19527563642714116,BNPL,0.8754970526932113,370.0,1,0.029189330143151223,1466814.203394228,34,1,0.0,0,,0.05522559603780636,0.1292962246263365,REVIEW,19679757.6624,CREDIT_OR_AFFORDABILITY,539.8096695000171,324.7087120276118,257.17130104042894,41.20147619619874,40.105132971242455,1202.996291735499
APP-42-009770,2025-02-11 02:00:00,45,46832423.0,71,595,0.5149,53637353.0,24,2,Salaried,Mortgage,Mobile,0,0.10557629121752082,CASH_LOAN,0.8191975729813051,173.0,1,0.018964448679794434,26219010.420962077,42,1,0.0,0,,0.06699850731365707,0.0658952365494537,APPROVE,53637353.0,POLICY_PASS,590.8513928958622,231.99885021724575,174.828873966686,29.625938037698358,52.60173484896098,1079.9067899664535
APP-42-009771,2025-02-11 03:00:00,46,20317629.0,76,526,0.767,38129357.0,24,1,Self-employed,Rented,Mobile,0,0.28495198006504147,CASH_LOAN,0.9089963456986497,106.0,0,0.011361119466320221,7399971.661573906,71,1,0.0,0,,0.024513764024393845,0.1826481279149,REVIEW,15148824.182400001,CREDIT_OR_AFFORDABILITY,568.9618906813773,243.5797990239764,255.27038514541414,38.481650892935455,49.15255160119243,1155.4462773448959
APP-42-009772,2025-02-11 04:00:00,31,3970141.0,55,559,0.3329,24706032.0,36,1,Contract,Rented,Mobile,1,0.12600178881816956,BNPL,0.9333103994484346,256.0,2,0.003940280898408823,2920613.383036937,51,0,0.0,0,,0.07529348225822396,0.0944196317162008,APPROVE,8475139.39552,POLICY_PASS,801.0846781186947,161.14747331555384,179.36374525044243,14.155694431914327,30.21965728336396,1185.9712483999692
APP-42-009773,2025-02-11 05:00:00,40,44840498.0,64,736,0.1517,66066775.0,36,2,Contract,Family,Mobile,0,0.02574413656219616,CASH_LOAN,0.8914338698554543,178.0,2,0.127628793701219,14015023.48589198,49,1,0.0,1,0.9854012141965695,0.12334417269744066,0.015498901907253627,APPROVE,66066775.0,POLICY_PASS,580.7724146548774,332.3812585616548,221.82745969033797,21.895148564696214,58.89508228436783,1215.7713637559343
APP-42-009774,2025-02-11 06:00:00,33,18050113.0,41,662,0.2063,30623361.0,18,3,Self-employed,Owned,Mobile,0,0.1057182761698017,CASH_LOAN,0.8644094854074225,106.0,0,0.06089537251979882,10419858.11489397,39,0,0.0,0,,0.03396617340844155,0.08374091054001194,APPROVE,30623361.0,POLICY_PASS,529.5609758206525,411.46789882305137,181.73179228704805,43.697433503949355,34.69875382540401,1201.1568542601055
APP-42-009775,2025-02-11 07:00:00,37,14481183.0,76,511,0.4841,241791340.0,24,2,Salaried,Mortgage,Branch,1,0.4137388297949228,BNPL,0.9872681382472072,194.0,0,0.07254603807002699,9972200.729519919,49,1,0.0,2,0.8644881016656403,0.02127145972051104,0.29494906950962424,REVIEW,23906695.39104,ENHANCED_DUE_DILIGENCE,462.5084406760998,378.6002300291616,256.2229874089788,38.555249984914184,36.20661636301607,1172.0935244621703
APP-42-009776,2025-02-11 08:00:00,25,12900242.0,10,681,0.3868,27858593.0,24,2,Self-employed,Rented,Mobile,1,0.15578147113934515,BNPL,0.9503303283216391,26.0,0,0.004538374437870311,3645757.335191714,58,1,0.0,0,,0.020277206292431637,0.09556071248492932,APPROVE,25000000.0,POLICY_PASS,297.54774544530983,345.6800624566635,286.0799703377865,34.588949790592345,52.53080347143723,1016.4275315017895
APP-42-009777,2025-02-11 09:00:00,41,22922015.0,117,811,0.2262,11656162.0,9,2,Salaried,Family,Branch,0,0.026250068441321314,CASH_LOAN,0.896666555050258,295.0,1,0.017337767810872155,2908127.783325965,46,0,0.0,0,,0.04907963080490437,0.01950316601115445,APPROVE,11656162.0,POLICY_PASS,802.3160276782385,239.76590831247137,306.56081642472134,21.4031096145488,58.63572116033773,1428.6815831903175
APP-42-009778,2025-02-11 10:00:00,20,11042571.0,40,612,0.3674,62263945.0,12,0,Salaried,Rented,Mobile,0,0.1446508692320568,CASH_LOAN,0.891323138702025,261.0,0,0.1107936554302721,3020637.1372552924,43,1,0.0,0,,0.035189763125797184,0.09751978883299366,APPROVE,22353697.326720003,POLICY_PASS,766.2487523834435,197.48471358900593,415.64908367003545,49.85725116019435,81.46080266154674,1510.700603464226
APP-42-009779,2025-02-11 11:00:00,20,13106040.0,81,592,0.1606,148267102.0,12,3,Self-employed,Mortgage,Mobile,1,0.2988266300439826,BNPL,0.9813505429521039,404.0,0,0.0515338933756921,1759830.7553444863,45,1,0.0,0,,0.020490900850459622,0.2059944569649067,REVIEW,25000000.0,ENHANCED_DUE_DILIGENCE,334.08292169664196,358.58512106530713,265.65568439929444,27.149931560985742,44.86163538528246,1030.3352941075118
APP-42-009780,2025-02-11 12:00:00,34,13280394.0,89,682,0.367,61048998.0,24,1,Salaried,Rented,Mobile,0,0.09248497415742853,BUSINESS_LOAN,0.9419456399908739,585.0,1,0.11123193697507582,6424547.755151133,42,1,57691898.4223818,2,0.8964006633258635,0.05353107171631891,0.058791899593225616,APPROVE,31730544.132309996,POLICY_PASS,449.13068547542525,462.7141629598858,153.84558110680132,62.30057493228414,52.43368550009143,1180.424689974488
APP-42-009781,2025-02-11 13:00:00,33,15327305.0,38,712,0.5992,38928140.0,12,1,Self-employed,Rented,Mobile,0,0.16319770288196145,CASH_LOAN,0.9488833960780122,46.0,0,0.07670398042030412,10454504.137124011,35,1,0.0,0,,0.025204667885508812,0.10986727972295668,APPROVE,19658188.300800003,POLICY_PASS,559.4118960609857,377.8706868129464,308.3180152974717,20.32624399022105,50.802875463034454,1316.7297176246593
APP-42-009782,2025-02-11 14:00:00,37,13558413.0,49,699,0.4682,27418267.0,18,0,Salaried,Owned,Mobile,0,0.09818446848278532,CASH_LOAN,0.6520572251835967,263.0,2,0.05143768154709225,7783741.02797319,45,1,0.0,0,,0.23427502821974056,0.06215323600950968,APPROVE,23073164.906880006,POLICY_PASS,456.2756203768622,348.0017597051488,280.04921930061244,22.779518126085723,34.10126151561162,1141.207379024321
APP-42-009783,2025-02-11 15:00:00,29,28772484.0,48,617,0.3359,21488413.0,9,1,Salaried,Rented,Partner,0,0.07291004621833913,CASH_LOAN,0.9252290581620329,50.0,1,0.017697398694201553,9333733.677631669,47,1,0.0,0,,0.04381941330092373,0.04442329212004304,APPROVE,21488413.0,POLICY_PASS,548.4085685310569,260.15558522892445,333.44298403571344,45.33614321805758,55.00960283986698,1242.3528838536192
APP-42-009784,2025-02-11 16:00:00,52,20893874.0,45,610,0.2022,37372341.0,24,0,Salaried,Family,Mobile,0,0.06473551562844498,CASH_LOAN,0.9522490277518698,246.0,1,0.14542240268783022,6947341.177692904,52,1,0.0,1,0.9393100808096703,0.056616164051307274,0.04041710559791062,APPROVE,37372341.0,POLICY_PASS,766.2648677372779,307.67344399988417,218.20354136333862,33.714251554665765,39.28778208325603,1365.1438867384225
APP-42-009785,2025-02-11 17:00:00,36,22343646.0,33,516,0.0487,28196203.0,18,1,Salaried,Rented,Mobile,0,0.11961892250986253,CASH_LOAN,0.9871941790332266,284.0,0,0.03387044928876113,9886573.955992337,60,0,0.0,1,0.8384313875649386,0.018991228167697348,0.08769012681139765,APPROVE,28196203.0,POLICY_PASS,528.5782259434894,396.3849009823218,190.42926296890437,56.515520597795934,56.09726510514496,1228.0051755976565
APP-42-009786,2025-02-11 18:00:00,37,25183851.0,50,551,0.1217,61837052.0,36,3,Self-employed,Rented,Mobile,0,0.20363492254347335,BNPL,0.9656917888212191,275.0,0,0.06679899030319239,3745331.223795066,39,1,0.0,0,,0.02285403079690816,0.1374503818580412,REVIEW,25000000.0,CREDIT_OR_AFFORDABILITY,464.0686608877892,421.7402734762063,250.78445770177598,23.025993971736263,58.82007109898889,1218.4394571364965
APP-42-009787,2025-02-11 19:00:00,37,17101564.0,43,666,0.5451,49747239.0,12,1,Self-employed,Rented,Mobile,0,0.16244074744961126,BNPL,0.8901229354056914,714.0,1,0.04280286544790005,9225633.10220855,52,0,0.0,0,,0.05416118132997472,0.12596937896431118,REVIEW,24894404.68352,CREDIT_OR_AFFORDABILITY,463.965789436951,335.9698035188015,295.00421901809017,38.18571633737374,39.515900052433885,1172.6414283636504
APP-42-009788,2025-02-11 20:00:00,44,10269739.0,99,602,0.2652,57568297.0,36,4,Salaried,Owned,Mobile,0,0.15558788912190208,BUSINESS_LOAN,0.7514652951882126,267.0,2,0.052876241100702215,2948626.5222682594,49,0,53396051.84388537,0,,0.16832774225739325,0.12187717478771214,APPROVE,29367828.514136955,POLICY_PASS,399.72231855362867,382.3516085175266,294.8606152706039,35.27277207399888,38.947069745988074,1151.154384161746
APP-42-009789,2025-02-11 21:00:00,40,48580228.0,58,658,0.3958,30715749.0,24,1,Self-employed,Mortgage,Mobile,0,0.06190453118618347,CASH_LOAN,0.8822251546185491,48.0,1,0.1397614282895716,18843606.52770921,40,1,0.0,1,0.8018049497594572,0.07336849421669722,0.040934789993133505,APPROVE,30715749.0,POLICY_PASS,486.6761448143069,313.1868992140636,180.84610966372585,26.867604473471715,41.813630566355144,1049.3903887319232
APP-42-009790,2025-02-11 22:00:00,39,29979560.0,34,623,0.4441,48594157.0,24,1,Salaried,Owned,Mobile,0,0.09230540052212059,BUSINESS_LOAN,0.8830412494720801,181.0,0,0.08066899096312048,17904858.86695896,43,1,164104005.19245118,0,,0.033350400992680676,0.059731633054727507,APPROVE,48594157.0,POLICY_PASS,697.4174411399147,373.93132166392985,217.77812358974467,26.16787615904385,41.667618784953206,1356.962381337586
APP-42-009791,2025-02-11 23:00:00,42,43703431.0,102,644,0.0962,102606131.0,24,1,Self-employed,Mortgage,Partner,0,0.06194350593825279,BUSINESS_LOAN,0.9170586145466357,166.0,0,0.019640640989525282,27645790.759680957,37,1,244633357.0701704,0,,0.024298922512369883,0.03835144243866655,APPROVE,100000000.0,POLICY_PASS,489.2558577515432,350.39047572046127,283.6089833458377,34.04786373293681,48.35953091537793,1205.662711466157
APP-42-009792,2025-02-12 00:00:00,20,31796871.0,92,641,0.1837,17185380.0,12,1,Self-employed,Mortgage,Mobile,0,0.04194169274228107,CASH_LOAN,0.9202694089374226,391.0,0,0.0599482176749989,5483372.831083531,52,0,0.0,0,,0.02698057549532901,0.03190192363530968,APPROVE,17185380.0,POLICY_PASS,326.7023411870062,278.0781953560195,203.99401233584302,39.50179036398994,50.14225906168673,898.4185983045454
APP-42-009793,2025-02-12 01:00:00,20,13973567.0,44,694,0.4056,31607618.0,36,1,Contract,Mortgage,Mobile,0,0.09071573936999783,BUSINESS_LOAN,0.9417695615153355,159.0,1,0.19621361395433243,8584810.049426604,55,0,40392242.98821828,1,0.9388947608207071,0.06806554693300916,0.07246444455819198,APPROVE,22215733.643520053,POLICY_PASS,567.7897755510808,327.1335660748547,134.53778062750808,35.25791350091412,49.85563901859687,1114.5746747729545
APP-42-009794,2025-02-12 02:00:00,34,4948002.0,56,701,0.6472,44706981.0,24,1,Salaried,Rented,Mobile,1,0.15957763406608505,CASH_LOAN,0.9604487731069982,81.0,1,0.05319193284528558,3653019.2433497817,42,0,0.0,2,0.905921001971257,0.042115593373710215,0.12161161173680342,REVIEW,5586096.337920001,CREDIT_OR_AFFORDABILITY,687.6859129331175,308.68352793493517,213.29954679676283,30.125936455611242,46.16399571341009,1285.9589198338367
APP-42-009795,2025-02-12 03:00:00,33,9155628.0,100,639,0.0673,40876757.0,18,0,Self-employed,Owned,Mobile,0,0.07821821201767701,CASH_LOAN,0.7779838631172643,138.0,0,0.04483311028857658,4284874.494234529,52,0,0.0,0,,0.0459556703272255,0.059402378135586346,APPROVE,27326253.55392,POLICY_PASS,410.8653915853001,297.6412942106455,146.36669058468834,19.70133556929704,47.615607119378105,922.1903190693091
APP-42-009796,2025-02-12 04:00:00,40,25545441.0,80,625,0.0392,146030643.0,18,0,Salaried,Rented,Branch,0,0.13076357359521495,CASH_LOAN,0.8820477107062018,358.0,1,0.06338112951058752,6997732.19186959,53,1,0.0,3,0.9039577997845513,0.05927534718265937,0.07988755974752706,APPROVE,70000000.0,POLICY_PASS,180.0,369.44058621929946,262.5605300215988,16.649359460511697,46.96078001090747,875.6112557123174
APP-42-009797,2025-02-12 05:00:00,35,17020362.0,17,637,0.5927,18842740.0,9,2,Salaried,Rented,Mobile,0,0.23475454184789557,CASH_LOAN,0.9675442133501618,98.0,0,0.06546390305580164,11872136.697248241,39,1,0.0,0,,0.022592316245342546,0.16035915051082344,REVIEW,18842740.0,CREDIT_OR_AFFORDABILITY,661.9718051765129,238.4348285073258,291.4949976324397,34.487441476320015,64.19030432555817,1290.5793771181566
APP-42-009798,2025-02-12 06:00:00,40,14288490.0,28,584,0.5292,8212069.0,24,1,Salaried,Owned,Mobile,0,0.16117688943063685,CASH_LOAN,0.9523221075902107,230.0,1,0.04688505828184022,2834520.1070673484,56,1,0.0,1,0.8151141306050752,0.04273354066540338,0.10057356263591359,APPROVE,8212069.0,POLICY_PASS,287.4286687794565,221.3957958272673,221.48948596605538,21.307502101863683,45.06360029218896,796.6850529668318
APP-42-009799,2025-02-12 07:00:00,24,4562256.0,37,718,0.1211,117026090.0,18,0,Salaried,Rented,Mobile,0,0.13420407943631954,CASH_LOAN,0.9321220030792142,94.0,0,0.12740148228902723,2428803.8520927723,50,0,0.0,1,0.9172289460134395,0.03128875017532855,0.10490213666039881,APPROVE,12831253.754880002,POLICY_PASS,608.0184405371716,294.9968491715757,329.7568359748916,24.14861012174263,47.21593010607102,1304.1366659114526
APP-42-009800,2025-02-12 08:00:00,35,17870508.0,39,600,0.3681,20930838.0,18,1,Salaried,Rented,Partner,0,0.11620391868442193,BNPL,0.959825273122403,231.0,0,0.09575918246743756,10193550.641288005,47,0,0.0,0,,0.02548155474205871,0.0931251302662156,APPROVE,20930838.0,POLICY_PASS,426.7128738029395,351.56081065812083,245.324796203362,30.037238431129904,59.62339440258785,1113.25911349814
APP-42-009801,2025-02-12 09:00:00,23,9928343.0,48,628,0.6186,32749662.0,12,0,Salaried,Rented,Partner,0,0.24503015252032206,CASH_LOAN,0.9767468226655525,338.0,2,0.0023325980969142,2033473.2190024606,45,1,0.0,2,0.7772960388482643,0.0632489601306675,0.15885985347744774,REVIEW,12117344.06464,CREDIT_OR_AFFORDABILITY,597.8021336224089,248.6940428199109,245.89351238723546,35.642760842174035,62.87137704767056,1190.9038267194
APP-42-009802,2025-02-12 10:00:00,38,12084956.0,62,653,0.2608,67308627.0,18,1,Contract,Owned,Mobile,0,0.09373530113445352,BNPL,0.957828036263977,132.0,0,0.05094156071194724,8348340.471681919,34,0,0.0,2,0.6629633719853996,0.022531470619773817,0.07603085722067135,APPROVE,25000000.0,POLICY_PASS,576.9433615900625,392.41475952325516,285.1335447433638,41.29784468274367,45.59250814671922,1341.3820186861444
APP-42-009803,2025-02-12 11:00:00,20,28729630.0,48,662,0.4856,124477917.0,36,1,Contract,Rented,Branch,0,0.13991801821971914,CASH_LOAN,0.9785100678018217,377.0,1,0.026064910302184427,21344049.62984181,37,1,0.0,0,,0.03620967023945376,0.08985371643844002,APPROVE,47291269.3504,POLICY_PASS,722.0084437360076,393.22311516226034,254.78416780415745,8.0,71.18601535213483,1449.20174205456
APP-42-009804,2025-02-12 12:00:00,38,10219970.0,90,659,0.5287,34478325.0,12,4,Self-employed,Rented,Mobile,0,0.3584144276675978,CASH_LOAN,0.7225843365884657,576.0,1,0.15851181104797551,7015021.080967607,45,0,0.0,2,0.9164937267189889,0.14072047742472252,0.30400107187960024,REVIEW,15413349.955200002,ENHANCED_DUE_DILIGENCE,726.0102240041545,332.256541995901,336.70021986232825,47.74927121146398,21.309228411198838,1464.0254854850466
APP-42-009805,2025-02-12 13:00:00,22,10770842.0,40,630,0.1443,36456001.0,18,2,Salaried,Owned,Partner,0,0.13589550533890746,CASH_LOAN,0.8781791563527033,150.0,1,0.03673437190700887,3504279.076391935,51,1,0.0,2,0.7908401957249382,0.055821858211483895,0.08459365956354895,APPROVE,29493150.398080006,POLICY_PASS,657.4135053622763,367.3990820885344,188.83760507104262,23.72853732527861,70.48188136789146,1307.8606112150235
APP-42-009806,2025-02-12 14:00:00,32,19934281.0,90,758,0.1529,24652514.0,18,0,Salaried,Owned,Mobile,0,0.023759648140629756,BUSINESS_LOAN,0.8747112800824807,195.0,0,0.09928229075347149,3863825.5337318233,45,1,110664305.50091842,0,,0.03640585770497643,0.015123619344331513,APPROVE,24652514.0,POLICY_PASS,636.2590007029925,244.2009171413921,307.24170675784666,33.29977989355515,59.69389695576478,1280.6953014515511
APP-42-009807,2025-02-12 15:00:00,43,29083497.0,58,645,0.5104,55842269.0,12,0,Salaried,Owned,Mobile,0,0.07654303065635776,CASH_LOAN,0.9318902502895563,285.0,1,0.0032831935752125436,14462299.834682042,37,1,0.0,0,,0.040930443734904565,0.04711922346469862,APPROVE,45565696.41984001,POLICY_PASS,747.3207577360346,219.42911567732887,207.65152897704456,35.80169603331394,31.764236875071074,1241.967335298793
APP-42-009808,2025-02-12 16:00:00,37,14423856.0,56,622,0.2075,146104382.0,36,3,Salaried,Family,Mobile,0,0.21744412846220398,CASH_LOAN,0.8592802212467986,115.0,1,0.07326878695030448,8771285.28774629,42,1,0.0,2,0.9954167612731813,0.06665962104446896,0.13844129511918027,REVIEW,36578898.816,CREDIT_OR_AFFORDABILITY,661.9220498956341,377.68074093939026,226.5630206182001,37.19952421506335,40.27617055542109,1343.6415062237088
APP-42-009809,2025-02-12 17:00:00,20,40339867.0,75,769,0.4588,36253482.0,9,1,Salaried,Owned,Mobile,0,0.035977680656236626,CASH_LOAN,0.9024358088636418,229.0,0,0.006888281156958308,13897951.689939298,42,0,0.0,1,0.9554250025762714,0.02485407135744622,0.025242073532854823,APPROVE,36253482.0,POLICY_PASS,641.4993294865202,316.14694041436496,227.82897603727147,30.613789589820886,25.578296680264028,1241.6673322082415
APP-42-009810,2025-02-12 18:00:00,29,8909372.0,69,584,0.3735,30467145.0,18,0,Self-employed,Mortgage,Partner,0,0.18701556097438501,CASH_LOAN,0.8669758350796086,42.0,0,0.06716962065794589,3120704.0037920396,47,0,0.0,1,0.8770701890584461,0.03423111119710406,0.14476506979135492,REVIEW,17861508.985600002,CREDIT_OR_AFFORDABILITY,821.3836110951152,254.38285538985366,329.71930818243874,28.116628788762114,60.778968350705306,1494.381371806875
APP-42-009811,2025-02-12 19:00:00,21,8090101.0,48,769,0.2066,50248248.0,12,2,Self-employed,Rented,Partner,0,0.09939011624179069,BNPL,0.8262062133311349,54.0,2,0.019379259375289854,4092257.283647068,38,1,0.0,2,0.8540017688750019,0.11795620287725286,0.06055793767359904,APPROVE,20539795.62688,POLICY_PASS,602.1776536763136,372.8575125752119,125.34376905243529,53.014052941567286,24.873256983266643,1178.2662452287948
APP-42-009812,2025-02-12 20:00:00,20,7719615.0,32,496,0.6265,78968074.0,24,3,Salaried,Owned,Mobile,1,0.47340076950744275,CASH_LOAN,0.8381127009743286,147.0,0,0.040064362086306086,4623028.445606081,42,1,0.0,0,,0.03557529736146422,0.35309799640486417,REVIEW,9226483.848000003,ENHANCED_DUE_DILIGENCE,878.3625118865532,230.34289878276763,352.5295591749931,46.32643135757257,67.65726551514314,1575.2186667170297
APP-42-009813,2025-02-12 21:00:00,36,7254853.0,100,611,0.1016,93324520.0,9,2,Self-employed,Owned,Mobile,0,0.18015432822233687,CASH_LOAN,0.924712464606984,49.0,1,0.13319631292579634,2628638.0131830717,36,1,0.0,0,,0.06098500622218595,0.12648461965300958,REVIEW,20856831.79264,CREDIT_OR_AFFORDABILITY,512.4553915526443,219.66910676000623,308.6956332803244,45.85250196242569,43.450850774477644,1130.1234843298785
APP-42-009814,2025-02-12 22:00:00,40,21660140.0,54,520,0.544,48731287.0,6,1,Contract,Owned,Mobile,0,0.25537175943863094,BNPL,0.9067242995651101,131.0,0,0.022288970699817157,7415516.680709376,52,0,0.0,0,,0.025546533208263486,0.20061612858137634,REVIEW,25000000.0,ENHANCED_DUE_DILIGENCE,873.740775075679,201.93747652697076,308.93670057562304,33.00146044772187,40.24989948479584,1457.8663121107907
APP-42-009815,2025-02-12 23:00:00,39,10512738.0,54,542,0.6444,153141256.0,9,2,Contract,Rented,Mobile,1,0.6174824289133501,BNPL,0.9430397182995613,342.0,0,0.034231586520549605,1219261.5258161682,54,1,0.0,2,0.7840155821136021,0.02279685305323127,0.48534046226891153,REVIEW,11962654.82496,ENHANCED_DUE_DILIGENCE,551.3092743680963,347.89123846958086,238.60956025745529,38.744130196987896,48.17350292444848,1224.727706216569
APP-42-009816,2025-02-13 00:00:00,40,8287646.0,162,673,0.4573,81731079.0,24,1,Self-employed,Mortgage,Mobile,0,0.1602748139213817,BNPL,0.9449276772903448,906.0,0,0.04528220244748195,2967830.6344222617,45,0,0.0,1,0.890065537432429,0.02336555168445962,0.12139958332749953,REVIEW,14392657.54944,CREDIT_OR_AFFORDABILITY,446.71828634177984,348.97928969042204,257.2772502624277,27.42011436438963,37.2894987965611,1117.68443945558
APP-42-009817,2025-02-13 01:00:00,35,22181530.0,91,661,0.4694,55351684.0,36,1,Contract,Mortgage,Partner,0,0.12266956463587594,CASH_LOAN,0.8934742464303042,130.0,1,0.11608748371061191,11920316.065744348,51,1,0.0,0,,0.06572267111927482,0.0811127090946856,APPROVE,37662463.4176,POLICY_PASS,639.0193844527845,138.0136973787211,209.3245741629469,38.1614752988221,44.539043729781966,1069.0581750230565
APP-42-009818,2025-02-13 02:00:00,33,28319308.0,46,596,0.326,53915409.0,12,3,Self-employed,Mortgage,Mobile,1,0.12992080203932208,BUSINESS_LOAN,0.9072241393093201,270.0,0,0.3279710152045053,17621388.865598682,49,1,136607314.40834564,1,0.8617961826455706,0.06143177501468083,0.096894223334903,APPROVE,53915409.0,POLICY_PASS,528.8797331435677,302.55968112529104,306.95830747173113,34.554464224669964,34.46152187480483,1207.413707840065
APP-42-009819,2025-02-13 03:00:00,25,32083564.0,52,758,0.1855,13953839.0,36,1,Salaried,Family,Partner,0,0.017191538786589286,BNPL,0.906359377301584,274.0,1,0.0412468183523511,8751319.888991123,36,1,0.0,0,,0.05054764804743176,0.010643958603065546,APPROVE,13953839.0,POLICY_PASS,444.7058570212889,338.02683027865857,248.1970823882341,35.65960475154747,72.60743397904508,1139.196808418774
APP-42-009820,2025-02-13 04:00:00,31,29130281.0,30,722,0.4777,37024512.0,9,1,Salaried,Owned,Branch,0,0.04230755167036422,BNPL,0.9238792311751941,252.0,2,0.0806285610863726,10453154.639980022,34,1,0.0,0,,0.09635414747868964,0.027329207665811515,APPROVE,25000000.0,POLICY_PASS,532.1906823358111,232.7868347184072,270.08061440950087,20.947610196001136,50.12971116522279,1106.1354528249428
APP-42-009821,2025-02-13 05:00:00,23,10863568.0,24,636,0.1578,27910776.0,24,3,Salaried,Rented,Mobile,0,0.18074798303029593,CASH_LOAN,0.9090369756397031,245.0,0,0.10330149971241508,7358193.753734905,31,0,0.0,0,,0.03204480257296544,0.1517666124473734,REVIEW,27910776.0,CREDIT_OR_AFFORDABILITY,531.0728723290075,395.7488854282739,295.2067748384197,41.50669809146118,44.581150248558494,1308.1163809357208
APP-42-009822,2025-02-13 06:00:00,27,20951742.0,46,510,0.3476,46213412.0,9,0,Salaried,Owned,Mobile,0,0.13160718266882282,CASH_LOAN,0.981597135508177,158.0,0,0.03587702881748036,3394237.091095499,41,1,0.0,4,0.7190666206125109,0.019549223351917135,0.084894132198716,APPROVE,43740532.73856,POLICY_PASS,416.68820154898924,296.52602840267593,343.53035281046454,29.528022662876936,25.74356254357,1112.0161679685768
APP-42-009823,2025-02-13 07:00:00,36,23656812.0,66,709,0.1701,30971371.0,6,1,Self-employed,Mortgage,Partner,0,0.06793125024474242,CASH_LOAN,0.8805187185472447,170.0,0,0.09968302229818123,13208613.27431255,37,0,0.0,0,,0.03560106286609993,0.05503658101633917,APPROVE,30971371.0,POLICY_PASS,797.1712628197236,320.3331620291912,167.68064012978292,24.407545634822753,44.94613210871492,1354.5387427222354
APP-42-009824,2025-02-13 08:00:00,34,13862481.0,32,605,0.3127,21796554.0,36,0,Self-employed,Rented,Branch,0,0.09551327766631876,CASH_LOAN,0.9321216206615418,891.0,0,0.07189717018698487,8385461.865319336,46,1,0.0,2,0.7904937892013355,0.026617213152321316,0.06046458946978733,APPROVE,21796554.0,POLICY_PASS,602.8810611355852,310.73586623282625,219.89401738420014,34.22097037360497,26.86133406093324,1194.59324918715
APP-42-009825,2025-02-13 09:00:00,63,19707227.0,80,661,0.1948,96324679.0,24,1,Self-employed,Owned,Partner,0,0.1042459556733956,BUSINESS_LOAN,0.9136075903863813,415.0,0,0.025619855364785216,3421946.2101763403,45,0,105269338.22837587,0,,0.025079813856633854,0.07968035991962445,APPROVE,57898136.02560673,POLICY_PASS,572.8781266376268,399.8294610476885,362.4799014287472,42.07755122841952,49.926023195558955,1427.1910635380407
APP-42-009826,2025-02-13 10:00:00,23,9042916.0,27,697,0.526,17918252.0,24,2,Salaried,Owned,Partner,0,0.15038029076318543,BNPL,0.8903027896855447,573.0,0,0.055268448967701014,4472905.162029176,38,0,0.0,0,,0.030076695356194148,0.12013312082089457,REVIEW,13716294.988799999,CREDIT_OR_AFFORDABILITY,604.8907169081062,342.69172333510267,280.0939144814446,19.795492135214587,33.95954427783215,1281.4313911377003
APP-42-009827,2025-02-13 11:00:00,34,12745671.0,46,611,0.3424,262709709.0,12,1,Salaried,Owned,Partner,1,0.2044520962580343,BNPL,0.9425305642822542,206.0,0,0.11939168924265667,7130490.240274938,39,1,0.0,0,,0.029299335682960972,0.14280888904240127,REVIEW,25000000.0,CREDIT_OR_AFFORDABILITY,380.5945900169444,202.01822115389604,264.79282976878767,30.17324151854117,55.183929289917735,932.762811748087
APP-42-009828,2025-02-13 12:00:00,22,22084031.0,76,732,0.3232,26896780.0,24,1,Salaried,Rented,Mobile,0,0.04338704592682819,CASH_LOAN,0.9384770019913229,246.0,0,0.18009962529126194,15581356.546027906,46,0,0.0,0,,0.0355264632420572,0.03643313437997648,APPROVE,26896780.0,POLICY_PASS,784.7244533698663,207.1806365759213,275.3700148083191,18.31898079373962,36.443465014688655,1322.037550562535
APP-42-009829,2025-02-13 13:00:00,32,41244601.0,134,613,0.1422,51978287.0,24,0,Self-employed,Mortgage,Branch,0,0.04743592074211448,CASH_LOAN,0.857785654171355,176.0,0,0.015510951291034128,23230105.360854726,49,1,0.0,0,,0.030585480636011034,0.028438950568355253,APPROVE,51978287.0,POLICY_PASS,554.3958654191994,316.4347896084332,356.11156163933606,30.612080682480393,55.76871325248359,1313.3230106019328
APP-42-009830,2025-02-13 14:00:00,32,33908426.0,108,679,0.3055,21909484.0,6,0,Salaried,Owned,Partner,0,0.03428690539483223,CASH_LOAN,0.9342270370945664,401.0,2,0.008270808419792015,19850999.377224594,47,1,0.0,2,0.8080809573556699,0.07593244405172059,0.02006863365978176,APPROVE,21909484.0,POLICY_PASS,646.5201794171195,309.4166473739604,248.50628412627694,30.966119584590523,51.64957785768934,1287.058808359637
APP-42-009831,2025-02-13 15:00:00,43,25889667.0,95,694,0.167,29014085.0,36,2,Salaried,Owned,Partner,0,0.06110790887745423,CASH_LOAN,0.9155972353904125,230.0,0,0.05321155629636553,16288359.784031944,45,1,0.0,0,,0.02696517328139023,0.038156685158648666,APPROVE,29014085.0,POLICY_PASS,626.5320564554908,298.5324912936295,278.3579328557914,28.229513308023233,19.53412841342384,1251.1861223263588
APP-42-009832,2025-02-13 16:00:00,31,18806579.0,55,706,0.4799,92556997.0,6,1,Salaried,Family,Mobile,0,0.10479152078803032,BUSINESS_LOAN,0.9228572233345567,619.0,0,0.03475672082562035,6195680.785064257,51,0,122458972.68887532,0,,0.024801662757451156,0.07973036324461022,APPROVE,67352434.97888143,POLICY_PASS,700.0313270681235,291.38248207444883,120.93540299440245,25.919256467490136,49.15348374944529,1187.4219523539102
APP-42-009833,2025-02-13 17:00:00,33,17270416.0,82,766,0.5641,33603661.0,24,0,Self-employed,Owned,Mobile,0,0.09154765104298199,CASH_LOAN,0.9200270603771193,278.0,0,0.06358964181958678,2529739.4531620545,35,1,0.0,1,0.8635220485809724,0.027295865193224775,0.05752730701402029,APPROVE,24090157.870079998,POLICY_PASS,350.6021040039034,195.48907858894677,199.36797282736063,25.524351329551628,67.19344101368087,838.1769477634433
APP-42-009834,2025-02-13 18:00:00,31,8118877.0,44,581,0.2796,35409462.0,36,2,Self-employed,Mortgage,Mobile,0,0.17422818163302256,CASH_LOAN,0.9539460931983981,168.0,2,0.01523969433545721,2609925.0289813834,56,0,0.0,0,,0.07170064565090346,0.132214049525678,REVIEW,18716284.77056,CREDIT_OR_AFFORDABILITY,562.8357694571617,347.9350233444485,192.50040771326198,46.03409004952064,21.30324584487949,1170.6085364092723
APP-42-009835,2025-02-13 19:00:00,22,11368464.0,73,558,0.272,103338699.0,24,1,Contract,Owned,Partner,0,0.18322391829032694,BNPL,0.9305384470907538,188.0,1,0.0514020708632797,2889877.1313575744,44,1,0.0,1,0.8473199960739783,0.04724300571065064,0.11729484472999667,REVIEW,25000000.0,CREDIT_OR_AFFORDABILITY,616.4506831192123,253.5091039272293,179.3269324774143,36.72761817745096,33.234337094362,1119.2486747956689
APP-42-009836,2025-02-13 20:00:00,29,11574467.0,23,617,0.1684,190791729.0,12,1,Salaried,Owned,Mobile,0,0.1711688515242046,CASH_LOAN,0.8147940070536798,371.0,0,0.042891389728120136,5336644.011827615,45,1,0.0,1,0.8876899773588556,0.03941255266716813,0.10702420998925573,APPROVE,30801045.623040006,POLICY_PASS,570.055354266456,303.3532997651761,155.08721392953018,28.79925702055259,46.52369912100984,1103.8188241027249
APP-42-009837,2025-02-13 21:00:00,32,24692249.0,62,850,0.3479,41957738.0,18,2,Contract,Rented,Mobile,0,0.07338826284031467,CASH_LOAN,0.8251604179813241,873.0,0,0.041597329673383414,2290977.526011219,47,1,0.0,1,0.9632785438408371,0.037655924063419936,0.042796643348850014,APPROVE,41957738.0,POLICY_PASS,358.51146254103503,325.3472719220197,160.59142435344617,30.7828998439655,65.53407444611081,940.7671331065773
APP-42-009838,2025-02-13 22:00:00,36,30268060.0,23,737,0.0992,15649198.0,9,3,Self-employed,Family,Mobile,0,0.03532349572540364,BUSINESS_LOAN,0.9184509486900992,69.0,0,0.058762395197236354,10279984.9677875,38,0,138123131.78239316,1,0.9626365848191436,0.027087894895962722,0.02588253067406027,APPROVE,15649198.0,POLICY_PASS,712.6898602337926,190.7086561925929,327.11923542985437,15.430579409169372,55.51600898295421,1301.4643402483637
APP-42-009839,2025-02-13 23:00:00,40,26990559.0,92,600,0.4406,43585580.0,12,0,Salaried,Rented,Partner,0,0.1242897634942085,CASH_LOAN,0.9458154480856862,148.0,1,0.08745424055273307,6842013.397365129,41,0,0.0,1,0.7991910492058169,0.049263094647513196,0.09898208663135426,APPROVE,43585580.0,POLICY_PASS,666.17234186225,343.2836602721797,143.57902036728763,34.597661454883934,53.320151839872835,1240.9528357964741
APP-42-009840,2025-02-14 00:00:00,33,34495825.0,80,615,0.2609,46102251.0,12,2,Salaried,Mortgage,Mobile,0,0.08195711231776474,CASH_LOAN,0.8974690025508063,493.0,1,0.0367497445059297,24428594.526658103,51,1,0.0,3,0.7049956546729446,0.051704537607074795,0.051077433937325015,APPROVE,46102251.0,POLICY_PASS,468.8789037454092,193.65552615587671,279.40412636891233,28.533922731354558,64.1100730826855,1034.5825520842382
APP-42-009841,2025-02-14 01:00:00,33,18729755.0,113,639,0.5514,53510987.0,12,0,Contract,Rented,Mobile,0,0.16808783812324904,BUSINESS_LOAN,0.9653962732887458,40.0,2,0.1469520688262735,6009370.0759890145,43,0,66679946.65161714,0,,0.09851734827916997,0.14184788533282935,REVIEW,36673970.65838943,CREDIT_OR_AFFORDABILITY,714.5010600277357,367.94094618280843,317.2783928968694,31.260908816199386,14.918556223457678,1445.8998641470705
APP-42-009842,2025-02-14 02:00:00,20,10483055.0,25,660,0.747,81893497.0,24,3,Salaried,Owned,Mobile,1,0.30818100382500657,BNPL,0.8986311205876772,224.0,0,0.04790778571805915,4223145.899207216,30,1,0.0,0,,0.02845600482756528,0.21794092680097432,REVIEW,8487081.328,ENHANCED_DUE_DILIGENCE,542.6168030963897,349.7924423645302,265.956515939766,24.906704352949138,47.77531517996029,1231.0477809335953
APP-42-009843,2025-02-14 03:00:00,40,17512391.0,161,686,0.1458,93338148.0,18,2,Self-employed,Rented,Mobile,0,0.1321617418887954,BNPL,0.8227135995722312,872.0,1,0.012458330886380924,12288244.4036629,42,0,0.0,0,,0.0648868760120353,0.10141182634521975,REVIEW,25000000.0,CREDIT_OR_AFFORDABILITY,858.6063295744299,176.64679613530603,214.9634357599104,31.660534011900445,52.464704373343885,1334.3417998548907
APP-42-009844,2025-02-14 04:00:00,29,12081935.0,51,689,0.3316,32161777.0,24,0,Contract,Mortgage,Mobile,0,0.08539249594691052,CASH_LOAN,0.9535013314308374,638.0,0,0.03750874190948682,2535600.44806575,46,0,0.0,0,,0.022049279259040912,0.06536890389498881,APPROVE,25841809.1328,POLICY_PASS,1011.5670539971973,381.23003089723557,266.73572474315756,38.79222888384973,45.072402250224656,1743.3974407716648
APP-42-009845,2025-02-14 05:00:00,42,25847006.0,91,726,0.102,58660791.0,24,1,Salaried,Rented,Mobile,1,0.0351280106940136,BUSINESS_LOAN,0.9131444383708754,77.0,0,0.005768318394700481,16767348.224500816,40,0,118668424.7041376,0,,0.02370909927363659,0.026245354588732686,APPROVE,58660791.0,POLICY_PASS,454.80761752490776,344.27054898639625,278.44125331315854,32.807853674636526,51.36976365932523,1161.6970371584243
APP-42-009846,2025-02-14 06:00:00,47,14774071.0,29,784,0.6589,60703913.0,12,0,Salaried,Owned,Mobile,0,0.08899667495521578,CASH_LOAN,0.9406457636310711,345.0,2,0.03788341922227106,7433201.125010675,51,1,0.0,0,,0.08038984676328363,0.05496449983864025,APPROVE,16126193.97792,POLICY_PASS,445.7835929832877,396.1134298591354,234.04972998779002,21.35103116947449,30.239045067791235,1127.536829067479
APP-42-009847,2025-02-14 07:00:00,33,17050497.0,65,630,0.0711,173590029.0,9,2,Salaried,Mortgage,Partner,0,0.22964558382106942,BNPL,0.8982103594476736,376.0,1,0.1758658674236824,2932401.83698413,46,1,0.0,0,,0.07621747548351421,0.1658382920647029,REVIEW,25000000.0,CREDIT_OR_AFFORDABILITY,695.5028982158042,279.51667420301317,342.96703050526463,40.58573046139824,42.523577584670846,1401.0959109701512
APP-42-009848,2025-02-14 08:00:00,26,26360429.0,48,625,0.2206,98140814.0,12,0,Salaried,Family,Partner,0,0.09529850410779883,CASH_LOAN,0.9376131102693074,188.0,0,0.061774679418859606,3732032.658615426,52,1,0.0,2,0.9713987162041932,0.025267329186722455,0.05626994864435338,APPROVE,65745018.76032,POLICY_PASS,418.93221057366276,202.41975627030567,338.5961415610909,42.53562427796306,44.226913031828815,1046.7106457148511
APP-42-009849,2025-02-14 09:00:00,35,11974386.0,80,614,0.5826,35984644.0,12,0,Contract,Owned,Branch,0,0.18843953996907614,BNPL,0.9696254821219257,189.0,2,0.04735025687104843,2993854.5897578015,38,0,0.0,1,0.8373477957477271,0.07375593829113522,0.14781107316521505,REVIEW,15993947.89248,CREDIT_OR_AFFORDABILITY,709.3527488494844,389.5375210676903,184.1967090698955,24.002026325728224,63.40877274455472,1370.497778057353
APP-42-009850,2025-02-14 10:00:00,38,30586504.0,15,620,0.442,24478321.0,36,0,Salaried,Rented,Branch,0,0.07721464733511366,CASH_LOAN,0.7906552447556324,150.0,0,0.02279041630568317,22392847.78608681,50,1,0.0,1,0.870140745571837,0.04099757129972983,0.04544437386826133,APPROVE,24478321.0,POLICY_PASS,645.3418576256342,319.09590700113506,125.92895398251628,45.356468986577966,43.17078806373304,1178.8939756595964
APP-42-009851,2025-02-14 11:00:00,32,8577940.0,28,667,0.1531,40360125.0,12,1,Salaried,Owned,Mobile,0,0.062158996016090214,CASH_LOAN,0.9382977871114516,141.0,0,0.03447850860095937,2552442.003938923,42,1,0.0,0,,0.02326159421392298,0.03853000782167832,APPROVE,23246903.6352,POLICY_PASS,374.53034387730395,185.66796748185757,287.52325722856625,27.40711138293817,36.47356054521967,911.6022405158856
APP-42-009852,2025-02-14 12:00:00,30,21305703.0,97,686,0.6199,56862102.0,36,0,Self-employed,Owned,Mobile,0,0.09886085291782712,CASH_LOAN,0.9721975174950638,515.0,0,0.028048557653423865,14455843.609900417,55,1,0.0,0,,0.01985812865513575,0.060431517420033644,APPROVE,25914552.67296,POLICY_PASS,606.0700800473272,347.09260613682994,224.016009960685,36.67675272309607,56.77373998008098,1270.6291888480193
APP-42-009853,2025-02-14 13:00:00,40,17122225.0,27,764,0.1244,46066674.0,9,3,Self-employed,Rented,Partner,0,0.10727965350891122,BNPL,0.8183652066576149,271.0,1,0.009040992419733105,6046025.966814856,44,1,0.0,1,0.9233080194656946,0.065374667991544,0.06314788871003414,APPROVE,25000000.0,POLICY_PASS,878.6375857619944,247.53036083587642,164.41981415275558,22.448919883439366,54.58693873166706,1367.623619365733
APP-42-009854,2025-02-14 14:00:00,39,28372199.0,49,589,0.2974,30333936.0,12,3,Self-employed,Rented,Mobile,0,0.15889229826751594,CASH_LOAN,0.925321241400541,76.0,0,0.0904411589255481,19018987.444612887,46,1,0.0,1,0.7453231467643837,0.028887713450866645,0.1058113303268076,APPROVE,30333936.0,POLICY_PASS,614.9020358461684,310.465453634781,335.7398447359127,24.561918764361046,32.31193239489882,1317.9811853761219
APP-42-009855,2025-02-14 15:00:00,32,8452532.0,45,666,0.5997,31109307.0,12,1,Salaried,Mortgage,Partner,0,0.15663801099125088,CASH_LOAN,0.958803066812332,96.0,0,0.007953803338453443,5443214.97689776,43,1,0.0,0,,0.019779888310929822,0.0989903641762654,APPROVE,10827355.39072,POLICY_PASS,546.4170984604594,266.4063045057564,247.57118748637322,26.488458194384172,35.7979050284234,1122.6809536753965
APP-42-009856,2025-02-14 16:00:00,20,7755767.0,61,579,0.2073,99718521.0,9,4,Salaried,Owned,Mobile,0,0.28045390323200436,CASH_LOAN,0.9629409298131701,344.0,2,0.06376138128945603,814299.2170868906,46,1,0.0,0,,0.07921449897076113,0.1928821701108784,REVIEW,19673588.80288,CREDIT_OR_AFFORDABILITY,497.1592986943097,365.48140021529883,229.38052242400795,30.63209460800738,45.4306422296884,1168.0839581713124
APP-42-009857,2025-02-14 17:00:00,39,27191276.0,31,669,0.2392,16082282.0,24,0,Self-employed,Rented,Partner,0,0.04543400754100385,CASH_LOAN,0.9681015152861818,292.0,2,0.12236393889962681,12295375.37936917,54,0,0.0,1,0.973435021314121,0.09121123977862677,0.03378878744390159,APPROVE,16082282.0,POLICY_PASS,361.32386193806724,335.6171408467947,373.7708656049224,35.688701429191084,50.56853847616772,1156.969108295143
APP-42-009858,2025-02-14 18:00:00,28,14517642.0,101,832,0.2065,122597012.0,6,1,Self-employed,Family,Branch,0,0.07599072697927683,CASH_LOAN,0.9547761164426356,336.0,1,0.11133576019147684,2264378.437194215,63,0,0.0,1,0.8118689249746641,0.05088062353958317,0.05818563731087737,APPROVE,36863196.5664,POLICY_PASS,467.6772409483421,211.94758982450082,171.15977685401916,12.833897578255353,44.33153523969117,907.9500404448086
APP-42-009859,2025-02-14 19:00:00,37,17123137.0,62,630,0.244,56088842.0,36,3,Self-employed,Family,Mobile,0,0.13829222250154116,CASH_LOAN,0.888070289294496,301.0,0,0.01341836899189038,1755583.8812965222,49,0,0.0,0,,0.02686652645540538,0.10503570999030559,APPROVE,41424293.03040001,POLICY_PASS,445.5699880646962,205.24528338039542,197.3890725848516,22.232375418268308,50.07011769326437,920.506837141476
APP-42-009860,2025-02-14 20:00:00,36,12522283.0,107,817,0.2868,32014909.0,12,2,Salaried,Family,Partner,0,0.055883004178417656,BNPL,0.9872174824152113,152.0,1,0.08061122057996965,8938009.755362878,54,0,0.0,1,0.9563870834678788,0.04091512543651535,0.0406425765117683,APPROVE,25000000.0,POLICY_PASS,802.9041233610874,169.79771383982634,279.9395239862359,40.3358278983914,39.96677167621405,1332.943960761755
APP-42-009861,2025-02-14 21:00:00,20,29737755.0,79,580,0.1712,55939615.0,9,1,Salaried,Owned,Mobile,0,0.06547127217093428,BNPL,0.8832740918726825,152.0,4,0.016308770169520308,5859662.196683097,42,1,0.0,0,,0.2767130714866492,0.04010975660452978,REVIEW,25000000.0,ENHANCED_DUE_DILIGENCE,921.4586866791745,363.1766959523518,239.39581000519445,14.204242102847854,35.240922982380404,1573.4763577219492
APP-42-009862,2025-02-14 22:00:00,36,21219927.0,60,607,0.2967,102266561.0,24,3,Contract,Owned,Branch,0,0.1811222646615822,BNPL,0.9551386863482919,85.0,0,0.0016538975719419312,4889655.075764859,39,0,0.0,0,,0.019711961908594432,0.14057504121714165,REVIEW,25000000.0,CREDIT_OR_AFFORDABILITY,403.4756798307412,284.3959460510785,187.7078403554507,43.094685963367155,34.50142868245523,953.1755808830927
APP-42-009863,2025-02-14 23:00:00,40,20547453.0,8,615,0.1365,64990041.0,9,0,Salaried,Owned,Mobile,0,0.08215419942220417,CASH_LOAN,0.8523136095790769,344.0,0,0.14120531888828528,10079206.723202804,37,1,0.0,2,0.8637210130126773,0.04495479678437683,0.05413372861311227,APPROVE,56776722.1296,POLICY_PASS,698.6769651225524,322.3393961714004,215.1391700290309,41.21498020739124,57.501995269622356,1334.8725067999972
APP-42-009864,2025-02-15 00:00:00,41,9460077.0,73,653,0.5417,37458243.0,24,1,Contract,Rented,Mobile,0,0.22131235736348592,CASH_LOAN,0.9103813346841483,262.0,0,0.03575608295536827,2529620.11578563,34,0,0.0,1,0.7956135126350784,0.026177383471542064,0.17684048387845805,REVIEW,13873770.525120003,CREDIT_OR_AFFORDABILITY,492.26708045534997,221.89702023547176,171.01475106701378,20.03815640579117,62.25333413643864,967.4703423000652
APP-42-009865,2025-02-15 01:00:00,36,23717183.0,72,629,0.0756,40666458.0,18,3,Salaried,Owned,Mobile,0,0.10191976404399891,CASH_LOAN,0.8838182140475714,389.0,0,0.0025120763324085606,5513935.867813184,45,1,0.0,0,,0.026480731301989833,0.06243327864245333,APPROVE,40666458.0,POLICY_PASS,359.42078889944906,348.77487681784083,273.29277255851736,37.39224896465569,42.073806771638864,1060.9544940121018
APP-42-009866,2025-02-15 02:00:00,20,10429670.0,106,695,0.3369,47235043.0,12,0,Salaried,Rented,Mobile,1,0.07645524291493323,CASH_LOAN,0.9427197655672126,119.0,0,0.03253490767426804,6114956.115431272,40,1,0.0,1,0.8316219849156143,0.022713546613895692,0.04668158664058851,APPROVE,22130925.366400003,POLICY_PASS,451.0847850404742,276.96625908148906,211.65019768701035,29.873207134396974,39.68234744779114,1009.2567963911617
APP-42-009867,2025-02-15 03:00:00,46,12530524.0,57,442,0.2144,73821850.0,24,0,Salaried,Family,Mobile,1,0.16000653521869582,CASH_LOAN,0.9014264517143368,676.0,0,0.1556342705636419,2135247.8146354845,45,1,0.0,1,0.8680667080407034,0.038453681959737245,0.10794809970353353,APPROVE,31500734.89408,POLICY_PASS,461.77217903474957,255.4096441281419,202.6904559362911,29.19086362921098,48.42966017500976,997.4928029034033
APP-42-009868,2025-02-15 04:00:00,39,8494599.0,5,569,0.2981,19327932.0,24,3,Salaried,Owned,Mobile,0,0.158586260653259,CASH_LOAN,0.8422927991067608,200.0,0,0.0032416529331932026,2484366.664847951,44,1,0.0,0,,0.03143466129299657,0.09980855251470279,APPROVE,19079548.921919998,POLICY_PASS,796.1596151844217,258.36996692646983,166.20955247024003,37.960009185583125,48.59285123320884,1307.2919949999236
APP-42-009869,2025-02-15 05:00:00,24,16515081.0,54,776,0.4704,38678513.0,6,2,Salaried,Mortgage,Mobile,0,0.10217952087517826,BNPL,0.9811421962657767,89.0,1,0.08219431426092527,5767984.213904514,37,1,0.0,2,0.8657739646630379,0.04211941661681217,0.06505070134394499,APPROVE,25000000.0,POLICY_PASS,616.9976775230992,319.1737494066828,175.78787420657568,30.686833705235724,58.26584744594116,1200.9119822875346
APP-42-009870,2025-02-15 06:00:00,28,32324713.0,75,539,0.4178,52270440.0,18,1,Contract,Mortgage,Mobile,0,0.13185459617234044,CASH_LOAN,0.689585785237991,900.0,0,0.049809039631631906,20018129.521276165,35,0,0.0,2,0.9230171015962938,0.06618446326256393,0.10027183814233503,APPROVE,52270440.0,POLICY_PASS,411.84836449363513,297.1370936225583,198.43390781369249,27.5082063658917,40.13530918704869,975.0628814828265
APP-42-009871,2025-02-15 07:00:00,37,20390192.0,54,614,0.6905,53971661.0,36,0,Salaried,Owned,Mobile,0,0.1379041747560444,CASH_LOAN,0.9547493338025462,257.0,1,0.0331350205047436,11351386.335567135,51,1,0.0,1,0.86425205642262,0.04067789224627205,0.0839975256491025,APPROVE,20194446.1568,POLICY_PASS,627.7731081583678,314.5891856196349,253.85816544038934,34.59796602293929,37.169094577203175,1267.9875198185346
APP-42-009872,2025-02-15 08:00:00,41,14116866.0,40,684,0.1886,42390058.0,12,1,Salaried,Owned,Mobile,1,0.058833784833431005,CASH_LOAN,0.9175517633606585,219.0,0,0.10386852926052993,5948488.849299257,46,1,0.0,0,,0.031004974516463085,0.03799730185937178,APPROVE,36654160.23168,POLICY_PASS,611.7258269606482,396.75154871286543,179.36603291897694,31.399272994354213,21.31342666246713,1240.556108249312
APP-42-009873,2025-02-15 09:00:00,31,19113640.0,83,637,0.3426,58616666.0,24,0,Salaried,Rented,Mobile,1,0.09817917730202792,CASH_LOAN,0.941761160669982,49.0,1,0.2517018749216486,13100906.352765441,35,1,0.0,1,0.9375959265857482,0.07941725323980843,0.06913043528597834,APPROVE,40208982.195199996,POLICY_PASS,704.9721167238074,241.45399992897566,238.18301947423186,44.142587478621195,53.260919503364164,1282.0126431090005
APP-42-009874,2025-02-15 10:00:00,42,19055570.0,13,579,0.2654,14854007.0,18,3,Self-employed,Rented,Mobile,0,0.16634792159483333,BUSINESS_LOAN,0.9543655665580368,124.0,1,0.04580094516204887,13185029.642053498,46,1,104213889.28781465,1,0.9447108760354466,0.042252018668636905,0.10222004654799424,APPROVE,14854007.0,POLICY_PASS,556.9664918351359,301.2680424072136,226.91440067531022,45.10128023073476,51.698418408553735,1181.9486335569484
APP-42-009875,2025-02-15 11:00:00,20,18666109.0,54,672,0.1938,17136837.0,12,3,Salaried,Rented,Partner,0,0.08569454273097565,CASH_LOAN,0.916489531605953,492.0,0,0.045171378355728,9727595.468479376,40,1,0.0,2,0.949446365819015,0.02624352645897475,0.05125480253531904,APPROVE,17136837.0,POLICY_PASS,703.4145412951011,362.74346743044515,189.72903935313423,42.03340671401901,31.7209201470365,1329.641374939736
APP-42-009876,2025-02-15 12:00:00,26,19844079.0,42,700,0.3028,138262338.0,24,1,Salaried,Family,Branch,0,0.08339202112612489,CASH_LOAN,0.8534031078483912,326.0,1,0.024971319467129032,13667016.386888081,44,1,0.0,1,0.896162625969209,0.05955913452570802,0.04948908334578573,APPROVE,44272934.01216,POLICY_PASS,559.0869244312537,333.70188313463257,301.62992511536174,30.922131750530884,37.73473177795257,1263.0755962097317
APP-42-009877,2025-02-15 13:00:00,20,10159151.0,27,597,0.3268,53110416.0,9,0,Salaried,Family,Partner,0,0.11169414498678165,CASH_LOAN,0.939001046736741,154.0,0,0.024611901282130845,5716916.795651675,37,1,0.0,1,0.8035234659632576,0.022533329013072912,0.06977505007555715,APPROVE,21885249.45024,POLICY_PASS,657.6821882883125,211.63132612632927,236.16000953672355,32.938604197294396,37.77349385642443,1176.185622005084
APP-42-009878,2025-02-15 14:00:00,27,19086244.0,61,669,0.056,49008262.0,36,0,Salaried,Rented,Partner,0,0.056781228330582065,CASH_LOAN,0.8527017893973349,513.0,0,0.04925703936920117,11756965.228675552,38,1,0.0,0,,0.03443711258147328,0.035772435608116035,APPROVE,49008262.0,POLICY_PASS,603.5153147299819,271.782708975888,287.0963401797936,43.915733120805655,32.44795736356788,1238.7580543700371
APP-42-009879,2025-02-15 15:00:00,49,6855047.0,114,702,0.4172,17291232.0,12,1,Salaried,Mortgage,Mobile,0,0.061418079687599964,BUSINESS_LOAN,0.8168756288284432,317.0,1,0.06910047879873141,1020891.6172755924,46,1,44369957.342416756,0,,0.07773147208451875,0.03872256589003424,APPROVE,17291232.0,POLICY_PASS,657.4616276574791,422.8654431387168,308.3998815053617,31.112611096675828,34.87978652342497,1454.7193499216582
APP-42-009880,2025-02-15 16:00:00,54,24703989.0,30,718,0.4936,14175752.0,9,3,Salaried,Mortgage,Mobile,0,0.11342590141332945,BNPL,0.9065215513606918,547.0,0,0.0269565141122709,4456562.260753521,43,1,0.0,0,,0.02591892927084048,0.07129284116450614,APPROVE,14175752.0,POLICY_PASS,536.0474388399122,331.89035459783287,312.0629114287064,34.06120206454843,45.44258138914185,1259.504488320142
APP-42-009881,2025-02-15 17:00:00,37,9814488.0,73,667,0.5698,69879892.0,24,2,Salaried,Mortgage,Mobile,0,0.22130354330296062,CASH_LOAN,0.8995270685337493,102.0,2,0.009888374662999567,1667690.7182637844,55,1,0.0,1,0.7743409418329167,0.0871971269223228,0.1402793094323909,REVIEW,13511016.760320002,CREDIT_OR_AFFORDABILITY,627.1788987916433,429.1686584289761,201.115818623103,42.12904974118072,13.321106153788794,1312.913531738692
APP-42-009882,2025-02-15 18:00:00,29,34399794.0,67,763,0.3828,127443724.0,24,1,Salaried,Owned,Mobile,0,0.06087259968923745,CASH_LOAN,0.9423090242776213,365.0,0,0.05715249764427897,24575115.763565984,45,0,0.0,0,,0.024453119812498744,0.047052149833461364,APPROVE,67940969.14175999,POLICY_PASS,630.4597619009556,475.5578006263786,288.9449196437458,41.73731736813845,39.802308157506445,1476.502107696725
APP-42-009883,2025-02-15 19:00:00,33,4690278.0,24,643,0.3542,29549422.0,36,0,Self-employed,Rented,Mobile,0,0.1195714499858099,CASH_LOAN,0.8293927836290125,420.0,0,0.004837009997202548,1937267.2067004305,43,0,0.0,1,0.9078507298905667,0.0332804382234538,0.08696867937521406,APPROVE,9692740.903679999,POLICY_PASS,461.10191313829176,257.2251338614454,263.0478349618411,40.318857769602054,44.1123480774012,1065.8060878085814
APP-42-009884,2025-02-15 20:00:00,39,45209420.0,66,569,0.1425,65547459.0,18,1,Self-employed,Owned,Mobile,0,0.05768214464497111,BNPL,0.9601027398174281,735.0,2,0.0503655692599314,23277105.207348395,49,1,0.0,1,0.9470803202554697,0.0771770830077162,0.03364246134921229,APPROVE,25000000.0,POLICY_PASS,626.3138238082485,207.47399960005242,416.09209978404215,30.28586913113113,20.476913491505393,1300.6427058149798
APP-42-009885,2025-02-15 21:00:00,21,7306763.0,43,624,0.1742,110998428.0,9,2,Salaried,Family,Mobile,1,0.16424730581935942,BNPL,0.9698468191023346,273.0,1,0.0024283925977532594,2290230.2173755243,45,0,0.0,0,,0.0350239400891073,0.12563267456032284,REVIEW,19308559.63328,CREDIT_OR_AFFORDABILITY,701.4620301283207,283.9230924899564,294.1855884082128,34.006720065747984,57.44731200956501,1371.0247431018029
APP-42-009886,2025-02-15 22:00:00,30,9303659.0,35,727,0.1283,44382329.0,12,2,Salaried,Rented,Mobile,0,0.0753317342030988,BNPL,0.9232093535013869,421.0,0,0.0335126075519714,2019095.2032399601,40,1,0.0,3,0.952795012836859,0.02467593141105931,0.044436602257350584,APPROVE,25000000.0,POLICY_PASS,699.9775496855746,290.40073493145337,241.50109288259398,29.30412535007476,33.19908978333449,1294.3825926330314
APP-42-009887,2025-02-15 23:00:00,48,21218069.0,35,576,0.501,122715562.0,12,0,Self-employed,Rented,Mobile,0,0.3251553977950805,BUSINESS_LOAN,0.8514492935957522,283.0,0,0.1736882215323478,12841965.692173911,48,0,138680133.49823627,1,0.9012598840181771,0.04949967647980365,0.27562039566820085,REVIEW,76274073.42402996,ENHANCED_DUE_DILIGENCE,733.0228963330287,258.0423510432738,247.48371386547555,31.8365415618528,65.77541222727382,1336.1609150309046
APP-42-009888,2025-02-16 00:00:00,26,25296474.0,168,479,0.2309,43072315.0,12,0,Salaried,Rented,Mobile,0,0.1186098691108611,BNPL,0.9254455766986434,194.0,0,0.06430027629023038,17061139.21711618,57,1,0.0,3,0.7755705429230055,0.026753538825375706,0.07418540129807012,APPROVE,25000000.0,POLICY_PASS,527.5588339572697,359.68530215022327,199.10795514336223,19.987494283593023,41.02290332945857,1147.3624888639067
APP-42-009889,2025-02-16 01:00:00,28,15402191.0,17,673,0.3227,64714743.0,9,1,Salaried,Rented,Mobile,0,0.08680054185577828,CASH_LOAN,0.8463966399123689,107.0,0,0.007241520592215772,7712507.481341805,36,0,0.0,0,,0.031275617809910984,0.06630340318831232,APPROVE,33382092.685760006,POLICY_PASS,875.9910762960621,227.037464843564,260.5823778108571,34.52680065899743,52.71073202623515,1450.8484516357157
APP-42-009890,2025-02-16 02:00:00,35,29409128.0,94,608,0.2953,171619351.0,9,3,Salaried,Rented,Mobile,0,0.22321365436234408,CASH_LOAN,0.8928994909483573,149.0,2,0.1551148821781736,4298874.951530942,52,1,0.0,1,0.7553777835013752,0.1318347061528835,0.15692166996639545,REVIEW,66318760.00512001,CREDIT_OR_AFFORDABILITY,552.6990335484528,195.47629190090964,279.27503375444513,31.76750092541709,45.5844818133089,1104.8023419425335
APP-42-009891,2025-02-16 03:00:00,38,11614646.0,46,802,0.2995,87476401.0,12,0,Self-employed,Family,Mobile,0,0.06770142705077645,BNPL,0.9175068609315328,57.0,0,0.041941676820075206,3514525.846750169,49,1,0.0,1,0.8258625615259259,0.025889083390253843,0.04082227969556274,APPROVE,25000000.0,POLICY_PASS,638.3466890405496,227.92676231621624,230.73955669987092,42.7415831165177,47.52407477159873,1187.278665944753
APP-42-009892,2025-02-16 04:00:00,29,14447786.0,29,659,0.4637,50030151.0,9,2,Contract,Family,Branch,0,0.17299807250323337,CASH_LOAN,0.9185972214411281,220.0,0,0.20834220132572612,10303957.106618239,43,0,0.0,1,0.9099666689339067,0.041763105314596385,0.14588341536954175,REVIEW,24794712.42176,CREDIT_OR_AFFORDABILITY,579.4663623920669,361.6193454044623,166.96994021881278,35.77626589357121,47.061155890876606,1190.8930697997898
APP-42-009893,2025-02-16 05:00:00,36,15244654.0,41,729,0.5702,36497504.0,24,0,Salaried,Owned,Mobile,0,0.08895013594312388,CASH_LOAN,0.9222485969853231,86.0,0,0.13005002132876212,8540420.827321641,50,1,0.0,0,,0.03282166628090405,0.05874632017546039,APPROVE,20966887.32544,POLICY_PASS,535.7355665235613,209.72068284209965,470.6496896188776,30.02258492526104,56.58929889160959,1302.7178228014093
APP-42-009894,2025-02-16 06:00:00,40,13386598.0,98,605,0.4255,111079163.0,24,1,Self-employed,Rented,Mobile,1,0.20312610456098318,CASH_LOAN,0.8075188939630492,106.0,1,0.11288317024695801,7069584.473906755,45,1,0.0,0,,0.09088060311639917,0.13976933958025392,REVIEW,24609921.7632,CREDIT_OR_AFFORDABILITY,594.8919174334796,264.9589534995658,226.70038709518394,46.598258687549496,22.49056236684043,1155.6400790826192
APP-42-009895,2025-02-16 07:00:00,53,6212563.0,101,683,0.2627,80691683.0,24,0,Salaried,Mortgage,Partner,0,0.10070229528048794,BNPL,0.94898028208987,303.0,1,0.20184482184426533,3832512.315398794,52,0,0.0,3,0.9348223223508679,0.06722099275929178,0.08147232684062324,APPROVE,14657672.639680002,POLICY_PASS,599.0818176484497,298.1054439772204,290.59163946501644,38.41577054509877,51.17851229190141,1277.3731839276866
APP-42-009896,2025-02-16 08:00:00,34,17757445.0,28,667,0.4833,84772109.0,18,0,Salaried,Owned,Mobile,0,0.12232866758170081,BNPL,0.9006567115326731,33.0,1,0.004586279152695563,1583131.6124328668,45,1,0.0,1,0.7880404717421513,0.04657488884816317,0.07491488132808255,APPROVE,25000000.0,POLICY_PASS,683.4372522737277,419.45166827568175,299.22618312378455,34.21965488856832,26.656875483906134,1462.9916340456684
APP-42-009897,2025-02-16 09:00:00,35,16896691.0,65,739,0.2801,60359895.0,12,5,Salaried,Rented,Mobile,0,0.09764459069208684,BNPL,0.9088617397606846,305.0,3,0.00935077195793652,2181186.2004609457,41,1,0.0,0,,0.1494187730495369,0.06044564583978942,APPROVE,25000000.0,POLICY_PASS,545.947560138623,293.1448288834341,295.4182924930701,35.418785033247865,34.0439531665587,1203.9734197149335
APP-42-009898,2025-02-16 10:00:00,49,32569370.0,63,654,0.6354,95236681.0,12,2,Self-employed,Owned,Branch,0,0.17613469117396596,CASH_LOAN,0.9346520937942626,311.0,1,0.06215703597153339,13470805.30132425,33,1,0.0,0,,0.047922209376845756,0.11845527379548573,APPROVE,37999335.3664,POLICY_PASS,629.0477770580137,181.49674913635062,238.6878895819629,36.96947208138988,40.67339808976195,1126.8752859474794
APP-42-009899,2025-02-16 11:00:00,30,8873793.0,45,602,0.2169,30192856.0,12,0,Contract,Owned,Partner,0,0.1258791392240649,CASH_LOAN,0.7810437018319819,107.0,2,0.08652545040444184,2409169.370524244,49,1,0.0,3,0.9140072462329066,0.1650935780133391,0.07833375908973743,APPROVE,22237015.354560003,POLICY_PASS,744.850996679678,160.73811271522163,241.08533549954834,20.181948522727563,48.24619221258808,1215.1025856297636
APP-42-009900,2025-02-16 12:00:00,23,12663169.0,69,715,0.1486,34229763.0,12,1,Salaried,Owned,Branch,0,0.05125501261888575,BNPL,0.9357114836470193,420.0,0,0.04513258646847036,7500506.751553742,49,1,0.0,0,,0.024254716668082193,0.0314476832137831,APPROVE,25000000.0,POLICY_PASS,473.20423210376566,395.52954522590426,189.18697183228812,14.80261142011232,72.26682137761227,1144.9901819596828
APP-42-009901,2025-02-16 13:00:00,37,34893199.0,78,589,0.4317,30343355.0,9,1,Self-employed,Family,Mobile,0,0.09435946160420189,BUSINESS_LOAN,0.8421169634953491,257.0,0,0.04996577744075918,13964313.55088064,50,1,189826509.10140377,1,0.9136964930880713,0.03602007963285017,0.056350401870888064,APPROVE,30343355.0,POLICY_PASS,446.8170368180739,187.50448153850886,205.04209636963964,25.729442793523944,56.74093161104294,921.8339891307894
APP-42-009902,2025-02-16 14:00:00,45,21150861.0,27,581,0.3414,81734505.0,24,1,Self-employed,Mortgage,Branch,0,0.14539512845612365,CASH_LOAN,0.7870921831991368,14.0,0,0.11767853786747459,3829758.068371155,43,0,0.0,0,,0.05453925995342824,0.11984220760568512,APPROVE,44575862.57472001,POLICY_PASS,662.0205571294057,413.8256757498944,254.86220255398686,34.47968298622522,34.8282254666065,1400.0163438861186
APP-42-009903,2025-02-16 15:00:00,38,24349969.0,16,637,0.3076,35480677.0,12,0,Salaried,Family,Mobile,0,0.07321683445880259,CASH_LOAN,0.9411809963708563,107.0,1,0.016118937940730337,7967251.438328522,42,1,0.0,1,0.777878407793288,0.04091027525821472,0.04463528093308033,APPROVE,35480677.0,POLICY_PASS,797.0672556443633,242.47176699435818,321.7435222413899,34.60701085780292,28.986315360252586,1424.8758710981667
APP-42-009904,2025-02-16 16:00:00,34,23098328.0,24,617,0.3387,32806288.0,12,0,Contract,Owned,Mobile,0,0.09294741241948973,CASH_LOAN,0.9761659688495958,551.0,0,0.00026817035379230104,6873078.409860547,38,1,0.0,1,0.7533236663342393,0.018002244854208135,0.0573262010165187,APPROVE,32806288.0,POLICY_PASS,708.0444549295999,337.32459466794694,309.0342770507549,47.96593702269101,27.666550680199354,1430.035814351192
APP-42-009905,2025-02-16 17:00:00,22,23154778.0,40,641,0.4078,60023213.0,12,1,Salaried,Rented,Mobile,0,0.09444157159772762,BNPL,0.9315118355366598,436.0,1,0.07713582567688577,9944220.219762078,49,0,0.0,0,,0.050645003138425126,0.07407476444136774,APPROVE,25000000.0,POLICY_PASS,620.151374675583,216.3369705879159,322.524555236702,10.744226985030778,29.527647136913608,1199.2847746221453
APP-42-009906,2025-02-16 18:00:00,34,49006319.0,45,592,0.1692,28426034.0,36,2,Salaried,Mortgage,Mobile,0,0.060219817473667565,CASH_LOAN,0.9502167072586605,217.0,0,0.07719498766208423,17299013.887916014,38,1,0.0,3,0.7668486101082042,0.025103471252907402,0.038575345312590874,APPROVE,28426034.0,POLICY_PASS,548.770169870539,226.7159421417616,279.8146438445888,37.96431045554499,36.83385292812902,1130.0989192405634
APP-42-009907,2025-02-16 19:00:00,46,18929454.0,83,721,0.3835,75499616.0,18,1,Salaried,Rented,Mobile,0,0.07249394439293899,CASH_LOAN,0.9833277272656265,281.0,0,0.09959319787803386,5959214.417100586,51,1,0.0,1,0.9679612943773344,0.0234032971112502,0.04365963952719012,APPROVE,37344026.85120001,POLICY_PASS,708.8064279231769,266.71686295200925,95.47065358549449,31.89092187014549,56.816175590359286,1159.7010419211856
APP-42-009908,2025-02-16 20:00:00,24,10320508.0,50,720,0.4181,38016357.0,36,0,Self-employed,Rented,Mobile,0,0.10333368137560565,CASH_LOAN,0.895773364144592,290.0,2,0.024963235789841276,909704.0825224895,53,1,0.0,1,0.9601175574281782,0.09217535668896673,0.05974681733607369,APPROVE,19217611.53664,POLICY_PASS,702.1382286046232,359.296166052478,235.2388167285958,35.973628628654204,43.410657115632034,1376.0574971299834
APP-42-009909,2025-02-16 21:00:00,33,25577431.0,40,700,0.3911,136213580.0,12,1,Contract,Rented,Branch,0,0.14950211415062994,CASH_LOAN,0.9564805535992722,175.0,0,0.05458073005474242,17286496.99066412,47,0,0.0,0,,0.022899461994897098,0.11747352033458273,APPROVE,49837112.75488,POLICY_PASS,608.4641935841759,253.62108896703666,189.6234862650825,54.82068601452718,35.56940928047655,1142.0988641112986
APP-42-009910,2025-02-16 22:00:00,32,13180894.0,16,693,0.3952,132602916.0,24,1,Salaried,Rented,Mobile,0,0.1825816664607363,BNPL,0.9796632384412952,388.0,1,0.05624621444967399,7377556.923852351,60,1,0.0,1,0.5418857869932531,0.03932230856865601,0.12353908637102838,REVIEW,25000000.0,CREDIT_OR_AFFORDABILITY,665.3693719919803,320.7960821214232,173.941629990933,32.36123887558955,41.33786796412578,1233.8061909440519
APP-42-009911,2025-02-16 23:00:00,29,16943875.0,96,507,0.4142,162379297.0,12,0,Salaried,Family,Branch,0,0.22383336943429213,CASH_LOAN,0.9786545330223391,497.0,0,0.014355577044027672,8756770.961638149,40,1,0.0,2,0.8438928309916262,0.01857329920163593,0.14358025007253544,REVIEW,31762310.32,CREDIT_OR_AFFORDABILITY,596.3108747672352,370.52892763698037,339.7079792530057,27.975578773083406,57.344314889208604,1391.8676753195134
APP-42-009912,2025-02-17 00:00:00,37,22064529.0,28,648,0.532,26705740.0,12,0,Contract,Owned,Mobile,0,0.14213830704689065,CASH_LOAN,0.9475482432843272,118.0,0,0.04173078438831511,14845184.320723105,40,1,0.0,0,,0.02287633458742804,0.09184237021312934,APPROVE,26705740.0,POLICY_PASS,402.09613776595813,361.9897075359384,290.46966432487426,29.370106713218224,36.386452452167575,1120.3120687921567
APP-42-009913,2025-02-17 01:00:00,39,11457298.0,101,702,0.1473,46088851.0,24,1,Salaried,Rented,Mobile,0,0.06759079141266393,BNPL,0.9479735169715627,336.0,0,0.041741382603595646,7937809.351993496,30,1,0.0,1,0.8722896579619386,0.02283715228717925,0.04169915526389357,APPROVE,25000000.0,POLICY_PASS,646.9252617302822,231.21055481771134,242.52667558408803,30.87576316551832,52.42050395367046,1203.9587592512703
APP-42-009914,2025-02-17 02:00:00,39,13595103.0,38,737,0.1769,109185955.0,12,0,Salaried,Mortgage,Mobile,0,0.06193559649754697,CASH_LOAN,0.876760576517453,232.0,0,0.023250633435533418,4926662.487113842,31,1,0.0,0,,0.028954645436167777,0.03889247317397447,APPROVE,35808413.69376,POLICY_PASS,644.768872656292,349.01560278426035,296.89378878398344,19.61811596817562,46.002877450122746,1356.299257642834
APP-42-009915,2025-02-17 03:00:00,26,23384852.0,25,625,0.4614,165573579.0,12,0,Self-employed,Family,Partner,0,0.23966811087286052,BNPL,0.9805795652732432,70.0,0,0.0658919821835185,7485883.069096884,37,0,0.0,1,0.8313714121790767,0.021441375083251,0.1933336981678835,REVIEW,25000000.0,ENHANCED_DUE_DILIGENCE,476.2823074900299,334.9404733150995,161.68472133239152,43.9577582988522,59.720132857318646,1076.5853932936918
APP-42-009916,2025-02-17 04:00:00,20,13311350.0,52,734,0.5642,20203988.0,12,1,Self-employed,Mortgage,Mobile,0,0.08572857806868274,BNPL,0.900017900208717,85.0,0,0.08393616218986569,6904687.704611477,56,1,0.0,0,,0.031423644660084925,0.0541160470595987,APPROVE,18563476.255999997,POLICY_PASS,439.8867416676452,274.76473780669755,254.47729090237146,16.32362697902905,69.73756350079688,1055.1899608565402
APP-42-009917,2025-02-17 05:00:00,37,30745194.0,31,662,0.3331,84637163.0,12,0,Self-employed,Owned,Partner,0,0.07390875926802892,BNPL,0.9362348240822694,645.0,0,0.1785528340139452,3746692.1248688544,52,1,0.0,1,0.809119381582575,0.03569049983272118,0.0492209384885404,APPROVE,25000000.0,POLICY_PASS,760.3612302419474,383.90552821362303,275.15220828590236,36.4959645180621,37.20389589891086,1493.1188271584456
APP-42-009918,2025-02-17 06:00:00,30,10464463.0,44,454,0.6487,62408968.0,6,3,Self-employed,Rented,Mobile,1,0.5005933411483654,BNPL,0.9236084272082935,696.0,1,0.07080522617716672,3141676.283403836,42,0,0.0,1,0.7924462902117375,0.051332235710504714,0.4338263236498919,REVIEW,11763730.72608,ENHANCED_DUE_DILIGENCE,776.9435826386007,362.6269332900269,193.652341948677,42.931787123404575,69.96526499202609,1446.1199099927353
APP-42-009919,2025-02-17 07:00:00,52,10445104.0,51,633,0.7021,67268690.0,6,1,Salaried,Owned,Branch,0,0.18025491368002106,CASH_LOAN,0.9312523263733808,634.0,0,0.03934369928857421,7361987.762231931,39,0,0.0,2,0.7605867459411958,0.024286966471414,0.1429146832638733,REVIEW,9957108.741120001,CREDIT_OR_AFFORDABILITY,374.20386542339935,183.20547294252503,270.11532048778184,30.165488178502354,31.804335634709563,889.4944826669182
APP-42-009920,2025-02-17 08:00:00,52,51351928.0,78,580,0.4897,27867602.0,36,0,Self-employed,Rented,Branch,0,0.10179303006753686,CASH_LOAN,0.9196947604836013,255.0,1,0.06583730904832173,26806745.66833127,50,0,0.0,0,,0.05140697158383439,0.07921354036588774,APPROVE,27867602.0,POLICY_PASS,714.4050455326854,183.07431655144302,257.0453757201916,24.849393146371547,50.97105313053165,1230.3451840812231
APP-42-009921,2025-02-17 09:00:00,53,7758176.0,131,596,0.2927,42310692.0,24,0,Salaried,Family,Mobile,0,0.08265765172546025,CASH_LOAN,0.8313027510652117,665.0,0,0.0625950589506084,2735688.0753546283,42,1,0.0,0,,0.0390272333098536,0.05270865395988997,APPROVE,17559545.23136,POLICY_PASS,417.9044462271455,252.98005813550387,335.38850761900255,41.50009703768811,38.23172060449326,1086.0048296238333
APP-42-009922,2025-02-17 10:00:00,27,17737440.0,35,716,0.4686,104834423.0,24,2,Salaried,Rented,Mobile,0,0.19824585967695071,CASH_LOAN,0.8588257983997785,85.0,0,0.15239813287086154,5198386.687241789,60,1,0.0,0,,0.045222915531963684,0.1361084286693596,REVIEW,30162161.971200004,CREDIT_OR_AFFORDABILITY,696.5963374922809,317.878253548874,366.37625692673555,43.81383637619595,36.798954796725674,1461.463639140812
APP-42-009923,2025-02-17 11:00:00,40,49833521.0,55,661,0.2327,102965817.0,36,0,Salaried,Owned,Mobile,0,0.046198336892744996,CASH_LOAN,0.8850041929941146,184.0,0,0.10677425282498183,17304527.330622412,51,1,0.0,1,0.9103108525857434,0.035684749491321104,0.02812619776185985,APPROVE,70000000.0,POLICY_PASS,536.6256561795101,290.01522673974785,207.80391142162642,20.247801323932393,36.964592426673285,1091.65718809149
APP-42-009924,2025-02-17 12:00:00,43,17719159.0,22,603,0.1489,64540975.0,24,1,Contract,Owned,Mobile,0,0.10202883018077824,BNPL,0.9535395178751647,296.0,1,0.03623079927494836,8921683.309806503,39,1,0.0,0,,0.04124231494662088,0.06472400944847094,APPROVE,25000000.0,POLICY_PASS,549.8045307005801,262.91402067738863,190.32351525559923,28.06248477433532,45.27841968354616,1076.3829710914495
APP-42-009925,2025-02-17 13:00:00,42,37754158.0,71,591,0.5042,124501693.0,12,2,Self-employed,Family,Mobile,0,0.20907836788131245,BNPL,0.8633567709481671,282.0,0,0.12885284175860873,28028829.407251287,45,1,0.0,2,0.9587638893324071,0.04150541896469229,0.13806214356488186,REVIEW,25000000.0,CREDIT_OR_AFFORDABILITY,754.7122805645719,397.4389735956007,264.83585435426005,42.8309096880388,72.44363312806107,1532.2616513305327
APP-42-009926,2025-02-17 14:00:00,32,25770565.0,57,672,0.1809,100046290.0,12,0,Salaried,Owned,Partner,0,0.06971649019412142,CASH_LOAN,0.992481383016925,359.0,2,0.11625704375161644,4540042.604316754,50,1,0.0,0,,0.0816864556397515,0.04526672780770784,APPROVE,67547743.3328,POLICY_PASS,654.258538101576,426.31800842793024,184.75155716638582,32.166889033916206,26.647317095312395,1324.1423098251207
APP-42-009927,2025-02-17 15:00:00,47,17928842.0,15,627,0.0433,159309467.0,24,1,Salaried,Owned,Mobile,0,0.14710401737180187,CASH_LOAN,0.9333060137254663,432.0,0,0.050818167586610084,6195959.972560411,40,1,0.0,0,,0.02490586359786105,0.09583498869033957,APPROVE,54888074.05248,POLICY_PASS,780.0875229334276,324.8287149157093,185.70676972915967,26.148824466631837,56.582016473384655,1373.353848518313
APP-42-009928,2025-02-17 16:00:00,35,16751987.0,59,690,0.6147,81731913.0,18,1,Self-employed,Owned,Mobile,0,0.1749652322378686,BNPL,0.8709566569909893,153.0,0,0.06585386819551543,11056122.022191804,58,1,0.0,1,0.9224288942858251,0.0335544212200062,0.10772655556929785,REVIEW,20654529.89152,CREDIT_OR_AFFORDABILITY,665.2167171411968,346.46205370343193,175.05514673722342,32.87179412039765,39.87619435297519,1259.4819060552252
APP-42-009929,2025-02-17 17:00:00,36,5611102.0,30,581,0.1216,355576689.0,24,2,Salaried,Rented,Partner,0,0.3110409833128048,CASH_LOAN,0.8785319690203338,112.0,1,0.065940918115235,2467230.0413417215,43,1,0.0,0,,0.06053939843550583,0.21809518526340735,REVIEW,15772134.38976,ENHANCED_DUE_DILIGENCE,780.0814375053709,293.9068000259901,174.2352852907157,32.742956983519626,53.38095904464663,1334.347438850243
APP-42-009930,2025-02-17 18:00:00,21,15102501.0,43,613,0.088,45382722.0,6,4,Self-employed,Family,Mobile,0,0.18028978986881927,BNPL,0.8936356475138931,105.0,0,0.06718618873230747,4744126.473245963,42,1,0.0,0,,0.03071787006086858,0.11994028872248455,REVIEW,25000000.0,CREDIT_OR_AFFORDABILITY,240.23773275795457,335.0078073038567,199.20429874052115,18.296037932859313,40.4082608492259,833.1541375844176
APP-42-009931,2025-02-17 19:00:00,41,20452230.0,114,559,0.5772,208104928.0,36,2,Self-employed,Rented,Branch,0,0.3922619562005467,BNPL,0.7710109235071683,435.0,0,0.15321949351830294,1921367.069717499,47,0,0.0,0,,0.06424875096807615,0.34481729293859265,REVIEW,25000000.0,ENHANCED_DUE_DILIGENCE,650.8935700460248,409.3438457932423,156.19955576981943,42.00717353009912,45.27978177070107,1303.7239269098868
APP-42-009932,2025-02-17 20:00:00,33,20445981.0,17,600,0.4985,28990606.0,12,0,Salaried,Rented,Partner,0,0.1735052529779728,CASH_LOAN,0.86713707824679,246.0,0,0.02604702884644693,14109366.515010105,48,1,0.0,0,,0.030358948304965088,0.1108142860351934,APPROVE,28990606.0,POLICY_PASS,682.8473923819139,184.33077305559772,256.4496714205173,40.711506850723275,47.38233205142896,1211.721675760181
APP-42-009933,2025-02-17 21:00:00,39,69867045.0,74,797,0.3876,51670426.0,9,2,Self-employed,Mortgage,Mobile,0,0.04883680995422619,BNPL,0.9077691973916171,163.0,0,0.0020764922657675582,24125544.50843032,35,0,0.0,0,,0.023976765089452328,0.03687519339090885,APPROVE,25000000.0,POLICY_PASS,500.346977250298,384.723033832012,276.92569778665177,38.97412229738223,52.78908280285821,1253.7589139692022
APP-42-009934,2025-02-17 22:00:00,37,21007903.0,27,587,0.0773,87990087.0,12,0,Self-employed,Family,Partner,0,0.12314514424510176,BNPL,0.8079941373658456,197.0,1,0.036419826125640924,15593352.60483818,50,1,0.0,1,0.9621768056706994,0.07348724909822384,0.07280927378927765,APPROVE,25000000.0,POLICY_PASS,603.3107325511415,245.56957879010304,263.3569283013016,41.19537840046409,45.82128288309336,1199.2539009261036
APP-42-009935,2025-02-17 23:00:00,37,25456005.0,24,606,0.0377,9820840.0,9,1,Self-employed,Owned,Mobile,0,0.06192595416550871,BNPL,0.9812838941242672,432.0,1,0.059383046367186026,5647713.137275288,43,1,0.0,0,,0.039420785756668686,0.0390022692393442,APPROVE,9820840.0,POLICY_PASS,685.0721520444273,277.1693178530719,249.48192666267582,32.46202494570006,33.8588589456639,1278.044280451539
APP-42-009936,2025-02-18 00:00:00,35,34161576.0,34,581,0.1237,38608681.0,12,1,Salaried,Rented,Partner,0,0.0827275875052093,CASH_LOAN,0.8632056693555851,218.0,3,0.01626540319303534,24115884.41572749,46,0,0.0,0,,0.17848177872101167,0.06234770595108281,APPROVE,38608681.0,POLICY_PASS,717.2647591641412,224.99445704450034,259.9244191822314,31.833800393973505,51.109479646581015,1285.1269154314275
APP-42-009937,2025-02-18 01:00:00,42,24231356.0,23,627,0.3496,235745590.0,12,0,Salaried,Mortgage,Partner,1,0.18172253586072476,BUSINESS_LOAN,0.8814403524633276,97.0,0,0.035916983599579996,13976131.28921973,39,1,100439288.29371516,0,,0.02947489090246901,0.11912076341192163,APPROVE,55241608.561543345,POLICY_PASS,693.5007496779454,397.28551575643183,182.63465041907472,45.50758516992671,60.333348643203976,1379.2618496665823
APP-42-009938,2025-02-18 02:00:00,33,17167959.0,148,635,0.2374,145516735.0,36,1,Salaried,Rented,Mobile,0,0.1598114139160238,BNPL,0.9258393179608378,290.0,0,0.012814885982731354,8929337.35370368,31,1,0.0,0,,0.022975563307241844,0.10367698045993694,REVIEW,25000000.0,CREDIT_OR_AFFORDABILITY,431.18106484142834,333.93221066298656,208.46966998307084,29.248548239843668,59.315839097677696,1062.1473328250072
APP-42-009939,2025-02-18 03:00:00,22,17213926.0,16,728,0.4335,20952226.0,12,1,Self-employed,Family,Mobile,0,0.05380307680097389,CASH_LOAN,0.8594913501956621,23.0,0,0.03967445947140965,5795719.478556,49,0,0.0,0,,0.03258295778464082,0.04068483616337575,APPROVE,20952226.0,POLICY_PASS,650.9547005999045,150.2026052032985,352.32872815637404,28.075597309090785,43.76353940547807,1225.325170674146
APP-42-009940,2025-02-18 04:00:00,40,14842754.0,21,611,0.5238,19486999.0,6,4,Self-employed,Rented,Branch,1,0.30037752639054577,CASH_LOAN,0.9367073766716673,248.0,2,0.03250267203461358,10101914.102594838,55,0,0.0,1,0.9005433123723356,0.08041934749474476,0.23124638974534034,REVIEW,19486999.0,ENHANCED_DUE_DILIGENCE,727.8727239708019,282.29818939882256,252.65419227597533,36.25874944429876,69.58483657556714,1368.6686916654655
APP-42-009941,2025-02-18 05:00:00,28,22981460.0,13,648,0.1178,20649273.0,9,0,Salaried,Family,Mobile,0,0.040565283239411214,CASH_LOAN,0.7832487192302245,172.0,1,0.060783953466449554,2851521.44597456,42,1,0.0,2,0.970270752942323,0.0864878479624159,0.0238245696763165,APPROVE,20649273.0,POLICY_PASS,673.5005927970547,285.3081536129011,178.58545093969911,40.262607037686465,38.3815091433369,1216.0383135306781
APP-42-009942,2025-02-18 06:00:00,23,16390393.0,30,505,0.1343,31735903.0,9,2,Salaried,Rented,Partner,0,0.23791296316888938,CASH_LOAN,0.8612567991844983,36.0,0,0.017897020881796687,11338718.95140103,55,1,0.0,1,0.8180805576274831,0.030366224519931772,0.15107976772869414,REVIEW,31735903.0,CREDIT_OR_AFFORDABILITY,943.7940059078547,233.85642468193686,235.5550004953471,28.776940233634843,39.701013604708514,1481.683384923482
APP-42-009943,2025-02-18 07:00:00,26,25383181.0,53,578,0.294,54467997.0,36,2,Salaried,Rented,Partner,0,0.14470256442825086,BNPL,0.9312476415307605,430.0,0,0.025203834848348358,5459815.6790588265,51,1,0.0,1,0.9224168438688334,0.02330222101514968,0.086543300031,APPROVE,25000000.0,POLICY_PASS,779.5958497304412,252.74259766132178,137.25093226737764,42.66745084650522,31.752883644672124,1244.009714150318
APP-42-009944,2025-02-18 08:00:00,38,10333321.0,56,718,0.3367,96794024.0,36,1,Self-employed,Rented,Mobile,0,0.12080015253528328,CASH_LOAN,0.9606052462958365,313.0,1,0.16376851531024214,6404836.126062144,47,1,0.0,2,0.9233764863369555,0.05769075947838434,0.07921497457751747,APPROVE,21933093.82176,POLICY_PASS,721.3910748893916,289.2077663189241,232.1370423220504,24.26813771098547,59.41840828885347,1326.422429530205
APP-42-009945,2025-02-18 09:00:00,34,19514122.0,60,578,0.393,111014249.0,36,0,Salaried,Owned,Partner,0,0.14971717017868175,CASH_LOAN,0.9567223329024256,468.0,0,0.07782993488211043,2219801.6059769564,43,1,0.0,2,0.9588177178388336,0.024488842464656487,0.09346065242981394,APPROVE,37904230.5728,POLICY_PASS,729.9464726856229,397.45968309262133,190.88807569559503,29.5723052382284,42.24311762769467,1390.1096543397623
APP-42-009946,2025-02-18 10:00:00,20,42267091.0,63,695,0.4086,183496903.0,24,0,Salaried,Rented,Mobile,0,0.08767069894273713,BNPL,0.9613001803278558,318.0,0,0.07578446021068033,27613611.74046689,44,1,0.0,0,,0.023890185316538345,0.056328636985850465,APPROVE,25000000.0,POLICY_PASS,344.0631125683549,504.6327668206869,311.61394043102695,36.6141038722821,36.52000029612775,1233.4439239884787
APP-42-009947,2025-02-18 11:00:00,32,15908107.0,86,573,0.355,135519676.0,24,1,Salaried,Family,Mobile,0,0.16769129217569845,CASH_LOAN,0.9725991752423908,1074.0,1,0.2041047598748902,9138599.743034808,44,1,0.0,0,,0.06165274950232954,0.12110578722655682,REVIEW,32834332.848000005,CREDIT_OR_AFFORDABILITY,591.1914485422774,238.3073555121515,315.88745588608214,25.31123811773642,46.4257811425024,1217.12327920075
APP-42-009948,2025-02-18 12:00:00,46,49601578.0,115,628,0.3164,12082080.0,24,2,Salaried,Mortgage,Mobile,0,0.05175115096073461,BNPL,0.8182367740602855,294.0,0,0.07358566935072663,16011743.294782376,43,1,0.0,2,0.6791176047719968,0.04245868258005477,0.03348121097942986,APPROVE,12082080.0,POLICY_PASS,546.2504423020769,179.94595777892562,250.98736426601783,32.769279398857144,44.33056235607799,1054.2836061019555
APP-42-009949,2025-02-18 13:00:00,31,19695517.0,70,763,0.44,40511139.0,12,2,Salaried,Rented,Branch,1,0.08430988433377741,CASH_LOAN,0.8866970848354776,769.0,0,0.072017182281047,6440610.979498885,39,1,0.0,1,0.9349337251133589,0.03204401438823179,0.05167877537224245,APPROVE,35294366.46400001,POLICY_PASS,630.5617321992107,276.22287243968543,253.21643938520128,50.92355715335495,63.67001096920292,1274.5946121466552
APP-42-009950,2025-02-18 14:00:00,34,17449173.0,52,694,0.115,22474574.0,24,2,Salaried,Rented,Partner,0,0.07283535918109227,BNPL,0.9456366971196993,220.0,0,0.04719931358855862,4828621.088827426,50,1,0.0,1,0.7695692717640836,0.023428924447923296,0.04481334008793296,APPROVE,22474574.0,POLICY_PASS,592.7836977508986,231.80640136749696,205.4359974359298,26.89108351118267,48.241992666313664,1105.1591727318216
APP-42-009951,2025-02-18 15:00:00,44,19192353.0,28,499,0.2417,259130358.0,18,1,Contract,Mortgage,Branch,1,0.23654972960911969,CASH_LOAN,0.8812376530254855,157.0,1,0.1831396236061522,11633519.83218281,49,1,0.0,2,0.936587853686509,0.08303711870465919,0.16337726913722445,REVIEW,46571396.09568,CREDIT_OR_AFFORDABILITY,688.0914480655538,318.70877757324945,276.95868312689936,29.21992779221401,50.00653102696127,1362.9853675848778
APP-42-009952,2025-02-18 16:00:00,42,15166499.0,55,850,0.3657,43375654.0,12,2,Salaried,Family,Mobile,0,0.06644093693276677,CASH_LOAN,0.9049913530499833,562.0,1,0.11355376227241593,6295662.936220466,35,1,0.0,2,0.9356443446535206,0.06236816541263071,0.04195814767584955,APPROVE,30784353.010240003,POLICY_PASS,419.7998174684542,239.88376872708162,185.05805160044218,31.149440364236117,62.87267099727034,938.7637491574845
APP-42-009953,2025-02-18 17:00:00,44,6056099.0,69,565,0.2794,34371414.0,24,0,Salaried,Rented,Mobile,0,0.13610281067412833,CASH_LOAN,0.8629676179873325,648.0,0,0.08408415667407171,1540009.5174841187,45,1,0.0,0,,0.03653689841261587,0.08948168153053516,APPROVE,13964879.806080002,POLICY_PASS,561.6628565395359,237.49122536390044,189.85021789611255,40.60701996388935,57.77697615448048,1087.3882959179189
APP-42-009954,2025-02-18 18:00:00,20,29208739.0,42,774,0.0883,91864487.0,24,2,Salaried,Owned,Branch,0,0.039380597676688806,BUSINESS_LOAN,0.8569274601489615,123.0,0,0.018103830395034208,4845336.777631943,55,0,80075419.8383451,1,0.9213502442761203,0.03092479766905568,0.027461297085029937,APPROVE,44041480.91108981,POLICY_PASS,479.07363095853964,199.46267890590082,201.09585949682813,43.754272326434545,30.99284305933015,954.3792847470334
APP-42-009955,2025-02-18 19:00:00,51,60121289.0,77,608,0.1088,47205154.0,12,0,Salaried,Rented,Branch,0,0.045120162607278906,BNPL,0.8077047205150631,92.0,1,0.06319927381476048,5367834.523558301,47,1,0.0,0,,0.0792368035948147,0.028089801387604654,APPROVE,25000000.0,POLICY_PASS,386.4871836351351,377.06343200500936,285.6069614329457,49.50273829815355,47.5188395245936,1146.1791548958374
APP-42-009956,2025-02-18 20:00:00,41,23443842.0,62,552,0.2261,114788869.0,36,0,Salaried,Owned,Mobile,0,0.12817840536836678,CASH_LOAN,0.9520399964762755,193.0,0,0.1415163019738554,14095095.463666303,44,1,0.0,0,,0.03006057585322862,0.08754191062003615,APPROVE,58058205.836160004,POLICY_PASS,538.7291101230414,271.4834517397137,238.18150653738263,34.11765745130787,58.16266376606445,1140.67438961751
APP-42-009957,2025-02-18 21:00:00,57,24242282.0,31,608,0.0525,37509259.0,6,4,Contract,Rented,Branch,1,0.18053553574406325,BUSINESS_LOAN,0.9768461119397431,303.0,0,0.08863404988157664,3051596.0278153922,61,0,97339418.82785818,1,0.9583797697573574,0.023274404278726207,0.1351978144107531,APPROVE,37509259.0,POLICY_PASS,396.1165323457767,363.23693036687524,176.51259738224633,37.38082315486569,48.32597913418871,1021.5728623839526
APP-42-009958,2025-02-18 22:00:00,28,16280137.0,35,593,0.4133,104176614.0,24,2,Salaried,Family,Mobile,0,0.1720815398161625,CASH_LOAN,0.9685905404014841,237.0,1,0.048887330668070425,11489903.879491493,47,1,0.0,1,0.7897658038986426,0.040255584418759205,0.11054261625968853,APPROVE,30564980.409280002,POLICY_PASS,741.7858380656019,506.3216958194487,128.90927000446933,27.480798675692316,57.57367053356904,1462.0712730987811
APP-42-009959,2025-02-18 23:00:00,20,34027049.0,94,601,0.0258,10762488.0,18,0,Salaried,Rented,Mobile,0,0.046032469241133994,BUSINESS_LOAN,0.9731295138005122,482.0,1,0.06886625060419374,9818504.538170045,50,0,103335620.10319318,1,0.8179839865234321,0.0418647322437377,0.034722486240996706,APPROVE,10762488.0,POLICY_PASS,493.41979878140376,480.43135681867716,284.09239931225767,29.133584175914383,38.6105950854794,1325.6877341737325
APP-42-009960,2025-02-19 00:00:00,35,17615380.0,13,644,0.5849,292100650.0,12,1,Salaried,Rented,Branch,0,0.2870415889814057,BUSINESS_LOAN,0.7130764027727873,217.0,0,0.12815254538433526,8637623.940397236,49,0,94044555.14635068,1,0.9725540377297921,0.07512791443520267,0.2308624440916803,REVIEW,51724505.33049288,ENHANCED_DUE_DILIGENCE,646.5786754604932,248.3977133979868,311.18034886691885,9.711730341945774,24.94694855933234,1240.8154166266768
APP-42-009961,2025-02-19 01:00:00,33,20849768.0,15,674,0.3043,90401413.0,12,0,Salaried,Mortgage,Partner,0,0.09358155291543341,BNPL,0.9771852403385769,176.0,0,0.09024474693886872,2346309.0783411227,41,1,0.0,1,0.9381221316998268,0.023351997682273994,0.058062393165193286,APPROVE,25000000.0,POLICY_PASS,690.8954894125728,384.04268498021645,156.57870151566166,33.21254554368728,22.808858407641054,1287.5382798597793
APP-42-009962,2025-02-19 02:00:00,41,7610301.0,25,742,0.2417,69833719.0,24,1,Salaried,Rented,Mobile,0,0.08034365030037885,CASH_LOAN,0.9589070412687248,113.0,1,0.06381961428452941,1538008.285056741,39,0,0.0,0,,0.043690507846087474,0.0633982270564678,APPROVE,18466851.99456,POLICY_PASS,180.00765632155122,202.19211209001625,232.59891067482647,31.792514247606036,28.154167403704932,674.7453607377049
APP-42-009963,2025-02-19 03:00:00,45,13453425.0,153,655,0.102,40356035.0,36,0,Salaried,Rented,Mobile,0,0.07277602231839267,BUSINESS_LOAN,0.9749763509560002,332.0,0,0.17283377570799063,6560597.216250688,49,0,58964927.64986309,0,,0.029991252115890744,0.060757493432083476,APPROVE,32430710.2074247,POLICY_PASS,924.3293516594777,212.66676550097208,182.76296382745855,29.231400554064727,62.87680785025579,1411.867289392229
APP-42-009964,2025-02-19 04:00:00,34,22030239.0,63,646,0.2678,54430198.0,12,2,Salaried,Rented,Mobile,0,0.09894926791655315,CASH_LOAN,0.9026536396505185,454.0,0,0.03835474482736873,4703744.455129148,47,1,0.0,1,0.8858867374148793,0.0272233074979893,0.059526927082312865,APPROVE,51617731.186560005,POLICY_PASS,242.76710381649428,396.44923623393925,293.73168841527684,41.71790167349209,31.420958607811375,1006.0868887470137
APP-42-009965,2025-02-19 05:00:00,33,29646326.0,34,588,0.0463,53730137.0,12,2,Salaried,Rented,Branch,0,0.09014272787193674,BNPL,0.8743998380495651,475.0,0,0.10174953768078301,18305650.21405862,46,1,0.0,0,,0.03671263828190091,0.0588239397396766,APPROVE,25000000.0,POLICY_PASS,569.0784333479303,295.8286129263535,338.4905375924235,34.99104103256688,27.524211653575037,1265.9128365528495
APP-42-009966,2025-02-19 06:00:00,40,30101910.0,64,620,0.3118,48952439.0,24,0,Contract,Rented,Mobile,0,0.08872714103830052,BNPL,0.9526685227691655,494.0,0,0.05132588884579905,5718400.21144707,38,1,0.0,2,0.8840203737571104,0.023039634108042422,0.054578633804428164,APPROVE,25000000.0,POLICY_PASS,1014.066184479518,261.93915732288025,291.2842057017547,36.271873004976044,53.313679984506386,1656.8751004936353
APP-42-009967,2025-02-19 07:00:00,33,7552074.0,33,604,0.6216,67153173.0,18,2,Salaried,Owned,Mobile,1,0.24699838448422498,CASH_LOAN,0.9919824723344823,251.0,0,0.2288929280635946,2157503.2197500225,45,1,0.0,1,0.7882072575544756,0.03293761786554909,0.18400008092109812,REVIEW,9144655.36512,CREDIT_OR_AFFORDABILITY,458.82190146593155,246.92386082407833,242.14512345579305,20.18374766036446,47.07756377902358,1015.152197185191
APP-42-009968,2025-02-19 08:00:00,32,7985224.0,51,541,0.5278,51170431.0,9,3,Salaried,Rented,Mobile,1,0.4720338887415295,CASH_LOAN,0.9111656415608355,307.0,0,0.05980235398908771,4130863.9189686934,38,0,0.0,1,0.6821073549921289,0.027990820462432068,0.4139252938995402,REVIEW,12065992.87296,ENHANCED_DUE_DILIGENCE,611.0788040306948,297.5888403679828,206.51386652979863,42.563880488088856,31.89498039583598,1189.640371812401
APP-42-009969,2025-02-19 09:00:00,44,24819935.0,37,824,0.1526,53402616.0,36,2,Salaried,Mortgage,Partner,0,0.049083119570260604,CASH_LOAN,0.7299030712313389,190.0,0,0.004231375523883277,5870504.030086702,35,1,0.0,0,,0.049599686156968886,0.030010499424165792,APPROVE,53402616.0,POLICY_PASS,529.3906763293412,293.31699620075193,344.01412113274694,23.539165201442927,58.48371818822867,1248.7446770525116
APP-42-009970,2025-02-19 10:00:00,46,11936813.0,63,657,0.4494,42650882.0,9,4,Contract,Rented,Mobile,0,0.3250633306852798,BUSINESS_LOAN,0.7996085138444571,387.0,0,0.03279101401072189,7282569.132969317,44,0,83292649.60490365,1,0.9277294422161214,0.040699728385351304,0.2549612973419653,REVIEW,42650882.0,ENHANCED_DUE_DILIGENCE,750.2395407956665,386.1376847746517,285.7089686727221,30.06469419435655,45.3344838509886,1497.4853722883854
APP-42-009971,2025-02-19 11:00:00,45,29441278.0,45,658,0.2824,50743398.0,24,1,Salaried,Rented,Branch,0,0.05520012377503646,CASH_LOAN,0.9370932128709123,379.0,0,0.04991256542887256,4859616.42972358,44,1,0.0,0,,0.024457571849967424,0.03437076776192539,APPROVE,50743398.0,POLICY_PASS,424.4380517296518,249.40868994189677,357.33702205932065,35.84173211991103,45.65818805097625,1112.6836839017565
APP-42-009972,2025-02-19 12:00:00,33,7343233.0,35,728,0.2435,65011968.0,12,0,Self-employed,Rented,Mobile,0,0.06917569392785201,BNPL,0.9755674111230537,347.0,0,0.006696800142618772,3696266.248035655,48,0,0.0,0,,0.018391702649643266,0.05139759403947971,APPROVE,17776498.446399998,POLICY_PASS,645.9329903953976,206.15710989135238,246.86837964008748,29.05922076990094,40.41444670012276,1168.432147396861
APP-42-009973,2025-02-19 13:00:00,20,17051638.0,51,454,0.1613,61105280.0,9,2,Salaried,Owned,Mobile,0,0.17491736115043546,BNPL,0.8661426246518595,175.0,1,0.051386841073858415,9727149.327580443,32,1,0.0,0,,0.061017364418477785,0.11695057344259698,REVIEW,25000000.0,CREDIT_OR_AFFORDABILITY,818.7255901464515,272.80141266452125,198.93688625003807,35.956586730682425,46.959376387742005,1373.3798521794351
APP-42-009974,2025-02-19 14:00:00,34,17664227.0,39,801,0.3635,52768407.0,12,0,Salaried,Mortgage,Partner,0,0.06193415414588504,BNPL,0.9231494619493025,473.0,0,0.10380119980071706,1507748.6973414822,40,1,0.0,1,0.43646280649171726,0.03030043755876575,0.0443263872839877,APPROVE,25000000.0,POLICY_PASS,732.3855535959447,281.4489839001304,274.7898688441623,16.67729087292777,54.062379482635485,1359.3640766958006
APP-42-009975,2025-02-19 15:00:00,28,23444330.0,39,578,0.1838,46685170.0,24,4,Self-employed,Rented,Mobile,0,0.2167086924597836,BNPL,0.9800752714766079,256.0,0,0.019896427962095384,14936486.780438656,41,0,0.0,0,,0.018768529953173473,0.17121675541400305,REVIEW,25000000.0,ENHANCED_DUE_DILIGENCE,662.4478543114581,404.7278047308221,196.6967818545706,18.78138634353587,22.478249589854343,1305.132076830241
APP-42-009976,2025-02-19 16:00:00,34,10208633.0,19,576,0.5502,80495281.0,36,2,Salaried,Family,Partner,0,0.3270402496437151,BNPL,0.9214186905588588,379.0,2,0.026132655009768406,892253.2318109069,49,1,0.0,0,,0.08381851589511635,0.22356638020990352,REVIEW,14693897.99488,ENHANCED_DUE_DILIGENCE,496.79859063852933,263.36120300706807,378.7183730349465,33.46443611428515,54.07406661267537,1226.4166694075043
APP-42-009977,2025-02-19 17:00:00,29,6102213.0,62,601,0.1542,36596671.0,9,2,Self-employed,Mortgage,Mobile,0,0.1702629559683597,CASH_LOAN,0.7659993247826933,451.0,3,0.02657445556709627,4281976.964624641,49,1,0.0,1,0.7880981674833389,0.2520942772352367,0.10733434682365894,REVIEW,16516005.61728,ENHANCED_DUE_DILIGENCE,662.5784557369581,184.35959895636248,243.22147642997007,41.39246959542915,53.68467200633913,1185.236672725059
APP-42-009978,2025-02-19 18:00:00,35,19778031.0,181,711,0.2012,17966852.0,6,1,Salaried,Family,Mobile,0,0.03147978647377424,BNPL,0.9718896757898996,42.0,0,0.002185699882402808,3865759.097803597,53,1,0.0,0,,0.01842627412653991,0.01841895224151264,APPROVE,17966852.0,POLICY_PASS,489.9170541112592,345.61922460848933,227.62118763097183,33.11892374348453,60.56105692643369,1156.8374470206386
APP-42-009979,2025-02-19 19:00:00,26,24044551.0,53,794,0.5868,52299911.0,12,2,Self-employed,Rented,Mobile,0,0.1335611717633208,BNPL,0.8811651403878696,34.0,1,0.05999920729030423,3114094.826127083,37,0,0.0,0,,0.05891731594056733,0.10680191523290324,REVIEW,25000000.0,CREDIT_OR_AFFORDABILITY,469.63701376212805,255.12029446710903,267.3559674182081,41.57572449804154,50.03084993080292,1083.7198500762897
APP-42-009980,2025-02-19 20:00:00,23,31326738.0,41,758,0.5942,99708253.0,24,1,Self-employed,Family,Mobile,0,0.07804718706227248,BNPL,0.9232950068911604,554.0,0,0.005988323821979562,20584653.09425372,39,1,0.0,1,0.8408680439701006,0.022756744114457852,0.04675505099531213,APPROVE,25000000.0,POLICY_PASS,757.5042929751993,222.76818871118695,191.46674529867204,32.015904043027916,34.190572096271595,1237.9457031243578
APP-42-009981,2025-02-19 21:00:00,46,14778425.0,42,605,0.1476,77060071.0,12,4,Salaried,Owned,Mobile,0,0.22610324326317774,CASH_LOAN,0.8742005737472532,390.0,0,0.054340898033629716,6844559.596646331,42,1,0.0,1,0.7548135483102868,0.03202716063797862,0.15185375722004038,REVIEW,40310814.304000005,CREDIT_OR_AFFORDABILITY,871.248889201421,404.81774261820726,165.72478983367932,35.65135996915319,61.4656430735816,1538.9084246960422
APP-42-009982,2025-02-19 22:00:00,26,27577402.0,92,511,0.2401,94008929.0,24,2,Salaried,Owned,Partner,0,0.1609279588748388,CASH_LOAN,0.9360490788958585,198.0,0,0.12475837013902882,18895364.601480477,40,1,0.0,2,0.9415475853077782,0.030556907186762898,0.10524723280224112,APPROVE,67059416.89536001,POLICY_PASS,589.0974202486926,238.4378576808345,262.6691981540983,27.152799323012747,48.018591588856594,1165.3758669954948
APP-42-009983,2025-02-19 23:00:00,35,23512856.0,6,610,0.3201,42672238.0,18,2,Contract,Rented,Mobile,0,0.15974302012699554,BNPL,0.8183715257304166,522.0,0,0.00481383814584991,16612051.322227012,40,0,0.0,1,0.8692064553719979,0.03479996820269747,0.1194874399543165,REVIEW,25000000.0,CREDIT_OR_AFFORDABILITY,580.9718210350975,339.83754152390566,187.5055545113768,28.974176940718298,47.64784304291067,1184.936937054009
APP-42-009984,2025-02-20 00:00:00,44,37251587.0,54,594,0.2959,73905033.0,9,3,Contract,Mortgage,Mobile,0,0.14792485934106356,BNPL,0.8726138970915008,397.0,0,0.09735134665466412,14060156.175229952,49,1,0.0,3,0.8155670714785478,0.036511814667037526,0.0961610423398491,APPROVE,25000000.0,POLICY_PASS,583.2036216050166,329.5895283010755,185.44139967300242,43.187767368581106,49.807665076804675,1191.2299820244803
APP-42-009985,2025-02-20 01:00:00,43,17459928.0,46,522,0.1834,214007074.0,9,2,Salaried,Rented,Branch,0,0.3293116518673925,BNPL,0.9550406713323889,238.0,0,0.020556512502060375,11769584.317404602,34,1,0.0,1,0.8633543830621219,0.020846521888720635,0.22393352629577626,REVIEW,25000000.0,ENHANCED_DUE_DILIGENCE,705.7221174247841,147.54538204107686,234.28086441234942,33.295664484061795,32.58339316836321,1153.4274215306355
APP-42-009986,2025-02-20 02:00:00,42,6951289.0,44,682,0.6093,25727721.0,24,2,Salaried,Rented,Mobile,0,0.16416931989754163,CASH_LOAN,0.9469676352428772,109.0,0,0.06339224092271255,848290.0330807834,43,1,0.0,0,,0.02443292414464378,0.10803385356501927,APPROVE,8690779.559360001,POLICY_PASS,580.5230602708407,270.99476924544274,197.49242071644895,26.43693278507514,57.57262069433158,1133.0198037121393
APP-42-009987,2025-02-20 03:00:00,38,17342479.0,50,640,0.2505,76363635.0,24,1,Salaried,Owned,Branch,0,0.09011740884702044,BNPL,0.7979796623034242,349.0,0,0.06304268315113475,9921949.032455148,52,1,0.0,1,0.9230627711237696,0.044685713837174026,0.053868329144092515,APPROVE,25000000.0,POLICY_PASS,450.08695989735895,489.49369575897913,293.6262528686586,37.09221684128283,45.59877009284053,1315.89789545912
APP-42-009988,2025-02-20 04:00:00,42,18897312.0,26,676,0.0781,43782270.0,9,1,Self-employed,Family,Partner,0,0.056655755413145624,CASH_LOAN,0.8562319139447716,152.0,0,0.015720331620817825,13238215.764630798,50,0,0.0,2,0.9185667019600593,0.030798306137355146,0.040070576520755276,APPROVE,43782270.0,POLICY_PASS,351.24978903067114,294.65449035408926,187.17959995091974,28.123699239460183,29.555409752912027,890.7629883280524
APP-42-009989,2025-02-20 05:00:00,47,23935880.0,27,693,0.312,129149214.0,12,0,Salaried,Owned,Mobile,0,0.09699548201877843,BUSINESS_LOAN,0.9596548476772899,328.0,0,0.09756992614526415,2215232.657637059,52,1,163592512.0292041,1,0.8813177990740477,0.02563467003786268,0.06029702635394972,APPROVE,89975881.61606227,POLICY_PASS,595.1964727123263,332.8746537605298,285.28201426841616,39.55592558402204,50.202308482248,1303.1113748075425
APP-42-009990,2025-02-20 06:00:00,39,7747703.0,17,689,0.1285,55210149.0,36,4,Contract,Owned,Mobile,0,0.13868449138049943,CASH_LOAN,0.8472079448008487,194.0,1,0.03232642795215373,5485338.933981103,45,0,0.0,0,,0.06231019825133341,0.10745406235357854,APPROVE,21606794.1264,POLICY_PASS,458.1067030384338,436.4305815431286,269.1007621887571,28.8614525033196,41.57226596876059,1234.0717652423998
APP-42-009991,2025-02-20 07:00:00,20,15161315.0,63,635,0.4982,46205442.0,9,3,Self-employed,Rented,Branch,0,0.30268739435382225,BUSINESS_LOAN,0.9372991507933202,209.0,2,0.048256704570506764,6005965.8562147925,48,0,68237700.26172704,1,0.7833811341211601,0.08379350134203008,0.24428014331429979,REVIEW,37530735.143949874,ENHANCED_DUE_DILIGENCE,784.943473677522,359.7021598995065,253.49962022394436,33.66516970654568,27.115356005155462,1458.9257795126741
APP-42-009992,2025-02-20 08:00:00,30,29015458.0,8,758,0.4744,22310638.0,24,0,Salaried,Mortgage,Mobile,0,0.036470334445360866,CASH_LOAN,0.903845074168786,443.0,0,0.030414232439575792,5510185.739481442,42,0,0.0,1,0.8357148886277416,0.026470257966460624,0.026961653038960164,APPROVE,22310638.0,POLICY_PASS,625.4783472074738,259.52952287200605,292.6540672993038,9.161632674444238,34.31687895551369,1221.1404490087416
APP-42-009993,2025-02-20 09:00:00,41,16998494.0,55,605,0.5747,30102298.0,12,3,Salaried,Rented,Mobile,0,0.3106240579457542,BUSINESS_LOAN,0.9541382237353225,277.0,0,0.07662564884808398,3757988.4604946654,54,1,117871531.50990656,1,0.9231439884853104,0.024662406199470088,0.20674192194451887,REVIEW,30102298.0,CREDIT_OR_AFFORDABILITY,691.7708113717807,312.8773333057423,114.35482982021037,26.78599626843694,51.20463235860238,1196.9936031247728
APP-42-009994,2025-02-20 10:00:00,29,15214027.0,34,594,0.5192,43576407.0,12,1,Salaried,Family,Mobile,0,0.13336280717600887,BNPL,0.7710607209443096,32.0,0,0.08699133968950881,6633986.454111188,51,1,0.0,0,,0.053278050166880656,0.0868035400031789,APPROVE,23407693.38112,POLICY_PASS,934.0552921036174,349.9291139103021,299.0041942396129,35.77064852560122,45.75284506437422,1664.5120938435077
APP-42-009995,2025-02-20 11:00:00,50,51359569.0,26,623,0.4063,101402180.0,9,1,Salaried,Rented,Mobile,0,0.10878408380729863,CASH_LOAN,0.8782086959647576,540.0,0,0.05125367366102878,8271601.699855825,57,1,0.0,2,0.9539231388047421,0.031227959454002013,0.06386678385662364,APPROVE,70000000.0,POLICY_PASS,654.4748949207996,460.61363649382133,295.8146691797053,44.49603556761197,48.68306545417598,1504.082301616114
APP-42-009996,2025-02-20 12:00:00,34,9992846.0,52,679,0.3945,150801218.0,12,0,Salaried,Rented,Partner,1,0.19575010983214808,BNPL,0.8729444961752851,636.0,0,0.03839402508375302,1813893.0183834995,41,1,0.0,0,,0.03073354546749779,0.12883761128050514,REVIEW,19362138.4096,CREDIT_OR_AFFORDABILITY,703.3807729391973,354.98995119900167,248.8561454903523,17.608284537131844,29.285405014049687,1354.1205591797327
APP-42-009997,2025-02-20 13:00:00,36,35467148.0,38,689,0.5722,50761527.0,36,1,Salaried,Rented,Mobile,0,0.07192975711060604,BNPL,0.8974252894676625,289.0,1,0.07740303136463615,17653027.836153466,40,1,0.0,0,,0.05803197810764194,0.04633719794910929,APPROVE,25000000.0,POLICY_PASS,583.7604006778082,385.20673454224067,131.0150700464214,46.35138675778589,27.053785461803038,1173.3873774860592
APP-42-009998,2025-02-20 14:00:00,45,31565322.0,51,615,0.088,44412672.0,9,1,Salaried,Rented,Mobile,0,0.06887828498487919,CASH_LOAN,0.8879052790816736,375.0,0,0.01105011124276883,11249144.542864796,35,0,0.0,0,,0.026699401149473362,0.05261215121140065,APPROVE,44412672.0,POLICY_PASS,384.77399555110344,244.89572190258093,293.93044618351524,16.446733906064342,64.68654514739787,1004.7334426906617
APP-42-009999,2025-02-20 15:00:00,33,15903357.0,27,617,0.631,69858010.0,24,1,Salaried,Rented,Branch,0,0.24743538819876815,CASH_LOAN,0.8617465006178691,77.0,0,0.001014742708859784,7676360.013773925,37,0,0.0,0,,0.02885223782404606,0.19614317328027062,REVIEW,18778683.9456,CREDIT_OR_AFFORDABILITY,388.0140792230154,312.2161985969765,234.65474527127836,29.111279753448436,36.0445378179095,1000.0408406626282
APP-42-010000,2025-02-20 16:00:00,37,17677311.0,59,734,0.6112,63529583.0,6,1,Salaried,Rented,Mobile,0,0.11001796585640934,BNPL,0.9292161777598202,66.0,1,0.03911417304360139,10147012.973678743,41,1,0.0,0,,0.045853511570926625,0.06990029191649794,APPROVE,21993403.253760003,POLICY_PASS,856.5614404856465,480.93645668013244,203.45714538596843,38.569696813173174,41.945277708346595,1621.470017073267
APP-42-010001,2025-02-20 17:00:00,43,17642653.0,45,546,0.1572,49498138.0,12,0,Contract,Mortgage,Branch,0,0.1428375028434292,BNPL,0.9758978758611854,527.0,0,0.03438338398650658,12869661.374546753,44,1,0.0,0,,0.019925643418825058,0.09119484624597307,APPROVE,25000000.0,POLICY_PASS,595.9489227578725,336.3287379018427,353.28919911635967,37.99851726015871,47.203049650369266,1370.7684266866029
APP-42-010002,2025-02-20 18:00:00,22,19894494.0,75,838,0.2693,54178326.0,24,0,Salaried,Owned,Mobile,0,0.033642190579217815,CASH_LOAN,0.879110954129045,252.0,1,0.058019145910440634,5265661.027577419,39,0,0.0,0,,0.05906649834092458,0.026154310218945386,APPROVE,46518101.65056001,POLICY_PASS,632.1472954551676,344.70739774284345,235.46575072814343,27.872450717313374,48.73964907601388,1288.9325437194816
APP-42-010003,2025-02-20 19:00:00,32,12979537.0,19,618,0.1439,66830525.0,24,0,Self-employed,Family,Branch,0,0.09012101657250784,CASH_LOAN,0.9322468515955639,155.0,1,0.022011818231097675,9062804.830973413,47,1,0.0,2,0.7698988178926204,0.0431319565771978,0.055168264139534205,APPROVE,35557701.20224,POLICY_PASS,739.7607773929208,276.9449652033239,254.2360754241677,30.38882434526093,62.106432116730616,1363.4370744824037
APP-42-010004,2025-02-20 20:00:00,42,14223425.0,38,625,0.419,119181061.0,36,0,Self-employed,Rented,Mobile,1,0.26809409898090175,CASH_LOAN,0.8557126821843614,225.0,0,0.030231494021869254,5079234.651789461,44,1,0.0,1,0.9268765825989093,0.03219252849509985,0.17254405457711047,REVIEW,26444191.76,CREDIT_OR_AFFORDABILITY,813.5464825984182,272.5780723252036,188.39799723340275,32.49695948214371,46.84044430255478,1353.859955941723
APP-42-010005,2025-02-20 21:00:00,36,14805493.0,35,667,0.5862,35054785.0,12,1,Salaried,Rented,Partner,0,0.17105829125887037,CASH_LOAN,0.9517642108182961,211.0,1,0.02336012358689104,10893472.149997607,41,1,0.0,2,0.7798365352352394,0.040027830675908746,0.10943003014376326,APPROVE,19604841.61088,POLICY_PASS,587.9337856255115,357.8523930905937,243.45960437639897,12.56273705047596,55.77350979854302,1257.5820299415234
APP-42-010006,2025-02-20 22:00:00,48,15067770.0,67,678,0.2973,23851367.0,24,2,Self-employed,Rented,Mobile,0,0.0906888464532688,CASH_LOAN,0.9205861795218513,76.0,0,0.12450182693459586,3203407.817630394,58,0,0.0,1,0.538375401862078,0.0325163189370577,0.0766053915379313,APPROVE,23851367.0,POLICY_PASS,855.2072137777134,269.86418235821463,202.8907458148323,21.104267809532157,31.659482656074786,1380.725892416367
APP-42-010007,2025-02-20 23:00:00,21,15172064.0,86,593,0.3171,62356097.0,18,1,Salaried,Family,Mobile,0,0.08728613961308132,BUSINESS_LOAN,0.9268060528161289,81.0,0,0.0687308886476234,5450918.360033659,47,1,104448579.90213373,0,,0.02695155812706896,0.05547851653773745,APPROVE,57446718.946173556,POLICY_PASS,358.4711319398369,241.62644640296446,213.18898481334662,35.91260960812483,40.27901982854083,889.4781925928138
APP-42-010008,2025-02-21 00:00:00,20,5248373.0,53,664,0.1378,30572043.0,18,1,Contract,Mortgage,Mobile,0,0.07976792279013034,BNPL,0.9127411525544122,73.0,0,0.05819132924334741,893324.2722891377,24,1,0.0,1,0.7366058790297564,0.027680968500473593,0.05260810155530229,APPROVE,14480471.04192,POLICY_PASS,676.5658853137654,266.52921643845156,295.19428279638925,25.669149330713395,52.05993619246461,1316.0184700717843
APP-42-010009,2025-02-21 01:00:00,42,18993157.0,44,573,0.0922,139302840.0,24,2,Salaried,Rented,Mobile,0,0.22643580715365794,CASH_LOAN,0.9262557112387371,580.0,0,0.012656780905658426,3649394.9074870734,43,1,0.0,1,0.9281905774079762,0.02292571123966121,0.14142411911766292,REVIEW,55174361.35872,CREDIT_OR_AFFORDABILITY,557.5780608605287,410.14103824666597,289.54757685705283,33.2561840582057,27.009371119630757,1317.532231142084
APP-42-010010,2025-02-21 02:00:00,43,13467299.0,75,597,0.0355,70009774.0,24,0,Salaried,Rented,Mobile,0,0.1336372469380492,CASH_LOAN,0.975703744906478,231.0,0,0.04624187657845014,6185146.402233461,44,1,0.0,1,0.8590024084942772,0.02064886079663613,0.08315790401294297,APPROVE,41565471.633600004,POLICY_PASS,812.2991735800748,300.7900760572327,214.2823823411016,20.98288602608367,47.68998366796406,1396.0445016724568
APP-42-010011,2025-02-21 03:00:00,33,6447069.0,40,524,0.3805,50789657.0,18,1,Contract,Rented,Partner,1,0.2786045126275978,BNPL,0.8787831676419958,269.0,0,0.009461758693697466,2488986.8235684726,35,1,0.0,0,,0.027585174178166368,0.1885747276614466,REVIEW,12780669.5856,ENHANCED_DUE_DILIGENCE,596.350341172223,270.0248262030892,156.4889412097571,38.57601313783231,52.038040134434965,1113.4781618573365
APP-42-010012,2025-02-21 04:00:00,39,14847681.0,114,650,0.185,53838790.0,18,1,Contract,Rented,Partner,0,0.11483832372145884,CASH_LOAN,0.871582645602978,303.0,0,0.027884613235377845,3836650.911619815,51,0,0.0,1,0.8767539127310341,0.029973978606581193,0.08421891788745627,APPROVE,38722752.048,POLICY_PASS,604.7470403204946,178.72311158837823,146.57071525697103,44.740364661162225,52.57862431088144,1027.3598561378874
APP-42-010013,2025-02-21 05:00:00,42,14597425.0,31,627,0.3832,72004442.0,24,1,Salaried,Mortgage,Mobile,0,0.1679419299508048,CASH_LOAN,0.875433573621933,207.0,1,0.09649255105991979,9862271.724430777,50,0,0.0,2,0.7662727086441042,0.0667733931537951,0.13496010992549057,REVIEW,28811813.568000004,CREDIT_OR_AFFORDABILITY,785.0026515664129,200.9727772926197,291.80755128918037,39.712159205538654,40.78153169590013,1358.2766710496517
APP-42-010014,2025-02-21 06:00:00,28,36297768.0,11,495,0.1599,82684352.0,18,0,Salaried,Rented,Branch,0,0.10970979401744288,CASH_LOAN,0.9741137075074613,49.0,0,0.06224902058815848,17891052.845922112,30,1,0.0,1,0.973716933867883,0.02178451653458563,0.06791689491336514,APPROVE,70000000.0,POLICY_PASS,530.319869749237,330.03572140801316,194.29825120439062,26.038455973147716,45.070702431605405,1125.7630007663938
APP-42-010015,2025-02-21 07:00:00,29,13380458.0,19,591,0.134,278706407.0,18,0,Salaried,Owned,Mobile,0,0.19295358826920292,BUSINESS_LOAN,0.7582969216998138,155.0,1,0.07650710983382762,8888397.0275459,48,1,51395661.455646046,1,0.8972937825116526,0.09927325418239397,0.12360354946070357,APPROVE,28267613.800605327,POLICY_PASS,601.4314627123617,325.39164296436877,139.99261576004062,34.06797405357602,31.102862222388197,1131.9865577127355
APP-42-010016,2025-02-21 08:00:00,37,25988558.0,38,638,0.3332,27804884.0,24,0,Salaried,Family,Mobile,0,0.07023711653203027,CASH_LOAN,0.9045560542748621,197.0,0,0.03906140333488222,15299745.761503704,41,1,0.0,1,0.5639571383110427,0.02706828327672703,0.04631163276753076,APPROVE,27804884.0,POLICY_PASS,779.5207646877085,358.9553292776947,236.97116832390253,27.19776749659165,57.8618615069487,1460.5068912928461
APP-42-010017,2025-02-21 09:00:00,43,38510016.0,145,702,0.457,104174309.0,12,0,Salaried,Family,Partner,0,0.06259890170401669,CASH_LOAN,0.8640481397952431,201.0,0,0.013556569619114948,12580456.18096074,39,1,0.0,2,0.8934452699923917,0.02964603641916597,0.036889909131449496,APPROVE,66915003.801599994,POLICY_PASS,368.5142064956518,133.93153015684646,167.18727811422121,27.04193417362878,39.553704018063904,736.2286529584121
APP-42-010018,2025-02-21 10:00:00,25,12742387.0,27,548,0.285,239273416.0,24,1,Salaried,Mortgage,Mobile,0,0.263518054239735,CASH_LOAN,0.8890148757801287,297.0,1,0.07571354576286882,5973227.714739998,57,1,0.0,0,,0.059708146508852845,0.1779969514857547,REVIEW,29154581.456000008,CREDIT_OR_AFFORDABILITY,412.671988591875,445.1997010353631,392.35396126141774,42.17774324946977,43.66599688524442,1336.06939102337
APP-42-010019,2025-02-21 11:00:00,33,17535866.0,113,618,0.3535,71104102.0,24,2,Salaried,Family,Mobile,0,0.13861142980871743,BUSINESS_LOAN,0.9572972664632942,149.0,1,0.18882955210839802,9706601.994429503,33,0,91516356.30559973,0,,0.06272833785698366,0.12171926602993198,APPROVE,50333995.96807986,POLICY_PASS,200.08389601490893,400.7306335589035,248.8711797678148,32.465577057908185,30.280883204594282,912.4321696041296
APP-42-010020,2025-02-21 12:00:00,33,46579114.0,53,561,0.633,58084057.0,12,0,Salaried,Family,Partner,0,0.10980878237464621,CASH_LOAN,0.9113139621621148,166.0,0,0.022244905596803404,28555096.5550553,40,1,0.0,1,0.9642320290191132,0.025067796377991197,0.06505335346743492,APPROVE,54702511.4816,POLICY_PASS,593.9743531616464,287.41626695112654,202.97366660214345,29.162682340714206,32.63229173845343,1146.159260794084
APP-42-010021,2025-02-21 13:00:00,39,20415790.0,27,692,0.1945,43797413.0,12,1,Salaried,Rented,Mobile,0,0.05948323080170476,BUSINESS_LOAN,0.8389022346490546,85.0,1,0.09354389995221854,15015570.997612925,43,1,112318497.76785186,2,0.6900410283568408,0.07636745532197152,0.039030869607119385,APPROVE,43797413.0,POLICY_PASS,585.1225940136346,308.835850677099,258.76405583026644,35.97514603471507,34.399637445547334,1223.0972840012623
APP-42-010022,2025-02-21 14:00:00,35,22107881.0,41,592,0.4148,52658731.0,18,2,Salaried,Owned,Mobile,1,0.12149476923496955,BNPL,0.9518602995529503,378.0,1,0.12224717916736791,16342336.483268116,62,1,0.0,2,0.8690303757026975,0.05309722670870857,0.07646508464021443,APPROVE,25000000.0,POLICY_PASS,398.0282732931827,187.64078504686097,244.59040202737245,35.97102738454444,33.62980580217914,899.8602935541396
APP-42-010023,2025-02-21 15:00:00,30,14387821.0,80,677,0.251,54206792.0,12,0,Self-employed,Family,Branch,0,0.057315815640240984,BUSINESS_LOAN,0.8931082671559147,197.0,2,0.02259218758725134,6062607.578178008,47,1,48779184.318132535,2,0.8387853351380669,0.09251735786756891,0.033932967772972944,APPROVE,26828551.374972895,POLICY_PASS,893.1151246149291,375.34354236606936,164.73745953597057,35.86875433696387,43.821558389534076,1512.886439243467
APP-42-010024,2025-02-21 16:00:00,46,26265327.0,43,614,0.129,119467373.0,12,2,Salaried,Owned,Branch,0,0.15698312817243543,CASH_LOAN,0.8064780816121491,453.0,0,0.0960828573127038,14398705.216336487,34,1,0.0,2,0.8247793936959353,0.04747290747446864,0.10487254960090656,APPROVE,70000000.0,POLICY_PASS,530.043000445961,272.63019901622397,262.21023657104905,25.60336221417175,32.871612187192305,1123.358410434598
APP-42-010025,2025-02-21 17:00:00,30,17611786.0,27,517,0.388,126459712.0,18,2,Self-employed,Rented,Branch,0,0.4179220074492694,BNPL,0.9576639020995321,71.0,0,0.005867428677733752,4669726.079586204,36,1,0.0,1,0.8807148561781938,0.019751317429503243,0.2925309309777893,REVIEW,25000000.0,ENHANCED_DUE_DILIGENCE,549.7998575742711,445.2730243761157,255.10586868112335,22.32717167478134,36.756320444528356,1309.26224275082
APP-42-010026,2025-02-21 18:00:00,32,6571323.0,39,635,0.2396,39875488.0,36,1,Self-employed,Owned,Mobile,0,0.10201247478514626,CASH_LOAN,0.9891392790280588,138.0,0,0.05376402891482442,1971216.3451759538,39,0,0.0,0,,0.019975072523678552,0.08033987885988221,APPROVE,15989868.829440001,POLICY_PASS,524.293236343768,440.08490080500553,264.05042770493816,44.00633557160397,53.87322410220179,1326.3081245275175
APP-42-010027,2025-02-21 19:00:00,21,14805428.0,90,555,0.6289,129400622.0,12,1,Salaried,Rented,Mobile,0,0.4580982203680993,BUSINESS_LOAN,0.8733830850148079,210.0,0,0.05934605990071607,4869079.757974615,49,1,37180267.91085647,0,,0.03260406838071613,0.33928287356427206,REVIEW,20449147.35097106,ENHANCED_DUE_DILIGENCE,709.1570995931463,315.974449087175,160.32846895341555,33.69631264780946,38.6059919256158,1257.7623222071622
APP-42-010028,2025-02-21 20:00:00,29,9389795.0,169,721,0.2533,62744704.0,24,0,Salaried,Family,Branch,0,0.03453911641827295,BNPL,0.9354311187563245,105.0,0,0.14196978123750809,2210831.93035798,34,1,0.0,3,0.8802282285791199,0.03220491313305159,0.02239858543936734,APPROVE,22436351.764799997,POLICY_PASS,707.6347609337355,273.84482508229604,182.45572022088862,38.60863696860778,39.56862397782939,1242.1125671833574
APP-42-010029,2025-02-21 21:00:00,40,19146200.0,78,771,0.418,64914453.0,36,2,Salaried,Rented,Branch,1,0.06028589605238174,CASH_LOAN,0.946616987045018,198.0,1,0.1016864081623228,9779418.722149372,45,1,0.0,1,0.8558834426130897,0.051138164489891266,0.037797653976442046,APPROVE,35657882.88000001,POLICY_PASS,577.5991881083913,360.02049909411505,200.00316570482795,27.45272206120563,54.98546658462249,1220.0610415531626
APP-42-010030,2025-02-21 22:00:00,38,10871126.0,118,686,0.2632,102653496.0,24,0,Salaried,Rented,Mobile,0,0.0973999745748724,CASH_LOAN,0.9386051404525892,164.0,1,0.11852789041137901,6567738.628246184,54,1,0.0,2,0.9111301737689996,0.05538032924943711,0.060716794304442635,APPROVE,25631506.037760004,POLICY_PASS,546.9607018500407,331.4774275951403,296.8397212870115,31.56025324694853,32.85822864391459,1239.6963326230557
APP-42-010031,2025-02-21 23:00:00,40,23414194.0,76,594,0.2381,48597002.0,9,0,Salaried,Owned,Mobile,0,0.07198676924361808,CASH_LOAN,0.9064435122965532,156.0,0,0.045995860848560596,6745103.863563664,41,1,0.0,0,,0.02740945448268332,0.045257781536949176,APPROVE,48597002.0,POLICY_PASS,365.0842190052668,358.0487725904236,165.82500471674192,25.632663378811856,56.631143089356755,971.2218027806009
APP-42-010032,2025-02-22 00:00:00,40,18448658.0,76,642,0.2819,60934902.0,18,0,Self-employed,Rented,Mobile,0,0.08998793765977839,CASH_LOAN,0.9315234879930379,279.0,0,0.07014054749072064,13498661.607913097,54,1,0.0,1,0.8887980309727248,0.026545857542666983,0.05438144704310583,APPROVE,42393540.19136,POLICY_PASS,668.8690518835136,203.6842668967933,233.88521244198589,37.38581381664508,43.016620007828315,1186.8409650467663
APP-42-010033,2025-02-22 01:00:00,54,9060885.0,67,661,0.1601,69985758.0,12,3,Contract,Rented,Partner,1,0.2607623001417485,CASH_LOAN,0.8062786506233935,534.0,1,0.012616948527166296,2712047.598523606,49,1,0.0,0,,0.06923376444178717,0.1714269830159046,REVIEW,24352759.3968,CREDIT_OR_AFFORDABILITY,546.4064834397442,141.8824923418717,237.6683852102683,26.288658047545322,30.228866234370535,982.4748852738002
APP-42-010034,2025-02-22 02:00:00,28,13728525.0,60,718,0.3552,145159332.0,9,2,Salaried,Rented,Mobile,0,0.21574840997038833,CASH_LOAN,0.8953530615467864,628.0,0,0.03646621672233095,2842381.570350408,44,1,0.0,0,,0.02789316027944421,0.14230605761602386,REVIEW,28326889.344,CREDIT_OR_AFFORDABILITY,336.65837812013353,239.20201387114338,260.16551327304427,37.883262102939256,35.98757219574971,909.8967395630102
APP-42-010035,2025-02-22 03:00:00,20,25322194.0,31,626,0.3517,16406002.0,36,1,Salaried,Rented,Partner,0,0.07792852380637191,BNPL,0.9267983465952011,294.0,2,0.08528035548708758,10351297.732934391,57,1,0.0,1,0.9873505620133699,0.09650184076258571,0.04577874793538194,APPROVE,16406002.0,POLICY_PASS,563.6653764866786,255.59443200987207,278.7030139791823,33.05958843505054,35.90590786740874,1166.9283187781923
APP-42-010036,2025-02-22 04:00:00,26,33844210.0,50,669,0.1735,62964607.0,18,0,Salaried,Mortgage,Branch,0,0.03485723124897618,CASH_LOAN,0.9257370666118554,891.0,2,0.23776293232896178,24678261.79565171,39,1,0.0,0,,0.14494556408929246,0.024948095314426644,APPROVE,62964607.0,POLICY_PASS,822.0300980489012,258.9214577448131,207.4480952275437,29.78160252819286,57.297890167819844,1375.4791437172707
APP-42-010037,2025-02-22 05:00:00,29,10957675.0,77,519,0.2812,29277514.0,12,0,Salaried,Rented,Mobile,0,0.16666690864444816,CASH_LOAN,0.9422634611959964,212.0,0,0.06613415210864501,6638260.896913222,43,1,0.0,1,0.9147995188507975,0.02510888352094686,0.10524345192894367,APPROVE,25204405.728,POLICY_PASS,571.2661641501307,439.8757137260432,286.2410139567593,43.514917252074966,39.303345714594755,1380.201154799603
APP-42-010038,2025-02-22 06:00:00,26,9843186.0,60,657,0.0712,124805376.0,12,3,Salaried,Mortgage,Branch,1,0.20292306123413834,BUSINESS_LOAN,0.8077419899187837,248.0,1,0.10481739530160253,3888571.4683414325,38,1,42800518.37313603,2,0.8437093983045432,0.08882521542910697,0.1372141009990061,APPROVE,23540285.105224818,POLICY_PASS,537.0969728260135,243.5970092884462,287.8801281889507,34.38527621433656,39.37188099981083,1142.3312675175578
APP-42-010039,2025-02-22 07:00:00,36,52636694.0,17,578,0.1891,26582289.0,24,1,Salaried,Mortgage,Mobile,0,0.05806098346162009,CASH_LOAN,0.9640349090719175,225.0,0,0.11608543658384016,15484688.471967414,41,0,0.0,0,,0.026579127613474304,0.047138361930145894,APPROVE,26582289.0,POLICY_PASS,638.1826896381958,349.48692674741375,150.99292570293306,33.27947353421831,60.437412838770726,1232.3794284615317
APP-42-010040,2025-02-22 08:00:00,46,17903557.0,90,643,0.2035,115366857.0,24,2,Self-employed,Owned,Mobile,0,0.13959379766427749,BNPL,0.9081475745897374,314.0,0,0.07319913361879513,12449353.364579964,49,0,0.0,2,0.8647845982191716,0.029465627281387442,0.10705293446151597,REVIEW,25000000.0,CREDIT_OR_AFFORDABILITY,492.5397005125828,231.9196226158162,340.3230191488487,33.39383592886852,38.27877027388894,1136.4549484800052
APP-42-010041,2025-02-22 09:00:00,49,18928707.0,69,565,0.5433,39173118.0,12,0,Contract,Owned,Mobile,0,0.19016730909831145,BUSINESS_LOAN,0.9637862254626732,329.0,1,0.12317493986143635,4974500.990123923,49,0,54583458.64248756,1,0.9670277718384543,0.05076846621696061,0.14872319244104032,REVIEW,30020902.25336816,CREDIT_OR_AFFORDABILITY,798.9806999226454,194.6265061769691,121.65508810104585,30.974560618781815,35.62317753241895,1181.8600323518613
APP-42-010042,2025-02-22 10:00:00,40,11985609.0,87,670,0.1204,207399895.0,6,2,Salaried,Rented,Mobile,0,0.17458543100248744,CASH_LOAN,0.9349551113940487,458.0,0,0.15059335771806337,7199536.339425841,47,1,0.0,3,0.9664350702973364,0.03308497404624665,0.11461366250927915,APPROVE,33736133.36448,POLICY_PASS,627.278421070224,222.53379503720987,236.5992070080966,23.319527733097335,60.29134903114797,1170.0222998797758
APP-42-010043,2025-02-22 11:00:00,54,20261912.0,26,686,0.4503,29846555.0,24,3,Salaried,Rented,Mobile,0,0.16214967633276275,CASH_LOAN,0.69674401463176,306.0,0,0.11880890528002326,13086759.251955364,42,1,0.0,0,,0.07799555939287431,0.11083768589145183,APPROVE,29846555.0,POLICY_PASS,657.4312429898624,396.9731142197759,216.57767004815958,20.26934731749393,56.4766345616208,1347.7280091369128
APP-42-010044,2025-02-22 12:00:00,32,46232101.0,17,623,0.2908,62848232.0,9,1,Self-employed,Family,Mobile,0,0.05666378549390686,CASH_LOAN,0.9480770833181389,215.0,1,0.06282000651763757,29946300.87019275,61,1,0.0,1,0.9470445792081549,0.04550050321559032,0.03256891702607196,APPROVE,62848232.0,POLICY_PASS,624.503891832168,205.51045837930428,237.64913364234621,31.002402039806952,42.0972250784829,1140.7631109721083
APP-42-010045,2025-02-22 13:00:00,20,20702877.0,43,578,0.6786,75882640.0,18,1,Salaried,Rented,Mobile,0,0.26618856556104536,BUSINESS_LOAN,0.9782134294825167,175.0,1,0.1338413388211268,13627950.65945702,41,1,130961110.26412258,2,0.9637100105071941,0.04940800970530432,0.18171381318332167,REVIEW,72028610.64526743,CREDIT_OR_AFFORDABILITY,813.3209316386113,232.69822504665916,359.72706630930924,19.951527623578535,43.29375129806048,1468.9915019162188
APP-42-010046,2025-02-22 14:00:00,44,32333426.0,62,681,0.3026,49601909.0,24,1,Self-employed,Owned,Mobile,0,0.04724901505109537,CASH_LOAN,0.8645081325476783,202.0,0,0.02094439402099645,21200297.780205537,49,1,0.0,0,,0.030233610391260015,0.028437042297866134,APPROVE,49601909.0,POLICY_PASS,655.2943969592717,412.5794866666817,382.1378211742412,20.333673305662693,50.7085963555598,1521.053974461417
APP-42-010047,2025-02-22 15:00:00,20,18289239.0,108,752,0.1755,23125990.0,12,2,Salaried,Rented,Mobile,0,0.03948526879334343,CASH_LOAN,0.9193679111459157,140.0,1,0.0838662953894626,8622221.833730178,40,1,0.0,1,0.6845211193078807,0.054179697596818864,0.025730816560839816,APPROVE,23125990.0,POLICY_PASS,430.18878848217423,418.1895684572195,304.23604689040087,41.03882261744869,64.8371212635177,1258.490347710761
APP-42-010048,2025-02-22 16:00:00,28,10238755.0,58,778,0.2172,70405180.0,18,4,Salaried,Mortgage,Mobile,0,0.12186316539949467,BNPL,0.9793641873746403,112.0,2,0.06976333802196757,3053592.6674996275,47,0,0.0,2,0.8657466129837735,0.07557547570355397,0.09310446795635764,APPROVE,25000000.0,POLICY_PASS,637.9018681603966,311.61976624081444,181.88721084790308,33.17889158300717,38.78553702286656,1203.373273854988
APP-42-010049,2025-02-22 17:00:00,40,12361559.0,134,669,0.1769,17543754.0,12,1,Salaried,Owned,Mobile,0,0.04053171130971726,CASH_LOAN,0.7092634735747338,60.0,2,0.17295138828373852,1138433.3649954428,48,0,0.0,2,0.7188712511140104,0.25729943649918047,0.034018426142580854,REVIEW,17543754.0,ENHANCED_DUE_DILIGENCE,451.4620457852561,329.03179105547446,270.93305667095257,42.45520524912682,36.94126943733764,1130.8233681981476
APP-42-010050,2025-02-22 18:00:00,34,9733568.0,38,660,0.6065,68213527.0,36,1,Salaried,Rented,Mobile,0,0.22912326314388917,BNPL,0.9339552617267439,62.0,0,0.04087709310485221,3678582.955979343,38,0,0.0,1,0.8776838723174654,0.02412747301459663,0.1791795956768438,REVIEW,12256508.825599998,ENHANCED_DUE_DILIGENCE,639.37629412154,292.2105693537742,250.3889225208196,39.154156420046704,33.7689651506346,1254.898907566815
APP-42-010051,2025-02-22 19:00:00,33,20290532.0,67,545,0.5565,62321981.0,24,0,Salaried,Mortgage,Branch,0,0.20593524495679605,CASH_LOAN,0.8815597067165576,39.0,0,0.051113346244689294,11563786.007882526,37,1,0.0,2,0.7234088842477928,0.030792405809798695,0.13915921079168325,REVIEW,28796323.0144,CREDIT_OR_AFFORDABILITY,537.4869338307285,293.4752164506701,409.6121794986807,40.05038402282942,27.187640096883012,1307.8123538997918
APP-42-010052,2025-02-22 20:00:00,24,35286858.0,15,735,0.1203,38936008.0,24,1,Salaried,Rented,Branch,0,0.022197794017142853,BUSINESS_LOAN,0.9331668683370699,502.0,0,0.05729672925514897,11755839.0712543,44,1,89173269.56734374,1,0.9245187323083369,0.025396715168687252,0.013025984223930372,APPROVE,38936008.0,POLICY_PASS,444.5441815784026,255.78067886376365,331.88892023088374,39.8269565664518,47.45764397195592,1119.4983812114579
APP-42-010053,2025-02-22 21:00:00,35,19666718.0,81,473,0.152,11042193.0,24,0,Salaried,Rented,Partner,0,0.11256469701648569,CASH_LOAN,0.8781339768691682,233.0,1,0.06658132549240627,7386084.396976004,49,1,0.0,2,0.920671646483697,0.060744059006874816,0.06855677656299211,APPROVE,11042193.0,POLICY_PASS,415.81149033379984,288.4653537487613,160.9520083130513,31.606705028214453,50.951276644611134,947.786834068438
APP-42-010054,2025-02-22 22:00:00,44,15196905.0,104,726,0.2272,13755367.0,24,1,Contract,Rented,Branch,0,0.03930627366996475,BNPL,0.8523772366513673,118.0,0,0.11591976248667928,1305967.3358307595,37,0,0.0,1,0.8572801440653963,0.041797399789792404,0.031052962624663363,APPROVE,13755367.0,POLICY_PASS,675.3813697250296,276.6340407789725,247.89310731737947,22.025677714845656,34.94700630517879,1256.881201841406
APP-42-010055,2025-02-22 23:00:00,35,11658901.0,60,642,0.3698,30603662.0,24,3,Self-employed,Rented,Partner,0,0.24680736535031725,CASH_LOAN,0.9178491318021714,54.0,0,0.026972149474348662,3322041.9870336857,32,0,0.0,1,0.8970674791019432,0.024745618328287557,0.19331628811488408,REVIEW,23511806.11264,CREDIT_OR_AFFORDABILITY,595.682329708178,80.0,211.72047408394008,32.76880112523217,30.721299361712585,950.8929042790628
APP-42-010056,2025-02-23 00:00:00,28,21886434.0,23,465,0.4044,46881971.0,18,0,Salaried,Rented,Mobile,0,0.17190426778237392,BNPL,0.7799707023587792,120.0,0,0.11181561666062058,9295243.295119276,50,1,0.0,0,,0.0551781108837803,0.11574772990410477,REVIEW,25000000.0,CREDIT_OR_AFFORDABILITY,637.6854719038296,404.0397442080806,197.7031582041458,27.984843566653556,59.76186470500487,1327.1750825877145
APP-42-010057,2025-02-23 01:00:00,24,9110241.0,50,664,0.1006,74367030.0,12,2,Self-employed,Rented,Mobile,0,0.15106950482170656,BNPL,0.9546683766817112,343.0,0,0.14879763816061198,841883.2952100199,46,0,0.0,2,0.9553237785038965,0.03037721576658228,0.11991490942948982,REVIEW,25000000.0,CREDIT_OR_AFFORDABILITY,880.7950665008959,448.9195410502616,328.70756884932223,26.537563219725424,42.15271041627659,1727.1124500364817
APP-42-010058,2025-02-23 02:00:00,28,9646703.0,37,629,0.1287,60528243.0,36,0,Self-employed,Owned,Partner,0,0.1151821424782035,BNPL,0.663587543499502,187.0,0,0.07887661351869094,2967549.880678572,57,1,0.0,0,,0.07940653653020069,0.073188653709137,APPROVE,25000000.0,POLICY_PASS,883.7801684314154,221.42207183756398,161.4745073648327,32.92410435332257,46.535266047389385,1346.136118034524
APP-42-010059,2025-02-23 03:00:00,39,29531620.0,40,608,0.2568,22789262.0,36,0,Self-employed,Rented,Mobile,0,0.05997378608666176,BNPL,0.9120568742717579,158.0,2,0.11392262615070219,2601381.6237954814,41,0,0.0,0,,0.11018321670115087,0.048634821163678024,APPROVE,22789262.0,POLICY_PASS,641.2764121730376,402.2725676625496,344.2811614249826,20.532547459224098,29.573151260216765,1437.9358399800105
APP-42-010060,2025-02-23 04:00:00,38,15450131.0,50,621,0.2441,145455280.0,12,1,Self-employed,Family,Mobile,0,0.1676094651879809,CASH_LOAN,0.5838814994002036,266.0,0,0.12555887357045256,9534266.9151893,41,1,0.0,0,,0.12178591623237639,0.11552616330186743,APPROVE,37372012.87328,POLICY_PASS,935.9556662760394,270.75980196094844,422.9588168481457,34.64558280997645,46.42311540202767,1710.7429832971377
APP-42-010061,2025-02-23 05:00:00,28,15283472.0,22,639,0.4912,118132747.0,12,2,Salaried,Rented,Branch,0,0.3227769481114636,CASH_LOAN,0.793704728671236,696.0,0,0.09700660718542631,3417551.3227288164,46,1,0.0,0,,0.0500902767808876,0.23053651857365942,REVIEW,24883937.771519996,ENHANCED_DUE_DILIGENCE,709.1378115357459,255.13286873861054,289.07779602320437,26.081720287739866,46.55480653719738,1325.9850031224983
APP-42-010062,2025-02-23 06:00:00,20,16401708.0,57,638,0.3778,50349296.0,36,2,Contract,Rented,Mobile,0,0.18947801782177692,CASH_LOAN,0.9210710924861778,231.0,1,0.033572748112547075,3115264.164562125,52,1,0.0,1,0.8918628014897834,0.04662904959291119,0.11714125259784001,APPROVE,32656456.696319997,POLICY_PASS,626.1742705653777,266.15596047838835,254.09303057993537,30.75786111779112,30.250720775307656,1207.4318435168002
APP-42-010063,2025-02-23 07:00:00,39,26832151.0,39,534,0.377,98756819.0,12,1,Contract,Family,Partner,0,0.1721149478257275,CASH_LOAN,0.9582471332102794,258.0,0,0.009530433535989867,12380997.796292221,51,1,0.0,1,0.7121344038703432,0.019917331158474865,0.10917418697415776,APPROVE,53492576.233600006,POLICY_PASS,716.3281991985606,269.3431865912495,217.4427447115445,30.609732762785953,31.39250663485173,1265.1163698989924
APP-42-010064,2025-02-23 08:00:00,27,19715364.0,64,669,0.3818,31735097.0,24,0,Salaried,Mortgage,Branch,0,0.05877923559173752,BUSINESS_LOAN,0.9009581619519639,487.0,0,0.03680880730895395,2569630.4874026724,47,1,79781820.20322546,1,0.9377341594128779,0.0272891451892232,0.03418772887226716,APPROVE,31735097.0,POLICY_PASS,623.933293913409,198.12027731361425,300.310609929078,39.53418554383914,50.803120242219094,1212.7014869421596
APP-42-010065,2025-02-23 09:00:00,41,11961306.0,64,613,0.1808,44918380.0,12,2,Salaried,Rented,Branch,0,0.13162602268913448,CASH_LOAN,0.944224994257987,248.0,0,0.14335259654360272,6901395.374694222,37,1,0.0,1,0.8295859146119864,0.031198576698096104,0.08931569613624861,APPROVE,31355846.00064,POLICY_PASS,579.3124605749049,217.12791779738183,168.7986327288027,33.48169045756346,45.9126671046729,1044.6333686633257
APP-42-010066,2025-02-23 10:00:00,28,12200428.0,26,754,0.1263,14725578.0,12,0,Salaried,Rented,Mobile,0,0.039590147623191144,BNPL,0.929503613769943,521.0,2,0.0913248851131199,2511954.0815386474,45,1,0.0,4,0.9739009563635338,0.09709385505452248,0.023603898514742375,APPROVE,14725578.0,POLICY_PASS,593.3960627563225,231.15172803803728,187.0994820639309,18.176004991686433,43.82585094357485,1073.6491287935519
APP-42-010067,2025-02-23 11:00:00,26,16168434.0,42,702,0.418,33945715.0,12,0,Self-employed,Owned,Mobile,1,0.08308567708974358,BUSINESS_LOAN,0.8394854656200329,68.0,1,0.08192123693416681,10519704.360000167,65,0,90132376.45405446,1,0.7488340150007556,0.07377650469449681,0.06330751568704386,APPROVE,33945715.0,POLICY_PASS,958.3301330132451,334.24178568417614,83.60039227777168,23.4032024415294,19.042145247866884,1418.6176586645893
APP-42-010068,2025-02-23 12:00:00,36,21255010.0,41,710,0.7407,43749227.0,24,1,Self-employed,Mortgage,Partner,0,0.14219843973444715,BUSINESS_LOAN,0.9726213559297473,125.0,0,0.12125086124928797,13816654.768264359,45,0,83784137.65419029,1,0.9179172970777557,0.026052158895284932,0.11188931177769779,APPROVE,43749227.0,POLICY_PASS,576.7507658725353,250.86787461198097,212.38424536849047,20.79459527429346,53.71912212133744,1114.5166032486377
APP-42-010069,2025-02-23 13:00:00,56,17651862.0,48,774,0.0602,90915622.0,12,1,Salaried,Rented,Partner,1,0.06856553883755404,CASH_LOAN,0.9581860452944324,122.0,0,0.01621153813284423,8680194.170632532,47,1,0.0,0,,0.020317483680078838,0.041655371759327944,APPROVE,53085503.70432,POLICY_PASS,738.5020208162583,296.6459548584844,253.55446490165997,21.872708162969943,46.09202432947408,1356.6671730688465
APP-42-010070,2025-02-23 14:00:00,42,16808793.0,97,693,0.2816,94376442.0,24,1,Salaried,Owned,Mobile,0,0.07147128201149225,BNPL,0.9047455008714531,101.0,1,0.0221674993295611,1386168.8868113512,36,0,0.0,1,0.9752520130017472,0.04818015309606219,0.05155104104952083,APPROVE,25000000.0,POLICY_PASS,406.1396749534922,399.002281543357,299.5996266924817,39.623717464812685,53.644890062207935,1198.0101907163514
APP-42-010071,2025-02-23 15:00:00,36,18464089.0,33,629,0.4215,25811045.0,24,1,Self-employed,Rented,Mobile,0,0.10596467619796619,CASH_LOAN,0.893086854055031,131.0,0,0.17218464935579694,1516748.9355164934,43,1,0.0,2,0.6283045922042114,0.041709947997787024,0.07599904140538695,APPROVE,25811045.0,POLICY_PASS,819.4683579174973,302.4871400931013,361.6393080881189,25.226696956245313,66.06541151199097,1574.886914566954
APP-42-010072,2025-02-23 16:00:00,38,17644927.0,42,456,0.3503,30265053.0,18,0,Salaried,Rented,Mobile,0,0.17009229187185226,CASH_LOAN,0.837304323157117,193.0,1,0.060713703252867846,1583165.4175633027,49,1,0.0,1,0.849515100194605,0.0701402442486077,0.10790777714310025,APPROVE,30265053.0,POLICY_PASS,814.4271077044837,207.7011005038243,233.4149633889159,29.609317689676885,74.63104926027066,1359.7835385471715
APP-42-010073,2025-02-23 17:00:00,20,11718411.0,64,657,0.3792,43417157.0,6,0,Salaried,Family,Mobile,0,0.09124344675963489,BNPL,0.9401448324177589,235.0,1,0.0827949874463085,5355111.523114082,38,0,0.0,0,,0.04972595724048532,0.07327415478973262,APPROVE,23279326.556160003,POLICY_PASS,566.9908091147778,272.06221533575325,231.79805237111978,19.451357877295482,46.88522540534192,1137.1876601042884
APP-42-010074,2025-02-23 18:00:00,25,33090617.0,52,765,0.3245,130378589.0,36,1,Salaried,Family,Mobile,0,0.04466807013443257,BUSINESS_LOAN,0.9174999210908716,299.0,0,0.08784956839315919,19478995.054351445,31,0,146610821.48561242,1,0.8930333758163959,0.02959951264355639,0.034662386728363276,APPROVE,80635951.81708685,POLICY_PASS,722.0726344974237,262.1662793843271,350.8496888829531,22.957185074628878,34.423328755330864,1392.4691165946635
APP-42-010075,2025-02-23 19:00:00,20,13805961.0,79,704,0.3853,101226993.0,12,2,Salaried,Rented,Branch,0,0.15201229088335422,BNPL,0.983398939842848,154.0,1,0.009102756411554381,6011478.648594538,53,1,0.0,1,0.9262048720330309,0.03379813110754018,0.08981146191296861,APPROVE,25000000.0,POLICY_PASS,557.0234399295493,249.76973197971222,186.37556929525135,38.892408553388144,51.785280249396365,1083.8464300072976
APP-42-010076,2025-02-23 20:00:00,51,19325840.0,63,603,0.2911,67946741.0,24,1,Salaried,Rented,Partner,0,0.13993939883082934,CASH_LOAN,0.9389856863383187,154.0,1,0.02759931263903478,12474183.891143009,37,1,0.0,2,0.8059255228662723,0.04265816008890097,0.08859826057875217,APPROVE,43840281.523200005,POLICY_PASS,436.3515836581756,199.60297990350338,232.39946662540635,24.875790408825168,52.73111216717271,945.9609327630833
APP-42-010077,2025-02-23 21:00:00,49,5796112.0,42,644,0.5186,72890261.0,24,0,Self-employed,Owned,Partner,0,0.2226437243860795,BUSINESS_LOAN,0.9904958518150438,104.0,0,0.07406749602487492,3309880.2028336907,46,0,38851545.14677344,1,0.7256491033094246,0.021085058592563762,0.18175977996575193,REVIEW,21368349.830725394,CREDIT_OR_AFFORDABILITY,768.2544052400441,248.10952259174712,191.61891868528713,29.259110398084758,43.41535358324229,1280.6573104984052
APP-42-010078,2025-02-23 22:00:00,39,15990997.0,54,600,0.1886,59189646.0,36,1,Self-employed,Mortgage,Branch,0,0.08761161361155556,BNPL,0.870282524033829,347.0,0,0.06969248651520162,3771041.4410316776,47,1,0.0,1,0.9710819579277833,0.03402280663698628,0.052341362616692824,APPROVE,25000000.0,POLICY_PASS,1013.936409163336,363.5483763432561,357.2498877559357,26.256828732249453,44.394597882933304,1805.3860998777106
APP-42-010079,2025-02-23 23:00:00,36,9831561.0,91,662,0.3768,71223073.0,18,2,Salaried,Family,Mobile,0,0.12086501140458844,CASH_LOAN,0.9132588937964148,124.0,0,0.039335709415318276,7172854.194340902,48,1,0.0,0,,0.02614307081999748,0.0761557888093252,APPROVE,19606492.20864,POLICY_PASS,552.7575682822217,371.83088439357005,205.22142745446075,30.8376282569678,48.11247735854411,1208.7599857457642
APP-42-010080,2025-02-24 00:00:00,21,10505614.0,24,603,0.1071,31511323.0,12,4,Salaried,Family,Mobile,0,0.14540368685656996,BNPL,0.841583244802522,616.0,0,0.13105395636107667,4908807.964189796,55,1,0.0,0,,0.04558639717035311,0.09727948971848983,APPROVE,25000000.0,POLICY_PASS,604.7041585784407,293.80796501100036,322.4487779319687,28.20259711483379,59.903657293674534,1309.0671559299178
APP-42-010081,2025-02-24 01:00:00,33,68208830.0,25,744,0.1594,37507651.0,36,2,Contract,Mortgage,Branch,0,0.0299356794320645,BNPL,0.9326260240759271,404.0,1,0.09722076241316045,35765256.54818638,48,0,0.0,0,,0.053384779769892594,0.023513280835578285,APPROVE,25000000.0,POLICY_PASS,602.7357304555018,223.61383934031463,234.70526790143873,25.826276949472863,38.56270529339811,1125.443819940126
APP-42-010082,2025-02-24 02:00:00,51,20647846.0,27,649,0.2965,31578982.0,9,2,Salaried,Family,Mobile,1,0.08441609416291841,BNPL,0.8289866080402986,239.0,2,0.005918368198980457,11897131.26202031,41,0,0.0,2,0.9319877167664105,0.11264651913365992,0.06059914631833071,APPROVE,25000000.0,POLICY_PASS,598.1640627435627,157.76600131460194,242.93026636386622,35.35459940052833,51.974395339006016,1086.189325161565
APP-42-010083,2025-02-24 03:00:00,36,35328286.0,43,659,0.2993,117291397.0,36,2,Self-employed,Rented,Mobile,0,0.1429114594112684,CASH_LOAN,0.8780765961460402,552.0,0,0.13236796446215635,8715756.161606615,45,1,0.0,2,0.8764722414307714,0.03951273074812052,0.09406498922027799,APPROVE,70000000.0,POLICY_PASS,803.0838674583074,346.5978231349945,315.86399760326475,31.81459243043835,46.30693683455685,1543.667217461562
APP-42-010084,2025-02-24 04:00:00,30,28811907.0,46,580,0.3585,168351390.0,12,1,Salaried,Rented,Mobile,0,0.18593739052487215,CASH_LOAN,0.920806067208773,119.0,1,0.05212898125039607,18817549.228718355,51,1,0.0,2,0.9776341646552297,0.049219256715718404,0.11376766676614705,APPROVE,59145082.68959999,POLICY_PASS,497.45576396694696,207.6961559044771,300.20461116688614,45.34165902147138,44.88723583572356,1095.585425895505
APP-42-010085,2025-02-24 05:00:00,20,30912336.0,98,610,0.1763,54657070.0,24,1,Salaried,Rented,Branch,0,0.05754371178470872,CASH_LOAN,0.9441714340382661,623.0,0,0.022798023611300813,19912481.85426427,43,1,0.0,2,0.8542481867674702,0.021942867290270007,0.03418713751381901,APPROVE,54657070.0,POLICY_PASS,357.2650614021453,474.43944538355197,213.714190683902,30.685303508990238,39.58229274940335,1115.686293727993
APP-42-010086,2025-02-24 06:00:00,47,16133250.0,37,557,0.0464,155272267.0,18,2,Salaried,Mortgage,Mobile,0,0.280267761380955,CASH_LOAN,0.9685633499975084,491.0,0,0.05943105890523865,2963091.4214210385,39,1,0.0,0,,0.022103391404985913,0.19441705969382134,REVIEW,49230935.04,CREDIT_OR_AFFORDABILITY,734.7753471526053,279.6816452949814,274.59452261521614,25.599774249979657,29.600387843702283,1344.2516771564847
APP-42-010087,2025-02-24 07:00:00,34,43549267.0,19,742,0.2377,89005613.0,24,1,Salaried,Rented,Mobile,0,0.03678053018328234,CASH_LOAN,0.9644938348597706,340.0,0,0.02280312930054467,23568784.157025345,49,1,0.0,0,,0.020184195177955448,0.02207018487069198,APPROVE,70000000.0,POLICY_PASS,612.9343455586237,165.20861516106766,252.29337604245333,40.308503775121366,38.0881472277988,1108.832987765065
APP-42-010088,2025-02-24 08:00:00,20,28675691.0,91,603,0.1216,51497987.0,12,0,Salaried,Family,Partner,0,0.049099138322551916,CASH_LOAN,0.7406392436865403,322.0,3,0.07885152617062066,14157059.17188286,54,1,0.0,1,0.9174337737287861,0.3048876275595653,0.02909506991836867,REVIEW,51497987.0,ENHANCED_DUE_DILIGENCE,583.776252831993,240.08386774691394,337.76287033186986,43.80238442344765,57.22491414449868,1262.6502894787232
APP-42-010089,2025-02-24 09:00:00,27,18413903.0,36,651,0.1718,15361978.0,36,2,Salaried,Owned,Mobile,0,0.05698651515394348,BUSINESS_LOAN,0.9062305883975247,199.0,1,0.008903109065549315,7674032.09995795,43,1,120667964.24344656,1,0.9496588682958187,0.04611261141572041,0.032594119588434396,APPROVE,15361978.0,POLICY_PASS,428.743106707632,232.1206181043525,225.46732785660106,30.535133995528845,54.429653657258065,971.2958403213726
APP-42-010090,2025-02-24 10:00:00,24,20804744.0,73,528,0.1099,239702840.0,12,0,Salaried,Owned,Mobile,0,0.17548958088257158,BNPL,0.9421162880366394,437.0,2,0.014041515597693236,8240229.8961133715,58,1,0.0,1,0.8401116764183224,0.07482963774246358,0.10671800067218967,REVIEW,25000000.0,CREDIT_OR_AFFORDABILITY,818.3437931275305,247.4719903068564,159.28471334171167,40.26962184251022,39.188080912392294,1304.5581995310013
APP-42-010091,2025-02-24 11:00:00,34,16695996.0,83,551,0.2294,102959127.0,12,1,Self-employed,Rented,Mobile,1,0.2212573559783352,CASH_LOAN,0.9742745430598042,36.0,1,0.049339804492581234,1387716.18214595,54,1,0.0,1,0.8755740029631074,0.03939464890239317,0.14039399373610056,REVIEW,41170990.45632,CREDIT_OR_AFFORDABILITY,490.4565890685043,358.6411468821063,315.41193796501955,38.12174442258883,38.07212310464465,1240.7035414428635
APP-42-010092,2025-02-24 12:00:00,37,18524669.0,56,622,0.0895,52491585.0,18,1,Contract,Owned,Mobile,0,0.0791644661063667,CASH_LOAN,0.9441728321956497,218.0,2,0.03236262850795463,1616675.370340526,40,0,0.0,1,0.8355870306884803,0.07810062577647933,0.05951551893701752,APPROVE,52491585.0,POLICY_PASS,553.9054955815169,314.2986820418688,121.57864209194202,19.26498305561371,52.045000307253396,1061.0928030781947
APP-42-010093,2025-02-24 13:00:00,30,17573487.0,48,618,0.2292,57686359.0,24,2,Salaried,Rented,Mobile,0,0.13711668615854367,CASH_LOAN,0.8748828481743195,146.0,0,0.004884097471192758,5629372.051956449,50,1,0.0,1,0.8800173654523121,0.02765630330083464,0.0816760560297119,APPROVE,43346060.094720006,POLICY_PASS,634.8370373454047,323.9689672429067,109.6812846531943,34.87780287047812,48.39572725327238,1151.760819365256
APP-42-010094,2025-02-24 14:00:00,42,22202730.0,31,658,0.5145,144053349.0,24,3,Self-employed,Owned,Mobile,0,0.30699208864931893,BUSINESS_LOAN,0.8313292006569472,248.0,0,0.10883972738471095,7780091.387086903,50,1,154137066.09363607,0,,0.044571577888938195,0.21796079910790508,REVIEW,84775386.35149984,CREDIT_OR_AFFORDABILITY,631.8047296573823,210.18590403155838,267.33990354207566,34.54321217977449,36.25230544920128,1180.1260548599919
APP-42-010095,2025-02-24 15:00:00,36,46869041.0,30,785,0.2884,44636693.0,6,4,Salaried,Owned,Mobile,0,0.04792880921058193,BUSINESS_LOAN,0.939964264784217,331.0,1,0.07585935194180239,9169781.68986583,47,1,157492369.00059867,1,0.7807474150691397,0.04878710543802135,0.029879352451604908,APPROVE,44636693.0,POLICY_PASS,559.3192876428669,315.70694330934805,276.67069669171127,31.159414155236576,26.347399721837238,1209.2037415210002
APP-42-010096,2025-02-24 16:00:00,45,9276682.0,84,495,0.4488,21760301.0,12,1,Salaried,Rented,Mobile,0,0.2062113668754043,CASH_LOAN,0.8859349690821734,107.0,1,0.10529328735607305,6110821.5178826805,48,1,0.0,1,0.8924798841848611,0.06567862042594204,0.135557425128244,REVIEW,16362582.77888,CREDIT_OR_AFFORDABILITY,705.9980458508629,304.9108618706257,255.12296137574086,31.72445187635042,38.05084959811581,1335.8071705716957
APP-42-010097,2025-02-24 17:00:00,32,33739420.0,61,710,0.0979,137389556.0,18,1,Salaried,Rented,Mobile,0,0.07866986687067352,CASH_LOAN,0.9750424444658191,77.0,0,0.09168077541883951,22962246.87806247,31,1,0.0,0,,0.023657438030591116,0.05221303178667268,APPROVE,70000000.0,POLICY_PASS,518.8561220437243,330.5588412440905,250.50360212497424,26.090505018733083,28.02754086966384,1154.036611301186
APP-42-010098,2025-02-24 18:00:00,62,14699931.0,85,676,0.2472,37740289.0,12,2,Contract,Family,Mobile,0,0.08630097124284583,CASH_LOAN,0.8030085311136465,730.0,0,0.005426965873501486,5934506.450468771,50,0,0.0,1,0.7375921397179561,0.03709920199955288,0.06435221263675665,APPROVE,35411545.78176,POLICY_PASS,453.1895801996667,325.96059249099045,263.71493237997305,15.145857921557738,43.60847634548325,1101.6194393376713
APP-42-010099,2025-02-24 19:00:00,30,36186513.0,37,595,0.4258,41161761.0,24,2,Salaried,Owned,Mobile,0,0.07979909230434443,BNPL,0.8202262557828316,215.0,0,0.19907971060550358,5195233.259300274,46,1,0.0,1,0.8191771898162491,0.06021604648427345,0.05449948048275396,APPROVE,25000000.0,POLICY_PASS,442.3717314631871,364.88193043799765,145.27516521698413,37.49641916869448,47.57677407290915,1037.6020203597725
APP-42-010100,2025-02-24 20:00:00,27,14983908.0,94,609,0.3811,18227912.0,36,0,Salaried,Rented,Partner,0,0.11142699421934246,BNPL,0.7971970278410075,278.0,1,0.020874968261319907,1499089.5416574266,44,1,0.0,0,,0.07339968885823574,0.06955203539578485,APPROVE,18227912.0,POLICY_PASS,605.4511785614388,348.6219134662249,215.19623583298227,37.002830514301195,42.27775829548721,1248.5499166704344
APP-42-010101,2025-02-24 21:00:00,26,22587266.0,113,721,0.1593,140028270.0,12,1,Salaried,Rented,Mobile,0,0.07022517669365425,BNPL,0.930406694857171,34.0,1,0.05686150401480286,3555298.51561388,32,0,0.0,0,,0.048010987313273135,0.05574600655954834,APPROVE,25000000.0,POLICY_PASS,576.2620696436419,281.2703817126893,123.85245113983336,11.646995085156625,37.462726808600294,1030.4946243899215
APP-42-010102,2025-02-24 22:00:00,33,16494177.0,22,636,0.4989,99481578.0,12,1,Contract,Rented,Partner,0,0.2892573144179163,CASH_LOAN,0.849747663637039,461.0,0,0.14094739341874657,8518464.261588544,47,0,0.0,1,0.8148388679796249,0.0453862329142084,0.24384106943631637,REVIEW,26448742.703040004,ENHANCED_DUE_DILIGENCE,401.70915974356456,211.43072820134813,223.3967303657815,14.809866345398735,53.2673247597086,904.6138094158016
APP-42-010103,2025-02-24 23:00:00,20,6948641.0,23,617,0.351,17243206.0,18,2,Self-employed,Rented,Mobile,0,0.1643068617155388,BNPL,0.8970090263797975,418.0,0,0.05458243629453575,4235121.852814792,45,1,0.0,1,0.8912049214345029,0.029207404182472627,0.10312724812205264,REVIEW,14430937.628800003,CREDIT_OR_AFFORDABILITY,588.1900682325418,287.36044020929853,261.69083406630716,39.30574641263787,50.49398016128837,1227.0410690820738
APP-42-010104,2025-02-25 00:00:00,38,46843349.0,75,564,0.2473,102247916.0,12,1,Self-employed,Family,Mobile,1,0.07491793884937104,CASH_LOAN,0.9272969862797672,175.0,2,0.09373534405956255,12931809.559398253,31,1,0.0,1,0.8850410333023192,0.09854993196735007,0.047847794154614154,APPROVE,70000000.0,POLICY_PASS,581.4374641674059,323.2428621484804,277.43873410583825,19.855471720832462,31.240663610627088,1233.215195753184
APP-42-010105,2025-02-25 01:00:00,20,10717279.0,55,580,0.3452,88444159.0,24,2,Self-employed,Rented,Partner,0,0.3050439945320436,CASH_LOAN,0.8347439834409734,197.0,1,0.011710275368981319,6902671.884898465,40,0,0.0,2,0.8937666182994085,0.061757448685844374,0.2381698038238508,REVIEW,22456557.725440003,ENHANCED_DUE_DILIGENCE,609.4432653642397,280.85232838694293,323.6524089219814,32.28658849666797,22.833158112472763,1269.0677492823047
APP-42-010106,2025-02-25 02:00:00,36,18849895.0,44,552,0.3441,125000767.0,36,2,Self-employed,Owned,Branch,0,0.2741273282762663,CASH_LOAN,0.9702862045179607,64.0,1,0.09738063088405426,10631063.78830575,52,1,0.0,1,0.8472762344250705,0.045954474631141225,0.1855891946917297,REVIEW,39563667.617599994,CREDIT_OR_AFFORDABILITY,756.267319751013,441.6436849798886,219.800057148345,27.12478857805733,37.12302485338809,1481.9588753106923
APP-42-010107,2025-02-25 03:00:00,23,10089949.0,82,704,0.1523,37847050.0,18,0,Salaried,Rented,Mobile,0,0.07075088811437621,CASH_LOAN,0.8471431430971761,405.0,0,0.001684641802276147,2326449.3291995525,32,1,0.0,0,,0.030681086750386468,0.04381612706597401,APPROVE,27370399.255360004,POLICY_PASS,476.98778680730544,278.0956134998794,241.4610019751094,16.31584110754412,69.73988623094903,1082.6001296207874
APP-42-010108,2025-02-25 04:00:00,32,8628070.0,34,584,0.1407,17226651.0,24,2,Salaried,Rented,Branch,0,0.126932514068322,CASH_LOAN,0.9434389192637488,143.0,0,0.010870490907167917,1338117.1008157309,45,1,0.0,0,,0.02125181710545974,0.07905879147788344,APPROVE,17226651.0,POLICY_PASS,693.0412813300144,345.0276540887659,209.25763713330744,39.12764585783857,57.4970297606815,1343.9512481706079
APP-42-010109,2025-02-25 05:00:00,40,16081264.0,36,554,0.2435,38675667.0,12,0,Salaried,Rented,Partner,1,0.1797080917839884,CASH_LOAN,0.8856331832143636,216.0,1,0.06106875585938374,3435195.8443702115,49,1,0.0,0,,0.05806062989849086,0.11758252196385396,APPROVE,38675667.0,POLICY_PASS,653.4990536940697,366.5651973711902,325.22333180325586,39.50666219586251,47.713426286043024,1432.507671350421
APP-42-010110,2025-02-25 06:00:00,56,12986892.0,24,653,0.3563,20823732.0,24,2,Contract,Mortgage,Branch,0,0.1024062499118255,CASH_LOAN,0.828205506286895,21.0,1,0.007683660131421049,6256645.353662866,46,1,0.0,0,,0.06265475205771934,0.06285502658970481,APPROVE,20823732.0,POLICY_PASS,677.8581183810613,351.814046061988,197.44089118704966,36.90455455026248,50.47266882361063,1314.4902790039719
APP-42-010111,2025-02-25 07:00:00,25,9464268.0,88,581,0.5191,113458958.0,12,1,Salaried,Family,Mobile,1,0.20099906401582798,BNPL,0.9550070032826912,182.0,0,0.02985827520667203,5139107.226987746,44,1,0.0,1,0.8764836805230604,0.02142676916270698,0.12690415032955968,REVIEW,14564372.73984,CREDIT_OR_AFFORDABILITY,562.8069374070278,363.6342539745319,234.7199296630016,8.0,16.535825895104054,1185.6969469396654
APP-42-010112,2025-02-25 08:00:00,34,17652613.0,21,751,0.3097,11086087.0,36,1,Self-employed,Family,Mobile,0,0.03269852572013291,BUSINESS_LOAN,0.9857661199588087,158.0,2,0.1491759866776806,2053715.6016618728,37,1,45970953.947360024,1,0.8148695191659271,0.09173020561580945,0.02158872156517399,APPROVE,11086087.0,POLICY_PASS,536.4630932997201,366.76989108760824,250.70980112908796,34.812244681116795,65.63319461239954,1254.3882248099326
APP-42-010113,2025-02-25 09:00:00,28,7967120.0,82,643,0.2825,45892580.0,12,0,Contract,Rented,Mobile,0,0.11840801135351589,BUSINESS_LOAN,0.8829839106156572,336.0,1,0.01559673083556877,2994613.965637603,38,0,50268357.567115724,0,,0.05157614574819232,0.0913804076360807,APPROVE,27647596.661913652,POLICY_PASS,345.02398869885246,288.5160740947958,299.36358335129285,27.355518691811685,27.39297458408193,987.6521394208347
APP-42-010114,2025-02-25 10:00:00,27,19286056.0,69,655,0.373,29006709.0,24,2,Salaried,Family,Mobile,0,0.09165819409761715,BUSINESS_LOAN,0.9484815449017936,490.0,0,0.011017018101502971,2945982.9814035585,69,0,93172504.69130982,1,0.8354565446349802,0.020824689198808935,0.06452941298905832,APPROVE,29006709.0,POLICY_PASS,694.9679226664214,389.8750017071552,201.256539647242,42.68272551298645,16.815742620381748,1345.597932154187
APP-42-010115,2025-02-25 11:00:00,29,16782589.0,83,655,0.3342,36593831.0,12,2,Salaried,Family,Mobile,0,0.09014408690813701,BNPL,0.9558710597645691,66.0,1,0.06900374575423728,3092422.0967063685,48,1,0.0,1,0.8552587482560088,0.04488846727133651,0.055582406705960284,APPROVE,25000000.0,POLICY_PASS,650.2869713953168,359.7322648516853,271.98511559968154,35.00499579317065,50.0318800723125,1367.0412277121668
APP-42-010116,2025-02-25 12:00:00,42,4600424.0,25,681,0.163,45289075.0,24,1,Salaried,Family,Branch,0,0.05073368333339538,BNPL,0.9951331817259884,372.0,0,0.04587073277870214,3216461.985051923,47,1,0.0,0,,0.019040793617383978,0.03125880839953702,APPROVE,12321775.6416,POLICY_PASS,635.1763812760083,119.7200624033058,292.1386082102955,27.119289257554236,45.88463108996598,1120.03897223713
APP-42-010117,2025-02-25 13:00:00,31,13499617.0,47,691,0.1916,71984426.0,18,0,Salaried,Owned,Branch,0,0.07302007720267477,CASH_LOAN,0.9133222269611371,113.0,2,0.029940006571527285,9772366.115758717,46,1,0.0,0,,0.08737360680604567,0.044970201175099575,APPROVE,34921889.22496,POLICY_PASS,724.3266160472544,328.01047815310153,307.3045924280511,34.22575531972212,51.715814307791945,1445.5832562559212
APP-42-010118,2025-02-25 14:00:00,55,23289375.0,31,642,0.2843,55782363.0,24,1,Salaried,Owned,Mobile,0,0.06102118702730993,BUSINESS_LOAN,0.8424587429930044,121.0,0,0.10448764750382315,17034074.065036204,43,1,121240874.92696196,1,0.849812614985101,0.042093220229799666,0.03856247873385992,APPROVE,55782363.0,POLICY_PASS,829.2523981368585,251.40652555078825,335.49658959055137,29.76927099423424,36.40808600537298,1482.3328702778051
APP-42-010119,2025-02-25 15:00:00,39,10028405.0,107,567,0.3165,53091365.0,6,0,Salaried,Family,Mobile,0,0.10335644952330171,BUSINESS_LOAN,0.7838881153863827,342.0,0,0.1067440797045884,7340858.270508386,38,1,54674754.77901309,2,0.8492138251908355,0.05355022810416169,0.06715843764613831,APPROVE,30071115.128457204,POLICY_PASS,416.38096098829,442.2568932553784,214.68081927518747,41.06705034048873,53.89556881044483,1168.2812926697893
APP-42-010120,2025-02-25 16:00:00,26,23851747.0,53,629,0.2756,45731267.0,9,2,Salaried,Family,Mobile,0,0.0961509269155855,CASH_LOAN,0.7891120086214659,301.0,0,0.11957137426955734,5560548.788126572,42,1,0.0,1,0.9445812710382544,0.05439481395620766,0.06074289489210544,APPROVE,45731267.0,POLICY_PASS,848.5603078152242,324.8223393332514,286.6962960639594,37.34837617967587,35.725374064002494,1533.1526934561134
APP-42-010121,2025-02-25 17:00:00,32,22836162.0,36,644,0.3198,126889410.0,6,1,Salaried,Family,Mobile,0,0.119071468797827,CASH_LOAN,0.913260290391349,69.0,0,0.0307745075749248,1895007.5172465283,37,1,0.0,0,,0.025496928002251465,0.07605669035356033,APPROVE,49706103.65568,POLICY_PASS,765.2998560419001,442.10332690588143,328.32529177637787,26.554910132447766,52.322397447836316,1614.6057823044432
APP-42-010122,2025-02-25 18:00:00,28,10284367.0,30,522,0.7536,88119553.0,24,0,Salaried,Mortgage,Mobile,0,0.3462702614246262,CASH_LOAN,0.8659499848648773,496.0,0,0.09871948518955034,2213825.1280752234,36,0,0.0,0,,0.037657746354480603,0.29766645699487465,REVIEW,8109017.692159999,ENHANCED_DUE_DILIGENCE,762.0664204163013,278.4790164719261,224.4077581277844,28.10766369747685,51.784090496770204,1344.8449492102588
APP-42-010123,2025-02-25 19:00:00,42,17878815.0,56,488,0.2006,35488394.0,24,1,Salaried,Rented,Partner,0,0.16987058897312415,CASH_LOAN,0.9083459929518388,199.0,0,0.0445500197713852,3191143.11884269,42,1,0.0,0,,0.027082721737488356,0.11084564650447919,APPROVE,35488394.0,POLICY_PASS,705.8939449489367,365.6003892296381,350.8975883337855,29.857232465778807,15.093238434856346,1467.3423934129955
APP-42-010124,2025-02-25 20:00:00,20,28335540.0,37,553,0.8615,22133166.0,24,0,Contract,Owned,Partner,1,0.17352373449631073,BNPL,0.8625034589540144,762.0,2,0.004148772535391441,4709250.756177521,53,0,0.0,2,0.9635725273704012,0.09884999695542472,0.12424651877768171,REVIEW,12558311.327999996,CREDIT_OR_AFFORDABILITY,512.8997138350805,344.15705208592334,236.49339415418956,17.39110726563469,30.192354920870446,1141.1336222616987
APP-42-010125,2025-02-25 21:00:00,23,11115489.0,39,500,0.2766,61315034.0,9,1,Salaried,Owned,Branch,1,0.14002695635691273,CASH_LOAN,0.8783457327302633,245.0,0,0.0963647893189604,2126061.9574519447,37,1,0.0,1,0.8602733572035177,0.03557264011358933,0.0915483424285969,APPROVE,25731023.17632,POLICY_PASS,766.4137419631593,392.5618223373121,170.05668085499548,29.334875553564164,30.288966217100338,1388.6560869261314
APP-42-010126,2025-02-25 22:00:00,30,16073564.0,46,605,0.442,59262757.0,36,1,Salaried,Owned,Branch,0,0.11480033542867583,BNPL,0.840666559117402,318.0,0,0.1579358840660591,11178037.419415321,53,1,0.0,1,0.8114581672109406,0.04940709344952063,0.0763077561247832,APPROVE,25000000.0,POLICY_PASS,550.3394035710636,204.27736256320918,364.738030844121,33.535662238383686,59.849955512754335,1212.740414729532
APP-42-010127,2025-02-25 23:00:00,41,33886045.0,141,584,0.5033,32782120.0,24,2,Salaried,Family,Mobile,0,0.11645113009135397,BNPL,0.7994698830397972,302.0,2,0.12286435610962851,9704674.2613483,42,0,0.0,0,,0.16949923446655885,0.09592665201418046,APPROVE,25000000.0,POLICY_PASS,419.97105846387046,237.21195197462933,277.270333724811,33.89733616746705,76.2999272734589,1044.6506076042367
APP-42-010128,2025-02-26 00:00:00,46,11230959.0,51,646,0.4092,34127745.0,24,3,Salaried,Owned,Mobile,0,0.15849447446951842,CASH_LOAN,0.9274403422002713,489.0,0,0.007034974472043394,1347533.760105963,50,1,0.0,1,0.9073117449049499,0.022441537282377147,0.09479968792475119,APPROVE,21232801.84704,POLICY_PASS,687.523593644707,345.76765838391606,155.17587750310207,31.133710486801807,51.47985693255053,1271.0806969510777
APP-42-010129,2025-02-26 01:00:00,47,23171170.0,36,691,0.3054,71588805.0,24,1,Salaried,Owned,Mobile,0,0.0698930848846309,BUSINESS_LOAN,0.9105730235324406,167.0,1,0.09047850825086261,5868042.909014361,37,1,159437143.09137526,4,0.8650761982576906,0.05716383026804042,0.04419269585890264,APPROVE,71588805.0,POLICY_PASS,532.9655504824981,315.78053623835183,197.683711076538,39.16156715228593,68.29345734315201,1153.884822292826
APP-42-010130,2025-02-26 02:00:00,40,9942482.0,51,661,0.2141,230505800.0,24,0,Salaried,Rented,Branch,0,0.1571291669005639,CASH_LOAN,0.8439110070448735,157.0,1,0.03734816602913924,5451038.5448520295,48,1,0.0,1,0.938849412264548,0.06402100924535294,0.09540216114138543,APPROVE,25004149.132160004,POLICY_PASS,730.8632989313801,374.69904306022374,228.83876322614822,39.654199676037045,60.43698192084841,1434.4922868146375
APP-42-010131,2025-02-26 03:00:00,34,16474977.0,32,671,0.425,132199157.0,6,3,Salaried,Mortgage,Mobile,0,0.2408008947771821,BNPL,0.7961220305743403,510.0,0,0.024114048647205844,3436165.3915422065,40,1,0.0,1,0.7663226856086015,0.040257434894463165,0.15974791471058408,REVIEW,25000000.0,CREDIT_OR_AFFORDABILITY,578.2403374474216,297.54290632795085,252.16581073687013,32.03287951616713,42.40057853983208,1202.382512568242
APP-42-010132,2025-02-26 04:00:00,42,23013280.0,106,708,0.1997,32659857.0,24,2,Contract,Family,Mobile,0,0.05975515433831009,CASH_LOAN,0.8063861830146045,261.0,0,0.04309872658531045,12782264.559623457,43,0,0.0,1,0.6303635073881196,0.04079576315818927,0.04748600016896737,APPROVE,32659857.0,POLICY_PASS,559.8439672458896,211.31715286853733,203.15497639446858,31.193738311151886,51.23321896659022,1056.7430537866376
APP-42-010133,2025-02-26 05:00:00,25,4796479.0,74,617,0.2742,57626682.0,12,0,Salaried,Rented,Mobile,1,0.11972342967114105,CASH_LOAN,0.8607965498602053,714.0,0,0.003386302546750875,664043.5704087475,43,1,0.0,0,,0.029165015968318293,0.0742262450183952,APPROVE,11140110.26624,POLICY_PASS,609.3150859341785,401.4404796304145,233.15409547691212,29.514449351293994,33.52961362070718,1306.953724013506
APP-42-010134,2025-02-26 06:00:00,20,13416618.0,22,452,0.5105,70888347.0,9,2,Salaried,Owned,Branch,0,0.35193492129179577,BNPL,0.8738975088012586,209.0,0,0.030141363775506736,1135943.329530764,32,1,0.0,1,0.807295996277472,0.02988826156422992,0.2471021733827044,REVIEW,21015790.435200006,ENHANCED_DUE_DILIGENCE,968.7114649036905,524.1125083045413,208.59670544190212,32.165781531031676,33.85046422182883,1767.4369244029942
APP-42-010135,2025-02-26 07:00:00,39,22794159.0,74,514,0.2771,80269838.0,36,0,Contract,Rented,Mobile,0,0.18782090237123092,BUSINESS_LOAN,0.987947765531473,789.0,0,0.02543840996289956,6518423.979256222,44,0,67598319.98963347,1,0.8905207986009378,0.018468176309815388,0.14181339996494718,REVIEW,37179075.99429841,CREDIT_OR_AFFORDABILITY,548.6378242611776,257.2271317475835,369.9223333351696,25.268485433126855,40.699970984985114,1241.7557457620428
APP-42-010136,2025-02-26 08:00:00,26,20380652.0,57,676,0.2707,165838807.0,36,1,Salaried,Family,Mobile,0,0.0782163958105451,BUSINESS_LOAN,0.78835890632519,240.0,1,0.004243442199338032,7898093.783588825,38,1,139733572.91179872,3,0.830004667663405,0.0725355902588623,0.04703662036988794,APPROVE,76853465.1014893,POLICY_PASS,615.365111723659,290.8140492596297,281.8374027110693,37.61218689766721,30.998580352816173,1256.6273309448413
APP-42-010137,2025-02-26 09:00:00,34,13505049.0,66,654,0.3833,46328996.0,24,1,Salaried,Rented,Partner,0,0.1314093701093207,CASH_LOAN,0.9543890440792511,475.0,0,0.03682374645866383,6694492.907807518,41,1,0.0,4,0.8653973678905447,0.02192491572828378,0.08146878712849023,APPROVE,26651403.898560002,POLICY_PASS,293.65745435902653,316.0279803115946,366.78566787429145,42.25740068446447,39.19379861466599,1057.9223018440432
APP-42-010138,2025-02-26 10:00:00,36,9804600.0,89,690,0.1617,30791955.0,24,1,Salaried,Rented,Partner,0,0.08024537567731294,CASH_LOAN,0.9312502863244216,442.0,0,0.06078683557725901,2612179.8986443765,47,1,0.0,0,,0.02585916772667256,0.05057363135702535,APPROVE,26301427.776000004,POLICY_PASS,482.6438610285593,269.93245584032286,260.10460032114764,22.60556103511306,44.193704433713634,1079.4801826588566
APP-42-010139,2025-02-26 11:00:00,37,25432489.0,27,845,0.6266,61330534.0,12,4,Contract,Rented,Mobile,0,0.19312467666822064,CASH_LOAN,0.9361950675241703,349.0,1,0.024229858352671198,5805389.565095456,40,1,0.0,2,0.8921353851288456,0.04272404987006532,0.12139332762197623,REVIEW,30388772.456319995,CREDIT_OR_AFFORDABILITY,625.6509867911838,356.30421169974136,229.6280249753379,31.0610806152435,44.17338924761525,1286.8176933291218
APP-42-010140,2025-02-26 12:00:00,43,15075155.0,47,656,0.092,31071792.0,24,1,Salaried,Owned,Mobile,0,0.06875239253928053,BUSINESS_LOAN,0.958813738726675,236.0,1,0.053249919069687554,7891836.606584681,39,1,53044614.017056495,1,0.8330850443247946,0.04240056220503143,0.04253337761372861,APPROVE,29174537.709381074,POLICY_PASS,684.9566319328874,256.5825410032975,245.83765332846124,20.78632361668588,12.0,1220.163149881332
APP-42-010141,2025-02-26 13:00:00,42,24296024.0,64,633,0.1566,57321280.0,12,0,Contract,Owned,Mobile,1,0.07882253470217578,CASH_LOAN,0.9804981799409538,185.0,0,0.015713329413129386,7388408.537562568,46,0,0.0,1,0.8091684096152779,0.018506518199242147,0.058336539595962036,APPROVE,57321280.0,POLICY_PASS,685.9626833216071,375.4987667540357,210.29954002060654,16.05477920353232,51.515880813576956,1339.3316501133588
APP-42-010142,2025-02-26 14:00:00,37,22186733.0,84,665,0.7147,35958709.0,12,4,Salaried,Owned,Mobile,1,0.17606980835187494,BUSINESS_LOAN,0.8638627069027273,142.0,0,0.04080050478600672,16156159.08809874,49,1,140578624.31899983,1,0.9269030110190777,0.03211401196638263,0.1082564369133005,APPROVE,35958709.0,POLICY_PASS,180.0,403.8760246980505,148.63988701983874,32.29237105455418,51.74598117480688,816.5542639472503
APP-42-010143,2025-02-26 15:00:00,31,14073473.0,71,554,0.1688,87136627.0,36,1,Self-employed,Family,Branch,0,0.15203845036352037,BNPL,0.9311450426515615,40.0,1,0.04451636598363026,1843913.4932053932,49,1,0.0,1,0.9801117620737848,0.046209436525050086,0.09134282893697217,APPROVE,25000000.0,POLICY_PASS,609.8360046013803,258.7805715222238,293.61467652951774,48.7855325205264,47.06144483218577,1258.078230005834
APP-42-010144,2025-02-26 16:00:00,36,32468835.0,46,694,0.5035,131487521.0,12,1,Salaried,Mortgage,Mobile,0,0.12229271779277655,BNPL,0.8552930744757558,259.0,0,0.11532066593610854,21229473.43532912,46,1,0.0,0,,0.041238545325118586,0.08155494258184703,APPROVE,25000000.0,POLICY_PASS,627.0616557588049,418.53052350502753,183.24275831235096,26.719339217965345,68.35026000727058,1323.9045368014195
APP-42-010145,2025-02-26 17:00:00,30,12981420.0,87,628,0.2834,26718507.0,24,3,Salaried,Owned,Mobile,0,0.1491363633622756,CASH_LOAN,0.8758925378518019,321.0,1,0.07814227418716203,3268739.3488979074,50,1,0.0,3,0.9521273251174742,0.06330924410787671,0.09208637175915343,APPROVE,26718507.0,POLICY_PASS,533.9339034539167,239.9946609214746,183.87076288352725,8.0,24.025499664174767,989.8248269230934
APP-42-010146,2025-02-26 18:00:00,33,34643892.0,44,761,0.1342,28531140.0,18,2,Salaried,Owned,Mobile,0,0.03392559813854591,CASH_LOAN,0.8739859492723963,29.0,0,0.04252760639834618,16882923.675976593,52,0,0.0,0,,0.03097355376607447,0.025427310117937352,APPROVE,28531140.0,POLICY_PASS,717.3102305618526,311.08870357644764,260.5021637374149,37.83928617267573,42.91032684048138,1369.650710888872
APP-42-010147,2025-02-26 19:00:00,59,37228800.0,40,525,0.2394,28526208.0,12,0,Salaried,Family,Mobile,0,0.06077595613887312,BUSINESS_LOAN,0.9392167349563174,385.0,0,0.1275005967987053,13247712.647854993,42,1,219777039.61643693,1,0.7873717523704661,0.03040685419013627,0.039831685819164395,APPROVE,28526208.0,POLICY_PASS,661.1353206960678,343.3204077571008,326.3516872920117,37.403481293168674,48.20833555046421,1416.4192325888132
APP-42-010148,2025-02-26 20:00:00,37,32070443.0,13,640,0.4316,44657601.0,24,1,Salaried,Rented,Partner,0,0.11313883081679879,CASH_LOAN,0.9796988645757686,226.0,0,0.03855038233502789,22129286.177994605,47,1,0.0,0,,0.019858125079752965,0.07114979692421419,APPROVE,44657601.0,POLICY_PASS,599.1313359437174,269.74513103843367,307.6047243939493,34.72003415558129,46.165124396123844,1257.3663499278057
APP-42-010149,2025-02-26 21:00:00,39,16298338.0,24,595,0.316,99801948.0,24,1,Salaried,Family,Mobile,1,0.11327587470913443,BNPL,0.9537571245285902,626.0,0,0.026320486388590653,11385206.632479604,49,1,0.0,1,0.9053065831820618,0.021314589461473094,0.06738567340947076,APPROVE,25000000.0,POLICY_PASS,644.6623434793597,311.6716530620209,297.54143777620425,33.38040789377489,63.34819363667238,1350.6040358480323
APP-42-010150,2025-02-26 22:00:00,29,73058850.0,44,563,0.4057,20896484.0,12,2,Salaried,Rented,Mobile,0,0.08677532848573544,CASH_LOAN,0.9463966622042315,571.0,0,0.03547182599109244,8618013.07868118,37,1,0.0,1,0.8709161507395448,0.022566792257624837,0.05303397052217357,APPROVE,20896484.0,POLICY_PASS,639.3221704785888,301.0701599508294,266.80044386780713,27.883996266252428,46.637143008440745,1281.7139135719183
APP-42-010151,2025-02-26 23:00:00,44,19567817.0,25,685,0.4924,66597821.0,18,1,Salaried,Family,Partner,0,0.0811532853404045,BNPL,0.9071551131195552,246.0,1,0.07844313192953846,12625283.708926506,37,1,0.0,0,,0.05600276993170179,0.05280259507359716,APPROVE,25000000.0,POLICY_PASS,724.1224663029564,206.2998710863449,324.5997710743747,31.153880680964047,18.595813918321987,1304.771803062962
APP-42-010152,2025-02-27 00:00:00,42,20551888.0,17,617,0.4542,162846670.0,18,0,Salaried,Family,Mobile,0,0.2029535273642815,CASH_LOAN,0.8901397216406008,204.0,1,0.021952785509324477,1824413.026239729,45,1,0.0,1,0.9856642804754548,0.05104138209315205,0.12377357361684223,REVIEW,35895105.50528001,CREDIT_OR_AFFORDABILITY,817.9394332077161,328.8691231583395,266.31403575125864,23.00819647554217,50.27567745930861,1486.4064660521651
APP-42-010153,2025-02-27 01:00:00,42,17782912.0,28,736,0.3055,30746904.0,24,1,Self-employed,Rented,Partner,0,0.07277770197392458,BNPL,0.9148699151762761,292.0,1,0.02393796714567412,9350995.883682009,36,1,0.0,2,0.9118215493887841,0.04650210033071409,0.04342280558733737,APPROVE,25000000.0,POLICY_PASS,528.0218631289883,314.6851778820261,293.2055578558093,45.353841052309726,45.223129822454474,1226.489569741588
APP-42-010154,2025-02-27 02:00:00,37,9669728.0,112,602,0.4682,36264408.0,24,3,Salaried,Rented,Mobile,0,0.27100334076438465,BNPL,0.882436207587298,59.0,0,0.007112448995723822,3733762.175402441,43,1,0.0,0,,0.0269908720994596,0.180168890388937,REVIEW,16455556.321280003,ENHANCED_DUE_DILIGENCE,353.0233187429889,386.5806507094982,214.0477100190528,37.37755633854126,59.36766323652958,1050.3968990466108
APP-42-010155,2025-02-27 03:00:00,44,36695790.0,21,612,0.4007,36649954.0,18,2,Salaried,Rented,Partner,0,0.11729628709272244,CASH_LOAN,0.8659302325496987,266.0,0,0.14135883723155476,21363792.967842996,37,0,0.0,0,,0.04258110244029619,0.09874322889295127,APPROVE,36649954.0,POLICY_PASS,579.003141192179,295.49335165815006,181.13757243335152,19.937717454700856,45.53031983712291,1121.1021025755044
APP-42-010156,2025-02-27 04:00:00,46,13138540.0,23,785,0.1348,142183202.0,24,1,Salaried,Owned,Mobile,0,0.08301198747054578,BUSINESS_LOAN,0.8422477511308405,215.0,0,0.05027777941633357,7844457.51352052,45,1,49317856.53858996,0,,0.03603350921020339,0.052183179732743286,APPROVE,27124821.09622448,POLICY_PASS,670.3165857073842,308.6627480663077,219.1341641832174,35.27914153889101,45.00647017101487,1278.399109666815
APP-42-010157,2025-02-27 05:00:00,38,29849194.0,81,543,0.3725,59692219.0,12,1,Salaried,Rented,Mobile,0,0.12860762265150855,CASH_LOAN,0.9442564965049447,92.0,0,0.03564400825342503,11733972.966541616,51,1,0.0,2,0.8221620528459603,0.02277740867104375,0.07905606387112521,APPROVE,59692219.0,POLICY_PASS,694.9811776512697,414.4873929093259,229.58944531009936,40.61622884461545,54.32516919865847,1433.999413913969
APP-42-010158,2025-02-27 06:00:00,34,34060078.0,64,584,0.3272,96886689.0,12,1,Contract,Mortgage,Partner,0,0.13350475338280235,BNPL,0.9741591484058215,252.0,0,0.02643937870330988,20599423.429205965,40,1,0.0,0,,0.019605396501652942,0.08506090224385063,APPROVE,25000000.0,POLICY_PASS,728.223720222214,470.96029796581615,183.66522955260734,51.28142451812353,36.84366032085555,1470.9743325796167
APP-42-010159,2025-02-27 07:00:00,43,25083205.0,48,418,0.3326,37203159.0,12,0,Salaried,Rented,Mobile,0,0.14421794140785013,BNPL,0.8728464543163883,156.0,0,0.05277960907088129,2851994.5443123444,35,0,0.0,0,,0.03205828315274913,0.11546390048354874,REVIEW,25000000.0,CREDIT_OR_AFFORDABILITY,904.7083515910947,379.6098027770203,201.90947732728813,34.71597059602411,30.846937147836265,1551.7905394392637
APP-42-010160,2025-02-27 08:00:00,27,12302330.0,78,608,0.4573,98465181.0,24,0,Self-employed,Family,Partner,1,0.21824081115188598,CASH_LOAN,0.8996919688166086,392.0,0,0.06884234908618903,7525495.226741734,36,1,0.0,1,0.8826051610219673,0.030114266871097528,0.14416767469386133,REVIEW,21364718.3712,CREDIT_OR_AFFORDABILITY,874.8237083023757,241.33995081532865,295.79750978583166,37.961264764112165,57.37917332334942,1507.3016069909977
APP-42-010161,2025-02-27 09:00:00,29,14921136.0,52,690,0.3971,50767625.0,24,1,Salaried,Rented,Mobile,0,0.09611627503782988,BUSINESS_LOAN,0.9216226318531524,451.0,2,0.02771396911179462,8016226.505711533,53,1,69233524.76510961,0,,0.08411752341643249,0.05889178112815561,APPROVE,38078438.62081029,POLICY_PASS,780.9285200657188,334.37242981388783,222.4670731702166,32.67045194619153,41.87507251551585,1412.3135475115305
APP-42-010162,2025-02-27 10:00:00,35,4128771.0,2,670,0.5812,165909717.0,18,1,Contract,Family,Mobile,0,0.2505939126124565,BNPL,0.9584526811561046,183.0,1,0.17239059053097547,2407398.265664171,41,0,0.0,0,,0.059617952039300086,0.21871776347788274,REVIEW,5533213.74336,ENHANCED_DUE_DILIGENCE,461.04581625840547,532.2166989340576,330.5571424299385,19.431283740153944,44.75533378086374,1388.0062751434193
APP-42-010163,2025-02-27 11:00:00,20,16883124.0,34,650,0.4465,96234625.0,12,1,Salaried,Family,Mobile,0,0.1382876104272101,CASH_LOAN,0.8128700286366991,162.0,2,0.09575986881843752,7345369.976750492,34,1,0.0,0,,0.15100061993007877,0.09357322123871722,APPROVE,29903389.2288,POLICY_PASS,689.5044127047325,353.00559084212,221.8842752813487,23.801310464577238,59.86016014437468,1348.0557494371533
APP-42-010164,2025-02-27 12:00:00,42,27990421.0,156,577,0.4389,162537430.0,24,2,Contract,Rented,Partner,0,0.34351324620729584,CASH_LOAN,0.9842475805778462,178.0,0,0.08467516743376201,7120960.941049214,46,1,0.0,2,0.9107371270819122,0.022317489417651663,0.23696497200927286,REVIEW,50257360.71392,ENHANCED_DUE_DILIGENCE,727.2332861534279,398.2950440856803,230.90363362135858,41.81736886129612,36.437272701803465,1434.686605423566
APP-42-010165,2025-02-27 13:00:00,26,15795798.0,52,626,0.1741,112485956.0,12,3,Salaried,Mortgage,Partner,0,0.2145897572952464,CASH_LOAN,0.9471155553456205,151.0,1,0.14726135062805631,4340574.607386434,50,1,0.0,1,0.8807595623125054,0.05807987385716803,0.14538571314134274,REVIEW,41746398.61824,CREDIT_OR_AFFORDABILITY,817.1175080519811,352.35410019205483,302.59423376708907,30.901830335473,51.50143838010614,1554.469110726704
APP-42-010166,2025-02-27 14:00:00,31,13011422.0,93,611,0.1523,31350469.0,24,1,Salaried,Rented,Mobile,0,0.10747371946419045,CASH_LOAN,0.9420038225652158,544.0,1,0.025372619421316852,7599879.300821537,41,1,0.0,1,0.8341721286977087,0.041874641434594385,0.06598705042609009,APPROVE,31350469.0,POLICY_PASS,619.1217766794753,353.5998802164104,185.34468737173228,40.44307984465324,31.131968535544033,1229.6413926478153
APP-42-010167,2025-02-27 15:00:00,33,15281011.0,96,640,0.4198,162258210.0,6,1,Salaried,Rented,Branch,0,0.20729475683946946,BNPL,0.9584832540415109,146.0,0,0.05425292090731594,4749969.766684327,35,1,0.0,1,0.8896257741850823,0.02269019284757639,0.1349938062911042,REVIEW,25000000.0,CREDIT_OR_AFFORDABILITY,915.2237799590769,275.74772801892306,275.3501001055488,22.99826161817398,35.5404736351441,1524.8603433368667
APP-42-010168,2025-02-27 16:00:00,35,35121836.0,70,653,0.3718,161470097.0,12,0,Salaried,Rented,Partner,0,0.12484764381574727,BNPL,0.9345247688717317,136.0,0,0.013194547534476755,10442747.839356303,56,1,0.0,1,0.6320609244385884,0.022195495659768843,0.07878098019866686,APPROVE,25000000.0,POLICY_PASS,451.47417709558266,356.01749712208175,276.2145999445986,31.861518279897187,51.55102002904569,1167.118812471206
APP-42-010169,2025-02-27 17:00:00,32,17469747.0,49,615,0.3134,22922664.0,9,2,Salaried,Owned,Mobile,0,0.10365608416905635,CASH_LOAN,0.7944719192313288,90.0,0,0.054991016246465935,9936126.994967476,51,0,0.0,1,0.8484376095388163,0.04428519977559815,0.07780624440481824,APPROVE,22922664.0,POLICY_PASS,421.13191973264213,428.9071694604298,280.1652978080682,26.317862140352894,73.66858464109812,1230.1908337825912
APP-42-010170,2025-02-27 18:00:00,34,50010134.0,29,642,0.2762,52698923.0,36,1,Self-employed,Rented,Branch,0,0.048659049031576335,CASH_LOAN,0.7737687961367005,137.0,3,0.16729065792022121,34861278.097646564,41,0,0.0,2,0.7641967392682325,0.33226534942107544,0.04074492408890353,REVIEW,52698923.0,ENHANCED_DUE_DILIGENCE,578.4415017285949,388.9354933104516,89.53622981421805,33.28691610892385,39.37951910173881,1129.5796600639273
APP-42-010171,2025-02-27 19:00:00,34,13150612.0,21,633,0.2195,33303032.0,24,2,Self-employed,Owned,Branch,0,0.13397997062095865,CASH_LOAN,0.8146588148499317,288.0,0,0.05899182669375573,6661217.883197835,43,0,0.0,2,0.7230705098138799,0.04130491622349016,0.10670060128436232,APPROVE,32844968.5312,POLICY_PASS,678.3186543223259,375.2347611106512,275.50566581942115,31.364907487629036,44.89470862487645,1405.318697364904
APP-42-010172,2025-02-27 20:00:00,31,20284342.0,95,591,0.3367,70344550.0,24,0,Salaried,Mortgage,Mobile,0,0.1306914769302547,CASH_LOAN,0.7881665907429027,76.0,0,0.08001990503533361,3650242.0664660963,51,1,0.0,0,,0.048788585387908666,0.08456771993330792,APPROVE,43054732.955520004,POLICY_PASS,699.5690036370668,385.08157404894746,174.66146260126476,31.409491219228162,56.575312429772225,1347.2968439362794
APP-42-010173,2025-02-27 21:00:00,28,14182385.0,62,646,0.1832,62037737.0,9,2,Contract,Owned,Mobile,0,0.1284553207405226,BUSINESS_LOAN,0.943373444442914,110.0,0,0.03443644545380162,9288684.729593877,43,1,98624799.52664271,1,0.7982426619879194,0.022779325888744456,0.08059193670520945,APPROVE,54243639.7396535,POLICY_PASS,548.3873570007818,196.25803137000844,245.9891961201509,12.570565953980285,44.927614130566845,1048.1327645754882
APP-42-010174,2025-02-27 22:00:00,45,56336311.0,62,548,0.6375,76874924.0,18,2,Self-employed,Mortgage,Mobile,0,0.29106719311369594,CASH_LOAN,0.8752296287799259,330.0,0,0.035226055077054924,19114894.71691585,41,0,0.0,1,0.8989167603297342,0.030169604105833164,0.22873602378675095,REVIEW,65350120.760000005,ENHANCED_DUE_DILIGENCE,552.9961513624017,195.4085842812825,223.7196986943686,37.40692961225819,22.911444429875907,1032.442808380187
APP-42-010175,2025-02-27 23:00:00,20,19869973.0,70,653,0.342,36679901.0,24,0,Self-employed,Family,Mobile,0,0.06866096531124602,BUSINESS_LOAN,0.8585928642965194,298.0,0,0.006123604919602289,14811809.066461852,47,1,116975888.10651113,0,,0.029663683336828908,0.041413621756369375,APPROVE,36679901.0,POLICY_PASS,659.2515954404373,290.67017349023325,181.5004611597089,23.53617038140972,57.80535068150022,1212.7637511532894
APP-42-010176,2025-02-28 00:00:00,33,58021500.0,40,560,0.2196,21116848.0,18,4,Salaried,Rented,Branch,0,0.0897142480157442,CASH_LOAN,0.8998829287420608,311.0,0,0.12112209858439361,34968827.79939798,48,1,0.0,2,0.7946292952882985,0.035021556022921695,0.05837737514788103,APPROVE,21116848.0,POLICY_PASS,828.6848285936612,351.0427098215981,197.85441476282523,22.368064517958402,25.018085918289856,1424.968103614333
APP-42-010177,2025-02-28 01:00:00,31,14286308.0,85,638,0.4862,25952684.0,18,0,Salaried,Owned,Partner,0,0.1234437363048781,CASH_LOAN,0.9710789918874774,183.0,1,0.06350074554296078,10626793.98500931,48,1,0.0,1,0.8756319345919077,0.041565547751547624,0.07647178945539669,APPROVE,23488976.161280002,POLICY_PASS,664.1135164695864,211.55108530001291,222.3662665820615,42.1858263062614,46.901021637936225,1187.1177162958586
APP-42-010178,2025-02-28 02:00:00,39,41701634.0,54,674,0.455,88122630.0,36,1,Salaried,Mortgage,Mobile,0,0.06666746529526081,BUSINESS_LOAN,0.9589334406748891,539.0,1,0.09687281696453728,5311998.099459885,54,1,223132644.9919722,1,0.8358260480348593,0.0480211170556798,0.0412832945873156,APPROVE,88122630.0,POLICY_PASS,830.5920421704202,221.03869557049103,284.60176553729144,39.6879875321979,39.426968116932144,1415.3474589273326
APP-42-010179,2025-02-28 03:00:00,22,19206977.0,43,573,0.1276,31964828.0,18,2,Self-employed,Rented,Partner,0,0.1788167906829151,BNPL,0.8936103493694737,247.0,1,0.04324197572377463,12697163.826881183,37,1,0.0,1,0.9222910375514518,0.053482369490254034,0.11278136666588315,REVIEW,25000000.0,CREDIT_OR_AFFORDABILITY,518.4335233336903,206.5923912574366,222.57506527946208,37.891633264192116,58.01197576076692,1043.504588895548
APP-42-010180,2025-02-28 04:00:00,31,28517911.0,63,714,0.7609,20618648.0,12,1,Contract,Family,Mobile,0,0.059211482746602255,CASH_LOAN,0.9570376607902876,241.0,0,0.10698480698303756,5407785.280096688,51,0,0.0,1,0.8323943204967527,0.02663316571209386,0.045778443296154214,APPROVE,20618648.0,POLICY_PASS,527.6459463594271,200.51689102549363,245.67174152443823,31.716658946234055,36.344668560215325,1041.8959064158082
APP-42-010181,2025-02-28 05:00:00,34,9203011.0,87,769,0.4186,31355913.0,9,1,Contract,Rented,Mobile,1,0.08983057784403559,BNPL,0.9765401180168347,190.0,0,0.011856741753334241,1853219.6689894374,43,0,0.0,1,0.9593376423279099,0.018598544707355568,0.0641270133547351,APPROVE,17122017.905279998,POLICY_PASS,676.181555342186,326.749213382203,168.2239371862554,32.51987497013702,40.117485179357374,1243.7920660601387
APP-42-010182,2025-02-28 06:00:00,45,21801950.0,42,593,0.3445,96602129.0,12,0,Salaried,Mortgage,Mobile,0,0.11476744018149668,CASH_LOAN,0.9066756722398306,488.0,1,0.040426722100525385,4628865.557730332,46,1,0.0,2,0.7141410165220333,0.05036612654885306,0.0731781267437707,APPROVE,45731770.32,POLICY_PASS,745.109076425944,323.9888289303856,291.57867170208635,32.13790930711599,50.101949565640496,1442.9164359311726
APP-42-010183,2025-02-28 07:00:00,38,9997705.0,155,630,0.5471,30502697.0,24,1,Salaried,Rented,Mobile,1,0.20536391675126464,BNPL,0.849765461669783,96.0,2,0.09170823619076755,7103454.982913884,41,1,0.0,0,,0.13080154381343875,0.14047873184160523,REVIEW,14489473.9024,CREDIT_OR_AFFORDABILITY,885.9996376352769,478.81171705329166,192.18200186780822,36.03012918020694,46.01055252168172,1639.0340382582656
APP-42-010184,2025-02-28 08:00:00,24,20733998.0,21,727,0.3387,74361135.0,9,1,Self-employed,Owned,Mobile,0,0.0692361708977047,CASH_LOAN,0.8359780433644524,94.0,1,0.14552217953124774,12104806.38339695,47,1,0.0,2,0.9289500156190188,0.08911075799331401,0.04385480392693756,APPROVE,43876457.20768,POLICY_PASS,687.3656729946028,272.1078799784053,321.8402565094705,31.700692757432705,40.45399282417689,1353.4684950640883
APP-42-010185,2025-02-28 09:00:00,31,7808846.0,67,511,0.1676,55515701.0,24,0,Self-employed,Rented,Mobile,0,0.19134668310782815,BNPL,0.990192433494186,78.0,1,0.1450403561869894,3043265.623256437,54,1,0.0,0,,0.04862885608410736,0.1317580484338802,REVIEW,20800266.913280003,CREDIT_OR_AFFORDABILITY,597.4927371561123,527.3166898351806,263.891930662787,21.968540606055978,26.938974583520395,1437.6088728436562
APP-42-010186,2025-02-28 10:00:00,43,17092266.0,32,642,0.2809,59631689.0,18,2,Salaried,Family,Partner,0,0.10005795748894353,CASH_LOAN,0.9199587224262115,204.0,0,0.07471391107141574,1616929.6647396497,43,1,0.0,0,,0.028203923065919956,0.06467342701967417,APPROVE,39331355.13792001,POLICY_PASS,448.8118633346079,249.51149167215843,166.8078562568358,18.906050582681477,25.483267893719795,909.5205297400034
APP-42-010187,2025-02-28 11:00:00,24,32883085.0,55,618,0.1186,70768774.0,6,0,Salaried,Family,Mobile,0,0.06703059115552752,BNPL,0.8900865520555135,62.0,0,0.23046397158248005,7499422.364443668,37,1,0.0,0,,0.04987983733718181,0.0483663721497028,APPROVE,25000000.0,POLICY_PASS,730.7237533542111,371.4107338100184,218.42567665275544,33.405953931730615,52.64883729854357,1406.6149550472594
APP-42-010188,2025-02-28 12:00:00,34,24325529.0,76,705,0.0726,21151081.0,18,2,Contract,Rented,Partner,0,0.06976897022780917,BUSINESS_LOAN,0.9240013877713195,145.0,1,0.04525931092505568,6567814.228074269,49,0,102393599.43036562,1,0.9598236833890074,0.047651002366434936,0.050104258042634735,APPROVE,21151081.0,POLICY_PASS,800.0896389418814,374.4199009279988,207.94785336535992,22.816026777919696,58.55714512979999,1463.8305651429596
APP-42-010189,2025-02-28 13:00:00,35,9131219.0,282,622,0.2549,65674091.0,12,1,Contract,Rented,Branch,1,0.12400455984038114,BUSINESS_LOAN,0.8720063622824925,567.0,0,0.10066551993548488,2874482.6175885033,43,0,25878331.34287375,2,0.7117133731730927,0.036953897517564074,0.10164696716628234,APPROVE,14233082.238580562,POLICY_PASS,628.341855540798,227.72856649866947,275.21631792935693,34.69156974928213,40.004827641672726,1205.9831373597792
APP-42-010190,2025-02-28 14:00:00,32,6336073.0,15,673,0.0273,42496445.0,18,3,Self-employed,Rented,Partner,1,0.16180045588119585,BUSINESS_LOAN,0.8484990722717904,568.0,0,0.08305499159822989,2686331.935903487,38,1,18677103.125396244,0,,0.038622537682770054,0.10874730323445077,APPROVE,10272406.718967935,POLICY_PASS,818.6415762219162,305.99949744119624,187.15954149432721,32.56714440904574,44.86841228286099,1389.2361718493464
APP-42-010191,2025-02-28 15:00:00,59,23657762.0,26,581,0.2925,43550810.0,36,2,Self-employed,Rented,Mobile,0,0.15008147012457662,CASH_LOAN,0.8649879381646254,663.0,0,0.1299825116078894,10716784.833967522,47,1,0.0,2,0.7391350282828018,0.04136791385077295,0.10227340976521165,APPROVE,43550810.0,POLICY_PASS,512.4205237685418,230.41923506098829,224.45396022745481,25.173016563289174,40.35055787795513,1032.8172934982292
APP-42-010192,2025-02-28 16:00:00,31,42949761.0,69,709,0.1418,40024775.0,24,4,Contract,Rented,Mobile,0,0.08389850720729149,BUSINESS_LOAN,0.8011167642252223,218.0,0,0.03077143669380368,14063929.048279991,40,1,124223068.7312653,0,,0.04021859518833255,0.052528510834036535,APPROVE,40024775.0,POLICY_PASS,529.8266471791426,223.3005272091832,159.436270364603,32.85973669365834,52.84874543484331,998.2719268814303
APP-42-010193,2025-02-28 17:00:00,39,10593085.0,88,559,0.1085,45603152.0,36,1,Salaried,Family,Mobile,0,0.07491158706129762,BUSINESS_LOAN,0.9666331215597004,310.0,0,0.014601433590039747,1738137.9136663137,38,1,50083115.42679074,0,,0.01953048817726511,0.04636970800911121,APPROVE,27545713.484734908,POLICY_PASS,777.5494403683764,260.3724748359376,137.28036542838134,37.57483412096584,35.50150866456593,1248.2786234182272
APP-42-010194,2025-02-28 18:00:00,28,57050909.0,39,703,0.1122,68257248.0,18,3,Salaried,Rented,Mobile,0,0.07775445081888148,CASH_LOAN,0.936254371698591,168.0,1,0.009889185728884588,37615965.308262356,53,1,0.0,2,0.909568368000649,0.040988921505199276,0.04458666066473982,APPROVE,68257248.0,POLICY_PASS,489.7885949214523,301.3364405975787,273.4100051666364,36.804986876893985,50.7890048930432,1152.1290324556046
APP-42-010195,2025-02-28 19:00:00,40,17935831.0,25,645,0.2806,89384028.0,24,1,Salaried,Owned,Mobile,0,0.09896294084617417,CASH_LOAN,0.9715876863107751,82.0,0,0.009432618814365332,9271960.316366887,40,0,0.0,1,0.7955391656597384,0.0188470783056893,0.07444119193128615,APPROVE,41289717.828480005,POLICY_PASS,491.2472728022035,80.0,183.19853177101214,39.291078573141455,30.116578884487986,823.8534620308451
APP-42-010196,2025-02-28 20:00:00,43,6129360.0,70,470,0.4784,96561010.0,12,3,Contract,Rented,Mobile,1,0.5064525255214436,BNPL,0.8893128150347178,188.0,0,0.20117020479573353,1394683.498428376,50,1,0.0,1,0.9745473568171554,0.046018393800408876,0.39277200693319897,REVIEW,10230637.363200001,ENHANCED_DUE_DILIGENCE,762.3323012571958,280.41556907160657,185.27785505601443,31.20543105894755,51.92088986849207,1311.1520463122567
APP-42-010197,2025-02-28 21:00:00,30,7628472.0,35,645,0.2384,501694524.0,12,0,Contract,Owned,Mobile,0,0.17134186487837022,CASH_LOAN,0.9850295408806202,531.0,2,0.059649673831355395,4048143.7552348496,44,0,0.0,0,,0.07187919428479239,0.13653060383721535,REVIEW,18591501.68064,CREDIT_OR_AFFORDABILITY,441.4963145178284,297.22733291678605,292.424831941705,23.62404213379633,62.54792463469171,1117.3204461448076
APP-42-010198,2025-02-28 22:00:00,35,27490591.0,103,684,0.1897,57505780.0,6,1,Self-employed,Family,Mobile,0,0.03706106431533626,CASH_LOAN,0.9754533216346197,132.0,0,0.014026247497804182,11480840.687802609,52,0,0.0,1,0.9099487993707562,0.018801738375215947,0.02598548699386408,APPROVE,57505780.0,POLICY_PASS,322.6412303791081,340.8131885865897,329.93311239409127,45.20270967851965,24.50749884744608,1063.097739885755
APP-42-010199,2025-02-28 23:00:00,27,19329534.0,66,551,0.211,121321424.0,36,2,Self-employed,Mortgage,Partner,0,0.3040554416904212,BUSINESS_LOAN,0.9252306201978071,322.0,3,0.09297587964418913,8660053.885279821,38,0,57006371.562182985,1,0.8365931362003581,0.17407165926659554,0.25250322462922364,REVIEW,31353504.359200645,ENHANCED_DUE_DILIGENCE,577.981538458096,316.73674142437636,148.07575831359065,19.01357976966286,24.005311866734857,1085.8129298324607
APP-42-010200,2025-03-01 00:00:00,25,40674172.0,69,579,0.5751,37599581.0,24,2,Self-employed,Family,Branch,0,0.13372853615245295,BNPL,0.9689036149131863,568.0,0,0.11912842337452047,9164306.08956178,43,1,0.0,1,0.7683266295115,0.026287823336288384,0.08984425157015724,APPROVE,25000000.0,POLICY_PASS,728.625964522664,255.60081193921306,270.91406236335047,34.74077998462693,28.39319233725688,1318.2748111471112
APP-42-010201,2025-03-01 01:00:00,44,9312924.0,96,646,0.3342,30374845.0,18,0,Salaried,Rented,Mobile,0,0.10674614476694758,BNPL,0.8949885445067787,189.0,0,0.022045657441690864,5944746.48368673,42,1,0.0,0,,0.026783646603374386,0.0668020837752143,APPROVE,19841743.35744,POLICY_PASS,769.0765829868905,408.73087597851645,264.8768036128089,35.71747722703112,36.61361339506644,1515.0153532003137
APP-42-010202,2025-03-01 02:00:00,30,19212169.0,136,603,0.4756,39894758.0,6,3,Salaried,Owned,Branch,1,0.17721080423280566,CASH_LOAN,0.8045187897807555,52.0,0,0.03502524608322605,5576830.462431189,56,0,0.0,0,,0.04015968968451514,0.13633250213023923,REVIEW,32239556.555519998,CREDIT_OR_AFFORDABILITY,705.2421944032607,418.08201601637137,214.89707622142112,31.688893229991205,35.32608031378765,1405.236260184832
APP-42-010203,2025-03-01 03:00:00,20,18067059.0,28,664,0.1767,31542989.0,12,1,Contract,Mortgage,Mobile,0,0.06967909920056223,BNPL,0.9743068502141626,373.0,0,0.011892103537336645,8047228.155579915,54,0,0.0,1,0.8077416341245327,0.01877247873618852,0.05054459295443976,APPROVE,25000000.0,POLICY_PASS,865.2710953497035,423.797901513765,196.54183400220958,30.74583364372485,36.08238244941761,1552.4390469588204
APP-42-010204,2025-03-01 04:00:00,51,16638408.0,44,625,0.5244,114055353.0,18,0,Contract,Owned,Mobile,0,0.20912758517384725,BNPL,0.8779242694649436,634.0,0,0.015574045202383265,3669963.611222321,37,1,0.0,0,,0.028179953430615197,0.13734585670019955,REVIEW,25000000.0,CREDIT_OR_AFFORDABILITY,725.390876587973,347.70235709696885,227.68930292894683,22.443766540755142,48.65808488418412,1371.8843880388279
APP-42-010205,2025-03-01 05:00:00,28,14584186.0,103,545,0.162,173341583.0,36,0,Contract,Mortgage,Branch,0,0.2329872847292449,CASH_LOAN,0.9611867834687198,813.0,2,0.10907959866283025,1456990.35718947,43,0,0.0,1,0.874177961067029,0.09031903664305524,0.18877904793063402,REVIEW,39108953.1776,CREDIT_OR_AFFORDABILITY,587.5083432883088,231.17404438796453,181.11558458100626,29.424486950445242,40.59823490514596,1069.8206941128708
APP-42-010206,2025-03-01 06:00:00,33,14744750.0,53,808,0.4819,82690744.0,24,3,Salaried,Mortgage,Partner,0,0.18705792500206928,CASH_LOAN,0.9277666001055578,119.0,0,0.031890053189645426,6850082.354441989,42,1,0.0,2,0.9308295492173234,0.02410467419372591,0.11623544491558695,APPROVE,24445615.92,POLICY_PASS,795.3269587207196,242.85551622644488,234.77841726883332,27.347498950707248,40.33248137290583,1340.6408725396109
APP-42-010207,2025-03-01 07:00:00,50,19814757.0,37,616,0.1652,54050065.0,12,1,Self-employed,Mortgage,Mobile,0,0.09219161394696224,BUSINESS_LOAN,0.9713009759032029,386.0,0,0.1433109002901658,4869918.2776731765,49,1,99525016.67372797,0,,0.02793529581919471,0.061648195300345,APPROVE,54050065.0,POLICY_PASS,608.019317529534,326.23840271261747,264.0270960781206,20.471331763644876,29.527613647505973,1248.283761731423
APP-42-010208,2025-03-01 08:00:00,34,21259234.0,50,649,0.4373,57411570.0,9,3,Salaried,Family,Mobile,0,0.15931560354762617,CASH_LOAN,0.9749432520763075,207.0,0,0.05000363689037154,5499615.993487994,38,1,0.0,2,0.8938227682798404,0.020943710566977147,0.10065451432968216,APPROVE,38280227.10976,POLICY_PASS,475.9446131596182,326.359264053889,106.42919831626827,34.675195586789265,52.015914994232986,995.4241861107977
APP-42-010209,2025-03-01 09:00:00,34,20682477.0,130,768,0.1748,69517408.0,12,2,Self-employed,Owned,Partner,0,0.07596998872788702,BNPL,0.9014472143265941,660.0,1,0.027601813329012646,5188164.893812787,28,1,0.0,3,0.9253034355683988,0.04958205480473662,0.0460318891951557,APPROVE,25000000.0,POLICY_PASS,573.2531138620236,224.28941714054992,209.0494890230263,37.19606975787981,38.26281447618418,1082.0509042596636
APP-42-010210,2025-03-01 10:00:00,24,34941138.0,51,702,0.5007,173749047.0,24,0,Salaried,Mortgage,Branch,0,0.09219102432905812,BNPL,0.8373801199225718,103.0,0,0.0420891399000779,21822171.31742354,44,1,0.0,1,0.9603149307996838,0.03589060923559674,0.05459356915813621,APPROVE,25000000.0,POLICY_PASS,723.2165893910841,321.0996711801408,287.76547561405425,37.50702054610397,62.45888592683457,1432.0476426582177
APP-42-010211,2025-03-01 11:00:00,20,9296784.0,74,679,0.4251,104781137.0,6,1,Contract,Rented,Partner,1,0.18573141575768318,CASH_LOAN,0.754538097788478,262.0,0,0.006719900822715905,3526824.0390805686,52,1,0.0,1,0.8243957509738362,0.04526497406570294,0.11463290752837398,APPROVE,17103107.589119997,POLICY_PASS,745.5817649357587,245.2870551746298,199.28918086711042,52.49962630512947,57.65279582548099,1300.3104231081093
APP-42-010212,2025-03-01 12:00:00,34,6645539.0,43,716,0.1087,184922926.0,12,2,Salaried,Family,Mobile,1,0.12953816875049667,BNPL,0.889521775534306,189.0,0,0.041541669204594935,3465078.860074739,42,1,0.0,0,,0.028990545384384975,0.08295242644837973,APPROVE,18954140.51424,POLICY_PASS,974.1349864960938,269.7613354565024,326.71359891148114,23.043676100333542,34.11883642325128,1627.7724333876622
APP-42-010213,2025-03-01 13:00:00,38,31491024.0,19,680,0.2156,46825963.0,12,2,Salaried,Owned,Mobile,0,0.05060166759724943,CASH_LOAN,0.926395504319558,367.0,1,0.20685146002472024,19285574.24659182,43,1,0.0,0,,0.0744468067799383,0.03530779528664664,APPROVE,46825963.0,POLICY_PASS,599.8857141576113,353.51603928023013,289.0838603424713,18.876748280227922,43.56065171354899,1304.92301377409
APP-42-010214,2025-03-01 14:00:00,38,10712732.0,86,680,0.4127,50483119.0,36,0,Salaried,Family,Mobile,1,0.0606924871167717,CASH_LOAN,0.9959643751348884,554.0,2,0.023552585571568172,5444487.543641514,40,0,0.0,1,0.8882180895855377,0.062246044326006354,0.04444142718473034,APPROVE,20133080.01152,POLICY_PASS,649.9945776477922,361.50650091469873,235.1800238639371,21.40023203159038,48.437273636067964,1316.5186080940862
APP-42-010215,2025-03-01 15:00:00,31,14609325.0,43,681,0.2834,68323706.0,12,3,Salaried,Family,Mobile,0,0.12558147424295668,BUSINESS_LOAN,0.9284810316004598,160.0,1,0.10019176879390164,6783984.694794197,50,1,56265569.40128205,1,0.9077901799884713,0.05473070201596295,0.07887019208817876,APPROVE,30946063.17070513,POLICY_PASS,462.9433579826657,511.98242504373866,145.33134195457507,14.903379200239073,24.672193999242907,1159.8326981804612
APP-42-010216,2025-03-01 16:00:00,35,12854796.0,92,628,0.3363,32177643.0,12,1,Salaried,Mortgage,Partner,0,0.1185631029441238,CASH_LOAN,0.9237074097160997,328.0,1,0.013299747537119145,2763510.3129710294,36,1,0.0,1,0.937903116378567,0.04353529589241381,0.07112705333294803,APPROVE,27301529.93664,POLICY_PASS,918.4717224079268,201.16337393430038,301.4841758941632,34.56683645464843,24.699673504859376,1480.3857821958982
APP-42-010217,2025-03-01 17:00:00,20,12704293.0,72,717,0.2696,99361166.0,12,1,Self-employed,Owned,Mobile,0,0.09537027038332643,CASH_LOAN,0.8442562170510973,266.0,0,0.14955399486712845,1635590.0845278937,46,0,0.0,2,0.9733737774671395,0.04755188841382109,0.07435736847484999,APPROVE,29693489.94304,POLICY_PASS,474.94372107375784,331.65436171025095,266.17858831047016,23.42656418636698,40.25071792068624,1136.453953201532
APP-42-010218,2025-03-01 18:00:00,39,8071397.0,62,689,0.3107,37641585.0,24,1,Salaried,Owned,Partner,0,0.07940507371221772,CASH_LOAN,0.9655667493555802,198.0,1,0.07607082568573284,693077.3402394147,59,1,0.0,0,,0.044058944431321634,0.04943467742428143,APPROVE,17803564.646720003,POLICY_PASS,690.7816279692028,399.50051106156087,100.85847393143123,31.31531849348592,38.561012633741235,1261.016944089422
APP-42-010219,2025-03-01 19:00:00,36,13159338.0,107,474,0.2376,24114568.0,18,2,Salaried,Owned,Mobile,1,0.12633517938064587,CASH_LOAN,0.8381598262624717,367.0,0,0.04449999533303024,1462710.0423781995,41,1,0.0,0,,0.03602781073321048,0.0811082772617142,APPROVE,24114568.0,POLICY_PASS,366.7111361060161,376.0440715167614,144.22987020907482,31.37764891413587,38.24527523551208,956.6080019815003
APP-42-010220,2025-03-01 20:00:00,53,25726044.0,43,701,0.016,238128245.0,12,0,Self-employed,Family,Partner,0,0.09399336127496409,BNPL,0.901543819593944,102.0,1,0.004102261623645053,3559660.359049433,51,1,0.0,5,0.8269230661985835,0.046345499521784246,0.05557605575891927,APPROVE,25000000.0,POLICY_PASS,537.6430155830345,319.06491330788066,222.9605552126941,28.95787129019161,27.537600602554328,1136.163955996355
APP-42-010221,2025-03-01 21:00:00,35,17961121.0,85,583,0.1814,131142239.0,12,1,Salaried,Owned,Mobile,0,0.16562947371927775,CASH_LOAN,0.835959581856085,329.0,0,0.07279260719684945,11995307.839167144,37,1,0.0,2,0.9504562065661347,0.03944316331649919,0.10513131689407157,APPROVE,47049515.68192,POLICY_PASS,406.6614370534519,362.21978413565006,207.9985568091328,30.43587173119696,28.26452490789903,1035.5801746373306
APP-42-010222,2025-03-01 22:00:00,27,23756369.0,52,657,0.6192,79181025.0,6,2,Salaried,Rented,Mobile,0,0.27034808922415204,BUSINESS_LOAN,0.8770038098201483,146.0,0,0.013804430285450557,2605885.3982104235,42,1,150409601.31612638,1,0.8450702621088597,0.028140464897239332,0.17653164145011854,REVIEW,79181025.0,CREDIT_OR_AFFORDABILITY,641.6183269393606,337.06323494754037,294.40635333736327,39.70909509837471,54.4777725808481,1367.274782903487
APP-42-010223,2025-03-01 23:00:00,35,13701792.0,41,520,0.3165,98589255.0,24,2,Salaried,Family,Branch,0,0.21580843239646003,CASH_LOAN,0.9756880647094109,580.0,1,0.07104676283195117,4713625.506847758,46,1,0.0,2,0.8764474903920781,0.04169641041175267,0.14040727622980406,REVIEW,29968559.462400004,CREDIT_OR_AFFORDABILITY,728.031193182494,311.7306483095264,174.49351882728334,57.67586618214594,45.716304069249375,1317.647530570699
APP-42-010224,2025-03-02 00:00:00,32,29575226.0,68,598,0.0293,92497143.0,24,0,Self-employed,Rented,Branch,0,0.08891767424885547,CASH_LOAN,0.9701662400046007,655.0,0,0.05098620516228199,9138620.58901444,49,1,0.0,1,0.9262905376922171,0.0214207941023138,0.05292162347900604,APPROVE,70000000.0,POLICY_PASS,617.1662620329175,303.8397182356244,237.05205573246016,22.082659679441278,46.55914471070448,1226.6998403911477
APP-42-010225,2025-03-02 01:00:00,39,13609563.0,38,614,0.3899,50953889.0,6,1,Salaried,Rented,Mobile,0,0.1560684304404416,BUSINESS_LOAN,0.9729886754077833,296.0,0,0.004132341687580335,8657465.012755197,42,1,67453526.60339032,1,0.9392193884110441,0.01844842765860617,0.09360058718299342,APPROVE,37099439.63186468,POLICY_PASS,499.07948187614153,242.64838234632282,252.998703100476,38.339617663689225,51.54260191350398,1084.6087869001337
APP-42-010226,2025-03-02 02:00:00,35,5644408.0,44,679,0.7312,169129104.0,6,1,Salaried,Owned,Partner,0,0.2710780063375531,CASH_LOAN,0.8172764080353362,249.0,1,0.04680341599637808,693202.0506338928,40,1,0.0,1,0.9773033924198645,0.07295558364427482,0.1754840181069161,REVIEW,4855093.985280001,CREDIT_OR_AFFORDABILITY,645.0272987416885,254.38275281540308,263.4207368041501,28.28388418223767,55.3527459073865,1246.4674184508656
APP-42-010227,2025-03-02 03:00:00,24,21424065.0,57,598,0.303,136408310.0,24,0,Contract,Owned,Mobile,0,0.17631091229076157,BNPL,0.8152570835000221,61.0,0,0.06526424261161723,9940531.626873296,40,0,0.0,0,,0.041955406433008685,0.14214395763741752,REVIEW,25000000.0,CREDIT_OR_AFFORDABILITY,552.8483051402989,345.81168834065824,455.4701251713576,34.518030201733495,64.77785428460078,1453.4260031386489
APP-42-010228,2025-03-02 04:00:00,20,27451845.0,104,484,0.6659,94273222.0,24,4,Contract,Family,Branch,1,0.3469904314186155,BNPL,0.8963695201022893,103.0,1,0.06687507944319429,5209429.159830865,42,1,0.0,0,,0.05656554990815909,0.2476587410440503,REVIEW,25000000.0,ENHANCED_DUE_DILIGENCE,855.5522111653713,254.05717031904558,359.3310039928976,30.706812486879137,53.421657672177126,1553.068855636371
APP-42-010229,2025-03-02 05:00:00,37,13234014.0,110,605,0.2085,21908205.0,9,2,Salaried,Rented,Partner,0,0.12931579721051706,CASH_LOAN,0.807421438076055,207.0,0,0.007180728025481041,6093492.831122927,47,0,0.0,1,0.9847188327220731,0.036627957619399736,0.09186674734572439,APPROVE,21908205.0,POLICY_PASS,829.8124916742648,265.87885379273456,165.51034765044366,34.847361495627815,40.51407321964859,1336.5631278327194
APP-42-010230,2025-03-02 06:00:00,47,34811062.0,26,613,0.6151,22618000.0,24,1,Salaried,Rented,Branch,1,0.08328217344582994,CASH_LOAN,0.8573195879533894,495.0,0,0.14810802246766802,18170023.843007572,49,0,0.0,1,0.9126974339965583,0.044941188780081916,0.06541852077963221,APPROVE,22618000.0,POLICY_PASS,425.7101318409153,191.74276088968043,121.56941311268703,37.70198593198066,64.16943701864255,840.8937287939059
APP-42-010231,2025-03-02 07:00:00,36,11273908.0,40,686,0.3613,78222282.0,24,0,Salaried,Mortgage,Mobile,0,0.11312002114543053,CASH_LOAN,0.8893845027959062,63.0,1,0.12784669788456424,6264510.99362831,40,1,0.0,1,0.8869943200073481,0.06901785766415677,0.07381763148999275,APPROVE,23042064.126720004,POLICY_PASS,660.8945253815924,201.91216150049695,278.5789684680739,34.140544097720664,29.598506425903416,1205.1247058737874
APP-42-010232,2025-03-02 08:00:00,42,26030567.0,77,651,0.3421,129954259.0,18,1,Self-employed,Rented,Mobile,1,0.16769073296958872,BUSINESS_LOAN,0.9214260181635957,253.0,1,0.21706096913337053,8096499.654138232,43,0,118705664.95545717,0,,0.07807410769818557,0.1480110086087896,REVIEW,65288115.72550145,CREDIT_OR_AFFORDABILITY,472.89960159225126,231.9803544733328,252.832546370637,35.53408301901529,55.58425744253194,1048.8308428977684
APP-42-010233,2025-03-02 09:00:00,44,46992994.0,37,585,0.3473,27212417.0,9,2,Self-employed,Family,Mobile,0,0.09009379138549355,CASH_LOAN,0.9210159552215266,32.0,0,0.0889488011561997,8535664.633444825,39,1,0.0,0,,0.029271837161362106,0.05903482137321501,APPROVE,27212417.0,POLICY_PASS,726.8904698832815,246.03512332468597,291.69511264312473,20.353907880619612,47.66989223407229,1332.644505965784
APP-42-010234,2025-03-02 10:00:00,37,18367335.0,39,660,0.5163,114287816.0,12,1,Self-employed,Rented,Mobile,0,0.19248487246221221,CASH_LOAN,0.906775271461453,56.0,0,0.07579607518429009,2711101.2255584365,42,0,0.0,0,,0.029855732797835502,0.1562897905355001,REVIEW,28429695.8064,CREDIT_OR_AFFORDABILITY,543.6755964043607,333.69552251867145,210.86980527341268,40.623886399887255,40.26991771427154,1169.1347283106034
APP-42-010235,2025-03-02 11:00:00,28,15891845.0,50,772,0.2245,38570764.0,18,2,Salaried,Owned,Mobile,0,0.05165988766676847,CASH_LOAN,0.9612638595035741,249.0,1,0.02835207691845136,10174533.379339337,48,1,0.0,0,,0.039081064730341675,0.03137799687493856,APPROVE,38570764.0,POLICY_PASS,232.99692457629084,240.72509640912398,298.6237026467842,36.799729132030706,35.674889990370296,844.8203427546
APP-42-010236,2025-03-02 12:00:00,37,16983671.0,75,724,0.3813,73930934.0,18,0,Salaried,Rented,Mobile,0,0.08247902566482025,CASH_LOAN,0.8164987213189439,243.0,0,0.03772272096380146,9821417.927577702,63,0,0.0,2,0.8933284725739279,0.03856334503225142,0.05869913015641098,APPROVE,33624951.19264,POLICY_PASS,698.3836904976567,313.56880100038825,366.88233596621257,38.0763804838413,58.92216345140928,1475.8333713995082
APP-42-010237,2025-03-02 13:00:00,46,44076829.0,61,503,0.5693,50152406.0,12,2,Salaried,Mortgage,Partner,0,0.22071694915821843,CASH_LOAN,0.8953383156822051,65.0,1,0.03487775296805089,24943884.050652258,52,1,0.0,1,0.8712107342407469,0.051868198502280374,0.13935012406040678,REVIEW,50152406.0,CREDIT_OR_AFFORDABILITY,903.10829043462,340.668586144637,257.9238377771134,19.532363633900093,33.15764721078714,1554.3907252010579
APP-42-010238,2025-03-02 14:00:00,40,22463734.0,111,818,0.6394,42657245.0,24,2,Self-employed,Mortgage,Mobile,0,0.10719479047320973,CASH_LOAN,0.8765180227242773,135.0,2,0.039130405425232266,8100249.241331533,50,0,0.0,1,0.6725264224394787,0.10303163848563117,0.08377472643037892,APPROVE,25921351.937280003,POLICY_PASS,571.6423420181114,429.8827313107436,218.4952325973791,51.911846178058354,39.84641585358813,1311.7785679578806
APP-42-010239,2025-03-02 15:00:00,42,58538416.0,57,725,0.1679,49486415.0,12,0,Salaried,Owned,Branch,0,0.018114315972159834,BUSINESS_LOAN,0.845568777148085,139.0,1,0.0032125676440803697,36007071.46495518,36,0,232682797.77128118,1,0.9418617305927385,0.05777155871161001,0.012806396256189474,APPROVE,49486415.0,POLICY_PASS,474.5607470767907,184.28130341098145,211.36012834697428,26.713032305201573,49.62081692579125,946.5360280657392
APP-42-010240,2025-03-02 16:00:00,31,20988193.0,62,754,0.4665,79342600.0,6,2,Self-employed,Rented,Mobile,0,0.16139045960163967,CASH_LOAN,0.96170225361838,265.0,1,0.01922149518961013,12900852.451540982,38,1,0.0,0,,0.037997927742556614,0.10391123546791674,APPROVE,35831043.0896,POLICY_PASS,681.3512347966764,309.2874694381622,246.16620980089428,23.814151685471792,39.67238221436278,1300.2914479355675
APP-42-010241,2025-03-02 17:00:00,33,12563347.0,52,531,0.5497,141652381.0,24,0,Self-employed,Mortgage,Mobile,0,0.47230719178634545,CASH_LOAN,0.8880729420606337,319.0,1,0.04423512439599996,2083326.6140857185,43,0,0.0,0,,0.05482618241071124,0.40402827427798566,REVIEW,18103280.493120003,ENHANCED_DUE_DILIGENCE,662.0891303702355,556.6397608451143,342.58985959415406,31.360181112004092,43.89188865375841,1636.5708205752662
APP-42-010242,2025-03-02 18:00:00,34,13058548.0,66,610,0.6527,38629633.0,24,1,Salaried,Owned,Branch,0,0.1614975897220259,CASH_LOAN,0.9236991049171265,117.0,2,0.07414070067362602,3716433.4929220015,47,1,0.0,0,,0.09473757796838109,0.10616547396903919,APPROVE,14512747.905280003,POLICY_PASS,638.44483413132,463.28771514547697,261.15733317485854,38.58023883283999,51.56760455775754,1453.037725842253
APP-42-010243,2025-03-02 19:00:00,35,18620363.0,41,682,0.3506,44545756.0,6,0,Salaried,Owned,Mobile,0,0.05820558179667885,CASH_LOAN,0.9047022714885187,184.0,1,0.21196823487214655,8672515.680475296,35,1,0.0,1,0.8371458543697977,0.0821230328419523,0.04046647761919181,APPROVE,38694603.943040006,POLICY_PASS,588.6731396594607,264.8221800044843,327.0982760533079,30.004908738553247,32.803258255549125,1243.4017627113553
APP-42-010244,2025-03-02 20:00:00,46,5857040.0,68,559,0.4017,80113814.0,24,3,Contract,Rented,Mobile,1,0.3680165652611958,BUSINESS_LOAN,0.9474413147218625,102.0,0,0.013004719207787263,2801117.4800253296,41,1,18899862.550303355,1,0.9015510237062008,0.02103641701601944,0.24909458789016625,REVIEW,10394924.402666846,ENHANCED_DUE_DILIGENCE,689.8399609024325,359.07816048979385,213.62648533439005,37.11423929060653,34.771621198361814,1334.4304672155847
APP-42-010245,2025-03-02 21:00:00,20,13861668.0,36,678,0.4693,78312630.0,12,0,Contract,Mortgage,Partner,0,0.1873573401537623,BNPL,0.9472338600420575,125.0,0,0.0546565124571497,8382894.92637185,47,1,0.0,1,0.8068750511468341,0.023789993684991132,0.12106919765590789,REVIEW,23540439.064319998,CREDIT_OR_AFFORDABILITY,674.2385646127283,457.24380343432654,282.22694215657583,25.095626526505363,57.951678888914806,1496.756615619051
APP-42-010246,2025-03-02 22:00:00,35,14031895.0,99,758,0.1825,29905067.0,18,0,Contract,Rented,Mobile,0,0.057093874525757836,BNPL,0.9654521559297395,111.0,1,0.07128990948133583,4786061.12935561,53,1,0.0,0,,0.04347880679295622,0.035509405960749724,APPROVE,25000000.0,POLICY_PASS,585.8236656270658,285.07861121774476,201.13161227302544,33.88615113753447,28.828120722273617,1134.748160977644
APP-42-010247,2025-03-02 23:00:00,34,20537575.0,54,616,0.4644,11856998.0,12,1,Self-employed,Owned,Mobile,0,0.10768464533149502,BNPL,0.9133102159766903,181.0,1,0.007010724174746172,14397361.674979659,45,1,0.0,1,0.8085641039689135,0.04457978583802942,0.06525788542275061,APPROVE,11856998.0,POLICY_PASS,359.0700203276516,259.00095095979526,250.06652027709035,15.329954190565918,46.1182193034891,929.5856650585922
APP-42-010248,2025-03-03 00:00:00,23,52371983.0,122,763,0.5023,24942645.0,24,0,Salaried,Mortgage,Branch,0,0.023378064261704967,CASH_LOAN,0.6912453246060165,460.0,1,0.0779824614135839,19063892.996353846,39,1,0.0,0,,0.1279415447976018,0.014820469220352014,APPROVE,24942645.0,POLICY_PASS,536.9965361220727,156.92826759253137,281.253379967511,37.014747325336685,41.51421532197523,1053.707146329427
APP-42-010249,2025-03-03 01:00:00,41,18550947.0,98,691,0.2369,38604936.0,12,1,Salaried,Rented,Mobile,0,0.05427447177761471,BNPL,0.956683511971086,506.0,0,0.15360512393737064,10369579.446444925,35,1,0.0,2,0.8235786084737703,0.030553223536263243,0.03627182030721973,APPROVE,25000000.0,POLICY_PASS,739.7841283703913,253.10455292530662,337.37499689095034,28.317070077715936,55.53868486999187,1414.1194331343559
APP-42-010250,2025-03-03 02:00:00,28,6252049.0,63,506,0.6252,53295083.0,36,1,Self-employed,Owned,Branch,1,0.2565357416761459,CASH_LOAN,0.7942190388177695,362.0,0,0.0467713220455917,4219498.0144406585,44,0,0.0,1,0.7632726553016934,0.04329715131687607,0.206532302922342,REVIEW,7498457.48864,ENHANCED_DUE_DILIGENCE,803.4005824607232,310.31313713578686,344.14766569410904,23.877109416419117,43.530436025258396,1525.268930732297
APP-42-010251,2025-03-03 03:00:00,32,10888667.0,79,577,0.4353,97836743.0,18,1,Salaried,Rented,Partner,0,0.2810661899678044,BUSINESS_LOAN,0.9420674464473843,443.0,0,0.011112761653430767,2876507.3910141666,41,1,47658127.90298568,1,0.8309514272383147,0.021387167691249886,0.18510591711322386,REVIEW,26211970.346642125,CREDIT_OR_AFFORDABILITY,613.1289957712769,323.0135394167519,169.26213173255576,8.969133836491455,43.71838648664265,1158.0921872437186
APP-42-010252,2025-03-03 04:00:00,52,20793285.0,69,720,0.2401,22215270.0,24,0,Salaried,Family,Mobile,0,0.030290243714255764,BUSINESS_LOAN,0.8994434438254125,206.0,0,0.00751627465982324,7123618.274970762,50,1,67646688.87572266,0,,0.02520674855887854,0.017888726073746673,APPROVE,22215270.0,POLICY_PASS,636.9887505573998,228.3575094985672,162.77587925416594,24.831378177698923,35.81851869412694,1088.7720361819588
APP-42-010253,2025-03-03 05:00:00,44,18944599.0,26,566,0.4631,47908836.0,18,2,Salaried,Owned,Partner,0,0.2016517930535909,BNPL,0.9067304424284636,122.0,0,0.01260185877324629,13250467.116978288,37,1,0.0,0,,0.024832347201549275,0.13175256922278558,REVIEW,25000000.0,CREDIT_OR_AFFORDABILITY,348.987596497085,373.85928200073636,238.877082130978,37.39641350791728,58.957033844132255,1058.0774079808489
APP-42-010254,2025-03-03 06:00:00,40,43983840.0,62,718,0.2121,149091008.0,24,2,Salaried,Mortgage,Mobile,0,0.0815315085085014,BNPL,0.977789904916378,356.0,0,0.04185097922192129,29041238.103975106,40,1,0.0,1,0.9813482538763877,0.0202099221520984,0.04812031132547511,APPROVE,25000000.0,POLICY_PASS,670.103679696165,301.35570932095584,144.0026871701226,33.15201578152341,20.917203654519206,1169.531295623286
APP-42-010255,2025-03-03 07:00:00,38,30520979.0,60,684,0.5494,38213093.0,12,0,Self-employed,Owned,Mobile,0,0.08911532671130032,BUSINESS_LOAN,0.905998549425148,275.0,0,0.048961645052419345,21944256.552023914,44,1,126686583.07533158,1,0.7691548830249937,0.02769792661207018,0.05590831385587307,APPROVE,38213093.0,POLICY_PASS,462.14970670717366,311.05899560665756,211.9073761031907,31.76313191325345,27.58473135051129,1044.4639416807868
APP-42-010256,2025-03-03 08:00:00,34,30022145.0,51,662,0.2714,117504478.0,24,0,Salaried,Rented,Mobile,0,0.09031683144511367,BNPL,0.8967078023402922,500.0,1,0.020792189339404073,18695214.411257595,37,1,0.0,1,0.9491691348944492,0.04955739883673554,0.053508111917991076,APPROVE,25000000.0,POLICY_PASS,797.1495613283547,334.25962252357914,328.79746386701635,16.40191043254329,50.7805742679927,1527.3891324194863
APP-42-010257,2025-03-03 09:00:00,53,15973779.0,72,598,0.5032,97877437.0,36,0,Self-employed,Family,Partner,0,0.18831679369385218,CASH_LOAN,0.8545998695921792,379.0,1,0.011562402335948282,1712488.2489792474,54,1,0.0,0,,0.057074370789681854,0.11864624959557986,APPROVE,25394474.903040003,POLICY_PASS,644.1129255189317,154.06136220731491,126.85786869022908,20.6583164953241,51.06438682291347,996.7548597347132
APP-42-010258,2025-03-03 10:00:00,42,32946609.0,62,662,0.2662,130504177.0,12,2,Salaried,Mortgage,Mobile,0,0.10531864115379333,BUSINESS_LOAN,0.907238872609013,430.0,2,0.05027367157265923,15780606.450105026,52,0,124055897.669258,0,,0.09452611848521157,0.08085607894611707,APPROVE,68230743.7180919,POLICY_PASS,847.1126190649532,142.393148098452,286.3726470004529,42.34696369690192,41.875989771678334,1360.1013676324383
APP-42-010259,2025-03-03 11:00:00,28,10996907.0,65,761,0.35,36336983.0,18,1,Salaried,Mortgage,Mobile,0,0.04891033420101125,BNPL,0.7592408084835249,266.0,0,0.09410617899457827,6194461.829329276,54,1,0.0,2,0.9458399651734931,0.05697432085169207,0.029063104560913273,APPROVE,22873566.560000002,POLICY_PASS,677.7127011500128,406.5214166787654,171.9574982585462,32.202036923677014,45.12448971460964,1333.518142725611
APP-42-010260,2025-03-03 12:00:00,22,30659226.0,119,612,0.3447,55161831.0,36,0,Salaried,Rented,Partner,0,0.07435994390211921,BUSINESS_LOAN,0.952013719683891,37.0,0,0.05462661979384748,20627552.849838804,50,1,90023007.96673526,1,0.7231590320690059,0.02332614900062726,0.04663947788244019,APPROVE,49512654.3817044,POLICY_PASS,546.2826829955529,299.22065823364755,193.80082483345683,43.61300922106351,45.312665409299164,1128.22984069302
APP-42-010261,2025-03-03 13:00:00,40,15410381.0,57,684,0.573,41369656.0,18,1,Self-employed,Rented,Partner,0,0.1818319677289927,CASH_LOAN,0.8860360397601369,123.0,1,0.008747591072377707,7045056.236130478,35,1,0.0,0,,0.04996820288857521,0.11790463705390827,APPROVE,21056744.598400004,POLICY_PASS,566.2535410972918,328.98025611754673,267.24639058043823,24.802249478814446,43.87967831946847,1231.1621155935595
APP-42-010262,2025-03-03 14:00:00,34,8117120.0,86,784,0.2085,124852904.0,24,1,Self-employed,Mortgage,Mobile,0,0.1018224620816967,CASH_LOAN,0.9140516409208644,715.0,1,0.13979196467647084,867052.6810646111,39,0,0.0,0,,0.06478871755857082,0.08507623172614436,APPROVE,20559041.536,POLICY_PASS,581.1407396598379,193.54033842800837,318.95060033365644,14.525640989933112,43.724137471395885,1151.8814568828318
APP-42-010263,2025-03-03 15:00:00,22,24944465.0,53,659,0.0805,54976750.0,18,1,Salaried,Mortgage,Mobile,0,0.057135510058855574,BNPL,0.9119311295913318,256.0,0,0.01719191202844645,17790734.14801609,39,1,0.0,0,,0.02463760852420002,0.035107469236692,APPROVE,25000000.0,POLICY_PASS,824.8375560370124,319.78072407798226,232.93395164228446,38.6199508658481,25.747965765990195,1441.9201483891172
APP-42-010264,2025-03-03 16:00:00,39,38823306.0,120,605,0.3597,55059285.0,24,0,Salaried,Mortgage,Mobile,0,0.058235776763359795,CASH_LOAN,0.9809319964263464,250.0,0,0.12156437103812588,27739418.617554206,57,1,0.0,1,0.97326927626947,0.025204104033685965,0.034956708464287695,APPROVE,55059285.0,POLICY_PASS,609.4564372208952,217.34552512147837,260.5976427837347,18.889555409691845,36.84274620510402,1143.1319067409042
APP-42-010265,2025-03-03 17:00:00,33,14392982.0,77,604,0.021,11204766.0,9,1,Self-employed,Owned,Mobile,0,0.07712491195253923,BNPL,0.8777987641867312,170.0,2,0.057688034089364466,6134020.158059564,45,0,0.0,1,0.7526497204585025,0.10777326096451943,0.059827584644792445,APPROVE,11204766.0,POLICY_PASS,579.8030414544937,258.460698965969,271.367359664504,40.55172174023779,24.033523476511782,1174.2163453017163
APP-42-010266,2025-03-03 18:00:00,40,42516436.0,63,490,0.1474,19400601.0,18,4,Self-employed,Owned,Mobile,0,0.11485817857219198,BNPL,0.987625930357562,546.0,0,0.009815816256130306,19594732.30019118,47,0,0.0,1,0.8945209714190755,0.01766093381653153,0.08339837087712289,APPROVE,19400601.0,POLICY_PASS,418.12883285721244,494.71011770602155,178.1402523435061,46.03027700451538,33.98311167030761,1170.9925915815631
APP-42-010267,2025-03-03 19:00:00,39,7239877.0,38,553,0.3757,107953943.0,12,4,Salaried,Rented,Branch,0,0.42815042514514867,CASH_LOAN,0.9370127485825065,92.0,0,0.037223666028768296,1785862.388372131,38,1,0.0,0,,0.023573355746431036,0.31378485355737473,REVIEW,14463536.675520003,ENHANCED_DUE_DILIGENCE,626.8361283484958,341.1384931354145,189.27036647301452,28.67210808894284,12.0,1197.9170960458678
APP-42-010268,2025-03-03 20:00:00,30,9319747.0,122,664,0.2799,100944928.0,24,4,Salaried,Rented,Branch,0,0.17984325351701297,BNPL,0.9670579773559098,714.0,1,0.020875271055974767,6410504.148668223,50,1,0.0,3,0.7613087967807269,0.03736220125457521,0.11403762919272716,REVIEW,21475679.40704,CREDIT_OR_AFFORDABILITY,596.1990202108288,372.31501974535024,328.5613197870165,35.65119069841389,36.24156083141152,1368.9681112730211
APP-42-010269,2025-03-03 21:00:00,41,16604478.0,95,710,0.4664,63101398.0,12,3,Salaried,Rented,Mobile,0,0.17500975378550157,CASH_LOAN,0.8933134792026367,75.0,0,0.03323513088515126,6723256.961115582,38,1,0.0,0,,0.027862617463623392,0.11439602813908382,APPROVE,28352478.274560004,POLICY_PASS,765.9102801874786,164.95258556802253,288.5488370011862,25.24006547628929,37.469432308552705,1282.1212005415296
APP-42-010270,2025-03-03 22:00:00,31,14679495.0,37,609,0.1743,335801893.0,24,1,Salaried,Rented,Partner,1,0.22432050171279333,CASH_LOAN,0.8262484468990757,318.0,0,0.10344157409163882,10116543.176251652,39,1,0.0,0,,0.044791178995595336,0.1562917381804232,REVIEW,38786748.86880001,CREDIT_OR_AFFORDABILITY,578.0044006252485,381.0010440185646,233.57204642676905,35.412882606779036,54.70195300867989,1282.6923266860413
APP-42-010271,2025-03-03 23:00:00,31,12471529.0,21,709,0.1242,46591169.0,9,1,Salaried,Rented,Mobile,0,0.07723549665310117,CASH_LOAN,0.8854842421610722,85.0,1,0.041237220767968756,1939122.4438595236,50,1,0.0,1,0.866454768271974,0.05492362529801597,0.04610978416904507,APPROVE,34952208.31424,POLICY_PASS,711.6980967560827,350.25755876270364,188.02824885037484,35.80529437426406,19.89505035679672,1305.6842491002221
APP-42-010272,2025-03-04 00:00:00,30,19373274.0,48,704,0.1925,89365831.0,12,2,Salaried,Rented,Mobile,0,0.10873955465024497,BUSINESS_LOAN,0.9198817169816468,396.0,0,0.030083413694856075,10518049.554887503,54,1,76352298.06237845,3,0.8806471285521198,0.02476485826178641,0.06456660292354578,APPROVE,41993763.93430815,POLICY_PASS,667.9286291061434,379.50282617460624,305.56534233855143,33.68617420109532,37.22881599413834,1423.9117878145348
APP-42-010273,2025-03-04 01:00:00,45,13458986.0,32,585,0.2956,81301811.0,12,1,Salaried,Mortgage,Mobile,0,0.15680990306269055,CASH_LOAN,0.8649004076506114,576.0,1,0.04680823046758918,8937959.767075054,41,1,0.0,0,,0.06053112344722832,0.10210494887539831,APPROVE,30337631.162880003,POLICY_PASS,639.5296975110163,245.04980753982588,294.3356260760363,17.564976433366198,58.866815083476055,1255.3469226437205
APP-42-010274,2025-03-04 02:00:00,32,14774987.0,51,597,0.5775,108440982.0,12,0,Salaried,Family,Branch,0,0.19973704125217023,CASH_LOAN,0.9534897182573898,138.0,2,0.06713156729086925,4462966.155994234,54,1,0.0,1,0.8217390826115989,0.08292428193143765,0.1287437979268847,REVIEW,19975782.424,CREDIT_OR_AFFORDABILITY,544.9240805914308,252.66247325169104,189.6920060296749,39.62378274874444,47.845341745806564,1074.7476843673476
APP-42-010275,2025-03-04 03:00:00,47,20978656.0,83,543,0.1504,93797785.0,18,2,Salaried,Rented,Mobile,0,0.22389817319235894,CASH_LOAN,0.9120422410822587,164.0,0,0.1422455474277901,2885756.176790677,42,1,0.0,0,,0.03543966304329899,0.15903734474360023,REVIEW,57035091.64032,CREDIT_OR_AFFORDABILITY,624.398021480843,319.38750114113986,184.72730821798388,25.806265516265842,42.43018173464708,1196.7492780908794
APP-42-010276,2025-03-04 04:00:00,51,12468762.0,94,694,0.5243,26553116.0,36,1,Self-employed,Owned,Mobile,0,0.10164417433703468,CASH_LOAN,0.9260049315281428,353.0,1,0.0042725232955097385,3731971.3164696633,40,0,0.0,1,0.8490603450232699,0.04203119466151044,0.07511829426471513,APPROVE,18980448.266880002,POLICY_PASS,675.7275424312794,452.61190240554436,141.32808706288574,13.522090539508792,33.41018714657871,1316.599809585797
APP-42-010277,2025-03-04 05:00:00,28,16980434.0,20,640,0.0143,27996239.0,12,0,Contract,Rented,Mobile,0,0.09821447611381726,BNPL,0.9836601877908808,170.0,0,0.0558309943207736,4694963.301359839,41,1,0.0,0,,0.02055504144481596,0.0628348391822517,APPROVE,25000000.0,POLICY_PASS,881.0766201039993,349.1730921815903,207.28409513158263,32.605694787671936,61.517855885105575,1531.6573580899496
APP-42-010278,2025-03-04 06:00:00,20,12620535.0,25,704,0.219,52371772.0,24,0,Salaried,Rented,Mobile,0,0.07397755969404092,BNPL,0.9060922507159169,119.0,0,0.07641729919355343,6302418.598286509,33,0,0.0,0,,0.029993107978603405,0.05947827132758364,APPROVE,25000000.0,POLICY_PASS,668.3906562556369,392.23750842012674,155.97606256389716,37.160200950834735,51.742380445140206,1305.5068086356357
APP-42-010279,2025-03-04 07:00:00,44,9274610.0,31,636,0.348,87334865.0,24,0,Contract,Mortgage,Partner,0,0.20142892934605525,CASH_LOAN,0.8684722826315155,231.0,0,0.08770949949372778,5822088.075049408,58,0,0.0,0,,0.0361083382682676,0.16075715568172044,REVIEW,19350546.304,CREDIT_OR_AFFORDABILITY,522.6852388670852,345.8091826969312,232.08321717106423,37.56650334399261,38.5136677121027,1176.6578097911759
APP-42-010280,2025-03-04 08:00:00,32,27396300.0,61,572,0.1626,188655227.0,24,0,Salaried,Mortgage,Mobile,0,0.12714360754722057,BUSINESS_LOAN,0.7895222076787733,232.0,1,0.037152230730734974,10466456.299850008,50,1,69147524.60112947,0,,0.0791074301710278,0.07990859093973589,APPROVE,38031138.530621216,POLICY_PASS,572.2792773723924,462.1532749220164,215.45047876730172,33.843529590824154,53.048003090603785,1336.7745637431383
APP-42-010281,2025-03-04 09:00:00,27,46046820.0,98,696,0.5083,89134879.0,12,1,Self-employed,Owned,Mobile,0,0.07227092984861119,BNPL,0.9642780862203036,271.0,0,0.07112346206486977,17271076.58944678,34,0,0.0,2,0.8546006795575066,0.02328017782503387,0.056075066573322445,APPROVE,25000000.0,POLICY_PASS,636.5542132408773,176.09196108474939,186.51134597467052,27.879986382341425,38.945911814442596,1065.9834184970812
APP-42-010282,2025-03-04 10:00:00,30,32326469.0,53,497,0.5905,43685154.0,9,0,Self-employed,Owned,Mobile,1,0.20873974450083949,CASH_LOAN,0.9031693318514683,187.0,1,0.007803861259668948,20915923.19615054,42,0,0.0,2,0.8707284117143881,0.04653492855906628,0.15817044765158048,REVIEW,42360604.9776,CREDIT_OR_AFFORDABILITY,527.6327663869286,421.156753224633,255.72346507101554,35.821927362837265,64.62821122417871,1304.963123269593
APP-42-010283,2025-03-04 11:00:00,31,21602642.0,19,616,0.1938,49635784.0,24,2,Contract,Rented,Partner,0,0.16708415548372943,CASH_LOAN,0.9063202656696092,323.0,0,0.0596746043637891,4341829.178048293,50,0,0.0,2,0.9843927623078961,0.028539228680849568,0.12379242225569398,REVIEW,49635784.0,CREDIT_OR_AFFORDABILITY,302.60781757103143,171.8902548523474,236.28273111961246,16.356900585287118,23.740510677967087,750.8782148062455
APP-42-010284,2025-03-04 12:00:00,47,12648405.0,65,584,0.1345,98190850.0,24,0,Salaried,Rented,Branch,0,0.1501989204838445,BUSINESS_LOAN,0.8221913787257261,209.0,0,0.05889489054640458,4901231.038666599,47,1,78389261.54249534,0,,0.040058974537936776,0.09727547153421116,APPROVE,43114093.84837244,POLICY_PASS,725.4938540655452,314.01189760974114,275.0185042359355,19.533093419864045,57.4098642902233,1391.4672136213094
APP-42-010285,2025-03-04 13:00:00,36,15372289.0,43,750,0.2733,45534155.0,24,0,Salaried,Rented,Branch,0,0.046204436733738946,CASH_LOAN,0.9062537337574629,444.0,0,0.05917746010499647,7781915.34264879,44,0,0.0,0,,0.028505645523270635,0.03570899745063387,APPROVE,35747335.73216,POLICY_PASS,362.7060524902763,521.5439945165189,339.18192965817434,47.28388042121515,56.70514429594772,1327.4210013821325
APP-42-010286,2025-03-04 14:00:00,47,32192498.0,43,766,0.0758,88506808.0,18,0,Self-employed,Owned,Branch,0,0.03375102588615378,CASH_LOAN,0.9072458936959277,182.0,0,0.03625318398868485,15729236.102070298,37,0,0.0,1,0.8920501897139849,0.02655370936416426,0.024871761785704872,APPROVE,70000000.0,POLICY_PASS,702.5196819735414,293.5491489969577,302.88062039161457,35.484223447590225,55.37023930241621,1389.80391411212
APP-42-010287,2025-03-04 15:00:00,39,5132301.0,61,670,0.3273,15415085.0,18,4,Salaried,Rented,Mobile,0,0.13150241509677263,CASH_LOAN,0.8938802478415744,612.0,0,0.033801972525454436,1465996.4461072176,48,1,0.0,1,0.9108601414507628,0.027844207313114502,0.07931825267273811,APPROVE,11047996.424640002,POLICY_PASS,922.4504562940458,254.31884160158816,263.7998027364349,30.63252759035699,51.5500920827158,1522.7517203051418
APP-42-010288,2025-03-04 16:00:00,32,14740203.0,74,598,0.6758,26358298.0,24,1,Self-employed,Rented,Mobile,0,0.193743500114083,CASH_LOAN,0.948312616728365,222.0,1,0.04933283953607491,1414529.3679356044,54,0,0.0,1,0.8797732168050643,0.04373382492567235,0.14669028072525023,REVIEW,15292076.200320004,CREDIT_OR_AFFORDABILITY,730.1371527346224,390.8613484963893,348.3845678210087,40.14854584990763,38.88772303293615,1548.419337934864
APP-42-010289,2025-03-04 17:00:00,31,26954103.0,92,764,0.3282,77635275.0,9,2,Salaried,Rented,Branch,0,0.0637227100762568,BUSINESS_LOAN,0.8952012678334065,256.0,1,0.030413036512143363,16597918.686870046,38,1,173698596.7372587,0,,0.05124141841582485,0.039712722300007504,APPROVE,77635275.0,POLICY_PASS,473.94106669769064,337.19917900350276,223.0502108264612,32.53334883518326,53.88892834341678,1120.6127337062546
APP-42-010290,2025-03-04 18:00:00,40,9624554.0,99,590,0.1689,225395214.0,24,3,Salaried,Owned,Mobile,1,0.27750166095574824,BUSINESS_LOAN,0.9586345306424283,324.0,0,0.014514846845237026,4096370.1193878846,41,1,31314929.7852873,2,0.845356807026284,0.020179137495075567,0.18218565346743032,REVIEW,17223211.381908014,CREDIT_OR_AFFORDABILITY,750.6726195458591,348.72842886214283,209.7478733304339,35.168572546884896,51.88277537581441,1396.2002696611353
APP-42-010291,2025-03-04 19:00:00,42,22719766.0,86,540,0.2983,37676136.0,36,1,Salaried,Mortgage,Mobile,0,0.11165540463285896,CASH_LOAN,0.7338908325110697,156.0,0,0.20735347797218773,9876747.168165563,46,1,0.0,0,,0.08625204063584083,0.07904257091345218,APPROVE,37676136.0,POLICY_PASS,785.4223200091,280.6404276786709,162.04965488948267,26.479795904235857,27.08341771769912,1281.6756161991882
APP-42-010292,2025-03-04 20:00:00,44,22147306.0,81,497,0.4198,80832623.0,36,2,Salaried,Owned,Mobile,1,0.2075821471035363,BUSINESS_LOAN,0.9256812878329278,153.0,0,0.07014110788679467,16567858.767206963,41,1,77659321.27378194,2,0.7510097995928409,0.02718739332212361,0.1401241982309772,REVIEW,42712626.70058007,CREDIT_OR_AFFORDABILITY,543.5492458466765,352.106410136174,271.06280228703287,25.002358413413297,44.88779285307884,1236.6086095363753
APP-42-010293,2025-03-04 21:00:00,33,8088869.0,24,647,0.3111,139553796.0,24,1,Salaried,Rented,Mobile,0,0.20020087408556386,BNPL,0.9511136317292715,352.0,2,0.1129082130911203,3835900.1806453243,47,1,0.0,1,0.9017252502417867,0.09483723997554486,0.13182983386273375,REVIEW,17831749.93312,CREDIT_OR_AFFORDABILITY,590.971995817717,381.53269173585085,125.04987881947324,22.38890982071714,43.29334647386027,1163.2368226676185
APP-42-010294,2025-03-04 22:00:00,37,18882012.0,77,517,0.7142,74865565.0,12,1,Salaried,Owned,Mobile,0,0.2681290072036705,CASH_LOAN,0.9514362841244369,264.0,0,0.03790189450804578,4057153.5518539883,48,1,0.0,1,0.7107966519810677,0.02226273662214798,0.18168861741969403,REVIEW,17268732.894720003,CREDIT_OR_AFFORDABILITY,412.899310597036,487.26325149817217,222.06801155962063,28.8058734754455,36.64279680097623,1187.6792439312503
APP-42-010295,2025-03-04 23:00:00,40,12817057.0,51,742,0.0484,55464643.0,6,0,Self-employed,Family,Partner,1,0.04964763229908928,BNPL,0.9614265425109066,464.0,1,0.20600566939454454,3442160.3805803377,46,1,0.0,0,,0.06476851501051045,0.0344104724110226,APPROVE,25000000.0,POLICY_PASS,332.98777907141096,299.08191332171225,292.39600313828055,22.622152109111028,55.97528696082853,1003.0631346013433
APP-42-010296,2025-03-05 00:00:00,32,22628859.0,99,598,0.3507,138721404.0,24,5,Contract,Owned,Mobile,0,0.281895270134337,CASH_LOAN,0.9699228076117986,463.0,0,0.1471506000389819,1899670.0408449888,60,0,0.0,0,,0.02840913651361503,0.23690616837356554,REVIEW,47017338.07584,ENHANCED_DUE_DILIGENCE,397.19783329322695,246.3519283392107,286.2774668205087,27.725277763144856,36.35320317053224,993.9057093866234
APP-42-010297,2025-03-05 01:00:00,25,26017140.0,41,547,0.4291,25300820.0,24,1,Self-employed,Rented,Mobile,0,0.18694915849962698,CASH_LOAN,0.9215326684770825,71.0,0,0.09363824349960055,15203022.261021769,49,1,0.0,0,,0.029611822699965904,0.12534843452923872,REVIEW,25300820.0,CREDIT_OR_AFFORDABILITY,760.9133037014069,310.3114445561149,312.35562827397104,27.49230463999193,45.46444208351996,1456.5371232550046
APP-42-010298,2025-03-05 02:00:00,28,22416295.0,49,720,0.5492,14270799.0,18,0,Salaried,Rented,Mobile,0,0.09124581925025502,BNPL,0.8358416142958058,281.0,0,0.0009091612002776323,6221785.177256613,59,1,0.0,0,,0.03205235636578717,0.054123907252134285,APPROVE,14270799.0,POLICY_PASS,1002.2936755204698,341.3236114913415,248.66497514078264,27.482305809961698,37.57125136639885,1657.3358193289546
APP-42-010299,2025-03-05 03:00:00,33,18733203.0,38,703,0.4771,22583946.0,18,0,Salaried,Rented,Mobile,0,0.07620465595549286,BNPL,0.8944802440658491,146.0,1,0.0025912532403284195,5092125.423898693,49,1,0.0,0,,0.047469113972728724,0.045820310435321206,APPROVE,22583946.0,POLICY_PASS,237.1910220740881,185.82878400598747,286.896116550503,42.59424833804901,33.30386944660751,785.814040415235
APP-42-010300,2025-03-05 04:00:00,41,21099534.0,42,760,0.2646,17914866.0,24,2,Salaried,Rented,Mobile,0,0.04603877190116337,CASH_LOAN,0.9699000042059374,300.0,0,0.18813833870227017,5855544.692140111,39,1,0.0,4,0.840668474494423,0.032010260312279416,0.031061383332192372,APPROVE,17914866.0,POLICY_PASS,805.7730905951669,251.99062159764023,304.62286194074863,23.117810478715647,38.697957749032284,1424.2023423613036
APP-42-010301,2025-03-05 05:00:00,46,9426605.0,110,518,0.1092,31311609.0,9,6,Salaried,Mortgage,Mobile,0,0.2552674985403218,BNPL,0.8965725519828783,212.0,0,0.17292738743263,7054919.713107886,40,0,0.0,1,0.9111001796125288,0.041216661064615044,0.21511784359710057,REVIEW,25000000.0,ENHANCED_DUE_DILIGENCE,543.2668587134042,294.61559397832383,249.51858053557245,21.648626955841763,53.605742467957626,1162.6554026511
APP-42-010302,2025-03-05 06:00:00,23,17698117.0,39,502,0.2948,50210817.0,18,3,Salaried,Owned,Mobile,0,0.2071253814091001,BNPL,0.8499487915878593,97.0,0,0.0989897681596482,2251109.0401569437,51,1,0.0,0,,0.04020163265836561,0.14002305951881777,REVIEW,25000000.0,CREDIT_OR_AFFORDABILITY,793.2451048551155,204.39903677736487,188.9957308281475,27.886077431246086,58.11530850858138,1272.6412584004554
APP-42-010303,2025-03-05 07:00:00,30,11615100.0,58,752,0.1105,38322999.0,36,0,Self-employed,Owned,Mobile,1,0.04101266205809994,BUSINESS_LOAN,0.8978742620410292,105.0,0,0.0034018907490148405,6090946.781291364,41,0,46925823.723001175,0,,0.02506578499522516,0.030577217963678502,APPROVE,25809203.047650646,POLICY_PASS,825.0714283245507,323.55595204538565,326.5155759181222,44.03441690228823,57.43834298302983,1576.6157161733765
APP-42-010304,2025-03-05 08:00:00,32,31744455.0,41,438,0.3869,11340572.0,24,2,Self-employed,Family,Mobile,0,0.11688002134138954,BNPL,0.8678026649408098,101.0,1,0.01418701489548938,19705272.554006066,39,0,0.0,1,0.806424977292588,0.05456718423233904,0.0885394296592086,APPROVE,11340572.0,POLICY_PASS,353.33971953938084,357.9408630313918,375.2799751010151,26.692818358079293,41.734608817518804,1154.9879848473856
APP-42-010305,2025-03-05 09:00:00,42,26210307.0,58,552,0.158,46448156.0,9,0,Contract,Mortgage,Partner,0,0.15986864784396268,BNPL,0.6715124306952357,347.0,0,0.07710269561444195,2733197.931442194,47,1,0.0,2,0.8821423782097882,0.07662980568908208,0.10155897379389785,REVIEW,25000000.0,CREDIT_OR_AFFORDABILITY,506.9445480192726,310.4199583740024,357.25747987995146,23.82402677680501,12.0,1210.4460130500315
APP-42-010306,2025-03-05 10:00:00,30,26169445.0,65,644,0.8185,52457755.0,24,1,Self-employed,Family,Partner,1,0.13686970273393287,BUSINESS_LOAN,0.8778393690596273,136.0,1,0.031380967352023614,16248272.909284014,44,1,154306161.10349792,0,,0.05505560302214136,0.0869862772353019,APPROVE,52457755.0,POLICY_PASS,298.0297173887371,431.6963616165362,139.24359479162058,28.618038241548085,59.51268343561452,957.1003954740565
APP-42-010307,2025-03-05 11:00:00,31,46191330.0,77,544,0.1487,85850573.0,9,0,Self-employed,Rented,Mobile,0,0.1386663569953078,CASH_LOAN,0.8960515932934674,909.0,1,0.04624624568269324,16978962.18352284,38,0,0.0,1,0.7879712694233553,0.053419611982527204,0.10869722749937147,APPROVE,70000000.0,POLICY_PASS,871.3297685709967,371.3190922925066,225.4802700760913,33.406106627485734,54.0304978981696,1555.56573546525
APP-42-010308,2025-03-05 12:00:00,22,15012514.0,55,655,0.4515,113517520.0,18,2,Salaried,Owned,Partner,0,0.2386953901272507,CASH_LOAN,0.7888268010128534,356.0,0,0.04028676266834053,2647783.0883382233,49,1,0.0,0,,0.04342963636362322,0.158073811785025,REVIEW,26349964.5728,CREDIT_OR_AFFORDABILITY,684.3147969925835,312.3387280496507,160.69696878760607,25.65544774002197,54.63404287518917,1237.6399844450514
APP-42-010309,2025-03-05 13:00:00,39,13308697.0,115,557,0.2327,85052853.0,36,0,Salaried,Mortgage,Branch,1,0.14985551371713235,CASH_LOAN,0.9747539850843904,609.0,1,0.06726440212530672,7460047.487121131,51,1,0.0,2,0.8921364336685488,0.041400772889187976,0.09322086326254798,APPROVE,32677642.265920002,POLICY_PASS,633.4982195519342,263.38603492063226,226.33040536985982,28.870801724086405,60.626451466988684,1212.7119130335016
APP-42-010310,2025-03-05 14:00:00,34,14818705.0,21,733,0.1544,9632688.0,24,1,Self-employed,Family,Partner,0,0.03923496675927334,CASH_LOAN,0.9318329963311773,739.0,1,0.021380343755313117,2695573.537663902,33,0,0.0,0,,0.043125509122413544,0.030086618638296758,APPROVE,9632688.0,POLICY_PASS,564.0256104796722,277.5955865212672,331.48234070292426,45.09331054436071,48.19903305428016,1266.3958813025047
APP-42-010311,2025-03-05 15:00:00,29,7456915.0,38,692,0.6762,34493024.0,18,1,Contract,Mortgage,Mobile,1,0.1642206115185674,CASH_LOAN,0.9130236753587675,210.0,1,0.06701723819890872,3751704.273168085,44,0,0.0,1,0.7910519929351368,0.05296785974619168,0.12985892982606737,REVIEW,7726557.0464,CREDIT_OR_AFFORDABILITY,632.5516595292385,322.8742094962054,253.8416517906556,52.65720346983731,38.932835988719305,1300.857560274656
APP-42-010312,2025-03-05 16:00:00,33,7786575.0,37,660,0.0706,39305261.0,12,0,Salaried,Rented,Partner,0,0.10330267101778508,BNPL,0.8801800574247993,369.0,0,0.10434270571222769,711725.9877499352,60,1,0.0,0,,0.03613364845837298,0.06612485110621333,APPROVE,23157896.976,POLICY_PASS,780.4181630808455,384.73787906760555,354.92026670073307,23.279969697631067,16.86929426085707,1560.225572807672
APP-42-010313,2025-03-05 17:00:00,45,25329720.0,32,614,0.3648,26383349.0,12,2,Contract,Family,Branch,0,0.09101144072811929,CASH_LOAN,0.8802854825902303,464.0,0,0.1408442058427494,10967229.407665813,32,0,0.0,0,,0.04013027984555234,0.07693674788501192,APPROVE,26383349.0,POLICY_PASS,849.4650456984875,212.64120169554747,305.8473386038425,33.29726414313968,35.52701431492493,1436.777864455942
APP-42-010314,2025-03-05 18:00:00,26,8356542.0,73,566,0.3383,153623217.0,12,1,Salaried,Rented,Mobile,0,0.2521471676216307,CASH_LOAN,0.8770160414912047,6.0,0,0.059650868932065164,4250219.413581133,51,1,0.0,1,0.9413184073212846,0.06884842219654362,0.16153504555311957,REVIEW,17694476.29248,CREDIT_OR_AFFORDABILITY,595.3580036861498,268.840581312625,161.50581172547032,42.32370494418293,42.393401104587724,1110.4215027730156
APP-42-010315,2025-03-05 19:00:00,27,9965906.0,37,630,0.441,41501164.0,12,0,Salaried,Owned,Mobile,0,0.14759288252217684,BNPL,0.9711795855313701,189.0,0,0.07463320620342676,6283966.748165991,32,1,0.0,0,,0.02286416939598223,0.09915654294004093,APPROVE,17827012.652799997,POLICY_PASS,875.0499039298036,394.00632860200466,304.04612129871833,10.620124631374996,33.56934631633155,1617.2918247782331
APP-42-010316,2025-03-05 20:00:00,46,17020625.0,8,551,0.245,28524027.0,18,4,Salaried,Owned,Partner,0,0.2749029206639829,CASH_LOAN,0.9834418356698029,108.0,0,0.09305068861147622,6025949.883854503,53,1,0.0,0,,0.022948122063787192,0.1898324076651454,REVIEW,28524027.0,CREDIT_OR_AFFORDABILITY,865.160866741522,387.9248355012871,245.30275394981578,27.49320867478736,25.719557786407915,1551.60122265382
APP-42-010317,2025-03-05 21:00:00,36,14348517.0,62,778,0.2246,76174625.0,6,2,Salaried,Rented,Mobile,0,0.1045568037270759,BUSINESS_LOAN,0.9677350461878603,258.0,0,0.038727428812960735,10349469.164908951,50,1,79676626.5356808,0,,0.020870956223318696,0.06515920157253692,APPROVE,43822144.594624445,POLICY_PASS,585.63791536187,347.2178286991191,235.33063095169052,29.205564329212645,52.14147784395968,1249.5334171858517
APP-42-010318,2025-03-05 22:00:00,41,29296866.0,117,663,0.272,19882179.0,12,3,Salaried,Owned,Branch,1,0.04016922816107549,CASH_LOAN,0.8959685351262447,537.0,0,0.0671683534036552,9962249.829491116,49,1,0.0,2,0.9126102753201253,0.030425896938472977,0.023774905094185884,APPROVE,19882179.0,POLICY_PASS,620.1249474654885,266.86976021643045,131.86936456177995,28.064315921803914,39.40609812106894,1086.3344862865717
APP-42-010319,2025-03-05 23:00:00,39,18608630.0,10,577,0.3032,29196890.0,36,1,Self-employed,Rented,Partner,0,0.1465727904827594,CASH_LOAN,0.9170441595926082,141.0,1,0.06680309766318318,3630747.4865749227,33,0,0.0,0,,0.052095451053828956,0.11892646153558417,APPROVE,29196890.0,POLICY_PASS,814.4822001099993,260.1474982127896,238.26294313571537,17.805696448215755,49.72842635395363,1380.4267642606737
APP-42-010320,2025-03-06 00:00:00,35,11602423.0,71,753,0.461,70876812.0,24,1,Salaried,Mortgage,Mobile,0,0.09926627114175818,BUSINESS_LOAN,0.8967791281791216,354.0,0,0.06799668895756124,1995612.610880655,35,1,50701221.98298407,3,0.9126713361855052,0.030398783715507114,0.06190747097386596,APPROVE,27885672.09064124,POLICY_PASS,513.9524262352596,381.50611577041997,211.1127533832516,22.97066240267163,43.0861822628535,1172.6281400544565
APP-42-010321,2025-03-06 01:00:00,32,30715577.0,90,637,0.1885,29268909.0,9,0,Self-employed,Owned,Mobile,0,0.0671076315280255,CASH_LOAN,0.7303867372276347,290.0,1,0.1476147263375014,19656585.10101151,44,0,0.0,0,,0.1329895913609902,0.055499562223648755,APPROVE,29268909.0,POLICY_PASS,738.794398991966,322.74757098188974,228.5539496852258,39.91364919362643,61.54639052909611,1391.555959381804
APP-42-010322,2025-03-06 02:00:00,42,26875283.0,40,741,0.1843,165303150.0,12,0,Salaried,Rented,Mobile,0,0.06100812644014119,CASH_LOAN,0.8308500410468647,89.0,1,0.0785223920292302,11158764.530610796,54,0,0.0,1,0.9286968739934285,0.07557803112423024,0.044722847169646994,APPROVE,70000000.0,POLICY_PASS,473.9859454598683,254.0352072938677,308.4768823584477,32.86089531519797,38.49532634832235,1107.854256775704
APP-42-010323,2025-03-06 03:00:00,45,8284041.0,66,739,0.5903,81203106.0,24,2,Self-employed,Family,Mobile,0,0.1682663549823451,CASH_LOAN,0.9406705483088785,578.0,0,0.01666961162835938,5496158.421380301,36,0,0.0,1,0.8378735502688864,0.021863995787685764,0.12911303430534918,REVIEW,10860709.11264,CREDIT_OR_AFFORDABILITY,651.1440260189762,399.10876796658965,210.71795281724025,44.199372277173794,57.085505408710716,1362.2556244886907
APP-42-010324,2025-03-06 04:00:00,45,20678994.0,3,671,0.4012,58136783.0,36,4,Salaried,Family,Mobile,0,0.10610676590129882,BUSINESS_LOAN,0.9686330180665415,271.0,0,0.10520626687472835,5145067.51891999,45,1,132313925.03785913,4,0.8793136393795014,0.02526760379093542,0.06748185127327011,APPROVE,58136783.0,POLICY_PASS,413.61431844478545,348.0972862924898,311.4877388256132,20.210113203305173,52.90342278113164,1146.312879547325
APP-42-010325,2025-03-06 05:00:00,24,12146967.0,59,549,0.6042,65696113.0,12,0,Self-employed,Mortgage,Mobile,0,0.30943508147964877,CASH_LOAN,0.8786433373009396,49.0,1,0.06718999560018941,2474193.5585973538,45,0,0.0,4,0.9163095144169451,0.06072618618096828,0.24651950281108773,REVIEW,15384862.523520002,ENHANCED_DUE_DILIGENCE,600.0662110348181,278.043348245932,254.76961327447975,19.999068304009896,32.62034569109632,1185.498586550336
APP-42-010326,2025-03-06 06:00:00,47,11972124.0,76,598,0.3018,21948914.0,36,2,Salaried,Owned,Branch,0,0.08426630408831182,CASH_LOAN,0.9170947367952215,195.0,0,0.006427153811207417,3494780.8124924405,48,1,0.0,0,,0.02337315647894296,0.051080402474991335,APPROVE,21948914.0,POLICY_PASS,638.2550299581083,126.54547558463437,182.0667582614961,29.091401619605975,59.941310026916625,1035.8999754507613
APP-42-010327,2025-03-06 07:00:00,32,50330176.0,43,850,0.4234,53341443.0,18,1,Salaried,Mortgage,Mobile,0,0.02883343024981719,BUSINESS_LOAN,0.9230086898880685,87.0,2,0.05716109588950416,19280461.398592446,48,1,291174123.1123597,0,,0.09069707270709572,0.017721579929129417,APPROVE,53341443.0,POLICY_PASS,629.4946302124918,433.1393737707436,209.78871045687168,27.027748481513466,36.19635088866053,1335.6468138102812
APP-42-010328,2025-03-06 08:00:00,28,19273306.0,44,600,0.702,24542356.0,24,1,Salaried,Family,Mobile,0,0.10404897617380132,BNPL,0.7929667451788776,349.0,0,0.06685076459548758,9783914.494980449,36,1,0.0,1,0.806226160461844,0.04609287037240853,0.06681013978770659,APPROVE,18379024.601600002,POLICY_PASS,768.9082287567635,250.65961842383848,293.20839003832725,35.33261403348779,35.66018829809051,1383.7690395505076
APP-42-010329,2025-03-06 09:00:00,33,15970218.0,67,621,0.5859,121783903.0,12,1,Self-employed,Family,Mobile,0,0.2899495948259493,CASH_LOAN,0.829786207791202,99.0,0,0.05520594478003442,6708700.759363928,49,1,0.0,1,0.9100626808984494,0.0384390442789335,0.1907347204210383,REVIEW,21162455.27616,CREDIT_OR_AFFORDABILITY,673.507060104213,237.2266996835282,99.34581285581643,45.05008807065016,33.61091672403217,1088.74057743824
APP-42-010330,2025-03-06 10:00:00,42,18860974.0,55,606,0.2188,213884764.0,24,0,Salaried,Owned,Mobile,0,0.13462126736554345,BNPL,0.877734168013612,206.0,1,0.08772247356037097,4397133.4120917125,32,1,0.0,0,,0.06456639568122387,0.09079965476803215,APPROVE,25000000.0,POLICY_PASS,459.3449697653657,234.3194541335066,218.18710925307448,8.0,60.642786060738274,980.494319212685
APP-42-010331,2025-03-06 11:00:00,40,29113556.0,96,572,0.1358,24376369.0,12,0,Self-employed,Mortgage,Partner,0,0.06620424799098917,CASH_LOAN,0.7627938313175117,369.0,1,0.061192350881531896,7642514.226429141,44,0,0.0,0,,0.0936248851824155,0.05148442670288044,APPROVE,24376369.0,POLICY_PASS,494.54450086581073,351.05519531514017,277.42232569332833,31.60229840257946,37.959675142976366,1192.583995419835
APP-42-010332,2025-03-06 12:00:00,33,12237308.0,57,691,0.6272,39470016.0,18,0,Self-employed,Mortgage,Mobile,0,0.15377457057473165,CASH_LOAN,0.9032628046397888,408.0,1,0.1154786486418466,2783100.091541806,48,1,0.0,0,,0.06313476757836847,0.10342927816512228,APPROVE,14598618.951680003,POLICY_PASS,530.3439822744183,240.72407691815394,303.66549907185566,32.027114098465795,53.07036027342026,1159.831032636314
APP-42-010333,2025-03-06 13:00:00,43,13442271.0,68,544,0.5909,61883365.0,36,1,Salaried,Rented,Mobile,0,0.27853189109597337,CASH_LOAN,0.9327856693075398,163.0,1,0.020653939102409157,8396994.30803763,39,1,0.0,0,,0.042871187855947485,0.18857974299329386,REVIEW,17597545.811520003,CREDIT_OR_AFFORDABILITY,458.3698447630726,348.4761064767604,329.98734709577224,38.7772116745914,50.72509388603512,1226.3356038962318
APP-42-010334,2025-03-06 14:00:00,36,25830115.0,44,580,0.2613,119764467.0,24,2,Contract,Family,Mobile,1,0.21334215734779824,CASH_LOAN,0.8818728022793448,206.0,1,0.2173551734955131,7866574.6189733725,43,1,0.0,1,0.6266121802631158,0.09097397487105445,0.16302871432266194,REVIEW,61058259.041600004,CREDIT_OR_AFFORDABILITY,582.3459348265252,370.6458109180471,325.6375460586987,31.496420033792205,41.89249630288932,1352.0182081399525
APP-42-010335,2025-03-06 15:00:00,30,7817444.0,44,662,0.1791,204622360.0,9,0,Self-employed,Rented,Partner,1,0.20039664141712493,CASH_LOAN,0.9169030042127828,163.0,0,0.0416569859074851,5736849.345566814,35,1,0.0,0,,0.02593153849004641,0.1338226279790533,REVIEW,20535487.29472,CREDIT_OR_AFFORDABILITY,518.2528296612572,471.03841987662645,316.48712154303644,26.15519801845403,44.37744220703422,1376.3110113064083
APP-42-010336,2025-03-06 16:00:00,29,31040608.0,82,622,0.4608,54514212.0,36,0,Contract,Rented,Mobile,1,0.11982170125953734,CASH_LOAN,0.9434003864019774,53.0,0,0.19312910413991066,13823820.911575738,52,1,0.0,0,,0.03616269975901492,0.08330449470693223,APPROVE,53558706.66752,POLICY_PASS,643.3366488237197,492.35401297767953,210.62548906095074,24.95829291304836,50.57151718248779,1421.8459609578858
APP-42-010337,2025-03-06 17:00:00,39,7444853.0,87,652,0.2247,142938104.0,12,1,Self-employed,Mortgage,Partner,0,0.19542898267195175,BNPL,0.9429877222146851,232.0,0,0.017682223553421278,3204627.2430713996,46,0,0.0,0,,0.021721289166537584,0.15201928363952916,REVIEW,18470382.49888,CREDIT_OR_AFFORDABILITY,726.9389115342797,281.9483741543464,133.80511767939032,34.32176806080309,59.39530291742132,1236.4094743462408
APP-42-010338,2025-03-06 18:00:00,34,15724186.0,23,638,0.465,59729032.0,12,1,Contract,Owned,Partner,0,0.1855984731455313,BUSINESS_LOAN,0.9754265227020309,71.0,0,0.09688865543670148,8691418.902309077,55,0,56816435.84218431,0,,0.02398321837781331,0.14916039420953034,REVIEW,31249039.713201374,CREDIT_OR_AFFORDABILITY,833.2222629108854,258.25802283598915,239.83163161241632,24.74257821178859,67.47354162771863,1423.528037198798
APP-42-010339,2025-03-06 19:00:00,23,7470887.0,49,556,0.0657,42609988.0,9,2,Contract,Owned,Mobile,0,0.21414938324427432,CASH_LOAN,0.7892297423438398,301.0,0,0.18622561786024983,5410960.187929029,54,0,0.0,0,,0.06561476495451644,0.18340840749823215,REVIEW,22336159.11712,CREDIT_OR_AFFORDABILITY,615.5228610274385,297.61979600402447,212.28956008301546,34.24910771347665,72.43451157297795,1232.115836400933
APP-42-010340,2025-03-06 20:00:00,43,10068718.0,69,745,0.253,20407840.0,24,0,Salaried,Family,Branch,0,0.02572834066139647,BNPL,0.9111698520073602,130.0,0,0.02946045283977611,2095792.7129244418,39,1,0.0,0,,0.025617405282757345,0.015750586948110674,APPROVE,20407840.0,POLICY_PASS,569.9340676408841,378.59229849951515,182.75268786369062,30.23818837181874,31.373817642777134,1192.8910600186857
APP-42-010341,2025-03-06 21:00:00,31,36748174.0,11,722,0.1401,35215141.0,36,2,Salaried,Family,Mobile,0,0.023486125968139218,BNPL,0.9184566688168583,369.0,0,0.08058446865033839,15530394.27355243,41,1,0.0,0,,0.028866993099439055,0.014859560532152375,APPROVE,25000000.0,POLICY_PASS,428.6089356879225,304.4270371469478,232.0503768808207,34.30952885369123,46.35128809930332,1045.7471666686856
APP-42-010342,2025-03-06 22:00:00,49,31970819.0,49,571,0.5955,54798533.0,24,0,Salaried,Mortgage,Mobile,0,0.1412484317719592,BUSINESS_LOAN,0.9032846981016213,136.0,0,0.027914328199788792,23814125.391842823,40,0,117555332.21037671,0,,0.02633796692177185,0.11016825011102398,APPROVE,54798533.0,POLICY_PASS,999.3813706151691,235.57583486566722,313.19379293493705,20.95364504928508,31.010280306727047,1600.1149237717855
APP-42-010343,2025-03-06 23:00:00,22,33906238.0,145,674,0.2663,41478160.0,18,0,Salaried,Owned,Partner,0,0.03907804192278318,CASH_LOAN,0.8785994204780163,156.0,1,0.0556398566213291,11928032.146739002,45,1,0.0,2,0.9438106775836576,0.0587898070500825,0.0228934293123183,APPROVE,41478160.0,POLICY_PASS,549.6289476753418,375.69786646897495,292.99263842052153,25.41819332628957,39.65913916338383,1283.3967850545116
APP-42-010344,2025-03-07 00:00:00,33,8112679.0,33,605,0.1895,322518246.0,36,0,Self-employed,Family,Partner,1,0.18771434441829604,BNPL,0.974562304464657,342.0,0,0.049768183757665625,3635841.9854103774,38,0,0.0,1,0.7634490791744905,0.020962042167162742,0.15025029634158082,REVIEW,21041044.2544,CREDIT_OR_AFFORDABILITY,696.5285828154714,334.19752399645466,208.6065272038554,39.12369282880435,30.451948709215742,1308.9082755538016
APP-42-010345,2025-03-07 01:00:00,29,10097530.0,32,718,0.4141,66043677.0,24,1,Salaried,Mortgage,Mobile,0,0.08364152241105688,CASH_LOAN,0.8058793099000959,212.0,0,0.14346519035546468,1406432.806103312,39,1,0.0,1,0.857852910515689,0.054459597065280176,0.05511587346384971,APPROVE,18931657.0464,POLICY_PASS,678.5185065134211,233.25871497071265,236.1429856393152,26.897865474452708,54.81026641810116,1229.6283390160029
APP-42-010346,2025-03-07 02:00:00,26,21699770.0,53,702,0.3257,46782134.0,24,0,Salaried,Family,Mobile,1,0.04534681910113594,CASH_LOAN,0.9199776074523691,218.0,0,0.016403342127279365,8991541.572751991,48,1,0.0,0,,0.023783416363139777,0.027233252759377286,APPROVE,46782134.0,POLICY_PASS,557.2604108825125,308.5132698004487,166.9901884545925,53.08180751645732,24.216309771826314,1110.0619864258372
APP-42-010347,2025-03-07 03:00:00,31,26676856.0,55,730,0.2354,20399376.0,6,2,Salaried,Mortgage,Mobile,0,0.030254145665583678,BUSINESS_LOAN,0.8109948763053002,234.0,2,0.1497410826270658,12607140.068101194,56,1,165896934.74567035,1,0.9338069402298982,0.17408398554859836,0.01857412365092112,APPROVE,20399376.0,POLICY_PASS,716.2420950413417,262.58976248779277,203.04493793871808,40.31425066521973,35.96693492214494,1258.1579810552173
APP-42-010348,2025-03-07 04:00:00,51,11595757.0,46,572,0.1933,42642970.0,18,0,Self-employed,Family,Mobile,0,0.10739665658058642,BNPL,0.8197427327771378,254.0,0,0.044474684064891926,3412157.9612049125,38,0,0.0,0,,0.03880995259795995,0.08430383669810974,APPROVE,25000000.0,POLICY_PASS,916.2267816760098,256.18322157449927,313.64091064884053,41.62897426892022,26.611440423082833,1554.2913285913523
APP-42-010349,2025-03-07 05:00:00,36,13091524.0,88,542,0.2669,37949533.0,12,2,Salaried,Owned,Mobile,0,0.1784765752078649,BNPL,0.9819764903023888,14.0,0,0.11628123628089121,6183467.127684975,31,1,0.0,3,0.8937118313264741,0.024711669957559013,0.12029858240434661,REVIEW,25000000.0,CREDIT_OR_AFFORDABILITY,738.4977899964115,296.90755184749156,78.03686741373662,30.924724733644027,36.196183251521035,1180.5631172428048
APP-42-010350,2025-03-07 06:00:00,28,9661323.0,17,506,0.3988,51894179.0,9,2,Salaried,Rented,Branch,0,0.28695612262215014,CASH_LOAN,0.8123255508417724,102.0,2,0.017288823103840178,1878918.3121183335,50,1,0.0,2,0.9064487483719148,0.12347777889505558,0.1840445900112378,REVIEW,18586839.64032,CREDIT_OR_AFFORDABILITY,450.0887043782309,421.175486376193,314.0962902100632,21.94108852889269,80.63822565530819,1287.9397951486878
APP-42-010351,2025-03-07 07:00:00,20,44808895.0,31,833,0.2983,189990623.0,12,0,Salaried,Rented,Partner,0,0.0639348091422007,CASH_LOAN,0.957304979931195,74.0,1,0.08596088317082476,3802060.814455505,50,1,0.0,1,0.8455578344165956,0.04685102770611021,0.03942932041314642,APPROVE,70000000.0,POLICY_PASS,771.0480689017764,264.16160356423757,285.7628217233995,57.73051747054369,59.96420023790388,1438.6672118978613
APP-42-010352,2025-03-07 08:00:00,20,13861928.0,49,705,0.2288,85152700.0,12,2,Salaried,Mortgage,Partner,0,0.13099753576649809,CASH_LOAN,0.9716854138068988,40.0,2,0.00936511459040727,7820814.724627029,44,0,0.0,0,,0.06580536751987764,0.09991731719605992,APPROVE,34209020.39552,POLICY_PASS,516.7352657934101,314.04944418467835,130.53949684487966,23.352128798218367,45.920995848271595,1030.5973314694581
APP-42-010353,2025-03-07 09:00:00,30,18312475.0,98,730,0.0524,68588121.0,18,0,Contract,Rented,Branch,1,0.05271721867302483,CASH_LOAN,0.8911362422043696,342.0,0,0.06428745522179584,12595944.955904795,43,1,0.0,1,0.8793424778225901,0.030771547888985753,0.03197688475988804,APPROVE,55529284.192,POLICY_PASS,763.2539501672993,386.6440646544668,190.3539313819236,24.538156479330247,60.88915505321484,1425.6792577362346
APP-42-010354,2025-03-07 10:00:00,29,18847425.0,39,537,0.2765,46465219.0,24,1,Self-employed,Family,Mobile,0,0.12075567270553526,CASH_LOAN,0.9264589303737828,343.0,0,0.04172200372366631,6236683.734088626,39,1,0.0,1,0.8319864343029785,0.024941570283451207,0.07574623181307753,APPROVE,43635558.36000001,POLICY_PASS,652.264078923881,380.2285148815177,145.07089766223675,25.650538343926996,46.977823479063346,1250.1918532906257
APP-42-010355,2025-03-07 11:00:00,33,33064593.0,29,686,0.4641,43441462.0,18,1,Salaried,Rented,Mobile,0,0.0759324778172105,CASH_LOAN,0.9486675449540083,132.0,1,0.13037493554040863,9598331.646867491,50,1,0.0,1,0.8577739629005436,0.05502978199372538,0.048407062392069274,APPROVE,43441462.0,POLICY_PASS,650.7413320988213,326.7027875610481,193.1836737668139,30.547609076178432,65.0870839572143,1266.2624864600762
APP-42-010356,2025-03-07 12:00:00,20,10660178.0,13,516,0.1769,67617776.0,12,0,Salaried,Rented,Partner,0,0.2480498043502549,CASH_LOAN,0.8638416783116137,159.0,1,0.025697427538199643,4573812.933600225,51,1,0.0,0,,0.057267852778474244,0.16290539327094508,REVIEW,28078056.037759997,CREDIT_OR_AFFORDABILITY,603.2730477875855,303.60482748723496,210.33822374913186,26.43977618677342,52.742469308553275,1196.398344519279
APP-42-010357,2025-03-07 13:00:00,34,34223592.0,27,673,0.3236,81129961.0,12,1,Salaried,Owned,Mobile,0,0.05534629465956369,CASH_LOAN,0.9218499504677389,1018.0,2,0.045383594334628796,4901900.729409399,37,1,0.0,0,,0.08821565884009515,0.034818375983983796,APPROVE,70000000.0,POLICY_PASS,675.8473301547582,371.19559030341077,228.11789672108458,34.93408979426639,47.58936008343656,1357.6842670569565
APP-42-010358,2025-03-07 14:00:00,44,8909119.0,14,641,0.0373,83627205.0,18,0,Salaried,Mortgage,Mobile,1,0.11149228135635653,BUSINESS_LOAN,0.8261964381514545,237.0,0,0.04322358403880714,3879480.359628784,53,0,31722111.12784986,2,0.9433952587703216,0.03767504346384499,0.08075083854759917,APPROVE,17447161.12031742,POLICY_PASS,655.7716572859548,319.3265997737256,311.5440965390892,38.37127068792528,20.586542551064166,1345.6001668377592
APP-42-010359,2025-03-07 15:00:00,50,34175804.0,37,619,0.3025,97108943.0,6,0,Salaried,Mortgage,Mobile,0,0.09958587590855295,BUSINESS_LOAN,0.9143858467444217,36.0,0,0.06336321205553459,20541638.909296,54,1,118604718.42755628,1,0.9874119873221144,0.027913593053103945,0.05849515101776902,APPROVE,65232595.13515596,POLICY_PASS,410.36911401007205,326.5860269039615,101.3176635395958,22.494819149536227,58.39710533123841,919.1647289344039
APP-42-010360,2025-03-07 16:00:00,20,7007332.0,73,601,0.2451,99162679.0,9,0,Salaried,Family,Mobile,0,0.12628178778645538,BNPL,0.9902453312712923,277.0,0,0.11930388085900479,4213966.451418062,45,1,0.0,2,0.9622087243355717,0.0241006945993757,0.07992056551924197,APPROVE,16927471.76576,POLICY_PASS,660.5519864694529,386.07738809284626,233.3908359198624,43.516203689344664,27.8092257135769,1351.3456398850833
APP-42-010361,2025-03-07 17:00:00,28,16994099.0,66,725,0.7236,23031268.0,18,1,Contract,Owned,Mobile,0,0.07072942243026953,CASH_LOAN,0.9679658626967117,204.0,1,0.043936899483349424,9314815.6341731,39,0,0.0,0,,0.03978581508971616,0.054909950510081254,APPROVE,15030940.683519999,POLICY_PASS,628.2447326158884,203.69717481578357,289.7487261970482,16.757448548491453,43.38552410309129,1181.833606280303
APP-42-010362,2025-03-07 18:00:00,27,44007595.0,75,602,0.3368,65991124.0,6,1,Salaried,Owned,Mobile,0,0.052624855259045124,CASH_LOAN,0.8878250391459569,290.0,0,0.13528424170638112,28475668.46892542,38,1,0.0,2,0.8952512908669273,0.038308848892485564,0.03377686095823934,APPROVE,65991124.0,POLICY_PASS,682.3919533827316,265.5400157379841,292.9667210745037,27.072490586214276,34.81965553166007,1302.790836313094
APP-42-010363,2025-03-07 19:00:00,36,26413167.0,24,737,0.0588,118400273.0,36,3,Salaried,Family,Partner,0,0.07017925720993175,CASH_LOAN,0.8725362964370507,177.0,0,0.03728254762927626,10904704.06434024,46,1,0.0,1,0.9133703023957804,0.030685324159697505,0.04140812822804208,APPROVE,70000000.0,POLICY_PASS,478.30704996693277,305.74348705670405,205.1683616214633,49.9982321056139,57.55601004955886,1096.7731408002728
APP-42-010364,2025-03-07 20:00:00,24,22692966.0,19,637,0.3597,39385667.0,12,3,Self-employed,Rented,Mobile,0,0.21652968564025157,CASH_LOAN,0.9424482557434536,380.0,0,0.07154140195489626,1910617.3261475286,51,0,0.0,0,,0.025489753931599017,0.17374001409533288,REVIEW,39385667.0,CREDIT_OR_AFFORDABILITY,865.6061086919308,486.4937371680092,259.57927613148695,18.86094420166822,52.27245669236926,1682.8125228854644
APP-42-010365,2025-03-07 21:00:00,50,10112208.0,64,667,0.1995,32161275.0,12,1,Salaried,Rented,Mobile,0,0.07078864507141928,CASH_LOAN,0.879543609730875,207.0,0,0.03208468068542408,4234314.299316361,42,0,0.0,1,0.7786522895109966,0.02937406204097418,0.053749661672049365,APPROVE,25903432.0128,POLICY_PASS,542.5313263908121,368.63379264935946,266.29949413779775,24.26972227206322,53.20625212233476,1254.9405875723671
APP-42-010366,2025-03-07 22:00:00,35,12015904.0,84,680,0.7368,17291286.0,18,1,Self-employed,Family,Mobile,0,0.09556737031561327,CASH_LOAN,0.8661820483763609,96.0,0,0.05743170116150224,8784882.886073805,55,1,0.0,0,,0.03338577710020747,0.05955781820310815,APPROVE,10120274.984960001,POLICY_PASS,671.403773535278,286.73944343882647,197.86441889281625,49.28560347860646,31.010502591323387,1236.3037419368504
APP-42-010367,2025-03-07 23:00:00,34,37704877.0,53,673,0.2055,30197646.0,9,2,Salaried,Rented,Mobile,0,0.05386489334928933,BNPL,0.9731023764504707,215.0,0,0.001377800427453661,12169674.401636232,45,1,0.0,0,,0.01829080634122539,0.03229943115260223,APPROVE,25000000.0,POLICY_PASS,343.04836336839776,276.6619086465202,234.6904585673015,19.553918568739512,34.96504421114168,908.9196933621007
APP-42-010368,2025-03-08 00:00:00,49,23339763.0,67,656,0.29,47686644.0,24,1,Salaried,Rented,Branch,0,0.06696778294334814,CASH_LOAN,0.9074168440087613,30.0,2,0.09579960309582952,15739755.950355563,54,1,0.0,0,,0.1068096025147048,0.04247735028688806,APPROVE,47686644.0,POLICY_PASS,785.2000299649364,361.6410709274557,300.7098455356236,18.70745059293057,50.10081967348727,1516.3592166944336
APP-42-010369,2025-03-08 01:00:00,35,29371031.0,51,795,0.6714,114120978.0,18,5,Contract,Mortgage,Mobile,0,0.18133043301356605,BNPL,0.9298222505423502,197.0,0,0.19772369038865842,19622543.20733193,54,0,0.0,0,,0.038713564529076865,0.15550422758958252,REVIEW,25000000.0,CREDIT_OR_AFFORDABILITY,504.6954703096528,348.7267531052155,334.35948689214695,54.47819599985546,51.95609622810491,1294.2160025349754
APP-42-010370,2025-03-08 02:00:00,39,18745587.0,40,721,0.1268,21263190.0,24,2,Salaried,Owned,Mobile,0,0.03423588922521263,CASH_LOAN,0.8452014484304243,98.0,1,0.24329746274576547,13881534.890703395,46,1,0.0,1,0.8485951589101612,0.11205164562298818,0.023574091611032737,APPROVE,21263190.0,POLICY_PASS,484.77368887022965,358.8302471052087,302.1941440742321,46.42683470296573,38.20983274585517,1230.4347474984916
APP-42-010371,2025-03-08 03:00:00,28,15416208.0,44,456,0.2716,117130521.0,9,0,Salaried,Rented,Mobile,0,0.29342923568746704,CASH_LOAN,0.9042131659498174,245.0,0,0.020800281232977034,11179988.749511689,43,1,0.0,0,,0.02569834291820929,0.19874022422653767,REVIEW,35933330.90304,CREDIT_OR_AFFORDABILITY,484.84311338177326,389.48261992814724,267.89200432556447,38.158681061258854,52.07542942805734,1232.451848124801
APP-42-010372,2025-03-08 04:00:00,23,27440929.0,83,625,0.5364,58069395.0,12,1,Contract,Rented,Partner,0,0.18048402776845945,BNPL,0.8610683741307273,101.0,3,0.03269117232123967,20576838.936919864,35,0,0.0,0,,0.18718385043722469,0.14386493721037247,REVIEW,25000000.0,CREDIT_OR_AFFORDABILITY,694.8271732979084,324.7052648883485,370.5743235230359,18.02587729705491,42.54127322925043,1450.6739122355982
APP-42-010373,2025-03-08 05:00:00,30,20759748.0,50,747,0.3253,20825260.0,18,0,Self-employed,Rented,Mobile,0,0.04219785422637712,BUSINESS_LOAN,0.9868243275063374,155.0,1,0.04979087309789772,6952577.849544603,35,1,121499832.03710699,1,0.9535798901092499,0.037496519885835404,0.02506245095818781,APPROVE,20825260.0,POLICY_PASS,420.49463454870414,311.8346989078318,287.1828213648535,22.551529509362602,30.97225787976843,1073.0359422105205
APP-42-010374,2025-03-08 06:00:00,55,16393645.0,83,581,0.2341,83561889.0,36,3,Salaried,Rented,Branch,0,0.2040443207835721,CASH_LOAN,0.9849157364652668,198.0,0,0.05699148149500868,3098511.9637456276,40,1,0.0,1,0.9836729127586081,0.020518998084741676,0.12858092412815122,REVIEW,40178856.65760001,CREDIT_OR_AFFORDABILITY,498.2299938422472,313.45599024795285,224.3506814594183,41.73845760533433,32.37532851881099,1110.1504516737637
APP-42-010375,2025-03-08 07:00:00,41,8270276.0,58,640,0.3835,84546606.0,6,3,Salaried,Owned,Branch,0,0.21663933739458538,BNPL,0.6722349686885838,66.0,0,0.09242769949240576,3412432.345083093,38,1,0.0,2,0.9557009724132793,0.0797239402297395,0.14200344185941316,REVIEW,16315600.492800001,CREDIT_OR_AFFORDABILITY,676.7160610974518,255.49303152540367,347.3922693940169,26.109003275791494,27.586063057119993,1333.296428349784
APP-42-010376,2025-03-08 08:00:00,37,30417598.0,37,646,0.1295,63760845.0,24,0,Contract,Mortgage,Branch,1,0.05367690609313379,BUSINESS_LOAN,0.7392412229399569,156.0,1,0.050734058314672634,22201990.54405712,45,0,168787496.61760837,0,,0.09951626882821422,0.0412274075849584,APPROVE,63760845.0,POLICY_PASS,909.3124868114983,377.16334915358294,237.65684124233394,10.18850223088041,31.92588291932225,1566.2470623576178
APP-42-010377,2025-03-08 09:00:00,26,22928627.0,69,755,0.1578,72159745.0,18,3,Self-employed,Owned,Partner,1,0.09362378343933599,CASH_LOAN,0.9783492264482365,312.0,1,0.18935394657543358,6245177.7937600715,37,1,0.0,1,0.7116628875304847,0.057812193481975346,0.0668787776244081,APPROVE,61793566.91008001,POLICY_PASS,922.6195230659608,197.65075988501872,378.7369825654287,32.27929698950109,40.2483253849253,1571.5348878908344
APP-42-010378,2025-03-08 10:00:00,43,12896135.0,51,565,0.1504,88855721.0,12,0,Self-employed,Owned,Partner,1,0.17815887347303294,CASH_LOAN,0.9691650475428994,315.0,1,0.01050099498948657,5354547.40074178,38,1,0.0,1,0.9174406049470095,0.03595082699511559,0.10985453270856411,APPROVE,35060980.1472,POLICY_PASS,500.5819467002592,428.4486324707057,311.9939269321587,35.876833897136486,51.07535864949136,1327.9766986497516
APP-42-010379,2025-03-08 11:00:00,23,34431118.0,93,575,0.4858,61576822.0,36,2,Salaried,Family,Mobile,0,0.11206312854951404,CASH_LOAN,0.9664862601271133,590.0,0,0.1492598738289851,3940803.192281696,49,0,0.0,1,0.9097117860663022,0.028987836865250194,0.08876511924089518,APPROVE,56654338.80192,POLICY_PASS,701.5113083576565,252.32446505669552,126.90479809760454,8.228651219382105,44.48872658546211,1133.4579493168008
APP-42-010380,2025-03-08 12:00:00,21,20583065.0,32,676,0.2317,100868638.0,9,2,Salaried,Rented,Branch,0,0.10846027391554174,CASH_LOAN,0.8697516296742016,353.0,0,0.03349480190171807,5538943.753287277,48,1,0.0,0,,0.030695211425442678,0.06770779801015014,APPROVE,50604700.2864,POLICY_PASS,462.8599251807732,293.5158466133257,245.45274720907534,42.44424782592415,44.83805226073607,1089.1108190898344
APP-42-010381,2025-03-08 13:00:00,30,20805994.0,15,665,0.2188,24716785.0,24,0,Salaried,Mortgage,Mobile,0,0.040349774307909196,CASH_LOAN,0.9590549304206729,37.0,1,0.08079760922664028,12248662.147463707,35,0,0.0,0,,0.04584159297984574,0.032189846727839824,APPROVE,24716785.0,POLICY_PASS,724.6172196603127,350.8341616569056,200.735078397365,41.563937171305696,48.5467694575385,1366.2971663434275
APP-42-010382,2025-03-08 14:00:00,53,29268572.0,73,678,0.5156,69721613.0,12,2,Self-employed,Rented,Branch,0,0.14078211628181053,CASH_LOAN,0.9835906944101901,141.0,1,0.1063317062650039,21183966.188906286,44,1,0.0,0,,0.044698553620163964,0.09431422969334198,APPROVE,45368628.085760005,POLICY_PASS,377.9395351928134,273.69196453846774,323.9473484252606,36.09489213935048,60.74925468843483,1072.422994984327
APP-42-010383,2025-03-08 15:00:00,52,26001660.0,104,663,0.2539,70329942.0,18,1,Salaried,Mortgage,Mobile,0,0.06488487000167725,BNPL,0.8706428117588028,68.0,0,0.05378259759214939,9622600.302389052,51,1,0.0,1,0.8786324487825588,0.03244104185461452,0.03866798011264267,APPROVE,25000000.0,POLICY_PASS,562.6770889219027,382.41466021117645,149.27362413493643,35.358884488494944,61.63483211437162,1191.3590898708824
APP-42-010384,2025-03-08 16:00:00,31,21155348.0,84,631,0.2055,111966625.0,12,4,Self-employed,Owned,Branch,0,0.1919065621145773,CASH_LOAN,0.9312972748494859,352.0,0,0.0149578860473336,8421343.259575019,53,1,0.0,0,,0.022608200588684964,0.12159085929746007,REVIEW,53785356.755200006,CREDIT_OR_AFFORDABILITY,638.3614283657585,302.7805025105113,256.6271827322487,28.381785261828856,52.22786698367022,1278.3787658540175
APP-42-010385,2025-03-08 17:00:00,29,16226569.0,109,680,0.3713,86622402.0,24,1,Salaried,Owned,Mobile,0,0.08813910979334005,CASH_LOAN,0.8674059682899479,130.0,3,0.0030022832033265697,5345927.670273395,60,1,0.0,1,0.9345091901483477,0.17021585734214506,0.04951615756653597,APPROVE,32645260.576960005,POLICY_PASS,503.4162017347296,389.92212080767615,95.25913949716028,32.56339224876169,52.707352655161756,1073.8682069434894
APP-42-010386,2025-03-08 18:00:00,20,53591316.0,122,655,0.4705,42491432.0,18,1,Salaried,Family,Mobile,0,0.05123085562077336,BUSINESS_LOAN,0.8401707780478812,316.0,1,0.06275148568983722,20674423.356668744,50,1,166537393.9611873,3,0.6771785006855785,0.06975474556072606,0.032454810879567135,APPROVE,42491432.0,POLICY_PASS,703.6004366775596,289.0117896290886,358.750603358469,17.34882479459361,66.80039295113892,1435.5120474108498
APP-42-010387,2025-03-08 19:00:00,36,12022517.0,47,622,0.3573,81215791.0,18,3,Salaried,Owned,Branch,0,0.19899897144457188,BUSINESS_LOAN,0.9393141600714694,229.0,0,0.07892226290988635,2915556.9338177466,49,1,69420018.5264624,2,0.769821216648162,0.026381598957087533,0.13212293690787516,APPROVE,38181010.189554326,POLICY_PASS,534.0411091536246,276.3857297227266,282.51634629854107,32.47726124056762,30.43683121097964,1155.8572776264396
APP-42-010388,2025-03-08 20:00:00,36,27130438.0,28,635,0.1237,32065746.0,24,2,Self-employed,Rented,Mobile,0,0.10086895591700012,CASH_LOAN,0.8668102788626515,106.0,0,0.042612157849759025,18703126.533984847,51,0,0.0,1,0.8374488031542775,0.03189884749741049,0.0752378524937551,APPROVE,32065746.0,POLICY_PASS,283.64747652087607,440.2167292515992,274.9815688050229,37.14780238379211,46.333447852919356,1082.3270248142096
APP-42-010389,2025-03-08 21:00:00,42,17188649.0,8,601,0.2836,30169110.0,6,1,Salaried,Rented,Partner,1,0.138510315654554,CASH_LOAN,0.9148303470190244,778.0,0,0.07793039042833061,11986151.633836193,39,1,0.0,1,0.9279860301172316,0.029071450071330503,0.08741085546806304,APPROVE,30169110.0,POLICY_PASS,839.3035892950039,322.3821715343596,234.92182337611712,37.65456192427676,60.830415781894224,1495.0925619116517
APP-42-010390,2025-03-08 22:00:00,43,23114595.0,16,589,0.1686,52257071.0,9,4,Self-employed,Owned,Mobile,0,0.19853513487421548,BNPL,0.8347850861519674,109.0,1,0.10319525568579037,3822043.8549466534,51,0,0.0,2,0.9933259068782397,0.07969402405662336,0.15211910419378508,REVIEW,25000000.0,CREDIT_OR_AFFORDABILITY,794.4826148148495,367.29451850359254,295.5007913730158,35.95077540602745,20.282348985981635,1513.5110490834668
APP-42-010391,2025-03-08 23:00:00,33,35472388.0,71,680,0.2724,28748749.0,18,0,Contract,Mortgage,Mobile,0,0.03790857869689783,CASH_LOAN,0.9534665982695745,202.0,0,0.0810718827974806,22316284.5402178,42,1,0.0,2,0.8211232200359686,0.02505411053135468,0.02358066382100468,APPROVE,28748749.0,POLICY_PASS,497.17591941568554,184.33657289467106,277.75099240430745,31.658890870497725,41.30148685105844,1032.2238624362203
APP-42-010392,2025-03-09 00:00:00,40,15165204.0,16,546,0.2639,46771578.0,18,4,Salaried,Rented,Mobile,1,0.31686222911216644,BNPL,0.8552877929474983,173.0,0,0.12727915639990897,2750858.7658970715,45,1,0.0,0,,0.04268147199831097,0.23009584114359513,REVIEW,25000000.0,ENHANCED_DUE_DILIGENCE,595.3430048323964,259.9324252632375,229.02828746400638,24.82133249081543,37.49269542660453,1146.6177454770602
APP-42-010393,2025-03-09 01:00:00,29,25062727.0,61,690,0.4085,84423269.0,18,3,Salaried,Family,Branch,0,0.1096773746143856,BNPL,0.945987027415441,673.0,1,0.047402078472842744,10172626.119014911,43,1,0.0,0,,0.043900373990996985,0.06981794605280948,APPROVE,25000000.0,POLICY_PASS,616.4418966477347,236.67261278701562,218.2107453129383,37.078099803599684,44.33523153409883,1152.7385860853872
APP-42-010394,2025-03-09 02:00:00,40,20830708.0,74,621,0.3394,100085566.0,12,0,Salaried,Mortgage,Branch,0,0.10535030802787743,CASH_LOAN,0.8774374502774878,91.0,0,0.28556604389578444,14953779.708754163,44,1,0.0,1,0.9570119433057558,0.061310182149590164,0.0744631054363019,APPROVE,44034450.25536001,POLICY_PASS,392.7829372882872,169.1982262655428,235.5867044171029,49.355377850519474,44.62871825851695,891.5519640799694
APP-42-010395,2025-03-09 03:00:00,30,12649984.0,54,633,0.6858,27549910.0,24,5,Self-employed,Mortgage,Partner,1,0.4103959458343025,CASH_LOAN,0.9686659966998635,279.0,1,0.07373707609495787,3009156.8577907076,58,0,0.0,1,0.9055613691628775,0.043223480777106964,0.33298959429508784,REVIEW,12718799.912960002,ENHANCED_DUE_DILIGENCE,536.6375964705082,200.61327669571597,173.3778287223918,45.784843880827914,54.516227693167046,1010.9297734626109
APP-42-010396,2025-03-09 04:00:00,39,35957087.0,44,627,0.65,14288263.0,6,4,Self-employed,Rented,Branch,0,0.19876417039206182,BUSINESS_LOAN,0.9169966797358188,170.0,1,0.09133629362091358,20690001.66027728,49,1,152445137.51878762,1,0.9611601587832878,0.05586256983192532,0.12654240625479238,APPROVE,14288263.0,POLICY_PASS,697.6159107266034,263.4332442107119,248.27109760022157,26.075807699083498,41.27240840598722,1276.6684686426074
APP-42-010397,2025-03-09 05:00:00,38,26616333.0,31,676,0.5606,29416842.0,18,3,Salaried,Family,Mobile,0,0.11382027193411703,BNPL,0.9612375211963856,66.0,0,0.0504935616603041,8814621.721472839,46,1,0.0,0,,0.02218906129739715,0.07233054453408516,APPROVE,25000000.0,POLICY_PASS,804.8750511685848,122.45557553423805,321.0991862205536,40.38196081715932,45.3157660540201,1334.1275397945558
APP-42-010398,2025-03-09 06:00:00,36,14173433.0,113,747,0.2204,43772448.0,24,0,Contract,Family,Mobile,0,0.04040812043121112,CASH_LOAN,0.8880354965794893,304.0,0,0.021909730546635465,6842647.969027744,29,1,0.0,1,0.8504139603692772,0.02754454134262069,0.0245025777018735,APPROVE,35358746.77376,POLICY_PASS,484.28339291272414,373.98511302466187,178.24350485120547,32.93556664867373,54.63428750796796,1124.081864945233
APP-42-010399,2025-03-09 07:00:00,42,33027757.0,9,770,0.1791,244962538.0,24,0,Salaried,Owned,Mobile,0,0.05048341445964969,CASH_LOAN,0.9454215206326935,427.0,0,0.13359579722592982,22421184.6987756,47,1,0.0,1,0.9442212581641877,0.030178479180393472,0.0313290962411191,APPROVE,70000000.0,POLICY_PASS,404.9989015973525,288.715841284697,232.31084619946554,21.449831772501042,44.58887644723524,992.0642973012514
APP-42-010400,2025-03-09 08:00:00,21,11394046.0,31,715,0.6352,34503203.0,36,0,Self-employed,Rented,Mobile,0,0.16329437128855895,BNPL,0.8520386400701406,283.0,0,0.01938455528190322,1764261.6822062735,54,1,0.0,0,,0.03166369716428798,0.10225839724188414,REVIEW,13300953.538560001,CREDIT_OR_AFFORDABILITY,563.0940544867739,151.76509951447292,191.1917957720765,16.712538448029896,28.123173841392422,950.8866620627456
APP-42-010401,2025-03-09 09:00:00,25,17715818.0,44,646,0.7379,170655601.0,12,3,Salaried,Owned,Mobile,0,0.3658458532378948,CASH_LOAN,0.8439677562042999,570.0,1,0.17598752243036084,3631948.039859209,39,1,0.0,0,,0.09391848844091266,0.2806803538934636,REVIEW,14858610.872960001,ENHANCED_DUE_DILIGENCE,554.4767669396595,202.41875922462583,251.41155128056846,26.403554901690498,38.04995847992252,1072.7605908264666
APP-42-010402,2025-03-09 10:00:00,33,14215013.0,41,698,0.2655,89343396.0,6,2,Salaried,Owned,Partner,0,0.13931952334779824,BUSINESS_LOAN,0.9055938013148229,43.0,1,0.058682861677446824,1449566.300359223,46,1,43109594.25308377,3,0.7255627854258614,0.053279847274534796,0.09057700175771638,APPROVE,23710276.83919608,POLICY_PASS,499.07325164779115,298.11980116334036,235.93701317179656,37.97271600172574,54.58999872980264,1125.6927807144564
APP-42-010403,2025-03-09 11:00:00,22,27210239.0,76,494,0.3229,53044107.0,24,4,Salaried,Family,Partner,0,0.17498113118267938,CASH_LOAN,0.8715409749199705,391.0,0,0.019707389041533806,3926872.0844782107,40,1,0.0,2,0.7982467092116599,0.02927384562636733,0.1115087652850318,APPROVE,53044107.0,POLICY_PASS,654.8788542486402,189.158840063635,257.8313416907884,33.76990601608357,67.79586799974905,1203.4348100188963
APP-42-010404,2025-03-09 12:00:00,31,13825931.0,58,684,0.1307,49655364.0,12,0,Salaried,Owned,Partner,0,0.06649852631551174,BNPL,0.907814541315582,544.0,3,0.19862068870330093,3049727.5794581976,40,1,0.0,1,0.9116543147209427,0.23740509776657895,0.04451922465906262,REVIEW,25000000.0,ENHANCED_DUE_DILIGENCE,717.7338818003695,256.6893062949999,221.716842309289,32.24394083500986,37.38202124751574,1265.765992487184
APP-42-010405,2025-03-09 13:00:00,32,27317772.0,23,668,0.3752,118497345.0,24,0,Self-employed,Rented,Partner,0,0.15160280754121955,CASH_LOAN,0.9507439123526801,162.0,0,0.09721440535947863,16547053.154827815,46,1,0.0,0,,0.026558672380120895,0.1009989467929223,APPROVE,54618060.62592,POLICY_PASS,831.6564706111575,419.00187897753966,208.34838179793823,27.825915051570007,46.36485232552285,1533.1974987637282
APP-42-010406,2025-03-09 14:00:00,47,24961255.0,81,529,0.0965,38101890.0,9,0,Self-employed,Rented,Mobile,0,0.1441474206259244,CASH_LOAN,0.8713509726609526,116.0,0,0.049021867000036225,5867597.523966812,52,0,0.0,0,,0.03190373369951124,0.11169976258327091,APPROVE,38101890.0,POLICY_PASS,847.5925680451207,255.42583301105057,253.97420148210563,13.174392830806209,28.234735666962365,1398.4017310360455
APP-42-010407,2025-03-09 15:00:00,36,14643327.0,31,598,0.4293,190905758.0,24,0,Salaried,Owned,Partner,0,0.2838313171694385,CASH_LOAN,0.9639602995748753,138.0,1,0.008557689530426068,5535185.92456112,49,1,0.0,2,0.8991834004156278,0.03651055311632758,0.1814027696847499,REVIEW,26742229.50048,CREDIT_OR_AFFORDABILITY,563.2765607821243,409.7868757465284,277.9961219918882,27.59043728595352,35.226098973695464,1313.87609478019
APP-42-010408,2025-03-09 16:00:00,44,49240499.0,62,660,0.4299,81231389.0,12,3,Salaried,Mortgage,Mobile,0,0.15063148573686286,CASH_LOAN,0.9797960946835556,82.0,1,0.09530473298296709,18821531.301773008,44,1,0.0,0,,0.04397219904779332,0.10054548824297717,APPROVE,70000000.0,POLICY_PASS,653.8716523746032,299.96779155014167,132.23180468279065,35.0131788784608,28.70533408317055,1149.7897615691668
APP-42-010409,2025-03-09 17:00:00,38,11947149.0,107,667,0.1772,45320690.0,12,0,Contract,Rented,Mobile,0,0.08036822421305224,BNPL,0.8735922087445864,520.0,0,0.08894483243942584,6813178.5447116885,46,0,0.0,0,,0.03549398649958023,0.06370629436160648,APPROVE,25000000.0,POLICY_PASS,907.2711472405144,403.11337914162993,212.07128663320776,48.75652710376387,49.39536801110174,1620.6077081302178
APP-42-010410,2025-03-09 18:00:00,30,8293018.0,35,709,0.2085,61237496.0,24,3,Salaried,Owned,Partner,0,0.1170937188551538,CASH_LOAN,0.9746737359028423,133.0,0,0.06393727849961663,3451926.120737865,61,1,0.0,1,0.6628281618822267,0.021842398119946704,0.07494214138589342,APPROVE,21004555.9904,POLICY_PASS,334.93823967616254,243.2410681462812,247.3045933584582,33.67191031291979,47.84449018920201,907.0003016830237
APP-42-010411,2025-03-09 19:00:00,36,28824516.0,37,760,0.3734,115049834.0,12,3,Salaried,Rented,Mobile,0,0.09598541240245022,CASH_LOAN,0.9138253936860062,352.0,0,0.06325479251073325,7657680.009156051,53,1,0.0,0,,0.027968691895040417,0.06030115566142938,APPROVE,57796613.52192,POLICY_PASS,605.3447645184924,297.0349290394574,330.5359947489618,38.33734047689923,28.705874397246056,1299.9589031810572
APP-42-010412,2025-03-09 20:00:00,42,5519004.0,47,629,0.2796,176257101.0,9,0,Salaried,Mortgage,Branch,0,0.1935984336339368,BNPL,0.8225275121020955,411.0,0,0.02305722788325848,3238957.0417227736,41,1,0.0,0,,0.03607394007810486,0.12603255999392785,REVIEW,12722849.54112,CREDIT_OR_AFFORDABILITY,602.1365508591336,264.7424268451058,248.76758783863215,34.83292035414937,52.53051479995773,1203.0100006969785
APP-42-010413,2025-03-09 21:00:00,46,40889406.0,48,558,0.6343,71703200.0,6,3,Salaried,Rented,Mobile,1,0.2924230978172911,CASH_LOAN,0.8675313890409693,150.0,0,0.0666800630525738,10944471.229191065,45,1,0.0,0,,0.03410564193479444,0.20284054446498093,REVIEW,47850418.47744001,ENHANCED_DUE_DILIGENCE,595.6466648094764,295.66393597610266,345.0913647604268,35.2044939028731,63.777488545003216,1335.3839479938822
APP-42-010414,2025-03-09 22:00:00,34,19036085.0,59,699,0.1817,40875407.0,24,0,Self-employed,Mortgage,Branch,0,0.05470501089761924,CASH_LOAN,0.9373243356028457,595.0,1,0.06742530305710698,9561490.271941645,38,1,0.0,0,,0.04813167163261089,0.03489232625631613,APPROVE,40875407.0,POLICY_PASS,432.735789762683,288.11805692809133,244.3029802143762,37.34098925594981,32.97093538585175,1035.4687515469523
APP-42-010415,2025-03-09 23:00:00,20,8211454.0,70,733,0.056,65443854.0,24,3,Salaried,Family,Mobile,1,0.05858441255773389,CASH_LOAN,0.954512920057435,408.0,1,0.011239574777437285,4523700.353759117,53,0,0.0,0,,0.03822703102845708,0.043128447820468895,APPROVE,24805160.2432,POLICY_PASS,296.9007268745562,203.84988241048154,239.5127207566686,20.49634881186467,40.34065526927574,801.1003341228468
APP-42-010416,2025-03-10 00:00:00,20,10683669.0,30,731,0.0907,26786676.0,18,2,Self-employed,Rented,Partner,0,0.08750142748712147,CASH_LOAN,0.960420795473482,330.0,0,0.009767095116548026,3593744.5101809446,46,1,0.0,3,0.8885683971749191,0.019753641820654522,0.051379156496308656,APPROVE,26786676.0,POLICY_PASS,576.4859291753385,250.49918283227723,206.68724754840628,37.39921319620934,38.21122157277391,1109.2827943250052
APP-42-010417,2025-03-10 01:00:00,32,7327416.0,52,674,0.1162,90472141.0,24,2,Self-employed,Family,Branch,0,0.10089742435161976,CASH_LOAN,0.9500717109756057,243.0,0,0.1343902926100403,5041845.823763243,50,1,0.0,1,0.800834514914929,0.029680638984745815,0.06618958185613863,APPROVE,20723104.834560003,POLICY_PASS,590.935097415649,347.26751979031326,258.4658126286299,28.221208205161062,45.047506263799455,1269.9371443035527
APP-42-010418,2025-03-10 02:00:00,20,22219213.0,27,784,0.5553,36543756.0,24,2,Self-employed,Family,Mobile,0,0.09730923926411808,BNPL,0.9692879812279939,192.0,0,0.026169426762814574,13628969.444483044,47,0,0.0,0,,0.019986657883353375,0.07399658179097333,APPROVE,25000000.0,POLICY_PASS,597.4675754117466,321.2211554715384,286.2336723045806,30.90197666694542,35.93377972420487,1271.758159579016
APP-42-010419,2025-03-10 03:00:00,51,8676073.0,75,620,0.2477,41230869.0,9,3,Contract,Family,Branch,0,0.16496625071192975,CASH_LOAN,0.9104280470110023,82.0,0,0.009720487550804843,1329009.4895547205,33,0,0.0,1,0.5415222205500143,0.024253631281296074,0.13670896694331938,REVIEW,20886431.09728,CREDIT_OR_AFFORDABILITY,724.9061057955697,232.46156117546303,186.08769246579863,29.25877007804498,51.3424767551895,1224.056606270066
APP-42-010420,2025-03-10 04:00:00,40,23724795.0,91,755,0.3619,100945400.0,24,1,Salaried,Owned,Branch,0,0.05006915795303213,BNPL,0.9073259948703788,113.0,0,0.028322089852393116,2479002.1324303187,43,1,0.0,0,,0.025937064516957434,0.03068718005187744,APPROVE,25000000.0,POLICY_PASS,698.8089236731901,249.75839475960143,211.50960492859778,43.11424599536139,40.9393810673836,1244.1305504241343
APP-42-010421,2025-03-10 05:00:00,29,15221646.0,41,556,0.2154,98329221.0,18,0,Self-employed,Rented,Partner,0,0.2727081483785668,CASH_LOAN,0.9730471365155346,508.0,0,0.09461730554038102,7646614.022647518,36,0,0.0,2,0.8667403506625513,0.024057753941468904,0.22409069157303338,REVIEW,38217291.04512,ENHANCED_DUE_DILIGENCE,713.2159777479003,465.61630894404516,293.9588549585453,20.234913590372756,30.025638459144094,1523.0516937000077
APP-42-010422,2025-03-10 06:00:00,25,13858815.0,56,477,0.1802,31822130.0,12,1,Salaried,Rented,Mobile,0,0.16380933651018015,CASH_LOAN,0.9016936728553936,1026.0,0,0.036734586900128055,8004764.811488097,48,1,0.0,1,0.9047689992293264,0.027201372591426506,0.10064908433334133,APPROVE,31822130.0,POLICY_PASS,688.4420828859406,602.2040415555043,224.89941139031617,30.652192186040317,37.242361336628186,1583.4400893544296
APP-42-010423,2025-03-10 07:00:00,44,23819678.0,104,555,0.0377,65312942.0,18,3,Salaried,Rented,Mobile,1,0.17723609759406836,CASH_LOAN,0.915557707094982,363.0,2,0.1365977725179991,6469571.933013642,44,0,0.0,0,,0.11552073303805077,0.1485855387826267,REVIEW,65312942.0,CREDIT_OR_AFFORDABILITY,864.125313660745,249.99172187208862,328.6065271468816,26.933254632496055,49.23565140573315,1518.8924687179442
APP-42-010424,2025-03-10 08:00:00,25,25363293.0,64,599,0.5526,58982239.0,24,1,Salaried,Rented,Mobile,0,0.16967822979334576,BNPL,0.7414029500480929,418.0,0,0.08072201678873217,13583820.897118825,52,0,0.0,2,0.9511974223991212,0.05887129193521529,0.1282269777577597,REVIEW,25000000.0,CREDIT_OR_AFFORDABILITY,464.115701155686,417.9172621475269,282.7275998695995,42.186874392031854,32.16655978385003,1239.1139973486943
APP-42-010425,2025-03-10 09:00:00,26,33803466.0,27,640,0.1561,37053659.0,36,3,Salaried,Family,Mobile,0,0.06305409183258044,BNPL,0.9574117006448264,114.0,5,0.028507247309416547,17114423.86974985,38,1,0.0,0,,0.35764335401371056,0.03923155019462832,DECLINE,25000000.0,FRAUD_RISK,787.3772088587303,266.8867453182972,179.91338058659886,42.891261057522016,44.06662672859076,1321.1352225497392
APP-42-010426,2025-03-10 10:00:00,28,12702435.0,18,573,0.5154,64453806.0,24,2,Salaried,Rented,Branch,1,0.2521845699381777,BNPL,0.8698234478286645,291.0,1,0.03405110659046856,5290526.941634716,55,1,0.0,2,0.8712081358394749,0.057264484284927794,0.16072830848417147,REVIEW,19697920.003200002,CREDIT_OR_AFFORDABILITY,613.529838783807,304.57655031868984,213.35907269591445,38.81078463571579,54.58093694001833,1224.8571833741455
APP-42-010427,2025-03-10 11:00:00,36,17707292.0,32,649,0.2449,55205068.0,36,0,Salaried,Rented,Mobile,0,0.08389284148165768,BUSINESS_LOAN,0.9049196658247887,527.0,0,0.04729377970929525,12998943.323521253,57,1,115018167.6259963,1,0.7470422860322415,0.027685210461307324,0.05150315445271658,APPROVE,55205068.0,POLICY_PASS,917.436735244971,253.62900899578486,255.19855354996656,21.53901822555853,48.3643312565137,1496.1676472727947
APP-42-010428,2025-03-10 12:00:00,41,12691619.0,45,687,0.5753,47322095.0,36,1,Salaried,Family,Partner,0,0.11513214606086315,BNPL,0.9440194901499547,373.0,0,0.04659642960936528,2779937.9816847476,45,1,0.0,1,0.789688497709467,0.02354322088507917,0.07233805937735638,APPROVE,17248417.885759998,POLICY_PASS,415.8968195685335,232.0899638762569,197.44457848502194,36.940552944048946,33.190736427324545,915.5626513011857
APP-42-010429,2025-03-10 13:00:00,46,19688109.0,80,665,0.0998,100428286.0,12,0,Salaried,Owned,Mobile,0,0.05697705110319269,BNPL,0.730365401698936,615.0,0,0.08017960622024535,13271373.52222588,35,0,0.0,2,0.9404691458954706,0.06139906062164356,0.04317131540748373,APPROVE,25000000.0,POLICY_PASS,594.5013753595701,209.5602471057958,269.7392009765617,9.61029747031526,27.91320167370567,1111.3243225859487
APP-42-010430,2025-03-10 14:00:00,44,11731909.0,43,630,0.5101,23822847.0,12,1,Salaried,Family,Branch,0,0.09371445400868086,BNPL,0.8149932943966005,143.0,1,0.03446080079793132,7843860.2138117235,53,1,0.0,0,,0.0711214225937949,0.05763533993009006,APPROVE,18391879.101120003,POLICY_PASS,765.0318900294286,360.1738151126187,261.17514390975913,29.410547340926588,44.56505437432124,1460.3564507670542
APP-42-010431,2025-03-10 15:00:00,35,14255154.0,25,727,0.2918,42796951.0,12,0,Salaried,Family,Mobile,0,0.03939136961370568,CASH_LOAN,0.9665054791840655,718.0,0,0.10260107718622027,2245704.7674837415,41,1,0.0,1,0.7497584355207599,0.02529520543638843,0.02548134491929132,APPROVE,32305600.20096,POLICY_PASS,604.4587682731948,301.26079823050304,203.06069889708695,47.26987669093318,38.05909917788921,1194.1092412696073
APP-42-010432,2025-03-10 16:00:00,44,14295167.0,44,582,0.064,37637231.0,12,2,Salaried,Family,Mobile,0,0.11404903069280937,CASH_LOAN,0.9876224730395481,214.0,0,0.27400866486932357,8949198.756043568,38,1,0.0,1,0.8252243680470086,0.038199361490134844,0.08408510796757619,APPROVE,37637231.0,POLICY_PASS,580.6456187458642,201.43275877626047,289.9485568159072,15.114318430059964,48.72429838446629,1135.865551152558
APP-42-010433,2025-03-10 17:00:00,29,21151700.0,46,623,0.7218,23713647.0,18,1,Self-employed,Owned,Mobile,0,0.13444564859959868,BNPL,0.9325245885384358,315.0,0,0.04353627528540087,4360835.812916305,43,0,0.0,0,,0.02445898798740423,0.10521684940734392,REVIEW,18830089.408000004,CREDIT_OR_AFFORDABILITY,683.2586959181625,184.25314011786364,353.8863295250294,43.19386052107238,36.508936509214195,1301.100962591342
APP-42-010434,2025-03-10 18:00:00,20,18029278.0,33,600,0.2031,62055974.0,12,2,Salaried,Owned,Partner,0,0.12532228406998833,CASH_LOAN,0.9588041992306793,151.0,0,0.06619559874750022,5312094.853342005,47,1,0.0,1,0.9696808809579728,0.023467516182402736,0.07598275226029357,APPROVE,45976101.24224,POLICY_PASS,586.4553155752852,342.22830386609434,255.8926863757812,23.219685078339616,40.04410885344614,1247.8400997489466
APP-42-010435,2025-03-10 19:00:00,29,23779828.0,43,687,0.6629,31411362.0,24,1,Self-employed,Owned,Mobile,0,0.11143332685518212,CASH_LOAN,0.9152258080194539,447.0,0,0.039492923394006826,10748036.68486683,41,1,0.0,1,0.9496527268200455,0.025945486080836376,0.06701583062613956,APPROVE,25651776.060159996,POLICY_PASS,729.2770861673781,483.66153059386454,214.33402973403176,30.541631103226212,40.195338636747316,1498.0096162352477
APP-42-010436,2025-03-10 20:00:00,28,16971299.0,56,609,0.3535,37550028.0,24,0,Salaried,Rented,Partner,0,0.13028209637675262,CASH_LOAN,0.902323903671524,227.0,0,0.08105504414710078,11373374.365778571,47,1,0.0,2,0.7002029090443113,0.030870558266659073,0.08613740848661744,APPROVE,35110223.3712,POLICY_PASS,688.5436556288219,257.8092486839957,150.3154212150972,19.39646959606774,71.43932083836117,1187.5041159623438
APP-42-010437,2025-03-10 21:00:00,29,13085540.0,17,669,0.3303,85117840.0,12,3,Salaried,Rented,Mobile,0,0.1888441408102958,CASH_LOAN,0.9427211590477111,434.0,2,0.007882275611261478,5607570.63159613,40,1,0.0,0,,0.07338748643458545,0.12167891593772275,REVIEW,28042835.6416,CREDIT_OR_AFFORDABILITY,812.0367016887054,357.3198324887601,129.5479230206479,30.35860899087192,24.84042077528847,1354.103486964274
APP-42-010438,2025-03-10 22:00:00,26,19996902.0,46,699,0.4127,19846167.0,12,1,Self-employed,Owned,Mobile,0,0.05510352360074497,BNPL,0.9804828896535431,374.0,1,0.01608399268268762,5280793.57054189,52,1,0.0,2,0.9027926042581701,0.03489894695489753,0.03153432223776202,APPROVE,19846167.0,POLICY_PASS,697.0901606789532,371.7872916690308,254.4018462507141,16.492965455269996,37.08416054100644,1376.8564245949744
APP-42-010439,2025-03-10 23:00:00,31,10869064.0,160,604,0.5582,79398345.0,9,1,Contract,Rented,Partner,0,0.3529849867670885,CASH_LOAN,0.9153647509589872,95.0,0,0.08337316448649681,8047162.532616065,56,1,0.0,1,0.9379726027202098,0.029471631952522684,0.2392481577065399,REVIEW,15366247.92064,ENHANCED_DUE_DILIGENCE,634.5571585058315,256.7100234815343,327.4128381471486,40.341012089415855,43.335381769257246,1302.3564139931877
APP-42-010440,2025-03-11 00:00:00,41,24616293.0,63,525,0.2698,140632175.0,12,2,Salaried,Family,Mobile,0,0.2250172413441569,CASH_LOAN,0.9500099018227386,214.0,0,0.11293465255884767,17786666.249165807,51,1,0.0,0,,0.02788900053248925,0.15460078245024556,REVIEW,57519414.87551999,CREDIT_OR_AFFORDABILITY,398.76644460660657,424.54592181036287,203.11156660569137,36.09226991925972,56.39740684047945,1118.9136097823998
APP-42-010441,2025-03-11 01:00:00,50,15384583.0,80,624,0.7106,67685222.0,6,3,Self-employed,Rented,Mobile,0,0.4397293206002504,CASH_LOAN,0.9083475297228867,238.0,2,0.012761107090772992,10329083.863658844,44,1,0.0,0,,0.08496084887506207,0.317412218041648,REVIEW,14247354.624640001,ENHANCED_DUE_DILIGENCE,831.6227895993077,433.57433453839633,280.4965275433813,27.139232508528696,49.54748896271578,1622.3803731523299
APP-42-010442,2025-03-11 02:00:00,20,20143012.0,104,583,0.4214,92606548.0,6,2,Salaried,Rented,Partner,0,0.254775462650893,CASH_LOAN,0.8966244900860383,160.0,2,0.036162542007314995,8779598.395384045,47,1,0.0,1,0.596216287963195,0.0947186181470127,0.17667401177433878,REVIEW,37295189.57824,CREDIT_OR_AFFORDABILITY,365.1422625877716,368.63090733626495,194.13810475019352,21.542366043424316,39.696302194861694,989.149942912516
APP-42-010443,2025-03-11 03:00:00,23,20315517.0,114,594,0.4212,305469113.0,24,0,Salaried,Rented,Partner,0,0.21757107950505772,BNPL,0.9775852335728016,199.0,0,0.029312278633598112,14603601.33112252,37,1,0.0,2,0.8596913242687972,0.01949478166117766,0.14066221820796226,REVIEW,25000000.0,CREDIT_OR_AFFORDABILITY,705.5372950498081,403.37516477333753,257.0621547083391,45.378211844147586,54.20564086010466,1465.5584672357372
APP-42-010444,2025-03-11 04:00:00,28,43433098.0,37,462,0.3637,64915980.0,12,1,Salaried,Owned,Mobile,0,0.08875390758614468,CASH_LOAN,0.9964041128105798,159.0,1,0.07022821688923693,17407395.28132641,53,0,0.0,1,0.8994937999369981,0.03826465707491362,0.0658583098160582,APPROVE,64915980.0,POLICY_PASS,541.5776511308807,492.2847967629977,229.5947902955504,33.61677560540899,48.492448266701466,1345.5664620615394
APP-42-010445,2025-03-11 05:00:00,42,22203341.0,18,523,0.2604,72152064.0,12,1,Salaried,Rented,Mobile,1,0.1876552613709109,BNPL,0.9385352484413018,186.0,0,0.09927240026609808,15925256.411608966,55,1,0.0,1,0.5557184001721996,0.028085051410790048,0.13152070411735214,REVIEW,25000000.0,CREDIT_OR_AFFORDABILITY,623.8830131673076,459.6485419623707,264.5838103316154,22.823540096722155,24.666276919018227,1395.6051824770338
APP-42-010446,2025-03-11 06:00:00,33,18739661.0,87,698,0.1541,109871330.0,18,2,Self-employed,Owned,Mobile,1,0.09809290637684381,CASH_LOAN,0.956702260650271,333.0,2,0.02912966967697405,5020431.494225201,28,1,0.0,0,,0.07372969343738975,0.06310630084529138,APPROVE,50726013.56768,POLICY_PASS,949.5185020191279,341.7895476351054,229.62655913688184,36.36257420143989,30.79888709009481,1588.09607008265
APP-42-010447,2025-03-11 07:00:00,28,12299613.0,46,573,0.2668,40186912.0,18,2,Contract,Mortgage,Mobile,0,0.18124319158422542,CASH_LOAN,0.9143637067655754,398.0,1,0.020535255766230776,1558519.1009974522,47,0,0.0,2,0.9323988157530232,0.046145055215356,0.13397441813713848,REVIEW,28857844.005120005,CREDIT_OR_AFFORDABILITY,751.8314843648709,318.1340691237815,75.38571692968546,11.944510121578855,53.82464971634254,1211.1204302562592
APP-42-010448,2025-03-11 08:00:00,41,27985418.0,47,723,0.2869,34548102.0,24,0,Self-employed,Family,Branch,0,0.02516664451282129,CASH_LOAN,0.9395804794177712,66.0,0,0.15790803511420912,20500947.79479571,44,1,0.0,1,0.8471905604748279,0.033165604075806425,0.016294912633518278,APPROVE,34548102.0,POLICY_PASS,653.9006950614854,286.9145915137739,175.18040677860841,28.53323013498638,47.49318032683168,1192.0221038156856
APP-42-010449,2025-03-11 09:00:00,44,15514246.0,69,588,0.1792,54553724.0,12,1,Salaried,Rented,Partner,0,0.1271089259918274,CASH_LOAN,0.8175141404644894,292.0,1,0.05389238218144104,8526828.386090674,39,1,0.0,1,0.869583371480894,0.0743383201627796,0.07978865081989506,APPROVE,40749097.97376,POLICY_PASS,787.0314846184955,289.3314469567764,275.6058937692024,36.86885218860598,22.458591393708964,1411.2962689267893
APP-42-010450,2025-03-11 10:00:00,35,7778455.0,52,675,0.1552,45764337.0,36,0,Self-employed,Mortgage,Mobile,0,0.07229033707692686,BUSINESS_LOAN,0.9275179620688592,36.0,0,0.027004538458563498,1970854.7430688106,44,1,29621844.940177206,0,,0.023786530055145878,0.04458386584513198,APPROVE,16292014.717097465,POLICY_PASS,555.4158502939151,409.4419135224224,320.90055023916887,28.741854178928794,49.73405310867496,1364.2342213431102
APP-42-010451,2025-03-11 11:00:00,28,16168635.0,59,622,0.2414,25096593.0,9,1,Salaried,Owned,Mobile,0,0.07210516987993056,CASH_LOAN,0.8870807085021639,246.0,0,0.024432048998348294,2315564.8944113576,53,1,0.0,3,0.892015273118135,0.027856344728202514,0.0418836696489162,APPROVE,25096593.0,POLICY_PASS,840.5479826669532,439.64250197800436,287.0875067803854,33.480875009908715,35.85562100699636,1636.614487442248
APP-42-010452,2025-03-11 12:00:00,37,19999177.0,62,687,0.3049,23938699.0,18,1,Contract,Rented,Branch,0,0.05524581368351703,CASH_LOAN,0.938968066434097,161.0,0,0.05381051332445873,9739535.989245795,47,1,0.0,1,0.8724873273294983,0.024548867550409654,0.03310132102705703,APPROVE,23938699.0,POLICY_PASS,716.1489126316332,387.5113380476398,202.44297798109793,16.996968357839442,64.79858326005802,1387.8987802782683
APP-42-010453,2025-03-11 13:00:00,33,11475262.0,88,622,0.2834,22605135.0,36,0,Salaried,Mortgage,Partner,0,0.07850503313054591,CASH_LOAN,0.8109021849657132,176.0,1,0.019220898256385177,8379252.5787145905,46,0,0.0,0,,0.06925909414555316,0.059221732323020644,APPROVE,22605135.0,POLICY_PASS,427.3404270036448,538.6064927656157,216.79247534985,28.691463351955097,48.71442245828986,1260.1452809293553
APP-42-010454,2025-03-11 14:00:00,33,16867228.0,66,655,0.1199,39617355.0,18,1,Self-employed,Owned,Branch,0,0.06493412152719068,BUSINESS_LOAN,0.7864602475790193,188.0,1,0.0412309162918816,4910059.643001415,38,1,53247674.660329245,0,,0.08095510057048086,0.04080379494604369,APPROVE,29286221.063181087,POLICY_PASS,840.8741246188854,396.04877200466683,300.4760074727494,15.867757694288837,45.183315414717235,1598.449977205308
APP-42-010455,2025-03-11 15:00:00,30,17306051.0,26,729,0.4921,27380260.0,36,0,Salaried,Mortgage,Partner,0,0.07300954709843392,BNPL,0.9665117213595648,550.0,1,0.1033086226733603,10923240.494431518,49,1,0.0,1,0.8025567942651263,0.04745193056979813,0.04641355094426071,APPROVE,25000000.0,POLICY_PASS,551.4536425300906,458.69305390473073,271.8820854103476,17.053351043703717,38.117481991559025,1337.1996148804317
APP-42-010456,2025-03-11 16:00:00,43,17454935.0,26,674,0.3725,79646293.0,36,0,Self-employed,Rented,Mobile,0,0.12862792998452,CASH_LOAN,0.9830152669762886,260.0,1,0.03354536922999635,11464509.656930849,44,1,0.0,1,0.6191020568523743,0.036332697714836965,0.08457755847581956,APPROVE,35049509.48,POLICY_PASS,502.3322378355509,290.9301038692904,240.42347918487175,37.5355171627274,30.329995568000797,1101.5513336204415
APP-42-010457,2025-03-11 17:00:00,37,35496169.0,35,590,0.5306,139969899.0,12,2,Salaried,Owned,Branch,0,0.2344473219615262,CASH_LOAN,0.8858594091651247,9.0,1,0.04411692879814458,11487514.309660006,43,0,0.0,1,0.6381943434972193,0.05529142125881652,0.1934514197290017,REVIEW,53318085.53152001,CREDIT_OR_AFFORDABILITY,679.5941904853352,334.17157945101997,439.5528272123035,41.22418227931786,57.30529876947773,1551.8480781974542
APP-42-010458,2025-03-11 18:00:00,44,8749661.0,64,505,0.3025,75993008.0,18,2,Salaried,Family,Branch,0,0.21767884850254351,CASH_LOAN,0.9465362444758024,111.0,0,0.03760463088796143,2235512.2588815074,39,1,0.0,2,0.9582137682142018,0.02269535074341902,0.13746514227476173,REVIEW,19529243.352,CREDIT_OR_AFFORDABILITY,574.9018491164859,274.4534798397713,74.6477053787271,28.403838280641445,48.94318294777419,1001.3500555633999
APP-42-010459,2025-03-11 19:00:00,47,55089719.0,28,632,0.4876,34602376.0,12,0,Salaried,Rented,Partner,0,0.10695795117256902,CASH_LOAN,0.8285584681990327,204.0,1,0.06653520556280249,9747131.943768036,39,1,0.0,0,,0.07375841851124454,0.0694417447017573,APPROVE,34602376.0,POLICY_PASS,639.1615602750674,534.9902784361295,150.5219807647879,34.60219495831261,31.876469405646727,1391.1524838399441
APP-42-010460,2025-03-11 20:00:00,39,17677848.0,28,671,0.125,222244515.0,6,0,Salaried,Mortgage,Partner,0,0.13457559303698247,CASH_LOAN,0.8339275466471985,365.0,0,0.11617853402395473,3986037.4135857625,42,1,0.0,0,,0.04504681251179474,0.09087810675281092,APPROVE,49497974.400000006,POLICY_PASS,697.0348229094285,376.21000991744796,189.31942333965608,27.919776515873174,62.42837366021339,1352.912406342619
APP-42-010461,2025-03-11 21:00:00,30,24766401.0,61,651,0.4562,37608864.0,24,0,Salaried,Owned,Mobile,0,0.09599458573305485,BNPL,0.8725209097607554,783.0,0,0.17173864705573372,6900053.384129618,46,1,0.0,0,,0.045244598971224986,0.06594344093421663,APPROVE,25000000.0,POLICY_PASS,735.0001474407907,339.47630272946856,230.5743352071283,39.95629500660004,36.304527810774516,1381.3116081947621
APP-42-010462,2025-03-11 22:00:00,44,19311132.0,37,577,0.4422,41910023.0,24,1,Salaried,Mortgage,Partner,0,0.1656170541989651,BUSINESS_LOAN,0.9622437200092694,554.0,0,0.05056008262679568,7053160.5036493195,57,1,132659874.34554367,1,0.7323012559323451,0.022101867980624357,0.10595093387813818,APPROVE,41910023.0,POLICY_PASS,537.9705927951856,307.4733645621709,235.8407851172119,26.89220736837784,64.64394571170197,1172.820895554648
APP-42-010463,2025-03-11 23:00:00,39,6966123.0,109,651,0.6647,46274699.0,24,0,Salaried,Mortgage,Mobile,0,0.16079193570429848,BUSINESS_LOAN,0.9524169755139811,409.0,0,0.09935990121528321,582055.1911792455,47,1,28564261.870523315,2,0.8357955513004147,0.02654341342803903,0.1050279294993983,APPROVE,15710344.028787825,POLICY_PASS,669.911232952793,376.09932123232977,260.78728403023393,35.70591486521057,20.266065357484962,1362.769818438052
APP-42-010464,2025-03-12 00:00:00,58,10066912.0,38,688,0.3479,102748742.0,6,0,Contract,Owned,Branch,0,0.1066021418016484,BNPL,0.7799561615090701,200.0,0,0.015777749483294252,6156918.956211796,43,0,0.0,0,,0.04194754468373203,0.08127897825781018,APPROVE,21006826.60864,POLICY_PASS,674.6904000540401,407.27067112672114,268.01265525964993,39.627883655505734,55.45896863105772,1445.0605787269747
APP-42-010465,2025-03-12 01:00:00,38,13490963.0,76,740,0.556,32499094.0,24,0,Self-employed,Rented,Mobile,0,0.12385103149250946,CASH_LOAN,0.9533444986032948,289.0,0,0.01327176521015132,1203352.8728209862,48,0,0.0,0,,0.020547960160679436,0.09385036302349192,APPROVE,19167960.2304,POLICY_PASS,666.9042292632893,332.56587402057056,222.76739780133704,30.18949043204617,47.92169319131045,1300.3486847085533
APP-42-010466,2025-03-12 02:00:00,41,31090977.0,48,624,0.3554,166539919.0,24,2,Salaried,Owned,Partner,0,0.17323145089354122,CASH_LOAN,0.9427177015569312,292.0,2,0.132873565787677,19008378.915126044,38,1,0.0,0,,0.10332689635315732,0.12086746545202887,REVIEW,64131980.077440016,CREDIT_OR_AFFORDABILITY,714.5513390881662,80.0,338.2339503830702,22.24314596660772,47.13282093771837,1202.1612563755625
APP-42-010467,2025-03-12 03:00:00,38,8406415.0,24,817,0.3695,16103314.0,6,3,Salaried,Family,Mobile,0,0.07208698503839797,CASH_LOAN,0.8647660233342113,313.0,1,0.011316627844042927,2825464.0024343845,50,1,0.0,1,0.7166229491527583,0.054781301034364044,0.043874164482655374,APPROVE,16103314.0,POLICY_PASS,723.2475958138007,372.81863743230394,236.75440737828302,34.41949397302345,33.72338836143871,1400.96352295885
APP-42-010468,2025-03-12 04:00:00,34,11242668.0,37,745,0.3671,35163829.0,36,0,Salaried,Rented,Mobile,0,0.06327165287090546,CASH_LOAN,0.9429194103694453,170.0,0,0.004773799573155133,3665568.225867113,51,1,0.0,1,0.8459966072965359,0.020919336201800646,0.036714624373828685,APPROVE,22769550.647040002,POLICY_PASS,725.9539059596711,311.72313116164423,314.8802354856074,54.677703505886726,45.12555210811658,1452.360528220926
APP-42-010469,2025-03-12 05:00:00,33,19708297.0,50,652,0.402,99204185.0,12,2,Salaried,Owned,Mobile,0,0.14203562882542564,BUSINESS_LOAN,0.9021698766596725,306.0,0,0.001815704827249711,3300073.4753270485,54,0,81188949.28268354,0,,0.024514599219204306,0.10620332861041566,APPROVE,44653922.10547595,POLICY_PASS,619.7026674927101,267.92329328540006,266.8496497659454,8.0,40.97623049381359,1203.4518410378691
APP-42-010470,2025-03-12 06:00:00,38,23346400.0,38,659,0.5726,269573195.0,18,1,Salaried,Rented,Mobile,1,0.2597162088593749,BUSINESS_LOAN,0.8324256208517137,137.0,1,0.16314779908138977,4325982.38385888,46,1,147847866.597525,1,0.8371170475067368,0.09476930865232683,0.18418929413942495,REVIEW,81316326.62863876,CREDIT_OR_AFFORDABILITY,645.2747337547722,391.4374394491573,251.43436602492034,43.96878835145648,34.86139899226535,1366.9767265725716
APP-42-010471,2025-03-12 07:00:00,40,22962633.0,103,740,0.3356,153991280.0,12,3,Contract,Owned,Mobile,0,0.12440905412407628,BNPL,0.9480424175018126,536.0,0,0.050134765491371296,5297560.777455877,36,1,0.0,1,0.941214351331538,0.02339925210227482,0.07669753588508427,APPROVE,25000000.0,POLICY_PASS,436.7816095133053,466.66537341551714,254.93440247241335,30.34667869502929,29.7825176764919,1218.510581772757
APP-42-010472,2025-03-12 08:00:00,45,10476859.0,30,571,0.1584,82302150.0,18,0,Salaried,Rented,Mobile,1,0.16978967320544505,BNPL,0.9304063190741739,103.0,0,0.0960959524037785,6340308.853672421,57,0,0.0,0,,0.028764731921511605,0.13539847301320065,REVIEW,25000000.0,CREDIT_OR_AFFORDABILITY,686.2175915235669,328.3555919171913,201.37566154353215,31.994979829163686,37.65056009620808,1285.5943849096618
APP-42-010473,2025-03-12 09:00:00,38,7474345.0,41,582,0.3373,32871842.0,9,0,Salaried,Rented,Partner,0,0.1816228009067758,CASH_LOAN,0.9108253751021442,460.0,0,0.08330730476229248,1338334.4491158084,33,1,0.0,2,0.6599900669791834,0.03001612643377633,0.12709322604504256,REVIEW,15850394.980800003,CREDIT_OR_AFFORDABILITY,821.9799761981467,254.3945272099616,448.3397087821189,36.1111425438044,39.34549359347473,1600.170848327506
APP-42-010474,2025-03-12 10:00:00,31,24212150.0,65,547,0.3782,37082884.0,12,2,Salaried,Owned,Mobile,0,0.17047119715562467,BNPL,0.9626445408297118,188.0,0,0.014103082117355701,2306184.3202117607,48,0,0.0,2,0.990529978199478,0.01982479663569935,0.12294062650995803,REVIEW,25000000.0,CREDIT_OR_AFFORDABILITY,523.4674790846545,351.6092947765511,255.09006995507252,24.272264684113637,33.15249449051648,1187.5916029909085
APP-42-010475,2025-03-12 11:00:00,32,39590529.0,127,622,0.1416,92431151.0,12,3,Salaried,Mortgage,Partner,0,0.11440092664447564,BNPL,0.9038784232871253,50.0,2,0.09376782538571245,23005086.56490342,43,1,0.0,0,,0.10764878068264377,0.0753529315456922,APPROVE,25000000.0,POLICY_PASS,537.2840213871827,261.836118655313,267.31221226316103,30.390698529952527,40.96469624644816,1137.7877470820572
APP-42-010476,2025-03-12 12:00:00,23,14886516.0,70,578,0.1234,93270727.0,18,1,Salaried,Family,Mobile,0,0.11041375015456308,CASH_LOAN,0.9493783639533856,175.0,0,0.010112998370318012,6435058.286152196,49,1,0.0,2,0.936734909722046,0.020692991211990575,0.06428663039264555,APPROVE,41758463.761920005,POLICY_PASS,600.4492718013211,369.78178209290655,249.59887698526828,44.24331120898033,46.64805757071017,1310.7212996591863
APP-42-010477,2025-03-12 13:00:00,50,9590703.0,63,614,0.281,42710212.0,12,2,Salaried,Owned,Branch,0,0.11819943256348117,CASH_LOAN,0.9340785947614204,397.0,0,0.016690864120818025,4408434.516234806,41,0,0.0,0,,0.0224653963584369,0.09078607736815528,APPROVE,22066289.4624,POLICY_PASS,627.5271323934094,420.3391749296337,266.7633008351002,24.955765766899674,57.1688360337671,1396.7542099588102
APP-42-010478,2025-03-12 14:00:00,30,14209881.0,82,638,0.227,42640255.0,36,0,Self-employed,Mortgage,Branch,0,0.09174478945955399,BUSINESS_LOAN,0.912318467249019,53.0,0,0.000533420998169359,7019298.362157119,44,1,59653500.7321774,1,0.9308217677562239,0.02342752623828638,0.05318329499866417,APPROVE,32809425.40269757,POLICY_PASS,789.6243532043203,378.56394364930435,236.91687540483076,25.786254041886913,51.34975307520577,1482.2411793755482
APP-42-010479,2025-03-12 15:00:00,44,22356256.0,94,541,0.1851,113439964.0,18,1,Salaried,Mortgage,Mobile,0,0.14434392719364914,CASH_LOAN,0.8864318466514538,28.0,1,0.32744828422348893,11803588.35625801,52,1,0.0,1,0.9134117901992174,0.12018611372039148,0.10601513296994237,APPROVE,58297961.646079995,POLICY_PASS,661.1176309319142,341.22151854620074,294.9874007241926,22.93174656416809,72.14356932195705,1392.4018660884328
APP-42-010480,2025-03-12 16:00:00,37,15833739.0,104,738,0.5842,93491294.0,9,3,Salaried,Mortgage,Partner,0,0.21211915223754046,BUSINESS_LOAN,0.9677949018558426,521.0,2,0.11048546912756117,11041640.77901105,55,1,46148961.67462424,2,0.806017613734542,0.08840379946094186,0.14171236267600384,REVIEW,25381928.921043336,CREDIT_OR_AFFORDABILITY,595.2786017167066,382.7035013562059,231.26738219791702,32.55757460910769,35.72986357593129,1277.5369234558684
APP-42-010481,2025-03-12 17:00:00,38,39029909.0,70,726,0.231,71661605.0,6,0,Salaried,Family,Mobile,0,0.02578237091651384,BUSINESS_LOAN,0.8880922893305946,278.0,1,0.10038942962267919,9805483.326253487,36,1,224776117.6242871,1,0.7731277466989742,0.0642348086601973,0.016616712268211747,APPROVE,71661605.0,POLICY_PASS,983.8299586937924,267.8331142771227,392.7598335709908,23.60609633355716,46.421982218634916,1714.4509850940979
APP-42-010482,2025-03-12 18:00:00,34,29937314.0,58,607,0.3743,35082229.0,24,2,Salaried,Rented,Mobile,0,0.12058110174067281,BNPL,0.6948801712514596,86.0,1,0.1213491680566954,17153431.094263937,36,1,0.0,1,0.8923111072815504,0.141310327430516,0.07902852268452493,APPROVE,25000000.0,POLICY_PASS,836.9361769256097,331.94593102469116,99.13269706264288,37.32812836887036,21.981507432584085,1327.3244408143983
APP-42-010483,2025-03-12 19:00:00,28,19920666.0,30,747,0.5707,73995902.0,18,0,Salaried,Rented,Partner,0,0.13657277852825853,BNPL,0.9088872844050592,31.0,0,0.23220278584236245,14457464.796563666,45,1,0.0,1,0.6480829955071759,0.04649862002798149,0.1020799437506303,REVIEW,25000000.0,CREDIT_OR_AFFORDABILITY,728.8638338725495,234.88648702804582,257.7932190403494,34.20728125207542,36.17065431443379,1291.921475507454
APP-42-010484,2025-03-12 20:00:00,26,6144112.0,61,668,0.1056,41877885.0,18,3,Salaried,Mortgage,Mobile,0,0.10316427808843226,CASH_LOAN,0.922740833974666,86.0,0,0.01897136373049285,2400875.976845128,52,1,0.0,1,0.8754942480082063,0.023693000665421945,0.060941132904124645,APPROVE,17584940.07296,POLICY_PASS,834.0745963950197,397.20895587993937,171.32752519283952,31.359985074585502,32.46797882300969,1466.4390413653937
APP-42-010485,2025-03-12 21:00:00,51,12300338.0,115,719,0.1216,54897458.0,24,0,Salaried,Family,Mobile,0,0.04417229850843474,CASH_LOAN,0.9516771682733332,115.0,0,0.1486215255339162,4684455.509689804,43,1,0.0,0,,0.03073370271024802,0.029483040948692127,APPROVE,34574774.07744,POLICY_PASS,633.0202411506565,362.72579245326256,388.6743759877586,32.14955665379949,73.49291111294693,1490.062877358424
APP-42-010486,2025-03-12 22:00:00,36,13315909.0,11,542,0.3249,63886865.0,18,1,Self-employed,Rented,Branch,0,0.2022920259401282,BNPL,0.9560567112830511,357.0,1,0.0678468222317305,4744364.068265939,42,1,0.0,1,0.8523440906719479,0.044706585308782056,0.13229145871128242,REVIEW,25000000.0,CREDIT_OR_AFFORDABILITY,650.2363487938197,298.5056820075819,171.25501392766185,32.273469177904154,54.95898162020038,1207.229495527168
APP-42-010487,2025-03-12 23:00:00,45,11938076.0,98,616,0.3774,81391312.0,24,2,Salaried,Family,Mobile,1,0.17159343782097525,CASH_LOAN,0.9223184458402981,264.0,0,0.0064112966840962305,2327639.657082902,48,0,0.0,3,0.7190851037542507,0.02287648404351925,0.13224040861060207,REVIEW,23784467.576320004,CREDIT_OR_AFFORDABILITY,743.2524564639292,198.8733152089311,226.79897580806144,38.983262951084896,36.20286599201278,1244.1108764240194
APP-42-010488,2025-03-13 00:00:00,47,19991825.0,58,685,0.2838,15468886.0,18,1,Self-employed,Mortgage,Mobile,0,0.04821779408250827,CASH_LOAN,0.9732943372028507,36.0,1,0.11753468444548516,4306259.002879551,55,0,0.0,1,0.7508402752210942,0.04809751144400099,0.03806289383705624,APPROVE,15468886.0,POLICY_PASS,1042.4437220517575,286.13256980945977,166.62591036428586,32.901365510439675,60.54013893028153,1588.6437066662243
APP-42-010489,2025-03-13 01:00:00,31,20219852.0,86,628,0.4269,109078461.0,12,0,Salaried,Family,Mobile,0,0.11032160388779226,BUSINESS_LOAN,0.9272092785651981,454.0,0,0.028535068171559718,14555235.377860699,53,1,124493361.11123513,0,,0.023923639163562285,0.06804857082126367,APPROVE,68471348.61117932,POLICY_PASS,567.2292478162174,332.045194641174,128.67774862986528,30.18837315428422,66.56673023542558,1124.7072944769666
APP-42-010490,2025-03-13 02:00:00,39,7168028.0,72,627,0.2999,104320784.0,6,2,Salaried,Mortgage,Partner,0,0.2322637954080802,CASH_LOAN,0.9452570961221456,80.0,0,0.12854842003941053,1729152.0071891823,33,0,0.0,0,,0.029758374706698714,0.19938203929761025,REVIEW,16058676.488959998,CREDIT_OR_AFFORDABILITY,528.7375809495765,235.88647261080465,361.2027355368202,27.26298229079159,38.22681478202869,1191.3165861700215
APP-42-010491,2025-03-13 03:00:00,35,28019500.0,53,632,0.618,89576467.0,12,3,Salaried,Mortgage,Mobile,0,0.25732584203802644,BUSINESS_LOAN,0.9468354004164692,318.0,0,0.06408904171259353,14832638.854964918,40,1,158693092.63616195,1,0.9430779048898597,0.024496068461723867,0.1687137315331605,REVIEW,87281200.94988908,CREDIT_OR_AFFORDABILITY,661.6811972111468,227.48065243116275,224.24892167198703,32.16999158295224,42.816941491060014,1188.397704388309
APP-42-010492,2025-03-13 04:00:00,25,18160335.0,58,667,0.7174,71330207.0,24,2,Salaried,Family,Mobile,0,0.1605567718877376,BNPL,0.8589061902064263,175.0,0,0.25030465932219526,3660395.488113051,47,1,0.0,1,0.8642362285235619,0.05972105062295786,0.115104044098762,REVIEW,16422754.147199998,CREDIT_OR_AFFORDABILITY,660.1091263145187,406.1634945310402,219.16403050969956,30.016817781802935,50.016686025363484,1365.4701551624248
APP-42-010493,2025-03-13 05:00:00,33,21912879.0,75,648,0.4858,23989435.0,36,3,Salaried,Mortgage,Mobile,0,0.11631380738850669,CASH_LOAN,0.9395577663089558,409.0,2,0.008656313217855328,11778594.832745394,41,1,0.0,0,,0.07445597567570214,0.07253956462493148,APPROVE,23989435.0,POLICY_PASS,1072.365860535388,339.4266541932883,306.8903039641263,35.74344990275338,46.1152835728792,1800.5415521684354
APP-42-010494,2025-03-13 06:00:00,40,27113350.0,32,752,0.61,103634844.0,18,1,Contract,Rented,Branch,0,0.10067483449672396,CASH_LOAN,0.9032581888598875,196.0,2,0.014830929459224628,15699393.576422147,46,1,0.0,1,0.8535341582898132,0.08713004944480349,0.06027409382885147,APPROVE,33837460.800000004,POLICY_PASS,539.5295197718584,256.4229447459017,215.7564128688977,32.64624982444603,43.94054598637415,1088.295673197478
APP-42-010495,2025-03-13 07:00:00,31,11805180.0,54,569,0.3101,38944631.0,12,2,Salaried,Owned,Partner,0,0.17134285282810308,CASH_LOAN,0.7624931241962444,510.0,0,0.061271302305530476,4885774.558300325,39,1,0.0,0,,0.05123893910196348,0.11373080072239089,APPROVE,26062059.782399997,POLICY_PASS,551.887909557294,345.56448712322054,287.53041791829656,29.841478098709242,42.960110404581634,1257.784403102102
APP-42-010496,2025-03-13 08:00:00,32,35973044.0,70,647,0.3755,35763494.0,18,0,Salaried,Owned,Branch,0,0.04235098545145325,CASH_LOAN,0.794727199536148,37.0,0,0.20399644223848737,24638745.919484314,44,1,0.0,1,0.8804016742246449,0.06749223581821352,0.028260771220340573,APPROVE,35763494.0,POLICY_PASS,733.452109891687,418.8827811474191,378.1280767916696,24.65129803530214,17.130413242981653,1572.2446791090592
APP-42-010497,2025-03-13 09:00:00,33,16649585.0,79,691,0.3383,199552740.0,24,2,Salaried,Rented,Branch,0,0.16609549619485836,CASH_LOAN,0.9718175102147938,181.0,0,0.045730388607612395,8983571.68578812,41,1,0.0,0,,0.02095003466997501,0.10849004373379001,APPROVE,35254497.262399994,POLICY_PASS,778.1992461521331,308.14532688172943,275.291207505981,14.377937169336338,27.151388278912556,1403.1651059880924
APP-42-010498,2025-03-13 10:00:00,54,41358284.0,75,550,0.1946,66483969.0,18,1,Salaried,Family,Partner,0,0.06600497992056327,BNPL,0.9766256246730015,155.0,0,0.010787139640463373,7651234.466141592,36,1,0.0,2,0.9607275539898299,0.01853353222624082,0.038351003348360876,APPROVE,25000000.0,POLICY_PASS,391.88046518414944,350.47422536502665,263.3654944687007,11.373809482249047,54.488346592449574,1071.5823410925755
APP-42-010499,2025-03-13 11:00:00,20,11008954.0,45,615,0.1989,47298398.0,12,3,Self-employed,Family,Branch,0,0.14124066745117797,CASH_LOAN,0.9073729212976024,45.0,0,0.03302160417772498,2108573.922459662,40,1,0.0,1,0.7893810699747542,0.026290599592241923,0.08971893850440589,APPROVE,28221673.758080002,POLICY_PASS,719.619416423514,248.1619090524744,174.9135566236057,19.61425770637256,44.361468214608465,1206.6706080205754
APP-42-010500,2025-03-13 12:00:00,40,39702231.0,56,653,0.4888,40832508.0,9,4,Salaried,Family,Branch,0,0.11033945458228307,CASH_LOAN,0.9506322070665816,140.0,0,0.039564336515276195,13542308.660345089,40,1,0.0,1,0.8231464215899515,0.022445535896321405,0.0688462218916582,APPROVE,40832508.0,POLICY_PASS,700.9316280991211,348.73812886502765,198.2158886001949,20.660521824793438,49.29384813063392,1317.840015519771
APP-42-010501,2025-03-13 13:00:00,33,10948260.0,26,748,0.5113,62390783.0,6,2,Salaried,Owned,Partner,0,0.11656996899318296,CASH_LOAN,0.9773504436513711,164.0,0,0.03886870054087987,5541119.636810185,49,1,0.0,0,,0.02006978791047248,0.0731575077241896,APPROVE,17121326.9184,POLICY_PASS,412.7005556743243,196.5717001591301,280.90603558849773,8.0,23.233643684601617,921.4119351065538
APP-42-010502,2025-03-13 14:00:00,29,73127279.0,95,650,0.3766,34384548.0,12,4,Self-employed,Rented,Mobile,0,0.13538891241917955,CASH_LOAN,0.9312958159874677,604.0,0,0.03450595649366859,48523591.63599164,42,0,0.0,1,0.6547678221010922,0.02394114038000212,0.10825610594395818,APPROVE,34384548.0,POLICY_PASS,764.947811914254,364.5949597584822,324.50162472694376,27.449046842308515,31.009263396365892,1512.5027066383543
APP-42-010503,2025-03-13 15:00:00,32,10663889.0,62,695,0.5746,11291185.0,18,0,Self-employed,Rented,Mobile,0,0.1368447969676996,CASH_LOAN,0.9427037641298406,539.0,0,0.009276086091278554,1058089.0149326932,49,1,0.0,0,,0.021216577710634222,0.08488207186437327,APPROVE,11291185.0,POLICY_PASS,914.9841755572689,299.37747458282365,295.4152817076591,40.39418166420775,42.84767158337398,1593.0187850953334
APP-42-010504,2025-03-13 16:00:00,41,32184805.0,56,699,0.4064,26412734.0,18,2,Salaried,Mortgage,Mobile,0,0.068905828550644,CASH_LOAN,0.8647471742688254,174.0,0,0.0013833041658806076,7086342.496879272,39,1,0.0,0,,0.028531829415328735,0.04206426295545844,APPROVE,26412734.0,POLICY_PASS,787.3231168969784,289.8161665966202,221.43130706173625,21.99364810708317,38.90036972662006,1359.4646083890382
APP-42-010505,2025-03-13 17:00:00,42,14747225.0,55,442,0.3537,54967161.0,12,3,Contract,Owned,Branch,1,0.2505810247385967,CASH_LOAN,0.9464573823671193,507.0,1,0.019910272709288634,6444238.343455818,43,0,0.0,1,0.9000052526359539,0.04048912663406765,0.19207477561440772,REVIEW,30499620.856000002,CREDIT_OR_AFFORDABILITY,645.3123700566391,325.0903134949783,185.9650166006934,43.770974685128486,41.400484754450574,1241.53915959189
APP-42-010506,2025-03-13 18:00:00,37,26672527.0,48,646,0.1839,90933297.0,12,1,Salaried,Mortgage,Partner,0,0.07631858824277533,CASH_LOAN,0.9471780244154402,396.0,0,0.14581454653267129,5735675.749660015,50,1,0.0,0,,0.0310472965845221,0.050734143343273586,APPROVE,69655837.71104,POLICY_PASS,656.1462126224768,323.19877798840525,209.79749145898214,23.508359833177252,46.4079227495361,1259.0587646525776
APP-42-010507,2025-03-13 19:00:00,45,17603240.0,80,609,0.3097,83734126.0,12,0,Salaried,Mortgage,Mobile,0,0.1300767913372816,BNPL,0.9420627868141859,135.0,0,0.043995577164445125,4011082.7157855756,41,1,0.0,0,,0.023552776903219438,0.08360966500324053,APPROVE,25000000.0,POLICY_PASS,741.3494358158347,318.4107632887455,257.7644023859302,45.40897027661362,66.561631613261,1429.495203380385
APP-42-010508,2025-03-13 20:00:00,46,9876864.0,56,748,0.124,84164844.0,12,1,Salaried,Owned,Mobile,0,0.052290305541685615,CASH_LOAN,0.9347449765655997,40.0,0,0.009563023439745483,922233.4784305514,43,1,0.0,1,0.9962532894525011,0.02194042342029025,0.029456519191756153,APPROVE,27686825.164800003,POLICY_PASS,510.5023273711787,192.01652232635615,196.6936789019259,50.66364665724131,43.24301119922422,993.1191864559263
APP-42-010509,2025-03-13 21:00:00,42,3865593.0,30,690,0.1599,30928365.0,24,3,Salaried,Rented,Mobile,0,0.12891374938594669,CASH_LOAN,0.9656113761417404,55.0,0,0.07477857879986516,2854423.6988617154,45,1,0.0,1,0.9213896105201493,0.02340249300786748,0.08010432829836134,APPROVE,10391950.973760001,POLICY_PASS,658.4696185018768,262.1445119119872,249.6488506353095,37.506459902003805,51.965736924055356,1259.7351778752327
APP-42-010510,2025-03-13 22:00:00,30,71488927.0,36,703,0.0459,63722129.0,12,1,Contract,Mortgage,Mobile,0,0.034335301846653864,BNPL,0.9408907068124162,138.0,1,0.016932827853986542,43613809.72827856,48,0,0.0,2,0.9452993709293133,0.04105415772251048,0.024043981004947722,APPROVE,25000000.0,POLICY_PASS,392.5117841834858,311.2224151995508,330.1884733310118,13.488274487728503,53.736430554435216,1101.147377756212
APP-42-010511,2025-03-13 23:00:00,39,18737654.0,23,677,0.499,85663328.0,12,1,Contract,Rented,Partner,0,0.18274864990914708,BNPL,0.8561768532701088,670.0,0,0.06628043424280797,4001742.4893809105,56,1,0.0,0,,0.03567075948404343,0.118665914616653,REVIEW,25000000.0,CREDIT_OR_AFFORDABILITY,495.61359614605345,371.7243635707947,216.66688936887923,25.88612478429107,47.596865369214996,1157.4878392392336
APP-42-010512,2025-03-14 00:00:00,39,3565949.0,112,648,0.0849,87410978.0,18,2,Salaried,Rented,Partner,1,0.16859588903070283,CASH_LOAN,0.9095038097209756,263.0,0,0.004442505995322606,1827790.623322325,47,1,0.0,0,,0.023972381592294485,0.10609359229065879,APPROVE,10442239.77568,POLICY_PASS,484.7623152871254,298.6278201168071,249.06226244700312,46.59750890865556,54.49799280963266,1133.5478995692238
APP-42-010513,2025-03-14 01:00:00,28,21259556.0,51,700,0.1984,38755426.0,18,2,Contract,Owned,Mobile,0,0.07609619929915204,CASH_LOAN,0.9360717174624127,208.0,3,0.055282088209354444,14968052.313010702,36,1,0.0,0,,0.15243168067120993,0.04870010988941913,APPROVE,38755426.0,POLICY_PASS,573.7496435130319,382.45468409408494,196.96246694250692,32.693232523472496,45.13276409384476,1230.992791166941
APP-42-010514,2025-03-14 02:00:00,21,26301985.0,119,638,0.7263,82685046.0,36,2,Salaried,Rented,Branch,0,0.23781610116775107,CASH_LOAN,0.7276272485755318,176.0,0,0.0033189536509846697,19273929.668274883,33,1,0.0,0,,0.049922223682315046,0.15799787458350342,REVIEW,23036330.542400006,CREDIT_OR_AFFORDABILITY,463.2022518768583,327.2401489489017,195.50365128072298,30.87396861929381,12.277345076887258,1029.097365802664
APP-42-010515,2025-03-14 03:00:00,20,12146940.0,60,732,0.3374,59816078.0,24,2,Salaried,Owned,Partner,0,0.07256823096007649,CASH_LOAN,0.8040288720825286,833.0,1,0.06366060541179656,6994804.447517025,45,0,0.0,1,0.9334293526406741,0.08047286950246595,0.05364774919672694,APPROVE,25755399.820800006,POLICY_PASS,778.411354056435,213.10012963464743,264.74666124072706,32.26228439926474,33.760854507689906,1322.281283838764
APP-42-010516,2025-03-14 04:00:00,36,12191961.0,44,563,0.1888,44015806.0,18,1,Salaried,Rented,Mobile,0,0.12698837828016976,BNPL,0.9629060725764219,145.0,1,0.01290746918927508,3951087.8757609245,44,1,0.0,1,0.971837536475272,0.03713035903242611,0.07462496785586512,APPROVE,25000000.0,POLICY_PASS,841.3736699465842,358.34567291862436,323.0339943254172,46.002034955900434,17.130531113765258,1585.8859032602913
APP-42-010517,2025-03-14 05:00:00,38,17804634.0,49,715,0.3372,27546712.0,18,2,Contract,Rented,Mobile,0,0.12151965682169535,BUSINESS_LOAN,0.9424692461201388,332.0,0,0.1695106281564958,6501284.812852581,60,1,93135419.65248708,0,,0.03390043836884825,0.08196188956353896,APPROVE,27546712.0,POLICY_PASS,745.4116632416557,464.0565632036963,185.8684056305327,41.66662465606485,53.889655423153975,1490.8929121551034
APP-42-010518,2025-03-14 06:00:00,24,34875989.0,58,614,0.5738,47257657.0,12,1,Self-employed,Mortgage,Mobile,0,0.11946331825551101,CASH_LOAN,0.8280246699558861,258.0,1,0.047050760436639125,7460740.138877883,33,0,0.0,1,0.9159673891521317,0.07000898508791899,0.0908727935830352,APPROVE,47257657.0,POLICY_PASS,633.6991876570953,300.60720793521466,214.21898837884606,30.818740488298825,60.35383739286379,1239.6979618523187
APP-42-010519,2025-03-14 07:00:00,44,19017314.0,31,689,0.098,36229503.0,12,2,Salaried,Mortgage,Mobile,0,0.06428490365956152,CASH_LOAN,0.905689529099026,92.0,0,0.0092554037390868,12412528.796354398,33,1,0.0,2,0.9604786131677344,0.02469547297912452,0.037500176139244876,APPROVE,36229503.0,POLICY_PASS,623.1299408483161,236.77056561207638,158.9292192256189,26.779771959303147,55.4139517945639,1101.0234494398785
APP-42-010520,2025-03-14 08:00:00,36,40251436.0,25,527,0.2456,28669349.0,9,1,Salaried,Rented,Mobile,0,0.09774126213876803,CASH_LOAN,0.9036867401710696,115.0,1,0.02124785340292382,9854626.780421464,42,1,0.0,0,,0.04825761529871463,0.060902697314352695,APPROVE,28669349.0,POLICY_PASS,604.8241660085814,225.3903796818068,247.18801211761922,23.17474466039681,37.95364442399075,1138.5309468923947
APP-42-010521,2025-03-14 09:00:00,47,33533412.0,90,659,0.1618,44213059.0,36,2,Salaried,Rented,Partner,0,0.07754510533396355,BNPL,0.9163383821493388,197.0,0,0.07446577996862731,21014554.177048344,44,1,0.0,1,0.960732280202218,0.02860299358252443,0.046683816723678266,APPROVE,25000000.0,POLICY_PASS,441.3486999868188,306.6042936882788,135.94697070386448,30.470014172840248,57.35846526298353,971.7284438147858
APP-42-010522,2025-03-14 10:00:00,38,15871739.0,43,629,0.3947,41333795.0,36,3,Salaried,Rented,Mobile,0,0.1960914400599793,CASH_LOAN,0.8548147647260577,264.0,0,0.05343205782613386,11568024.530547483,47,1,0.0,2,0.7448159733658881,0.03455870455915895,0.12917474863625356,REVIEW,30742923.57344,CREDIT_OR_AFFORDABILITY,711.2219085018523,360.6676458706899,298.139701105243,35.65616232764649,51.57950278880452,1457.2649205942364
APP-42-010523,2025-03-14 11:00:00,25,7588119.0,120,637,0.3286,234918621.0,24,0,Self-employed,Family,Branch,0,0.17208839117844862,CASH_LOAN,0.9739470492840576,165.0,2,0.06798570673869193,3183726.3826975245,43,0,0.0,0,,0.07680147255906383,0.1381300366106492,REVIEW,16302921.90912,CREDIT_OR_AFFORDABILITY,536.5967939609011,321.19074422029416,130.62372346265977,17.77648460782423,60.870734007277136,1067.0584802589565
APP-42-010524,2025-03-14 12:00:00,39,15890204.0,71,513,0.2265,98364703.0,24,2,Salaried,Mortgage,Branch,0,0.20434527442070852,CASH_LOAN,0.9457858349656588,573.0,0,0.11206126636032439,6248605.887022111,48,1,0.0,1,0.9351883754445189,0.028301886566580663,0.13332609613314453,REVIEW,39331432.9408,CREDIT_OR_AFFORDABILITY,889.7240985389333,344.92320184978354,200.80864225082723,14.1124351832859,30.701568380478164,1480.269946203308
APP-42-010525,2025-03-14 13:00:00,41,24045241.0,41,642,0.5753,36304873.0,24,0,Contract,Rented,Mobile,0,0.17474343954601396,BNPL,0.762252040689177,648.0,2,0.006255089772959412,8490306.093117427,48,0,0.0,1,0.6944565544398845,0.14397088440901998,0.13563576769044006,REVIEW,25000000.0,CREDIT_OR_AFFORDABILITY,799.7839012021605,372.5025623970266,295.1395228749484,25.248335191689762,54.27890625943416,1546.9532279252592
APP-42-010526,2025-03-14 14:00:00,30,18602820.0,144,649,0.1416,113236787.0,6,2,Contract,Family,Mobile,0,0.11678564434047309,CASH_LOAN,0.7966884801431983,55.0,1,0.0370036048082508,7649148.371725145,58,1,0.0,0,,0.07691071198407133,0.07199268683954863,APPROVE,51099714.20160001,POLICY_PASS,511.6358691947156,377.9043139195536,247.81984456100471,48.905695405286714,46.496595248093314,1232.762318328654
APP-42-010527,2025-03-14 15:00:00,22,25515993.0,93,512,0.2631,72773151.0,18,1,Salaried,Rented,Mobile,0,0.17382954432237002,BNPL,0.8134733307776209,300.0,1,0.010706700474970207,17341984.280605447,43,1,0.0,0,,0.06695280048132109,0.11088865346558524,REVIEW,25000000.0,CREDIT_OR_AFFORDABILITY,355.75669760386995,423.0627153221817,193.18818147814093,29.23898062418418,51.88107017179933,1053.127645200176
APP-42-010528,2025-03-14 16:00:00,36,28940811.0,21,557,0.1697,22861303.0,12,1,Salaried,Owned,Mobile,0,0.06586368490824855,CASH_LOAN,0.7152141369438477,576.0,2,0.15233024341385482,11473801.277975015,41,1,0.0,1,0.8735778005286993,0.24105418457806066,0.04303056370909562,APPROVE,22861303.0,POLICY_PASS,541.6626482638025,150.23100372033716,351.6683336315937,26.799103286340227,48.62424072996109,1118.9853296320346
APP-42-010529,2025-03-14 17:00:00,26,24103184.0,34,651,0.4459,58077222.0,24,1,Salaried,Rented,Partner,0,0.1352249749402127,BNPL,0.9040988074813767,257.0,0,0.0389802665239215,3111719.91446082,46,1,0.0,0,,0.027112483796624,0.08601485425751401,APPROVE,25000000.0,POLICY_PASS,488.67857149711034,283.9429947230467,152.13911340135078,35.28345139824902,54.2839189667506,1014.3280499865074
APP-42-010530,2025-03-14 18:00:00,45,15470594.0,4,669,0.7004,64379997.0,24,0,Contract,Family,Mobile,0,0.12582065480800558,BUSINESS_LOAN,0.8369720852147361,166.0,0,0.04212318316904858,5631689.207214539,39,0,52660361.69798735,2,0.9277775936912451,0.03595349600353407,0.09421957758448327,APPROVE,28963198.933893044,POLICY_PASS,701.4676308905933,297.66837611135423,174.1053453798146,43.160742449432504,39.98047736250026,1256.382572193695
APP-42-010531,2025-03-14 19:00:00,31,23958129.0,46,636,0.1173,46027407.0,9,2,Self-employed,Rented,Mobile,0,0.13523447747440442,CASH_LOAN,0.898850969767227,118.0,0,0.06338980936624433,16621680.030373927,38,1,0.0,0,,0.029741918689223625,0.08875711356429301,APPROVE,46027407.0,POLICY_PASS,789.2106745987037,436.38199804557576,249.62239931857397,21.44173830348467,12.0,1508.6568102663382
APP-42-010532,2025-03-14 20:00:00,51,61552353.0,134,643,0.1467,17053275.0,18,0,Salaried,Owned,Mobile,0,0.025198944282712372,BUSINESS_LOAN,0.9267601479476818,130.0,0,0.03589132647031371,35459585.859581396,42,1,351227186.85162425,1,0.9626878817397184,0.024489448099246757,0.014466903669450913,APPROVE,17053275.0,POLICY_PASS,653.3625817008062,317.93752930501535,279.6746907599232,36.342581094824894,40.40396644646895,1327.7213493070387
APP-42-010533,2025-03-14 21:00:00,20,7932260.0,16,642,0.2092,13817405.0,24,1,Salaried,Rented,Branch,0,0.07192291059063452,BNPL,0.8379509773951763,74.0,1,0.20225372577377548,5292860.918765959,52,1,0.0,3,0.7001607723141259,0.10315661065595462,0.050217097520570915,APPROVE,13817405.0,POLICY_PASS,734.5823446668617,254.770750532048,238.76810388572596,33.515790441643034,48.846902558298595,1310.483892084577
APP-42-010534,2025-03-14 22:00:00,36,23532439.0,64,601,0.2046,88828310.0,24,1,Salaried,Owned,Partner,0,0.10200229315934287,CASH_LOAN,0.9875666992155698,108.0,0,0.06760374964443581,16485258.961592032,37,1,0.0,0,,0.020939238063753796,0.06639266169386908,APPROVE,59896646.33792,POLICY_PASS,826.2981170574908,369.08019741460083,338.3370802172596,29.829807145316707,39.81038345547522,1603.3555852901432
APP-42-010535,2025-03-14 23:00:00,48,49302440.0,162,627,0.4712,57702372.0,9,1,Self-employed,Rented,Branch,0,0.10055074476137145,CASH_LOAN,0.900416501842018,89.0,0,0.00552585898530428,24719369.856076136,40,0,0.0,0,,0.024960784186975594,0.07642262990446769,APPROVE,57702372.0,POLICY_PASS,470.9616914380416,352.4602017686001,277.32825433660435,38.01401631661118,36.84620699583909,1175.6103708556961
APP-42-010536,2025-03-15 00:00:00,27,9434255.0,48,539,0.2118,35004586.0,12,2,Self-employed,Rented,Mobile,0,0.25525826770063414,CASH_LOAN,0.9503828473295078,336.0,2,0.0019166563774577815,1738623.2130924645,46,1,0.0,1,0.9333357469654966,0.07005414052562695,0.15958422841078979,REVIEW,23795455.331200004,CREDIT_OR_AFFORDABILITY,617.1596457170203,490.4855201756402,216.46295173569112,33.65719467699485,24.109620173436976,1381.8749324787834
APP-42-010537,2025-03-15 01:00:00,34,31217437.0,62,598,0.1493,109446820.0,24,0,Salaried,Owned,Branch,0,0.06817963839456809,CASH_LOAN,0.8934191724915329,104.0,0,0.05966135806753643,14288426.504837066,42,1,0.0,1,0.907964195101381,0.03007931860700203,0.041223981498971926,APPROVE,70000000.0,POLICY_PASS,197.90628397947216,387.63397088576585,105.36999149642514,39.5002022039788,58.12091128257185,788.5313598482139
APP-42-010538,2025-03-15 02:00:00,31,33597990.0,42,637,0.1889,57275851.0,18,3,Contract,Owned,Branch,0,0.09978137450947626,BNPL,0.9286879167732206,97.0,0,0.022677476128936478,18177019.84028605,52,0,0.0,1,0.8915321572170438,0.02337451725012246,0.07215101375895452,APPROVE,25000000.0,POLICY_PASS,649.5545900927926,279.15531614761835,310.4601278612852,30.566698406175867,44.01592819854988,1313.752660706422
APP-42-010539,2025-03-15 03:00:00,29,7989326.0,33,729,0.6045,25351208.0,24,2,Contract,Family,Mobile,1,0.10287081334346955,CASH_LOAN,0.8773898044092708,49.0,1,0.10900504345713201,3679582.2656642003,38,1,0.0,2,0.9647392628866077,0.06862391605650517,0.06480369067617224,APPROVE,10111290.9856,POLICY_PASS,658.0651249875351,403.63921001830613,202.24430291984555,29.386409342859412,45.62413437154951,1338.9591816400955
APP-42-010540,2025-03-15 04:00:00,37,26633523.0,79,631,0.6398,61097399.0,9,1,Salaried,Family,Partner,0,0.12197973672887454,CASH_LOAN,0.9741589156694835,187.0,0,0.157499984140509,19327629.966612607,49,1,0.0,0,,0.02877733962857767,0.08327266452457552,APPROVE,30698863.950719997,POLICY_PASS,590.483425826466,224.32060426082003,190.15747712879474,21.08202544225481,39.228382147119355,1065.271914805455
APP-42-010541,2025-03-15 05:00:00,23,15504775.0,80,788,0.1508,96367313.0,18,3,Salaried,Family,Branch,0,0.06886294753822489,CASH_LOAN,0.9634053133044896,122.0,0,0.0008126600950353881,9212074.445106167,45,0,0.0,1,0.6440208558751784,0.019005017239518383,0.052805706534845336,APPROVE,42133295.776,POLICY_PASS,764.5649490047465,271.30707430228136,203.91481033199807,23.615623556235388,49.026882705738615,1312.4293399009998
APP-42-010542,2025-03-15 06:00:00,34,17411424.0,68,779,0.1601,13182474.0,9,4,Contract,Owned,Mobile,0,0.07238937339398795,BNPL,0.9150164072475129,785.0,0,0.0330834650953796,11851400.408429995,35,0,0.0,1,0.9587427347958504,0.025485778664396684,0.052982155367282166,APPROVE,13182474.0,POLICY_PASS,697.9670767613864,370.2611087972876,198.71413051119248,50.44309243473176,33.474256909931725,1350.85966541453
APP-42-010543,2025-03-15 07:00:00,40,15054044.0,38,645,0.6539,109893203.0,12,0,Self-employed,Rented,Mobile,0,0.2792986087370745,CASH_LOAN,0.8729753297434847,871.0,2,0.028995622044761523,4189468.6066889414,51,0,0.0,2,0.7621405270638912,0.1016056912433384,0.22151854787916947,REVIEW,16672654.81088,ENHANCED_DUE_DILIGENCE,648.6231421673962,298.85793597342683,274.2508912214155,27.792987020750278,51.55874882854588,1301.0837052115348
APP-42-010544,2025-03-15 08:00:00,33,37053053.0,68,610,0.3968,115901310.0,18,2,Self-employed,Mortgage,Mobile,0,0.13025723288462682,BNPL,0.7568803934616002,90.0,1,0.02139264274595119,16504377.306260895,57,1,0.0,0,,0.08590285989234432,0.08005192025712306,APPROVE,25000000.0,POLICY_PASS,771.5607800082544,231.88049000461456,441.55881650176764,37.1650252431295,38.236588274552204,1520.4017000323183
APP-42-010545,2025-03-15 09:00:00,26,16923534.0,20,803,0.4955,78916606.0,12,0,Self-employed,Owned,Mobile,0,0.10718295508930299,CASH_LOAN,0.8202017893631208,91.0,1,0.029618327614668746,6139568.76240897,48,0,0.0,1,0.7981886698952221,0.06875374550822472,0.0806841722000675,APPROVE,27321353.2896,POLICY_PASS,509.6470247339962,361.67048603375235,273.2310669391644,24.43771956391691,37.2199350326303,1206.2062323034602
APP-42-010546,2025-03-15 10:00:00,44,13950974.0,72,694,0.3987,52859035.0,9,0,Contract,Family,Mobile,0,0.08549369047033181,CASH_LOAN,0.9699142251852733,115.0,1,0.028952550333729437,2011645.3490037525,38,1,0.0,0,,0.037804769707045945,0.05369589749621549,APPROVE,26843906.131839998,POLICY_PASS,744.4459595570886,268.4810393358421,193.62752946919244,29.874944349680995,74.00152212016465,1310.430994831969
APP-42-010547,2025-03-15 11:00:00,42,14081547.0,32,672,0.2029,65382276.0,12,1,Salaried,Owned,Partner,0,0.06687990462991741,BNPL,0.9226150435313647,211.0,0,0.048005478877222424,3577243.3298773253,42,1,0.0,1,0.9251229534888955,0.025806922485553975,0.03988058144326,APPROVE,25000000.0,POLICY_PASS,572.6292332734525,154.86227093394083,211.21766574355655,42.50909438236459,17.03067045934162,998.2489347926561
APP-42-010548,2025-03-15 12:00:00,26,14921860.0,31,588,0.1866,29950295.0,36,0,Salaried,Owned,Branch,0,0.08644252297883706,CASH_LOAN,0.975487805128947,370.0,1,0.04737825080290824,10553503.47876839,37,0,0.0,1,0.8989056196294246,0.038981217381385845,0.06500940173796718,APPROVE,29950295.0,POLICY_PASS,619.2592233168673,472.47299861530735,331.8479302845959,30.38609125223706,49.76614099033608,1503.7323844593434
APP-42-010549,2025-03-15 13:00:00,23,9940598.0,116,609,0.2836,31192401.0,36,1,Salaried,Mortgage,Mobile,0,0.08679676688349985,CASH_LOAN,0.8854795061822824,160.0,0,0.07914139669735248,4649052.926331325,48,1,0.0,2,0.8671969923618498,0.03287581160514291,0.05364689683009544,APPROVE,22788622.10304,POLICY_PASS,611.1212452535319,237.56691362635783,255.73143111102178,33.04373477065109,38.40527575824594,1175.8686005198088
APP-42-010550,2025-03-15 14:00:00,26,13883458.0,8,568,0.5614,141484351.0,12,1,Salaried,Mortgage,Partner,0,0.40252573612959675,BUSINESS_LOAN,0.9746083238805316,155.0,0,0.06765439235703015,8994932.737483008,49,0,40970471.96707765,0,,0.022087858057011973,0.33912154039106396,REVIEW,22533759.58189271,ENHANCED_DUE_DILIGENCE,606.2883343908461,248.7080793838053,252.7079435284171,41.123170719501324,33.91460313350706,1182.742131156077
APP-42-010551,2025-03-15 15:00:00,40,19203452.0,47,747,0.3956,38585757.0,9,1,Salaried,Rented,Mobile,0,0.05995992809322787,CASH_LOAN,0.9794757876505082,108.0,0,0.026464718088300598,6588010.088114104,49,0,0.0,0,,0.019182196122524427,0.04498501953905357,APPROVE,37141012.44416001,POLICY_PASS,691.184312369945,382.67439511770885,325.4308988061987,29.78211471907371,29.7227604657606,1458.7944814786867
APP-42-010552,2025-03-15 16:00:00,37,22483496.0,21,676,0.1729,42374823.0,6,4,Salaried,Family,Mobile,0,0.09181272594294466,BNPL,0.9666984334891039,389.0,0,0.006279632457091765,14274251.330545766,43,1,0.0,0,,0.019052987642755276,0.05635973851527651,APPROVE,25000000.0,POLICY_PASS,586.3449091364914,358.16899403135557,264.038809092094,41.39770610202559,31.194777129570546,1281.1451954915372
APP-42-010553,2025-03-15 17:00:00,42,34903714.0,57,618,0.6822,87910174.0,12,0,Salaried,Mortgage,Mobile,0,0.13761829763701658,BUSINESS_LOAN,0.9203497147484292,172.0,0,0.07325796719000541,4835138.532498107,46,1,121656965.7549602,0,,0.028039664475765606,0.08970268095385073,APPROVE,66911331.16522811,POLICY_PASS,736.8435874021229,320.61350862596737,287.4652034325024,36.43431581162128,41.44406267631612,1422.8006779485302
APP-42-010554,2025-03-15 18:00:00,32,20551011.0,34,606,0.3273,15332337.0,6,3,Salaried,Owned,Mobile,0,0.11277690686765192,CASH_LOAN,0.891144716302246,123.0,2,0.12239791169926122,10647157.446937095,58,1,0.0,0,,0.12178715726887585,0.07365283487413102,APPROVE,15332337.0,POLICY_PASS,527.4021061069487,294.2652514253411,189.38721493346947,32.945872379587364,35.28131012945407,1079.2817549748008
APP-42-010555,2025-03-15 19:00:00,27,13865634.0,22,569,0.0882,37446228.0,18,3,Salaried,Mortgage,Mobile,0,0.17279874938329728,CASH_LOAN,0.949611236889057,298.0,1,0.041607870841309506,7018383.953542832,40,0,0.0,0,,0.042552039585755486,0.1370850624233806,REVIEW,37446228.0,CREDIT_OR_AFFORDABILITY,761.1635310412413,392.3574148180079,249.5621048880067,16.58726391112697,42.513756576228424,1462.184071234611
APP-42-010556,2025-03-15 20:00:00,43,10322229.0,43,635,0.2274,40014981.0,24,1,Salaried,Owned,Mobile,0,0.08956316188648189,BNPL,0.8030932843142339,328.0,0,0.09374638395658323,6337248.579209664,36,0,0.0,3,0.7490302512047005,0.0477998550350148,0.07273749387543044,APPROVE,25000000.0,POLICY_PASS,785.3133502603316,272.622955758325,164.93876245504367,35.19191936708666,36.329156466754846,1294.3961443075416
APP-42-010557,2025-03-15 21:00:00,30,21164802.0,29,652,0.4061,56110894.0,18,1,Self-employed,Owned,Mobile,0,0.09256882519956683,CASH_LOAN,0.9265339421153209,232.0,0,0.02689423691149094,13378307.686846366,40,0,0.0,2,0.9566426883058696,0.023874974818188947,0.06726460228840649,APPROVE,40223282.90496,POLICY_PASS,579.9781934254203,451.3547223423524,162.33267548139366,37.69690002850268,58.74449059295465,1290.1069818706237
APP-42-010558,2025-03-15 22:00:00,37,16874740.0,30,476,0.4899,80370397.0,18,1,Self-employed,Family,Mobile,1,0.2663752516892845,CASH_LOAN,0.9923456546621123,758.0,0,0.06653832879770799,11359892.797347877,55,0,0.0,0,,0.020467507850462766,0.21447015277714285,REVIEW,27544975.5968,ENHANCED_DUE_DILIGENCE,746.1127988392291,376.2822318065202,157.62047216656404,36.941759725232096,36.256002562786264,1353.2132651003317
APP-42-010559,2025-03-15 23:00:00,21,17184319.0,73,571,0.5993,52069464.0,12,1,Self-employed,Rented,Partner,0,0.2805631376044087,CASH_LOAN,0.896937028786206,507.0,0,0.29815267994534045,3139078.2822488537,55,1,0.0,0,,0.0588186156207228,0.218734654474142,REVIEW,22034421.19456,ENHANCED_DUE_DILIGENCE,507.5565832232654,437.7413238126102,199.8308486583193,37.02927805573281,35.34547448159575,1217.5035082315237
APP-42-010560,2025-03-16 00:00:00,30,20796048.0,19,591,0.2242,55911235.0,6,0,Salaried,Owned,Mobile,0,0.0938933895140857,BUSINESS_LOAN,0.92462348221992,125.0,1,0.03176647886460995,4056392.5270704003,47,1,103136659.71520558,0,,0.04573318241338192,0.058295198100441134,APPROVE,55911235.0,POLICY_PASS,616.7144540656149,261.64920148395106,292.6622263383499,37.91248679708323,33.66240527974467,1242.6007739647437
APP-42-010561,2025-03-16 01:00:00,44,23951615.0,10,718,0.2638,21246500.0,24,1,Self-employed,Owned,Mobile,0,0.04437950009216415,CASH_LOAN,0.8309764254038225,205.0,0,0.038286413138378085,2773421.5464706016,42,1,0.0,2,0.8169139936451961,0.036430378365188,0.026858618951384822,APPROVE,21246500.0,POLICY_PASS,498.7634425135253,397.2911134100147,191.75125646076162,29.383816108454994,49.954464103428506,1167.1440925961851
APP-42-010562,2025-03-16 02:00:00,29,20878630.0,59,600,0.1366,9791830.0,12,1,Self-employed,Owned,Mobile,0,0.06446432031217421,CASH_LOAN,0.9626547202176345,121.0,0,0.06563643053900443,7979353.3525814535,45,0,0.0,1,0.8250173752738168,0.023061919247889393,0.04911235509148557,APPROVE,9791830.0,POLICY_PASS,560.6242132834946,442.6726584962181,320.0335455292206,37.19037844646251,41.26490572584969,1401.7857014812455
APP-42-010563,2025-03-16 03:00:00,42,16388614.0,47,511,0.2988,46494563.0,6,0,Salaried,Mortgage,Partner,0,0.1790749608740076,BNPL,0.9304605013159294,199.0,0,0.054892362920483787,6120793.661130481,45,0,0.0,0,,0.025499727897093195,0.14228277318890112,REVIEW,25000000.0,CREDIT_OR_AFFORDABILITY,314.9134319187887,283.02704705593067,129.6858650194203,16.770685494055485,46.76365209465776,791.1606815828529
APP-42-010564,2025-03-16 04:00:00,20,11583849.0,33,561,0.6224,30904823.0,36,1,Self-employed,Rented,Partner,1,0.2905143715895831,CASH_LOAN,0.9143036660460853,390.0,0,0.11502560212720433,2411699.532533781,55,0,0.0,0,,0.03245213723002452,0.2420234196059205,REVIEW,13996996.423680002,ENHANCED_DUE_DILIGENCE,514.7444110452396,274.0411500087036,199.4946430660707,22.32998003179955,34.453739266011226,1045.0639234178248
APP-42-010565,2025-03-16 05:00:00,30,12849953.0,73,764,0.6481,45816523.0,12,1,Salaried,Family,Mobile,0,0.07638299733180835,BNPL,0.7842422626930873,217.0,0,0.038376783301609825,3335594.5759008783,50,1,0.0,2,0.7437333479899239,0.043994999943622944,0.04711625812183739,APPROVE,14470075.074239999,POLICY_PASS,715.9520587244939,264.27518154759497,64.00450550783788,40.41694435926956,48.16868139040173,1132.817371529598
APP-42-010566,2025-03-16 06:00:00,33,28700503.0,121,613,0.677,72706687.0,12,1,Salaried,Mortgage,Mobile,0,0.15329724940314854,BNPL,0.9229624073200154,354.0,0,0.15648764257047082,10609817.455742326,48,1,0.0,0,,0.03533253677972211,0.10596793299991929,REVIEW,25000000.0,CREDIT_OR_AFFORDABILITY,374.95330325191844,125.3635402569339,97.4236656063432,18.46295842766341,24.814323868280088,641.0177914111391
APP-42-010567,2025-03-16 07:00:00,51,14259157.0,51,565,0.2138,23212368.0,24,1,Salaried,Rented,Partner,0,0.11048339799540685,BNPL,0.9747066089530292,438.0,0,0.04123429614294656,1412146.8662792067,45,1,0.0,0,,0.020430889016542306,0.06979210667004371,APPROVE,23212368.0,POLICY_PASS,277.03825119556006,370.2728837532732,198.41486422681882,27.80439226293816,61.72730200616692,935.2576934447573
APP-42-010568,2025-03-16 08:00:00,24,8585272.0,52,520,0.3753,134512808.0,12,0,Salaried,Owned,Mobile,0,0.30291040015491344,CASH_LOAN,0.9554635362502867,328.0,1,0.013815880271073326,2471135.977198033,43,1,0.0,1,0.7945966772736944,0.03836463711057814,0.2030250312338036,REVIEW,17162302.13888,ENHANCED_DUE_DILIGENCE,706.667663595301,385.07373882540037,345.361664000553,52.345437841633085,40.49546759219678,1529.9439718550843
APP-42-010569,2025-03-16 09:00:00,41,34060482.0,25,642,0.5228,79721184.0,36,1,Salaried,Rented,Partner,1,0.13450786689279498,CASH_LOAN,0.9732292231387385,60.0,0,0.24528045364847126,8191363.038710748,41,1,0.0,3,0.8610883446484517,0.03726508135444656,0.09638596116647806,APPROVE,52011718.43328,POLICY_PASS,544.4409087268809,445.82933336099524,258.89967433724996,34.95801493889983,41.73501996349548,1325.8629513275214
APP-42-010570,2025-03-16 10:00:00,45,10719490.0,20,649,0.5169,49311771.0,18,1,Salaried,Family,Mobile,0,0.11653075338977355,BNPL,0.928279975134376,251.0,0,0.09195946236876086,6122217.965704903,48,1,0.0,0,,0.028667702014682373,0.07601735145259479,APPROVE,16571473.980800001,POLICY_PASS,519.2027676230399,291.61261332943013,298.40007712259256,26.522338207155375,38.00669594241343,1173.7444922246314
APP-42-010571,2025-03-16 11:00:00,29,18352351.0,48,672,0.2696,68645086.0,18,0,Self-employed,Owned,Mobile,0,0.08011133184536547,BNPL,0.8832564108117098,199.0,1,0.052810238196600655,2530208.7678289507,49,0,0.0,0,,0.057256870154696216,0.06155878436699982,APPROVE,25000000.0,POLICY_PASS,456.1198875859553,355.64135545889,173.7035522071286,30.52621642279758,59.04884914993988,1075.0398608247115
APP-42-010572,2025-03-16 12:00:00,32,23582654.0,16,836,0.3271,37210949.0,12,2,Salaried,Owned,Branch,0,0.04672966363373203,BNPL,0.9575579682856867,298.0,0,0.0360958418883107,2130813.269507264,44,1,0.0,1,0.8101044148046709,0.02159512565662827,0.028209572069625925,APPROVE,25000000.0,POLICY_PASS,664.6989661851933,419.3758539128565,262.1794122568569,15.562888324620037,41.9690560693375,1403.7861767488641
APP-42-010573,2025-03-16 13:00:00,36,18031890.0,14,551,0.2919,36821270.0,18,1,Self-employed,Owned,Branch,0,0.14430269757664627,BNPL,0.9577507805072418,75.0,0,0.059924473370372155,4835710.851905884,36,1,0.0,0,,0.023140017319303388,0.09517190608529878,APPROVE,25000000.0,POLICY_PASS,945.0838376494644,256.89078377603954,157.2565746108491,18.911313514501778,44.5960264014016,1422.7385359522564
APP-42-010574,2025-03-16 14:00:00,22,4606166.0,65,613,0.1678,15416787.0,12,1,Salaried,Rented,Branch,0,0.07937518796083931,CASH_LOAN,0.9029636568099578,542.0,0,0.09033083047373659,1186377.660514548,43,1,0.0,1,0.5958527966456278,0.03163163385591933,0.053764683601644075,APPROVE,12266404.304640003,POLICY_PASS,706.2685947150908,403.1037670546647,226.17635801601386,40.44826305388723,40.702916137990336,1416.699898977647
APP-42-010575,2025-03-16 15:00:00,31,22312346.0,20,661,0.2013,11572427.0,9,1,Salaried,Family,Branch,0,0.04016624314755162,BNPL,0.9627411446127934,31.0,0,0.3404473108257253,2840729.1229418884,55,1,0.0,2,0.8381205899345171,0.05106839683191736,0.02931695793024071,APPROVE,11572427.0,POLICY_PASS,790.973688985061,292.5312954601453,215.79382504724592,30.068310088230835,26.69788410237846,1356.0650036830618
APP-42-010576,2025-03-16 16:00:00,46,37334825.0,66,608,0.3508,52001893.0,9,0,Salaried,Owned,Branch,0,0.04798097262570369,CASH_LOAN,0.9366602813992294,151.0,0,0.12517900852900138,11256174.876694845,52,1,0.0,1,0.9606861916248233,0.030518268602963666,0.029139105516873348,APPROVE,52001893.0,POLICY_PASS,744.3053010441116,215.32655030393107,81.48638123627296,41.32464124758861,47.94575796698536,1130.3886317988897
APP-42-010577,2025-03-16 17:00:00,40,27742471.0,97,491,0.2293,18107795.0,24,2,Self-employed,Owned,Mobile,0,0.09169738537517984,BNPL,0.9455756839155001,182.0,0,0.022673439918489437,8513116.779357515,39,0,0.0,0,,0.021808672880076676,0.07049708032745675,APPROVE,18107795.0,POLICY_PASS,505.627293093817,243.31199447421812,175.26184376299415,16.12252724838213,48.551721758901806,988.8753803383131
APP-42-010578,2025-03-16 18:00:00,34,5596688.0,62,677,0.5373,86308186.0,12,1,Salaried,Rented,Mobile,1,0.20969468490677048,BNPL,0.7414661759900386,276.0,0,0.06041071345789678,3029536.5404577996,50,0,0.0,1,0.8163314264852151,0.05557064473572964,0.16432986955135123,REVIEW,8286680.12032,CREDIT_OR_AFFORDABILITY,742.5935804735434,421.4395357887925,220.81343470044254,30.30096442119579,55.35059170763539,1470.4981070916097
APP-42-010579,2025-03-16 19:00:00,36,57994961.0,18,595,0.1023,46489244.0,12,0,Salaried,Family,Partner,0,0.043556519085284566,CASH_LOAN,0.9528858642891483,588.0,1,0.11259241504642593,23250585.279711958,37,1,0.0,2,0.940574818793125,0.05144905594753672,0.027096233301186844,APPROVE,46489244.0,POLICY_PASS,687.1131946839675,342.15894857408875,373.67511836646696,36.844627206187724,36.994649085889435,1476.7865379166003
APP-42-010580,2025-03-16 20:00:00,40,8681145.0,145,563,0.2212,37758515.0,12,1,Salaried,Rented,Mobile,0,0.12336483491059921,CASH_LOAN,0.9500678528777277,219.0,0,0.07423034202465374,6396734.986148963,43,0,0.0,0,,0.024901900474178045,0.09829874135328444,APPROVE,21634802.323200002,POLICY_PASS,789.1175365760364,305.3484930754952,430.64822879892444,34.00326027097307,24.056329259710026,1583.1738479811393
APP-42-010581,2025-03-16 21:00:00,42,9946702.0,54,576,0.176,34280505.0,12,1,Salaried,Rented,Mobile,0,0.12705204359798994,CASH_LOAN,0.9055507323270151,466.0,1,0.047669416881079806,1008118.2806022537,47,1,0.0,0,,0.05164650335208553,0.08087427863232038,APPROVE,26227463.833600003,POLICY_PASS,497.1628876375525,138.09942238542627,286.31175503770226,36.37852499321596,66.96402852830232,1024.9166185821994
APP-42-010582,2025-03-16 22:00:00,30,27671540.0,51,752,0.5341,13953988.0,18,2,Self-employed,Owned,Branch,0,0.059750020395148686,CASH_LOAN,0.9358420251503743,355.0,0,0.0494327492377836,15667369.438239612,43,1,0.0,0,,0.024548773708497333,0.03733042043879322,APPROVE,13953988.0,POLICY_PASS,724.2485564902782,353.3166959706358,250.7463912606058,35.869965764936886,59.67159866062966,1423.8532081470864
APP-42-010583,2025-03-16 23:00:00,49,23090807.0,46,734,0.4559,74625865.0,24,1,Salaried,Owned,Mobile,0,0.0735637418674264,CASH_LOAN,0.8448591546943325,168.0,0,0.07691342651544564,7011717.057209652,40,1,0.0,0,,0.03850622514971436,0.04740293285388262,APPROVE,40203865.88384,POLICY_PASS,495.2533970940138,473.9838297716723,341.6123856720507,28.75941986962312,27.564476611686622,1367.1735090190466
APP-42-010584,2025-03-17 00:00:00,47,18813149.0,33,561,0.5287,77097448.0,24,1,Contract,Rented,Partner,0,0.33519524404368123,CASH_LOAN,0.930932681325416,136.0,0,0.1299802389607318,6737480.068791748,32,0,0.0,1,0.7952395943725906,0.031676947828212954,0.29113729196428817,REVIEW,28373238.795840003,ENHANCED_DUE_DILIGENCE,792.3930719870349,92.50385915244775,352.18884388260267,38.44392973229484,40.47678433018952,1316.0064890845697
APP-42-010585,2025-03-17 01:00:00,41,13160216.0,26,515,0.2036,24474849.0,9,0,Salaried,Rented,Mobile,0,0.13824802421752028,BNPL,0.9163145311562465,376.0,1,0.039862867770676234,5840155.568436985,45,1,0.0,0,,0.04838676191622265,0.08826377086256167,APPROVE,24474849.0,POLICY_PASS,630.5218859724881,290.43834257926505,179.36388795453664,41.923082375333706,44.40429679354197,1186.6514956751655
APP-42-010586,2025-03-17 02:00:00,27,37425151.0,8,705,0.0822,75655058.0,24,1,Salaried,Family,Partner,0,0.03868102232406215,CASH_LOAN,0.9741131509761943,225.0,1,0.009780194126453003,26286693.600167166,35,1,0.0,1,0.8722975305207699,0.03516402222251607,0.022813806948885434,APPROVE,70000000.0,POLICY_PASS,581.6587695989582,346.6966390024694,230.33685186070983,29.473718563234964,29.811804420391862,1217.9777834457643
APP-42-010587,2025-03-17 03:00:00,26,17614854.0,21,788,0.4467,22964611.0,18,0,Contract,Family,Mobile,0,0.05452398615649268,CASH_LOAN,0.8882508173919588,197.0,0,0.02975205697137176,7788728.377072604,61,0,0.0,0,,0.02815702777806964,0.04001229256935984,APPROVE,22964611.0,POLICY_PASS,621.5940461999938,182.12688994160249,231.96937273094093,31.192145875672534,52.024201305534625,1118.9066560537447
APP-42-010588,2025-03-17 04:00:00,32,7607788.0,44,808,0.2061,19655029.0,36,3,Salaried,Rented,Mobile,0,0.06471733957126936,BNPL,0.827172099364663,205.0,0,0.02617401199425579,5127560.961309213,60,1,0.0,0,,0.03572241707198462,0.0385610221478413,APPROVE,19327433.258240003,POLICY_PASS,725.9658897865452,209.75481606535823,248.56647475550537,30.125520586006708,37.8288317763637,1252.2415329697792
APP-42-010589,2025-03-17 05:00:00,36,35450478.0,64,538,0.1519,127685490.0,6,1,Salaried,Rented,Partner,0,0.18155896819042888,BUSINESS_LOAN,0.7429033233126207,293.0,3,0.14583936024099767,11411113.872635264,49,1,120691708.88997136,1,0.9469267116120424,0.3469040386182839,0.11935846857824278,REVIEW,66380439.88948426,ENHANCED_DUE_DILIGENCE,598.0491270693291,345.8833379713138,352.32727191693016,23.236907602732373,45.872807993023436,1365.3694525533288
APP-42-010590,2025-03-17 06:00:00,20,20307261.0,28,738,0.2323,17029901.0,24,0,Salaried,Rented,Mobile,1,0.03160336322451878,BUSINESS_LOAN,0.8803246014337597,58.0,2,0.03191773828138798,8483685.551829208,43,1,104409135.50361712,0,,0.09960599375684882,0.019275818014362817,APPROVE,17029901.0,POLICY_PASS,349.8981554664227,472.2009535072622,258.90465484551976,32.44339266787143,38.56903147982097,1152.0161879668972
APP-42-010591,2025-03-17 07:00:00,39,33235728.0,60,640,0.6045,16486443.0,12,2,Contract,Owned,Branch,0,0.10754438571150544,CASH_LOAN,0.9000320270536846,261.0,1,0.05020481291051783,8952881.973609509,44,0,0.0,1,0.8591119879853109,0.053175294333934135,0.0813493463089809,APPROVE,16486443.0,POLICY_PASS,533.3240224311718,441.1258074452442,253.2064294823117,30.964236832476065,64.64003063758375,1323.2605268287875
APP-42-010592,2025-03-17 08:00:00,47,24662244.0,42,501,0.1515,31675881.0,12,4,Salaried,Rented,Mobile,0,0.2387490637002037,CASH_LOAN,0.8739979175956191,93.0,0,0.05393432780242272,11363180.206999097,43,0,0.0,2,0.9682579121451775,0.03201573688390042,0.1830861823604781,REVIEW,31675881.0,CREDIT_OR_AFFORDABILITY,920.8444978254829,181.1874683325897,249.00565957850228,27.854427486745827,46.61319379554926,1425.50524701887
APP-42-010593,2025-03-17 09:00:00,40,67071839.0,48,578,0.1412,76400165.0,12,1,Contract,Owned,Mobile,0,0.08300557919745792,BNPL,0.9558722222255833,218.0,0,0.10202778110176222,25383472.84418668,53,1,0.0,1,0.931631640665514,0.026375761080172918,0.05063442716971849,APPROVE,25000000.0,POLICY_PASS,669.1126517438616,365.94786304130275,329.3026865025719,21.79458222858771,26.45620055756475,1412.6139840738883
APP-42-010594,2025-03-17 10:00:00,29,15178624.0,83,583,0.3676,41350337.0,36,3,Salaried,Owned,Partner,0,0.21033532287630002,CASH_LOAN,0.9704025314614463,528.0,0,0.07389550417037852,7939042.668154666,49,1,0.0,1,0.7259975263110191,0.022887651272765333,0.14145189803325464,REVIEW,30716677.816320002,CREDIT_OR_AFFORDABILITY,586.8901710199202,378.17807600155743,272.89570706226203,39.01412337610646,38.23704918961708,1315.2151266494632
APP-42-010595,2025-03-17 11:00:00,28,18160030.0,60,674,0.2677,106821722.0,36,1,Salaried,Rented,Mobile,0,0.07864557200592837,CASH_LOAN,0.8852578268977717,359.0,0,0.11111027017898849,4289613.893633593,31,1,0.0,0,,0.036098003657507066,0.05292207831664768,APPROVE,42555487.9008,POLICY_PASS,873.9690027012689,246.76736398467173,267.9755508405816,41.489653578823635,54.738523263070064,1484.9400943684157
APP-42-010596,2025-03-17 12:00:00,38,26743157.0,67,542,0.0335,120267053.0,18,1,Salaried,Rented,Mobile,1,0.16790564332045296,CASH_LOAN,0.9411894662592716,295.0,0,0.03755431538708017,14918711.217421418,41,1,0.0,0,,0.02319539630144414,0.10915729755663753,APPROVE,70000000.0,POLICY_PASS,586.4987524631821,304.7993797273479,307.8833739765483,15.705454819939362,17.7986768228349,1232.6856378098526
APP-42-010597,2025-03-17 13:00:00,34,15230287.0,153,708,0.2964,52017662.0,18,1,Contract,Family,Partner,0,0.06906581288805046,CASH_LOAN,0.9259948769762147,472.0,0,0.1671373827695963,4075778.993734814,39,0,0.0,0,,0.03599326876431895,0.05848193197521448,APPROVE,34291295.786240004,POLICY_PASS,435.1822439035635,382.1955209885756,284.46634381961013,29.57966332009215,30.965772322110844,1162.389544353952
APP-42-010598,2025-03-17 14:00:00,39,27989306.0,28,674,0.4687,39292963.0,12,1,Salaried,Mortgage,Mobile,0,0.06554543899665963,BNPL,0.9526305695578187,679.0,0,0.05787238592918883,12334553.551084802,39,1,0.0,0,,0.02348951733637599,0.0416139555440697,APPROVE,25000000.0,POLICY_PASS,622.1963877776403,425.522740493783,226.7838928751966,31.940935228791002,49.540108842465955,1355.984065217877
APP-42-010599,2025-03-17 15:00:00,40,3558342.0,79,713,0.7388,96726094.0,12,0,Salaried,Rented,Mobile,0,0.20273480563174892,BNPL,0.9368949988710893,106.0,1,0.07999841571742031,1844723.6560202069,44,1,0.0,0,,0.04997507936083773,0.13678070654013594,REVIEW,2974204.57728,CREDIT_OR_AFFORDABILITY,699.3100354280946,224.77854349750697,269.3300873086908,25.513600784384955,44.6541171916818,1263.586384210359
APP-42-010600,2025-03-17 16:00:00,45,17293677.0,66,592,0.1292,111329499.0,36,1,Salaried,Rented,Partner,1,0.13811380835172374,BNPL,0.9894697012306636,135.0,2,0.1570541506627726,8977496.934339764,46,1,0.0,1,0.9361149006454427,0.09240557540316187,0.0906199226992869,APPROVE,25000000.0,POLICY_PASS,821.3599230367024,387.0694946639007,181.99430332510966,49.750400401741715,55.45931120366321,1495.6334326311178
APP-42-010601,2025-03-17 17:00:00,25,17008716.0,66,669,0.538,24427220.0,12,1,Salaried,Owned,Mobile,1,0.08351124952870635,CASH_LOAN,0.8295196792756536,645.0,0,0.10384882904485068,12400149.30994223,64,1,0.0,1,0.8146675264767825,0.044258663690436795,0.0516574142462273,APPROVE,24427220.0,POLICY_PASS,394.06970101704053,244.91024955848755,163.4846920564215,35.77943680510805,40.78723628838076,879.0313157254384
APP-42-010602,2025-03-17 18:00:00,37,16673213.0,56,565,0.1149,102767634.0,12,0,Salaried,Mortgage,Mobile,0,0.12650389277694443,BNPL,0.9410356453421587,100.0,0,0.02650749343624744,1817863.5172203598,41,1,0.0,1,0.9439318157828909,0.02247045392643367,0.07603155163370139,APPROVE,25000000.0,POLICY_PASS,770.6159921484029,312.8767907952279,246.75450641557876,42.25958447345996,47.40695443372485,1419.9138282663944
APP-42-010603,2025-03-17 19:00:00,32,11112404.0,63,689,0.2659,39823815.0,24,0,Salaried,Family,Mobile,0,0.05339423138843604,BUSINESS_LOAN,0.8973047802478178,16.0,1,0.031647393635884986,2866652.324915268,47,0,48097133.073985465,0,,0.05099251173100157,0.04029322507184741,APPROVE,26453423.190692008,POLICY_PASS,558.2240690949639,248.57899336689633,157.7356709221632,23.76089017158643,60.03345636330392,1048.3330799189139
APP-42-010604,2025-03-17 20:00:00,34,29628577.0,43,623,0.1744,50933152.0,18,1,Salaried,Family,Mobile,0,0.04881393238590787,CASH_LOAN,0.9097021886590562,89.0,0,0.04535717306252832,12210088.172916006,38,0,0.0,0,,0.026996572975658578,0.03780862746322283,APPROVE,50933152.0,POLICY_PASS,509.81523036267276,397.9037826537327,201.85480307491048,44.72158304921189,61.3728871093161,1215.668286249844
APP-42-010605,2025-03-17 21:00:00,43,13638915.0,51,630,0.0988,102062827.0,6,0,Salaried,Family,Partner,0,0.1230071434716433,CASH_LOAN,0.9421113414335669,165.0,1,0.032137593199742444,3290730.43720721,39,1,0.0,1,0.9606798666459073,0.04267805652874693,0.07403097607391185,APPROVE,39332448.633600004,POLICY_PASS,497.1097744255795,333.41346105707765,384.34639466945566,37.62510403559128,54.6795290311164,1307.1742632188202
APP-42-010606,2025-03-17 22:00:00,44,20096038.0,90,638,0.3443,32538470.0,18,1,Contract,Rented,Branch,0,0.1064097599409679,BNPL,0.6797056020067946,679.0,0,0.015985391950077508,11425422.56810851,44,0,0.0,1,0.8563388880539317,0.06257286276517232,0.078647805062249,APPROVE,25000000.0,POLICY_PASS,802.3878219877686,383.9542259152593,147.662715576577,39.86147458764251,33.53341399626042,1407.3996520635078
APP-42-010607,2025-03-17 23:00:00,48,17635815.0,35,515,0.6224,111788344.0,12,2,Contract,Rented,Branch,1,0.46190311248996635,CASH_LOAN,0.8676333388116827,386.0,0,0.0031683694263747878,3978903.477486928,42,1,0.0,0,,0.02834486892111313,0.3364159460649309,REVIEW,21309707.980800003,ENHANCED_DUE_DILIGENCE,801.312038473977,271.75359657721754,218.83030064739214,28.49027824158299,30.2334970042165,1350.619710944386
APP-42-010608,2025-03-18 00:00:00,39,23702300.0,38,726,0.3919,24565534.0,36,0,Salaried,Rented,Mobile,0,0.03648873130277636,CASH_LOAN,0.9486115507568514,481.0,0,0.08836496507221787,6125055.887330347,45,1,0.0,2,0.9469151745303123,0.026107619008922972,0.021851722279957728,APPROVE,24565534.0,POLICY_PASS,723.9761475852694,361.9504318721097,354.97324254318005,29.080185436178812,46.764387100965955,1516.7443945377038
APP-42-010609,2025-03-18 01:00:00,34,39543455.0,64,646,0.0942,56294270.0,36,3,Salaried,Rented,Partner,0,0.07220641802435777,CASH_LOAN,0.9108258526969722,493.0,0,0.010819553259900775,18254431.05980417,37,0,0.0,0,,0.024292150785748742,0.05498368559235954,APPROVE,56294270.0,POLICY_PASS,533.0269222028782,348.2569117520903,92.60679892878508,27.781019093939264,62.1346406179321,1063.8062925956249
APP-42-010610,2025-03-18 02:00:00,33,20038970.0,61,726,0.5139,20843825.0,24,2,Salaried,Owned,Mobile,0,0.058150907629106824,CASH_LOAN,0.9123256607744591,75.0,0,0.0142414125490837,2936926.245971227,50,1,0.0,1,0.7795893989510022,0.024386339781388607,0.0346230388367818,APPROVE,20843825.0,POLICY_PASS,386.9603357882361,253.83070343686092,118.28951027328728,25.835645075609644,53.01960109811724,837.9357956721111
APP-42-010611,2025-03-18 03:00:00,20,28592376.0,42,721,0.3898,41685314.0,36,0,Salaried,Mortgage,Mobile,0,0.032753821262347736,BNPL,0.9331913401233575,320.0,0,0.14363988711893205,9592283.950662907,53,1,0.0,1,0.9361609529930995,0.03265731410064416,0.020142961131636383,APPROVE,25000000.0,POLICY_PASS,366.03462695218934,394.02704334996963,276.89072903577267,13.310405496878587,59.0757075740526,1109.3385124088627
APP-42-010612,2025-03-18 04:00:00,47,19492901.0,65,581,0.2364,107086199.0,18,4,Salaried,Family,Mobile,0,0.18488030615294204,CASH_LOAN,0.9418166590840863,525.0,1,0.028453125818208816,4359705.718441253,47,1,0.0,0,,0.04227881391147663,0.11906791395497353,APPROVE,47631293.45152,POLICY_PASS,466.26374334714683,297.23658851001034,302.51678164494706,38.40757461621533,31.758520479127142,1136.1832085974465
APP-42-010613,2025-03-18 05:00:00,32,13627193.0,65,621,0.2535,16503532.0,36,1,Self-employed,Mortgage,Branch,0,0.0741924989445682,BNPL,0.8261991506063714,119.0,0,0.04607572838792594,8697701.942985304,46,0,0.0,0,,0.03798607620702762,0.05697681264728574,APPROVE,16503532.0,POLICY_PASS,646.8616966485266,292.9552616508948,231.55217499391077,42.489961319007364,44.888259397964916,1258.7473540103044
APP-42-010614,2025-03-18 06:00:00,40,16651747.0,140,528,0.2112,19001551.0,9,1,Self-employed,Rented,Partner,0,0.1530115600647524,CASH_LOAN,0.9357577809667798,201.0,0,0.09442404275649431,7684187.891632139,48,1,0.0,0,,0.02800655279228847,0.10143730669179526,APPROVE,19001551.0,POLICY_PASS,755.3566189263909,275.06278139390076,159.0255672288493,37.2363395385204,47.241516936145224,1273.9228240238065
APP-42-010615,2025-03-18 07:00:00,41,15400861.0,165,728,0.3669,104202046.0,24,2,Salaried,Rented,Mobile,0,0.1061941299757041,BUSINESS_LOAN,0.9360697952305004,143.0,1,0.23321363255431374,1613358.3131926784,49,1,90937426.91275112,0,,0.07714023838569574,0.07597677216070396,APPROVE,50015584.80201312,POLICY_PASS,841.6239911724676,285.5026275415648,245.10676908991547,34.692707417903215,46.786760582612864,1453.7128558044642
APP-42-010616,2025-03-18 08:00:00,24,24602817.0,180,663,0.1597,38868860.0,12,1,Salaried,Mortgage,Mobile,0,0.04451147203742119,CASH_LOAN,0.8085118251308159,174.0,2,0.1670470808414838,3944946.760766988,47,1,0.0,1,0.82325623843403,0.1832310356512722,0.02925062557248243,APPROVE,38868860.0,POLICY_PASS,595.4811607531768,349.15854950416747,207.8882762767733,8.09757758885197,48.03792493422229,1208.6634890571918
APP-42-010617,2025-03-18 09:00:00,27,19087437.0,64,654,0.4534,45596097.0,12,1,Salaried,Owned,Mobile,0,0.09667157817773665,CASH_LOAN,0.8523394976430095,364.0,3,0.027990405161632162,9852068.80025079,44,1,0.0,1,0.5214008096636893,0.190640355574959,0.06427239530705371,APPROVE,33386217.805439997,POLICY_PASS,708.034356944459,405.07652141584913,382.84994366357455,26.249418575957087,28.099828012686036,1550.3100686125258
APP-42-010618,2025-03-18 10:00:00,49,11629282.0,83,620,0.3481,88856259.0,12,2,Salaried,Owned,Partner,0,0.1931119543587495,CASH_LOAN,0.8582924736778431,75.0,0,0.09740011943984872,5930524.4986877935,38,1,0.0,0,,0.038693263369863416,0.1326343259169709,REVIEW,24259612.594559997,CREDIT_OR_AFFORDABILITY,415.42604228708853,385.14725715061655,240.0315941222537,27.273965759200543,40.11988081159877,1107.998740130758
APP-42-010619,2025-03-18 11:00:00,38,15931408.0,63,570,0.2006,85132730.0,18,0,Salaried,Rented,Mobile,0,0.15072485259047155,BNPL,0.9606049280508168,377.0,0,0.008957535957947748,4742363.211404559,51,1,0.0,2,0.9152235877011096,0.019691734687684728,0.08957982178765499,APPROVE,25000000.0,POLICY_PASS,425.5270096838276,418.562751711007,183.81907158125205,24.327271473799694,40.40900782345086,1092.6451122733372
APP-42-010620,2025-03-18 12:00:00,30,7776587.0,48,732,0.2644,23760428.0,9,3,Salaried,Rented,Mobile,0,0.08123240477642803,BNPL,0.9346942671383157,99.0,0,0.06987330168626787,4090552.908118713,40,0,0.0,0,,0.026183434450737262,0.06426519080798826,APPROVE,18305463.671040002,POLICY_PASS,673.1816283197937,189.95619945503176,287.80596989439573,38.34442213878432,60.26485625185424,1249.5530760598597
APP-42-010621,2025-03-18 13:00:00,34,16262145.0,67,784,0.4735,51939078.0,6,2,Salaried,Rented,Mobile,0,0.11329854739737324,CASH_LOAN,0.9348517176379794,363.0,0,0.10100273909343603,10314931.159830675,42,1,0.0,1,0.9025649558635231,0.028654575931267568,0.07199105945108247,APPROVE,27398461.895999998,POLICY_PASS,443.32092340608597,238.64985278060402,297.7141879436796,32.73613971405028,29.881105524920248,1042.30220936934
APP-42-010622,2025-03-18 14:00:00,45,18012933.0,48,735,0.5629,57581592.0,24,1,Salaried,Rented,Mobile,1,0.10161630157942408,CASH_LOAN,0.8078541753983123,460.0,1,0.0503525410182148,7762472.714310397,40,1,0.0,1,0.7859654267418432,0.07642586308882547,0.06431906135153913,APPROVE,25195049.645760003,POLICY_PASS,715.9636429727091,363.9514521749941,243.14776575574987,25.81918714414192,49.47355242614553,1398.3556004737404
APP-42-010623,2025-03-18 15:00:00,43,48667832.0,53,628,0.5412,49218805.0,9,2,Self-employed,Family,Mobile,0,0.1437524253665964,CASH_LOAN,0.9622503766777408,211.0,1,0.13838557292114753,22622477.202912208,34,0,0.0,1,0.9305119886179988,0.053337910469650814,0.11631163010957703,APPROVE,49218805.0,POLICY_PASS,431.6538167363119,326.2257102061068,287.5510038562167,26.853469067557572,40.72677492564476,1113.0107747918378
APP-42-010624,2025-03-18 16:00:00,22,37789088.0,51,668,0.1466,34423467.0,9,1,Contract,Owned,Mobile,0,0.037246923384594906,BNPL,0.9746412879014837,125.0,1,0.04453234567622454,11008734.107384002,49,0,0.0,1,0.9595392681259319,0.03879499855226844,0.026475836941332084,APPROVE,25000000.0,POLICY_PASS,485.4159383013715,354.9167058678598,251.60871951079665,31.692247741261294,51.882653724308724,1175.516265145598
APP-42-010625,2025-03-18 17:00:00,50,10192282.0,51,717,0.2629,69049522.0,18,2,Salaried,Rented,Partner,0,0.1584141266328932,CASH_LOAN,0.9214856344164782,157.0,2,0.001880307350498934,5803822.567402526,49,1,0.0,0,,0.07837750468349562,0.09870783322795929,APPROVE,24040739.39904,POLICY_PASS,819.8040115852092,267.1320872165145,226.5548912710829,16.147450346894974,47.10414947264448,1376.7425898923461
APP-42-010626,2025-03-18 18:00:00,44,20112569.0,35,647,0.1194,37501824.0,18,0,Salaried,Owned,Branch,0,0.050598645186202135,CASH_LOAN,0.9478807404227324,332.0,0,0.0006468419397467969,2837771.7166804075,44,1,0.0,1,0.8905607494713904,0.020249683745302612,0.0291253079151057,APPROVE,37501824.0,POLICY_PASS,939.5884736682115,514.6632561030879,233.83665657233428,29.411711820463733,45.526118110594716,1763.0262162746922
APP-42-010627,2025-03-18 19:00:00,34,20307544.0,79,780,0.5009,59555227.0,12,0,Self-employed,Rented,Mobile,0,0.07999187243207695,CASH_LOAN,0.9249490412210253,114.0,0,0.09024393781456524,4448148.536487261,33,1,0.0,0,,0.02891498179883312,0.05286127630797781,APPROVE,32433584.67328,POLICY_PASS,462.7000860192917,222.68072575694376,146.60328722923893,31.83587735399134,59.64526752775866,923.4652438872243
APP-42-010628,2025-03-18 20:00:00,24,15857320.0,66,730,0.2664,53114458.0,12,1,Salaried,Rented,Mobile,0,0.048704775808777946,BNPL,0.804455667599778,268.0,0,0.09333316264092997,3773168.1264246893,45,1,0.0,3,0.9590528799773891,0.047483989894537004,0.029318964888301186,APPROVE,25000000.0,POLICY_PASS,561.243943845657,282.33819666121707,71.04790920522049,29.93645054200679,59.200141288023254,1003.7666415421247
APP-42-010629,2025-03-18 21:00:00,44,16423169.0,35,841,0.1661,71781829.0,12,3,Salaried,Mortgage,Mobile,0,0.0951028585211549,CASH_LOAN,0.8542374212193996,159.0,1,0.07073611668034493,11420933.309032852,53,0,0.0,2,0.897712457678977,0.06750961432098197,0.07075666471160356,APPROVE,43824898.01312,POLICY_PASS,536.9873909979909,427.13275550930433,294.58746517577026,45.65256360862104,45.000392954594865,1349.3605682462812
APP-42-010630,2025-03-18 22:00:00,39,14815877.0,50,654,0.4439,17932984.0,18,3,Salaried,Rented,Branch,0,0.1753017216242883,CASH_LOAN,0.9195061132935265,509.0,1,0.14785221390701345,9809320.209669296,38,1,0.0,0,,0.06486582996727959,0.12361649201898041,REVIEW,17932984.0,CREDIT_OR_AFFORDABILITY,675.1095377319319,329.3575041716926,270.84922092112845,29.238357740983336,56.14871993147481,1360.7033404972108
APP-42-010631,2025-03-18 23:00:00,22,50418664.0,27,466,0.5262,61314239.0,9,0,Salaried,Owned,Mobile,0,0.15209203150339756,BUSINESS_LOAN,0.7805316265684615,45.0,1,0.12330706264218409,16258704.479987092,55,1,326017404.6352486,1,0.8304174362772587,0.10355708178787335,0.09930853640565185,APPROVE,61314239.0,POLICY_PASS,502.0768549570422,311.50981541416525,354.4190631937991,20.53969592299871,39.23337683048026,1227.7788063184855
APP-42-010632,2025-03-19 00:00:00,33,14317326.0,58,645,0.2982,143812456.0,36,1,Salaried,Owned,Mobile,0,0.14346184989137062,BUSINESS_LOAN,0.913959993920901,172.0,0,0.1257508740624517,6488033.064855682,35,0,68750464.18799748,1,0.8147721423996798,0.033524502657987267,0.11847533357311267,APPROVE,37812755.30339862,POLICY_PASS,606.7439750438298,329.2006192454792,208.72321273964167,39.0286985092543,37.05691860721674,1220.7534241454216
APP-42-010633,2025-03-19 01:00:00,63,21712479.0,89,613,0.3901,114232747.0,12,4,Salaried,Family,Mobile,0,0.1995975392392771,BNPL,0.9397862854333685,24.0,1,0.016041682313881343,8808967.763856936,53,1,0.0,1,0.7459407187895144,0.041131592300564734,0.12713153717073672,REVIEW,25000000.0,CREDIT_OR_AFFORDABILITY,592.3759007004178,335.81584326428873,198.9474167854271,32.10309250598195,54.891525668450825,1214.1337789245665
APP-42-010634,2025-03-19 02:00:00,35,4479024.0,43,652,0.1257,36434092.0,24,1,Self-employed,Family,Partner,1,0.093689489191106,BUSINESS_LOAN,0.8549254554631536,390.0,1,0.158998302963631,1316035.4373077461,41,0,16737955.983955154,0,,0.08598359449490375,0.07891745394045313,APPROVE,9205875.791175336,POLICY_PASS,519.6614388810309,266.8908242474765,303.42355368265913,14.734674685801235,60.66046091170797,1165.3709524086757
APP-42-010635,2025-03-19 03:00:00,28,28313377.0,78,768,0.2951,68931519.0,36,4,Salaried,Rented,Partner,0,0.09242623232799084,CASH_LOAN,0.9303756219815045,80.0,1,0.03426249112063667,6486152.953454217,39,1,0.0,2,0.8390301350055211,0.045011119446307105,0.056873217484706196,APPROVE,63865918.23136001,POLICY_PASS,521.3536725177577,329.4466411104868,248.75024165491706,19.853334307624166,52.30327557861136,1171.707165169397
APP-42-010636,2025-03-19 04:00:00,26,34525974.0,51,601,0.2388,39942024.0,12,2,Contract,Owned,Branch,0,0.08056789880641729,BNPL,0.906438466107347,85.0,1,0.0428332445626257,12241897.853778787,34,1,0.0,0,,0.05076053954211069,0.051391130106042446,APPROVE,25000000.0,POLICY_PASS,823.96666951496,215.09529850133458,242.31603950883382,18.408414466523915,36.03515218457119,1335.8215741762235
APP-42-010637,2025-03-19 05:00:00,51,10092123.0,44,580,0.5063,34766313.0,9,0,Salaried,Rented,Branch,0,0.2017612695999243,CASH_LOAN,0.7846180759254424,70.0,1,0.001901938393391833,4842565.666597221,48,1,0.0,1,0.8605776336439266,0.07312217396504793,0.1247640247228403,REVIEW,15943939.60032,CREDIT_OR_AFFORDABILITY,663.1653952901626,320.4852831159212,286.7880344767865,45.20185530918998,70.54338530447194,1386.1839534965322
APP-42-010638,2025-03-19 06:00:00,43,13583204.0,33,593,0.3134,61777406.0,24,0,Contract,Rented,Partner,0,0.16627860729295837,BUSINESS_LOAN,0.9082418092241514,293.0,0,0.026309431686658145,9532432.762035241,41,1,61948341.63211002,1,0.9280013195096597,0.025688508586990413,0.10221034862226525,APPROVE,34071587.897660516,POLICY_PASS,746.1372269761929,250.7897456353507,182.33143609696947,31.554250343047762,69.03197434275091,1279.8446333943116
APP-42-010639,2025-03-19 07:00:00,48,23073821.0,47,795,0.0974,47079259.0,24,0,Contract,Rented,Partner,0,0.049862608695479156,CASH_LOAN,0.9856051906023141,163.0,1,0.08542972776788331,12150189.43058014,46,1,0.0,0,,0.041756266965989185,0.03166816537036833,APPROVE,47079259.0,POLICY_PASS,729.9939820852684,281.1466203557106,203.1142049579036,28.943692530824833,61.14545091432748,1304.343950844035
APP-42-010640,2025-03-19 08:00:00,37,18193696.0,80,607,0.6284,15298243.0,12,1,Salaried,Mortgage,Mobile,0,0.12019157940262479,CASH_LOAN,0.894147352765021,191.0,1,0.050995123271815386,3224139.8572242027,41,1,0.0,0,,0.054555662131654,0.07731707160593643,APPROVE,15298243.0,POLICY_PASS,547.5223321857067,231.6477843147216,196.70089599342992,38.202883374958525,19.934674680502702,1034.0085705493195
APP-42-010641,2025-03-19 09:00:00,46,23263254.0,63,659,0.2756,101077391.0,24,3,Salaried,Rented,Mobile,0,0.16187724281161373,BNPL,0.8776431375535981,354.0,0,0.04514164305523005,11441789.30610582,37,0,0.0,1,0.5710387446122629,0.0307486985783227,0.13519548938651138,REVIEW,25000000.0,CREDIT_OR_AFFORDABILITY,631.7017621953584,80.0,212.22444418075904,35.48846126695213,48.24176301857009,1007.6564306616397
APP-42-010642,2025-03-19 10:00:00,27,15369564.0,30,773,0.429,71657033.0,36,2,Salaried,Owned,Mobile,0,0.08542857735422762,CASH_LOAN,0.7612121107330141,342.0,1,0.13013661848913385,10002167.107011575,33,1,0.0,2,0.8951541610856909,0.11337904115974588,0.05584456112839972,APPROVE,28083267.340800002,POLICY_PASS,686.3548750185345,351.25272562356685,267.7385699161017,19.442180609858433,43.21231802592381,1368.0006691939855
APP-42-010643,2025-03-19 11:00:00,36,50157483.0,67,688,0.3763,95399718.0,9,0,Salaried,Mortgage,Mobile,0,0.059047424309543795,CASH_LOAN,0.9168091195838548,322.0,0,0.06210037629823795,23687184.361361355,41,1,0.0,1,0.7406019701148266,0.027537115154963186,0.03746522137635043,APPROVE,70000000.0,POLICY_PASS,949.8711301871374,352.34989185828266,192.71806411175686,36.96765359404966,42.90387085760066,1574.8106106088271
APP-42-010644,2025-03-19 12:00:00,38,12453662.0,57,478,0.2041,79954928.0,24,2,Salaried,Family,Mobile,1,0.20903472296277595,BNPL,0.902766580031489,103.0,0,0.10319613581169967,1845729.570898758,51,1,0.0,1,0.8745896927152098,0.03286177723863861,0.13731956828844197,REVIEW,25000000.0,CREDIT_OR_AFFORDABILITY,571.888593816622,405.5984058843138,339.5548756946342,35.317900893871325,43.41702060864606,1395.7767968980875
APP-42-010645,2025-03-19 13:00:00,47,79101976.0,27,605,0.3068,114313868.0,12,1,Contract,Rented,Mobile,0,0.1029888535352336,CASH_LOAN,0.8970759950415522,413.0,2,0.08531647728498913,7479098.515985838,35,0,0.0,3,0.9687058913826592,0.1079581162142994,0.07863264098265269,APPROVE,70000000.0,POLICY_PASS,567.8622949906827,416.1698286681787,293.92761890325744,19.78388332063825,56.37961756645899,1354.123243449216
APP-42-010646,2025-03-19 14:00:00,38,35638621.0,23,593,0.3178,75472942.0,24,1,Salaried,Rented,Mobile,1,0.09052768857486923,CASH_LOAN,0.9952129369218188,219.0,2,0.07476390731585716,9259164.797482418,48,1,0.0,2,0.9651241048392659,0.0720509973025915,0.05433739949332762,APPROVE,70000000.0,POLICY_PASS,634.6275203975114,386.00784402947505,248.23040337580886,23.300195909420083,53.43643518733792,1345.6023988995535
APP-42-010647,2025-03-19 15:00:00,29,28446785.0,22,515,0.5426,26702983.0,24,3,Salaried,Rented,Mobile,0,0.3226113415921274,CASH_LOAN,0.8389093635082573,114.0,0,0.05647305365069299,11837101.102742977,39,1,0.0,1,0.9597634105790649,0.03718341275332625,0.2166373292070055,REVIEW,26702983.0,ENHANCED_DUE_DILIGENCE,587.7042335567126,312.12253389723537,259.6184993472473,46.09355570023271,54.14556710726241,1259.6843896086903
APP-42-010648,2025-03-19 16:00:00,36,10156451.0,83,606,0.423,26221349.0,24,1,Salaried,Rented,Partner,0,0.12091481207272227,CASH_LOAN,0.8096247407107201,96.0,0,0.04382852926170826,5229520.41594078,51,1,0.0,0,,0.0403515069560416,0.076003833329804,APPROVE,18752871.1264,POLICY_PASS,550.4525744297628,336.4102461713567,163.95060702145418,29.18142061859723,33.54855814169435,1113.5434063828654
APP-42-010649,2025-03-19 17:00:00,20,29686639.0,28,444,0.2659,41196258.0,24,3,Salaried,Rented,Branch,0,0.16328841114870069,BUSINESS_LOAN,0.9300020915704064,84.0,0,0.15477593066211326,8033778.974655208,45,1,99111451.21490519,1,0.8362866561752607,0.034168639552953635,0.11117790296876885,APPROVE,41196258.0,POLICY_PASS,349.56442196870466,340.93617097339103,189.2374145446167,40.69472565871365,38.107714537928224,958.5404476833543
APP-42-010650,2025-03-19 18:00:00,20,25091720.0,45,663,0.5365,31016714.0,12,2,Self-employed,Rented,Mobile,1,0.18199094143220262,CASH_LOAN,0.8939175325432427,98.0,0,0.07594370282671635,10855158.672311934,37,1,0.0,0,,0.031473725399006926,0.12293140154554776,REVIEW,31016714.0,CREDIT_OR_AFFORDABILITY,835.721714458665,228.93718136605446,175.13838752213024,44.41558805305928,46.92335787475243,1331.1362292746612
APP-42-010651,2025-03-19 19:00:00,42,5610198.0,65,641,0.4132,12230074.0,12,3,Contract,Rented,Branch,1,0.16605623674391026,CASH_LOAN,0.9584434246225992,273.0,0,0.023563207102799844,1202785.687071628,42,0,0.0,0,,0.020739192078969782,0.12952478227300887,REVIEW,10534605.396480002,CREDIT_OR_AFFORDABILITY,817.7915270690347,347.33704330532913,150.38765553965587,30.934061309708756,60.03522073615781,1406.4855079598863
APP-42-010652,2025-03-19 20:00:00,32,8313175.0,63,589,0.3858,27929231.0,12,0,Self-employed,Rented,Mobile,0,0.1903965749615673,CASH_LOAN,0.9597026215233486,131.0,0,0.11854528807938153,6137016.40491408,46,0,0.0,0,,0.027248898494351772,0.1576887524744312,REVIEW,16339046.672000004,CREDIT_OR_AFFORDABILITY,301.75814141878885,411.0690476537498,213.4230237506846,40.57339987711335,32.769306588536075,999.5929192888727
APP-42-010653,2025-03-19 21:00:00,33,21912716.0,63,510,0.1301,113785696.0,24,0,Self-employed,Rented,Branch,0,0.1755286920961343,BUSINESS_LOAN,0.8438032688757254,440.0,2,0.12730955371441027,8337179.673173137,44,1,70559354.63894576,2,0.9217065176672217,0.14653439443219954,0.11547776872047988,APPROVE,38807645.05142017,POLICY_PASS,648.3763427113757,324.9504540165832,361.21943771239853,38.6630186685766,30.662266464575637,1403.8715195735097
APP-42-010654,2025-03-19 22:00:00,42,16727547.0,26,740,0.1952,27208575.0,12,2,Salaried,Owned,Mobile,0,0.05196090128070534,BUSINESS_LOAN,0.9167518621874431,50.0,0,0.11983308511918445,7100565.838433004,46,0,86502761.2296669,3,0.9574415517570491,0.0325823817873808,0.039420079814838985,APPROVE,27208575.0,POLICY_PASS,395.2081347279353,302.22091866310615,292.15111838340914,24.379886532865584,53.91960808477417,1067.8796663920903
APP-42-010655,2025-03-19 23:00:00,48,13548946.0,65,599,0.1535,63954817.0,24,1,Salaried,Owned,Mobile,0,0.086155840990871,BNPL,0.9725697847716128,238.0,0,0.04127597260639194,8854817.588680677,57,1,0.0,0,,0.020613802347252123,0.052672802006009954,APPROVE,25000000.0,POLICY_PASS,729.4837932134701,314.11564320537525,210.24523718434898,29.121558309803845,47.15044220727803,1330.1166741202765
APP-42-010656,2025-03-20 00:00:00,40,32583102.0,44,719,0.111,31607385.0,36,1,Contract,Mortgage,Mobile,0,0.038559877196688325,CASH_LOAN,0.9492216869551352,62.0,0,0.026171465747740978,14236533.879679812,31,1,0.0,0,,0.02170610257229831,0.024042606500226507,APPROVE,31607385.0,POLICY_PASS,544.6806557874853,300.4181932709302,211.21554045394893,38.46406892804971,43.94703928990132,1138.7254977303155
APP-42-010657,2025-03-20 01:00:00,52,11070602.0,54,631,0.3764,55568635.0,24,4,Self-employed,Mortgage,Partner,1,0.29255565183698273,BNPL,0.9504713491497231,258.0,0,0.08112641526909888,6023238.278847695,48,1,0.0,1,0.8363706711811729,0.0253672831486394,0.1995561964396422,REVIEW,22091607.70304,ENHANCED_DUE_DILIGENCE,601.3540584940268,406.7607299925827,311.4897513859044,38.32881567226671,54.89697057982938,1412.83032612461
APP-42-010658,2025-03-20 02:00:00,40,14013053.0,53,745,0.1073,43182317.0,12,3,Salaried,Owned,Branch,0,0.05881071328481799,BUSINESS_LOAN,0.8745134754473395,182.0,0,0.21623772034989894,8603073.21755198,37,1,49883370.52447011,0,,0.05096805306719006,0.041900978844091524,APPROVE,27435853.788458563,POLICY_PASS,669.2769156003794,286.74698455486833,350.2110515850456,43.05849984026048,49.86480482063044,1399.1582564011844
APP-42-010659,2025-03-20 03:00:00,38,12610192.0,48,682,0.4707,33190768.0,18,1,Salaried,Family,Partner,0,0.09981259899027964,CASH_LOAN,0.9721502351483047,390.0,0,0.06460206855369152,2522861.53877534,49,1,0.0,0,,0.022113079330000895,0.06333681530046582,APPROVE,21358638.80192,POLICY_PASS,620.3248352780022,476.2759944861854,238.64724579694055,26.594041469051586,55.62720503458951,1417.4693220647691
APP-42-010660,2025-03-20 04:00:00,37,23830466.0,88,648,0.0163,70738633.0,18,2,Salaried,Rented,Mobile,0,0.11658930180807422,BNPL,0.9460172513747687,125.0,0,0.07766334039906081,3707535.710842888,38,1,0.0,1,0.7002509162601327,0.025573749174738043,0.0777756258324339,APPROVE,25000000.0,POLICY_PASS,401.95074896884023,296.1256661067073,270.03070275813934,38.22431630859272,58.98188798116099,1065.3133221234407
APP-42-010661,2025-03-20 05:00:00,23,6991323.0,81,580,0.1974,39161118.0,6,1,Self-employed,Family,Mobile,0,0.11786753790789063,BNPL,0.8200288050119622,372.0,0,0.041606021649216174,748784.1512736027,32,1,0.0,0,,0.0384457467804481,0.07652146415986603,APPROVE,17955954.68736,POLICY_PASS,693.5051641515606,358.1332569700427,329.61866227212033,18.282079571955258,51.18812500562191,1450.7272879713007
APP-42-010662,2025-03-20 06:00:00,44,13689817.0,198,734,0.1418,25406938.0,36,3,Self-employed,Owned,Mobile,0,0.05251223895153385,CASH_LOAN,0.9610429586885428,413.0,0,0.1758671141301133,8646585.043773836,56,1,0.0,0,,0.03202222035749152,0.034963292338036245,APPROVE,25406938.0,POLICY_PASS,303.7444794006153,326.17020119016917,347.15163088361726,48.81933777719047,16.34149442062237,1042.2271436722147
APP-42-010663,2025-03-20 07:00:00,20,6978618.0,108,625,0.32,51175717.0,12,0,Salaried,Owned,Branch,0,0.08966698534685028,BNPL,0.8280157611181557,404.0,0,0.16599986916527903,4731561.45884481,49,1,0.0,0,,0.05316791816106603,0.06087031648785854,APPROVE,15185472.768,POLICY_PASS,675.0555098139258,305.6665843576555,169.6596754387415,31.966564546913194,35.1322816622223,1217.4806158194583
APP-42-010664,2025-03-20 08:00:00,30,15154390.0,18,581,0.607,143398185.0,9,1,Salaried,Rented,Mobile,1,0.4296063070157302,CASH_LOAN,0.8999299006451269,249.0,0,0.033901396700176924,3318005.882867977,48,1,0.0,1,0.8628447729066187,0.027172498801544456,0.30303540380658583,REVIEW,19058160.864000004,ENHANCED_DUE_DILIGENCE,737.4308280387995,353.2853593263919,261.2386836701239,30.233233759782706,28.543385508313605,1410.7314903034116
APP-42-010665,2025-03-20 09:00:00,35,26790537.0,51,629,0.4788,33967986.0,18,0,Salaried,Mortgage,Partner,0,0.11222859369445812,BNPL,0.9264837849902223,398.0,0,0.1534331990511019,3270316.634952554,45,1,0.0,0,,0.03452514030273524,0.07669652447858759,APPROVE,25000000.0,POLICY_PASS,584.0766222089109,213.2273456492578,60.0,25.560948413101805,33.3656060596658,916.2305223309362
APP-42-010666,2025-03-20 10:00:00,28,27054811.0,103,637,0.3295,51300246.0,12,1,Self-employed,Rented,Partner,0,0.09481230819619114,BNPL,0.9380487574437711,195.0,1,0.049810055560574426,6790472.855574527,48,0,0.0,0,,0.04563485267560371,0.0731089292678213,APPROVE,25000000.0,POLICY_PASS,717.8016722717884,367.80610324588463,265.481340209731,22.644586217877094,46.464743563699315,1420.1984455089805
APP-42-010667,2025-03-20 11:00:00,31,12063600.0,47,703,0.2677,88866711.0,24,3,Salaried,Mortgage,Mobile,0,0.1498630350066134,BUSINESS_LOAN,0.9257206343076994,52.0,0,0.02574144174590351,8798319.290616482,49,0,60280780.190527566,1,0.8783790597196983,0.02387398454742275,0.11126510170674435,APPROVE,33154429.104790162,POLICY_PASS,940.8666511912504,191.33500287492916,359.68674149577294,30.629556280131936,38.37451960413105,1560.8924714462157
APP-42-010668,2025-03-20 12:00:00,52,24135863.0,42,504,0.2059,55389628.0,24,0,Salaried,Owned,Mobile,0,0.10403350798156326,BNPL,0.8782109790045187,434.0,0,0.04310635188010222,13062244.857142495,40,1,0.0,3,0.8021156212346018,0.03049665095713224,0.06528405238675607,APPROVE,25000000.0,POLICY_PASS,574.0047662139068,320.4829892359377,238.2552964069708,24.728617704236566,51.80868374786926,1209.2803533089211
APP-42-010669,2025-03-20 13:00:00,45,16257135.0,25,812,0.2885,20963754.0,24,1,Salaried,Rented,Mobile,0,0.03848928374527668,CASH_LOAN,0.9767949540353128,291.0,0,0.011877080126927909,7568551.780263935,41,0,0.0,0,,0.01858013133730973,0.028854284249957635,APPROVE,20963754.0,POLICY_PASS,551.984562561224,336.2579807288419,154.75088301037454,32.30779504915732,37.48685301039296,1112.7880743599906
APP-42-010670,2025-03-20 14:00:00,29,38052565.0,23,673,0.5644,24590218.0,36,2,Contract,Rented,Branch,0,0.08391619446693628,CASH_LOAN,0.9575945109231054,188.0,0,0.003940934687112139,14212224.313301655,40,0,0.0,1,0.8719897227345655,0.019645341969761428,0.06128766669277022,APPROVE,24590218.0,POLICY_PASS,617.7055909593328,293.4590946265962,200.5245878547911,28.88945755113765,38.874562511376496,1179.4532935032344
APP-42-010671,2025-03-20 15:00:00,31,16758275.0,78,639,0.0376,15916053.0,24,0,Salaried,Rented,Mobile,0,0.057772714403820306,CASH_LOAN,0.8199175755951404,284.0,0,0.028333767993272634,9175610.66093797,34,1,0.0,0,,0.037017213110031144,0.03614230490663309,APPROVE,15916053.0,POLICY_PASS,583.9100329373225,338.23802449017666,293.8946880767326,38.33388761207243,35.29763706406983,1289.6742701803742
APP-42-010672,2025-03-20 16:00:00,24,3508525.0,55,672,0.0886,47272110.0,36,2,Salaried,Family,Partner,0,0.0722129414953432,BNPL,0.9190238800711207,349.0,1,0.011172369811371433,1763958.4373447811,48,1,0.0,1,0.9260430920795887,0.04409200535890707,0.04154216565296271,APPROVE,10232542.992,POLICY_PASS,716.2460192623123,312.23857845722006,165.13146602651443,43.545222238457505,65.38539724626897,1302.546683230773
APP-42-010673,2025-03-20 17:00:00,41,29442709.0,11,530,0.5743,22557532.0,12,1,Self-employed,Rented,Mobile,0,0.19448954449152078,CASH_LOAN,0.9593650683661098,169.0,0,0.09067112907059151,10081614.668159587,54,0,0.0,2,0.9518960736016536,0.02515259448492355,0.14846855388994382,REVIEW,22557532.0,CREDIT_OR_AFFORDABILITY,896.5178809179719,262.8812403235337,269.5749490141082,36.967554742227605,34.780687512831534,1500.7223125106727
APP-42-010674,2025-03-20 18:00:00,33,13983348.0,91,649,0.243,33233566.0,36,0,Salaried,Mortgage,Mobile,0,0.07559308615282948,CASH_LOAN,0.8102595487847692,129.0,0,0.1319806655028831,2325560.844554036,56,1,0.0,2,0.8735907522171865,0.051801335639256325,0.047476530237756574,APPROVE,33233566.0,POLICY_PASS,620.321879932573,321.17642952568985,270.6693413430018,31.046017250826065,47.01770623950097,1290.2313742915917
APP-42-010675,2025-03-20 19:00:00,20,15480200.0,98,687,0.2011,64439415.0,36,2,Self-employed,Owned,Partner,0,0.08180205230114011,CASH_LOAN,0.7666213407150004,67.0,1,0.009724839179788999,2269539.312777231,47,0,0.0,1,0.9399307814689052,0.08012608807969351,0.05804186506663868,APPROVE,39574821.696,POLICY_PASS,538.3506854714497,310.8752867701235,302.2923426413166,28.249295954960584,31.64319988650084,1211.4108107243512
APP-42-010676,2025-03-20 20:00:00,36,21652689.0,45,619,0.3165,47804409.0,18,1,Self-employed,Rented,Mobile,0,0.11379747123166488,CASH_LOAN,0.8172190778622695,61.0,2,0.010381860928157823,4649794.071538754,52,1,0.0,0,,0.11907965755726065,0.06954246815970289,APPROVE,47358761.3808,POLICY_PASS,795.3054729795517,342.3931352391617,297.2048575891008,54.412954670000346,48.032212975426056,1537.3486334532406
APP-42-010677,2025-03-20 21:00:00,39,8221744.0,51,678,0.5984,17825051.0,36,3,Self-employed,Family,Mobile,0,0.15690474154871004,CASH_LOAN,0.878723924977116,43.0,1,0.04066279769116122,4097795.208573367,40,1,0.0,4,0.6453791337621018,0.05632453486740644,0.10484088043827554,APPROVE,10565927.649279999,POLICY_PASS,510.6643323473787,449.49995339179947,149.11181702305257,34.201335773108845,36.054042899018604,1179.5314814343583
APP-42-010678,2025-03-20 22:00:00,44,18754453.0,110,697,0.3388,48920681.0,24,1,Salaried,Family,Mobile,0,0.043615585616788806,CASH_LOAN,0.9589769995945164,399.0,1,0.10439361755771707,11939230.472611625,38,0,0.0,0,,0.04905460646333787,0.035214421717373344,APPROVE,39681421.83552,POLICY_PASS,600.0953757117737,428.77068496076845,313.31285653571547,22.54517606421878,48.82651672419277,1413.5506099966692
APP-42-010679,2025-03-20 23:00:00,34,24151467.0,44,588,0.6685,51021744.0,12,2,Contract,Mortgage,Branch,0,0.24229568771900215,CASH_LOAN,0.886631340329623,120.0,1,0.02470853427554718,15486325.506737467,43,1,0.0,2,0.9836902894278844,0.0521671082253389,0.1515224180059768,REVIEW,25619876.193600003,CREDIT_OR_AFFORDABILITY,398.473769523399,276.7058850654814,223.9793721961874,27.29301877597036,36.74426743765349,963.1963129986918
APP-42-010680,2025-03-21 00:00:00,32,21990423.0,16,730,0.4072,139083526.0,12,4,Salaried,Family,Branch,0,0.13441794990481248,CASH_LOAN,0.909393056014451,142.0,0,0.09754905894158333,4861969.568411546,60,1,0.0,0,,0.03146820445106732,0.08672566891749624,APPROVE,41714952.81408,POLICY_PASS,592.3835389194077,143.32078026481815,171.65710703394222,19.730553610748537,39.20443031421568,966.2964101431322
APP-42-010681,2025-03-21 01:00:00,53,12948236.0,78,636,0.4235,59151470.0,36,2,Salaried,Owned,Mobile,0,0.13771420513538768,BNPL,0.9010342551543398,147.0,0,0.004918157005666341,7163550.061918441,46,1,0.0,0,,0.024853493402874263,0.08566774916074653,APPROVE,23886905.772800002,POLICY_PASS,680.0531785709989,264.70249919211483,182.49611815189346,40.29425428672832,17.33036789401242,1184.8764180957478
APP-42-010682,2025-03-21 02:00:00,35,31060420.0,96,777,0.0387,97001230.0,24,2,Contract,Rented,Mobile,0,0.06225030023999403,BNPL,0.9760940399983757,486.0,2,0.11749659402459535,5082961.016549491,45,0,0.0,1,0.8556775345331281,0.08729614289109607,0.048757939122726766,APPROVE,25000000.0,POLICY_PASS,641.1587044495393,285.56874803326434,316.0648618582501,8.75461032441692,54.20115251729028,1305.7480771827609
APP-42-010683,2025-03-21 03:00:00,41,10399409.0,56,734,0.3168,183643978.0,18,2,Salaried,Family,Mobile,0,0.10811424178518778,BNPL,0.931849306179066,944.0,1,0.11170948638088905,5661892.729649718,44,0,0.0,0,,0.055796075623814945,0.08791462115487049,APPROVE,22735603.932160005,POLICY_PASS,547.970931617842,244.7659009064766,306.10797969777445,30.339524666702985,46.653382259914174,1175.8377191487102
APP-42-010684,2025-03-21 04:00:00,30,12760250.0,28,669,0.3989,120118066.0,12,0,Salaried,Family,Mobile,0,0.1293273500508189,BNPL,0.9209980539869799,228.0,0,0.025989994502325493,6930023.6890655095,60,1,0.0,2,0.9218764973577719,0.024358321655751015,0.07557895731460867,APPROVE,24544596.08,POLICY_PASS,865.1104607344474,285.87559470372884,213.03315192433956,31.091288537643496,52.243474985789135,1447.3539708859485
APP-42-010685,2025-03-21 05:00:00,41,16702710.0,103,582,0.0508,26434090.0,9,2,Salaried,Family,Branch,0,0.09588430943903282,CASH_LOAN,0.7902905389014934,927.0,0,0.007509944358817688,11901485.212625455,49,1,0.0,1,0.9651538043382383,0.039290457886192426,0.05490252880646207,APPROVE,26434090.0,POLICY_PASS,565.5694040857361,365.89122987409854,319.3687199325363,40.04066534679782,43.36039164681272,1334.2304108859817
APP-42-010686,2025-03-21 06:00:00,22,21176231.0,40,632,0.1239,47364011.0,9,0,Self-employed,Owned,Partner,0,0.09650557940706042,BNPL,0.9555320921426298,503.0,0,0.022622313016397364,5812944.943453625,49,1,0.0,0,,0.02093106062940819,0.05937326366059508,APPROVE,25000000.0,POLICY_PASS,527.9364935343217,300.1801277182792,270.1689169999138,25.70946759165953,53.32747454350725,1177.3224803876815
APP-42-010687,2025-03-21 07:00:00,31,15057451.0,31,713,0.0395,349079982.0,9,1,Salaried,Family,Mobile,0,0.10005588442102555,BUSINESS_LOAN,0.9161981969490582,154.0,1,0.024902552693503187,6496620.646729568,38,1,86027666.64594398,1,0.8754394213264681,0.046383192029259404,0.060850267795886974,APPROVE,47315216.6552692,POLICY_PASS,444.35442015856563,391.9706610146451,335.12870800222163,38.89011570963724,43.98248610590539,1254.326390990975
APP-42-010688,2025-03-21 08:00:00,24,35378155.0,56,600,0.3271,31263647.0,18,0,Self-employed,Owned,Mobile,0,0.05927176240900739,BNPL,0.8988745363145265,96.0,2,0.024216151888180777,9742627.085794188,47,1,0.0,3,0.8938256015823378,0.09090582617983313,0.034606079466354696,APPROVE,25000000.0,POLICY_PASS,617.868908498697,213.55755153592906,237.02731226344815,30.77147634817797,44.892140055896384,1144.1173887021484
APP-42-010689,2025-03-21 09:00:00,30,21174109.0,45,671,0.7296,52109096.0,12,0,Self-employed,Family,Mobile,0,0.10490965151616453,BNPL,0.712395409228903,350.0,0,0.036746323238196904,3802778.6212185547,45,0,0.0,1,0.9152742122909524,0.05831443573332225,0.07721178428854873,APPROVE,18321533.03552,POLICY_PASS,615.9517406549503,322.3318240373904,203.96874365820335,33.54999504446838,47.99829713793612,1223.8006005329485
APP-42-010690,2025-03-21 10:00:00,46,18764816.0,74,679,0.3534,100648964.0,36,1,Salaried,Rented,Mobile,0,0.08066883664004411,BNPL,0.9761969122514262,65.0,0,0.12831310733885257,12230566.661744082,46,1,0.0,0,,0.026209156422561806,0.05345090647401411,APPROVE,25000000.0,POLICY_PASS,823.793204131111,237.3268531052823,216.68844355407325,14.519910264888058,76.12022391126891,1368.4486349666236
APP-42-010691,2025-03-21 11:00:00,29,20768692.0,152,632,0.2725,70812396.0,12,0,Self-employed,Mortgage,Mobile,0,0.12056875606020359,CASH_LOAN,0.9850193958075663,167.0,1,0.04714155604043658,6935073.3402184285,40,0,0.0,2,0.6949962462163894,0.0374832683210125,0.09619833305539212,APPROVE,48349514.97600001,POLICY_PASS,506.4343851934725,283.1470384108041,284.5898251620382,36.39951141974568,62.84927974495156,1173.420039931012
APP-42-010692,2025-03-21 12:00:00,41,26936171.0,30,581,0.3979,40000695.0,12,1,Salaried,Rented,Branch,0,0.09442202478803148,CASH_LOAN,0.8661821869212181,164.0,0,0.08688960562925135,12451243.070161844,33,1,0.0,0,,0.036358323239639855,0.06258315968765327,APPROVE,40000695.0,POLICY_PASS,647.8088178899237,293.5367234719695,266.5129743633196,38.71723579440787,56.24907832800545,1302.824829847626
APP-42-010693,2025-03-21 13:00:00,49,20548706.0,81,755,0.2986,102402488.0,24,1,Salaried,Owned,Partner,1,0.0564214241558507,BUSINESS_LOAN,0.9212090961967108,378.0,0,0.16773719071962367,3367268.051896547,43,1,139600999.19987586,0,,0.036760909043438504,0.038345140678086226,APPROVE,76780549.55993173,POLICY_PASS,471.87752510322304,310.11700238860715,207.15690253501376,20.863896871983542,49.178111400647694,1059.1934382994752
APP-42-010694,2025-03-21 14:00:00,35,6653463.0,44,674,0.8622,22257146.0,18,1,Salaried,Rented,Partner,0,0.1394449359279031,CASH_LOAN,0.973472182503185,164.0,1,0.0824925916025369,3168592.6249779775,36,1,0.0,1,0.6251146284063264,0.04347564347096406,0.0964268177158378,APPROVE,2933911.044480001,POLICY_PASS,495.1858001338866,342.3436473766277,330.863822357438,28.275007153143466,29.830131869741713,1226.4984088908375
APP-42-010695,2025-03-21 15:00:00,44,32772889.0,74,618,0.3607,42064320.0,12,2,Salaried,Rented,Partner,0,0.13093777607778684,BUSINESS_LOAN,0.9806177959990929,502.0,0,0.05974529028877253,3013784.8087849105,44,0,143097214.4972117,1,0.777557626058448,0.021054557414606455,0.1025551627998483,APPROVE,42064320.0,POLICY_PASS,400.93756467837375,178.82171314977137,205.16499221073332,39.89356867443782,42.30736254094123,867.1252012542574
APP-42-010696,2025-03-21 16:00:00,40,19224646.0,57,583,0.3955,73797383.0,24,1,Salaried,Family,Branch,0,0.11958647240042873,BUSINESS_LOAN,0.9129438988976308,247.0,0,0.06501378034794884,10019885.137625558,45,1,102379267.14988264,1,0.815180469824529,0.02821384296764894,0.07570788883915704,APPROVE,56308596.93243546,POLICY_PASS,954.8438203005127,409.23905517921344,394.79491864412273,29.283933605750704,56.19768030311371,1844.3594080327134
APP-42-010697,2025-03-21 17:00:00,36,26233594.0,39,705,0.074,27596880.0,18,0,Salaried,Mortgage,Partner,0,0.05114142259511914,BUSINESS_LOAN,0.9261088246185646,432.0,1,0.03091621059240263,19207766.714116428,40,1,182872551.06228936,0,,0.04535113313008167,0.03160031473126567,APPROVE,27596880.0,POLICY_PASS,757.9966387594608,284.18450026857744,297.72843990014724,31.35443176982456,40.1406024586489,1411.4046131566588
APP-42-010698,2025-03-21 18:00:00,42,14398195.0,82,635,0.6807,127816619.0,6,2,Contract,Family,Mobile,1,0.40844114242454904,BNPL,0.9662622604199148,81.0,1,0.019236331352220463,4610328.084582334,38,1,0.0,1,0.8994320715081907,0.037305602537599784,0.28458807021886817,REVIEW,14711499.723200003,ENHANCED_DUE_DILIGENCE,677.2874458908267,321.29363607598407,325.38937321535775,23.976211304620907,46.276099794078256,1394.2227662808675
APP-42-010699,2025-03-21 19:00:00,52,6590819.0,42,710,0.3111,85008605.0,18,0,Salaried,Mortgage,Mobile,0,0.10349978004470839,BUSINESS_LOAN,0.8912569921632281,162.0,0,0.010365116181821617,2480873.588494579,48,1,18323384.20005265,0,,0.026283367151226516,0.06343784902652057,APPROVE,10077861.310028957,POLICY_PASS,494.12054083295493,316.865615806811,186.57543001138694,45.95746834891608,47.0488349625729,1090.5678899626419
APP-42-010700,2025-03-21 20:00:00,29,5139581.0,31,574,0.3337,126004756.0,6,0,Salaried,Family,Partner,0,0.2356421392100274,BNPL,0.9012396198223385,368.0,0,0.11802658207057624,2710119.606000827,37,1,0.0,0,,0.034518662348919336,0.1669774621093262,REVIEW,10958409.02496,CREDIT_OR_AFFORDABILITY,568.569281315423,175.01844299008937,229.24938666522345,12.758307308621742,38.39044608829509,1023.9858643676528
APP-42-010701,2025-03-21 21:00:00,26,10707768.0,79,662,0.5668,196707217.0,18,1,Self-employed,Rented,Mobile,0,0.28953072855340334,BNPL,0.8656815121240339,375.0,0,0.16907907447962245,876703.59488915,48,0,0.0,0,,0.0461493105587057,0.25126913892593733,REVIEW,14843536.312320001,ENHANCED_DUE_DILIGENCE,706.424580655624,413.5233590118896,219.7883643316983,49.026424309830055,38.65053936802547,1427.4132676770673
APP-42-010702,2025-03-21 22:00:00,26,23924035.0,31,605,0.1397,65452981.0,12,1,Contract,Rented,Branch,0,0.09418842352540602,CASH_LOAN,0.9132661911904238,457.0,2,0.056679228968616116,9632631.133644616,58,0,0.0,2,0.8812531466207552,0.09400546832532629,0.06904833756252707,APPROVE,65452981.0,POLICY_PASS,680.2435299217154,387.13955029321926,221.00695858246615,36.603383273421045,47.910166751636325,1372.9035888224582
APP-42-010703,2025-03-21 23:00:00,44,36752703.0,77,765,0.398,22310475.0,6,1,Salaried,Family,Branch,0,0.01684016605479659,BNPL,0.8350655180669245,305.0,0,0.09309345933844558,4449934.9549307,39,1,0.0,1,0.8658732602240887,0.04196715403314311,0.010405644488016905,APPROVE,22310475.0,POLICY_PASS,671.4222561667776,229.38785793041254,136.78480711437004,30.095974743417866,39.50034220521915,1107.1912381601971
APP-42-010704,2025-03-22 00:00:00,45,21252105.0,53,667,0.2195,70185588.0,24,1,Salaried,Owned,Branch,1,0.05873318767233233,BUSINESS_LOAN,0.9716570645716645,87.0,0,0.10882490030614347,14206837.47681822,50,1,128805513.30513318,0,,0.025222200447940376,0.03777491938944292,APPROVE,70185588.0,POLICY_PASS,944.3448174581631,321.1842470982742,278.5762426703316,43.92409835191444,46.78979772561925,1634.8192033043026
APP-42-010705,2025-03-22 01:00:00,30,10091028.0,55,568,0.2752,67017216.0,18,2,Contract,Rented,Mobile,1,0.20592454909183538,CASH_LOAN,0.9735873737388742,163.0,1,0.03862338999968817,7445037.81362737,50,1,0.0,0,,0.03830205739690012,0.13403992453356967,REVIEW,23404726.70208,CREDIT_OR_AFFORDABILITY,651.5728291820946,203.04428378397472,346.75302849629736,37.380392387936865,53.67636113199724,1292.4268949823006
APP-42-010706,2025-03-22 02:00:00,20,11694323.0,29,707,0.2262,113459782.0,12,1,Salaried,Mortgage,Mobile,0,0.08700156152005839,CASH_LOAN,0.9788209685215983,192.0,0,0.07413533042689706,7000260.710726296,56,1,0.0,2,0.8079258836299125,0.02212568331518834,0.053677760595551856,APPROVE,28957014.839680005,POLICY_PASS,651.6454145120931,398.711212628534,288.4553751411873,19.654068077450553,35.48708086483261,1393.9531512240976
APP-42-010707,2025-03-22 03:00:00,29,38046248.0,57,729,0.6456,33125038.0,18,2,Salaried,Rented,Mobile,1,0.07519942941184708,CASH_LOAN,0.9071929117569273,234.0,0,0.02455542936492239,8201993.471272761,39,1,0.0,0,,0.025667076848582097,0.04679659383882436,APPROVE,33125038.0,POLICY_PASS,685.2534893631042,375.5321001205087,293.31122754881267,32.07297334245015,51.63977994163557,1437.8095703165113
APP-42-010708,2025-03-22 04:00:00,40,8753401.0,40,616,0.4611,23709042.0,36,2,Salaried,Owned,Mobile,0,0.14750975973407568,CASH_LOAN,0.7912569140811436,153.0,0,0.0872733883088869,1660514.9059328234,53,1,0.0,2,0.8982791898364043,0.04919771898440019,0.09243192620002187,APPROVE,15095064.95648,POLICY_PASS,596.8875901127559,359.8013764718947,289.44728178779957,32.31013600696766,42.6349042779878,1321.0812886574056
APP-42-010709,2025-03-22 05:00:00,34,57188158.0,112,582,0.6423,44475313.0,12,0,Self-employed,Rented,Mobile,0,0.14375831325552665,BUSINESS_LOAN,0.8759969370505799,334.0,0,0.06431576461758907,41737089.56631811,40,0,187850304.7386134,0,,0.03272828224853498,0.1149463926329317,APPROVE,44475313.0,POLICY_PASS,427.85613969923054,290.5339096498184,250.07662821142318,37.26045252184598,75.28662581154079,1081.0137558938588
APP-42-010710,2025-03-22 06:00:00,37,50511064.0,23,481,0.0563,138848139.0,6,2,Salaried,Rented,Mobile,0,0.21269978924041466,CASH_LOAN,0.8601498397898854,381.0,0,0.04897791836666975,14517159.794214966,38,0,0.0,0,,0.03338493572620902,0.17178992558741726,REVIEW,70000000.0,CREDIT_OR_AFFORDABILITY,605.9828922559332,275.92446446949117,216.85051101876056,36.545090028929934,75.05944396269562,1210.3624017358104
APP-42-010711,2025-03-22 07:00:00,30,58233972.0,93,719,0.5049,65082407.0,12,1,Salaried,Family,Partner,0,0.04776782013941173,CASH_LOAN,0.8738203001960216,770.0,1,0.04076569646536874,42489115.028282136,47,1,0.0,0,,0.057445981838050615,0.029287133512550825,APPROVE,65082407.0,POLICY_PASS,505.0989950641475,357.4693833359421,273.23403235301373,43.36907092332879,34.42309617079952,1213.5945778472314
APP-42-010712,2025-03-22 08:00:00,44,22192571.0,97,514,0.4421,47785169.0,12,2,Salaried,Mortgage,Partner,0,0.24254505717353642,CASH_LOAN,0.9529561962257107,143.0,0,0.09900790373428786,2803133.2208847436,48,1,0.0,1,0.8302363049227419,0.02645774459011558,0.16388632630125266,REVIEW,39619953.15488001,CREDIT_OR_AFFORDABILITY,658.0064097077083,265.61319994649017,98.25369155246017,30.533793773069966,54.67989698943474,1107.0869919691634
APP-42-010713,2025-03-22 09:00:00,38,14917471.0,67,637,0.1021,51730420.0,24,2,Salaried,Family,Partner,0,0.10876974039081616,BUSINESS_LOAN,0.8678862858410972,132.0,0,0.09012856998626875,10485509.737938952,39,0,73062995.76790102,1,0.8555258192316814,0.03644811162626058,0.08545545218415918,APPROVE,40184647.672345564,POLICY_PASS,777.8798925334854,161.6463864748691,359.6577427601735,38.34715705223931,71.25722397103759,1408.7884027918049
APP-42-010714,2025-03-22 10:00:00,40,21897275.0,109,516,0.3813,55821111.0,9,0,Self-employed,Family,Mobile,0,0.1400304491092711,BNPL,0.8780955403085438,230.0,1,0.05869307600607081,7278638.41378045,35,1,0.0,0,,0.059416858818882805,0.09228764333528133,APPROVE,25000000.0,POLICY_PASS,478.4376012410553,370.1549961032102,164.02289763422488,20.508356885945403,44.824836285981014,1077.9486881504167
APP-42-010715,2025-03-22 11:00:00,36,29668726.0,45,770,0.0962,115598332.0,12,2,Salaried,Rented,Branch,0,0.04951995532112721,CASH_LOAN,0.7969154115622918,403.0,3,0.16582138658211468,8626372.316556577,45,1,0.0,0,,0.31011524641810706,0.033400111650919134,REVIEW,70000000.0,ENHANCED_DUE_DILIGENCE,468.95391413371885,312.87898224203013,365.434638522285,21.863792381715456,60.88779212234652,1230.019119402096
APP-42-010716,2025-03-22 12:00:00,40,12584237.0,49,736,0.3095,63374880.0,24,1,Salaried,Owned,Mobile,0,0.046882850273394124,BUSINESS_LOAN,0.8725235522707856,341.0,0,0.0058941007802525355,4957513.748484562,54,1,54390161.91147991,0,,0.028006387679164375,0.02763453937670426,APPROVE,29914589.051313955,POLICY_PASS,882.9331992213745,368.9896668111131,393.2631976299274,41.92966383214403,49.33731599542244,1736.4530434899814
APP-42-010717,2025-03-22 13:00:00,39,9822837.0,69,662,0.1316,183686166.0,18,2,Salaried,Mortgage,Mobile,0,0.15269560001565013,BNPL,0.9527484931276323,88.0,0,0.041667270704618835,4750277.065401791,52,1,0.0,1,0.9017092033038162,0.02238900469623885,0.09305627993311913,APPROVE,25000000.0,POLICY_PASS,622.5021276307866,334.1220612042317,254.12312520904067,15.708104974308053,29.636571184537818,1256.091990202905
APP-42-010718,2025-03-22 14:00:00,27,15397524.0,46,715,0.4693,55433388.0,12,0,Contract,Family,Mobile,0,0.09606639810946256,BNPL,0.9568205553200401,276.0,0,0.17500823024813728,5525364.912773847,46,1,0.0,1,0.9162141614416116,0.03249539990436755,0.0631314227224566,APPROVE,25000000.0,POLICY_PASS,382.8473747930495,415.4713946209844,240.08262534417477,30.7569876396113,34.378528730468744,1103.5369111282887
APP-42-010719,2025-03-22 15:00:00,38,11770572.0,13,630,0.2919,53613292.0,12,1,Self-employed,Mortgage,Partner,1,0.14064436917010986,CASH_LOAN,0.9316534231864506,315.0,0,0.018560098936664767,5911977.168921086,52,1,0.0,1,0.9610557195408199,0.022814859418900126,0.08253855923643809,APPROVE,26671174.50624,POLICY_PASS,758.7596506673029,168.5396298737672,161.3367814703634,31.773176290628506,23.224632682524017,1143.633870984586
APP-42-010720,2025-03-22 16:00:00,42,35618292.0,23,581,0.3228,99033448.0,18,1,Self-employed,Owned,Partner,0,0.1094472403574964,CASH_LOAN,0.9580591681360731,227.0,1,0.01723422399997366,9813126.072037162,41,1,0.0,0,,0.03834078851247051,0.06846736153481406,APPROVE,70000000.0,POLICY_PASS,609.8095320099493,245.91214133670013,340.1894202150984,32.480258372093395,57.74321800248134,1286.1345699363226
APP-42-010721,2025-03-22 17:00:00,45,12824219.0,25,519,0.2213,56479898.0,24,1,Salaried,Owned,Partner,0,0.15019161906251952,BNPL,0.6631606140506282,337.0,1,0.06817527405182838,3914820.3671971164,45,1,0.0,1,0.8977027820298327,0.1381490990853177,0.09438104926614209,APPROVE,25000000.0,POLICY_PASS,320.1110016874445,344.31532148925845,274.010468520057,29.959968860468425,53.555803947915564,1021.9525645051439
APP-42-010722,2025-03-22 18:00:00,39,18972196.0,80,697,0.3425,286926547.0,18,1,Salaried,Family,Mobile,0,0.08727629599158163,CASH_LOAN,0.8573705320551143,134.0,0,0.0619892409424166,13909056.396311218,39,1,0.0,1,0.8474082271058335,0.03506055929309146,0.05452207651260876,APPROVE,39917500.383999996,POLICY_PASS,545.9593272282891,493.33001438482324,209.28426937407394,39.344774186416224,36.37939636399065,1324.2977815375934
APP-42-010723,2025-03-22 19:00:00,26,30908896.0,51,567,0.4166,36986994.0,24,0,Salaried,Rented,Mobile,0,0.10261468926933902,CASH_LOAN,0.801471059974728,168.0,1,0.05459221264297311,7344371.1296163015,44,1,0.0,1,0.9851629165381148,0.07926308649465116,0.06116245427744579,APPROVE,36986994.0,POLICY_PASS,504.21968951266723,295.04205991506626,259.25891282118704,46.22644646006839,44.385931215219095,1149.133039924208
APP-42-010724,2025-03-22 20:00:00,28,36389673.0,76,822,0.7543,45627407.0,24,0,Salaried,Rented,Partner,0,0.06043990225152707,BNPL,0.929706648301567,548.0,0,0.018428520062391675,4360930.357809628,28,1,0.0,0,,0.022988993432540145,0.038017822010500614,APPROVE,25000000.0,POLICY_PASS,573.9093227860689,365.6328274737801,286.67822464222394,25.82889408310714,52.47722598312934,1304.5264949683094
APP-42-010725,2025-03-22 21:00:00,31,20187818.0,83,560,0.5964,18007615.0,24,3,Salaried,Mortgage,Partner,0,0.2403900412482359,BUSINESS_LOAN,0.983658137829485,435.0,0,0.02072990794103739,9007208.3636022,42,1,57270036.84984181,2,0.928038154406747,0.018538839909583826,0.15220554663326002,REVIEW,18007615.0,CREDIT_OR_AFFORDABILITY,801.7850314160311,264.8652343181793,311.30437818723794,25.5169063172291,47.558675364632634,1451.0302256033099
APP-42-010726,2025-03-22 22:00:00,37,22236491.0,46,713,0.2414,128148827.0,36,1,Salaried,Rented,Partner,0,0.11735407438460428,CASH_LOAN,0.8803407660199859,174.0,2,0.048091039342235894,12292795.235497562,49,1,0.0,0,,0.1040364792297014,0.07414738832926229,APPROVE,53979526.63232,POLICY_PASS,592.2399886566254,403.18211396718243,255.07504383925968,22.751016215069498,46.645832117321476,1319.8939947954586
APP-42-010727,2025-03-22 23:00:00,34,10288502.0,61,732,0.2245,187564479.0,9,2,Salaried,Rented,Mobile,0,0.14303366454075594,CASH_LOAN,0.8012380593390148,771.0,2,0.025956547259209192,7222197.6439053295,49,1,0.0,1,0.9002378062631053,0.131549177277424,0.0863591689009998,APPROVE,25531946.5632,POLICY_PASS,653.4323299801869,353.0203695126922,240.0004137488163,39.47860828848935,43.24270850087422,1329.1744300310588
APP-42-010728,2025-03-23 00:00:00,25,31596707.0,23,544,0.056,69885903.0,6,1,Salaried,Rented,Branch,0,0.13314672718236753,CASH_LOAN,0.8656415521046109,317.0,0,0.015602431686071843,21606866.2449846,37,1,0.0,0,,0.029630082136093746,0.08465505413730771,APPROVE,69885903.0,POLICY_PASS,701.7296089148213,354.02550871199,154.6497140667877,24.351387694588396,25.086929224380683,1259.8431486125678
APP-42-010729,2025-03-23 01:00:00,25,36064519.0,35,608,0.1872,144655488.0,12,2,Salaried,Family,Partner,0,0.11644881911292325,CASH_LOAN,0.7738663293114235,290.0,0,0.1318378791537526,7778539.860622592,59,0,0.0,0,,0.059820356991281576,0.09358569468962823,APPROVE,70000000.0,POLICY_PASS,530.968503385369,181.2174062997645,230.0978102209726,16.570801491306717,31.64340565833004,990.4979270557429
APP-42-010730,2025-03-23 02:00:00,20,6434522.0,44,623,0.4433,21646858.0,24,0,Salaried,Rented,Mobile,0,0.14803432311792314,CASH_LOAN,0.9298169677149727,75.0,1,0.10010960386963705,3954237.219477896,50,1,0.0,0,,0.054428455743092956,0.09796704768062915,APPROVE,11462714.871679999,POLICY_PASS,701.4820698752641,328.22660868062724,229.79397104143027,18.923494264877743,67.72959903143303,1346.1557428936324
APP-42-010731,2025-03-23 03:00:00,20,47464970.0,52,850,0.3694,94209844.0,18,2,Salaried,Rented,Partner,0,0.07176536201644301,BNPL,0.9182799889065828,362.0,1,0.03920003752375452,26058787.666871015,42,1,0.0,2,0.7986920762913763,0.047917274982080454,0.044188750961926516,APPROVE,25000000.0,POLICY_PASS,401.4598857102701,334.322323100409,308.9800043511525,27.008596470652577,47.139392848175525,1118.9102024806596
APP-42-010732,2025-03-23 04:00:00,34,12243670.0,20,622,0.428,80937234.0,18,3,Self-employed,Owned,Branch,1,0.26685930749598746,BNPL,0.8520599153330376,76.0,0,0.04514884331157486,5927536.886934617,53,0,0.0,3,0.938877809991582,0.034118377483709654,0.20352323969128913,REVIEW,22410813.568000004,ENHANCED_DUE_DILIGENCE,586.9190154705333,362.79596404395767,267.63366336189614,37.791407180468745,50.957224089721564,1306.0972741465775
APP-42-010733,2025-03-23 05:00:00,56,24963600.0,45,558,0.2365,203131752.0,12,0,Contract,Rented,Mobile,1,0.20877030726330428,BNPL,0.8955341789346843,99.0,1,0.20621741226834242,3831978.1755337566,48,1,0.0,1,0.8228795368344518,0.08373939323094638,0.14924252011846975,REVIEW,25000000.0,CREDIT_OR_AFFORDABILITY,643.9727789685185,407.1626699200144,293.6687252637816,41.793410566586054,37.973323360492806,1424.5709080793933
APP-42-010734,2025-03-23 06:00:00,51,18784475.0,31,675,0.5345,85381286.0,36,3,Salaried,Owned,Branch,0,0.18379021931865278,CASH_LOAN,0.8482850018618381,447.0,1,0.09718023898027181,11676339.767185532,40,1,0.0,1,0.7940676461905676,0.07438140477041615,0.12387763255382381,REVIEW,27981353.960000005,CREDIT_OR_AFFORDABILITY,602.1296892597153,334.29007586241937,154.62093551562202,39.96241003219885,27.07616990647061,1158.0792805764263
APP-42-010735,2025-03-23 07:00:00,26,17412094.0,144,565,0.257,84070948.0,18,1,Salaried,Rented,Mobile,0,0.1525452330264425,BNPL,0.9728602169221452,302.0,0,0.2768533119235369,1598295.430015009,48,0,0.0,1,0.9770275725495174,0.04087695264988647,0.13053410323458473,REVIEW,25000000.0,CREDIT_OR_AFFORDABILITY,611.5924977418736,340.45390422557824,360.60567405340186,32.68836366503292,46.6715193369752,1392.011959022862
APP-42-010736,2025-03-23 08:00:00,36,16067312.0,54,636,0.1119,45628087.0,9,1,Salaried,Family,Partner,0,0.0837389415130475,CASH_LOAN,0.9649687539389151,157.0,1,0.02281331281575036,8525029.752179258,42,1,0.0,3,0.8800221638635516,0.03789046428955238,0.050044911943995206,APPROVE,45628087.0,POLICY_PASS,537.3087568216346,192.54333147492412,242.65248098630462,8.312323631394506,30.628657469353236,1011.445550383611
APP-42-010737,2025-03-23 09:00:00,22,10427660.0,76,607,0.2147,106063111.0,12,1,Self-employed,Mortgage,Mobile,0,0.1458400821551776,BUSINESS_LOAN,0.8932866725083485,41.0,0,0.015597945008480309,4353265.733896771,44,0,55467075.66237581,1,0.9110311744476064,0.02646758900453119,0.10743449110151591,APPROVE,30506891.614306696,POLICY_PASS,650.1908110299005,387.7641082066159,158.77964315874044,44.23423068608575,56.80407221474135,1297.772865296084
APP-42-010738,2025-03-23 10:00:00,23,24010162.0,76,677,0.262,23603937.0,12,2,Salaried,Family,Mobile,0,0.04205529030621314,CASH_LOAN,0.9179115024756134,167.0,0,0.06969085033584706,10879454.713410588,46,1,0.0,0,,0.028027107212944234,0.02632555823299445,APPROVE,23603937.0,POLICY_PASS,703.310306960844,114.56701411760625,308.69985010427456,34.89699289651722,54.758727815753296,1216.2328918949952
APP-42-010739,2025-03-23 11:00:00,24,15379680.0,56,600,0.2803,43784033.0,18,0,Contract,Owned,Partner,0,0.11646550393002188,CASH_LOAN,0.9838771038068198,137.0,0,0.08665886039229762,3495845.6368851317,44,1,0.0,1,0.8861194635542577,0.02248187829766981,0.07342864745350648,APPROVE,35420018.2272,POLICY_PASS,675.1112267091654,289.5351021473169,318.20587721628135,25.594042563333772,48.85444427601597,1357.3006929121134
APP-42-010740,2025-03-23 12:00:00,33,8759944.0,65,590,0.5599,47661239.0,12,2,Salaried,Family,Partner,0,0.2693204970968818,BNPL,0.962187551224017,145.0,0,0.07693174630973572,1713465.2559760516,41,1,0.0,0,,0.02388353785774886,0.18734207999027627,REVIEW,12336804.334080003,ENHANCED_DUE_DILIGENCE,480.00994168187,269.28209921373787,224.67015938959324,35.62317367711849,38.0542691813833,1047.6396431437029
APP-42-010741,2025-03-23 13:00:00,33,10187069.0,62,718,0.3037,16031992.0,12,0,Salaried,Rented,Partner,0,0.07186169512814612,CASH_LOAN,0.9663187111018161,580.0,0,0.09207985236458494,3827375.0426127,47,1,0.0,0,,0.02454731850544945,0.046160212361899045,APPROVE,16031992.0,POLICY_PASS,518.5497424878266,280.14040813403557,220.25346690532103,25.779471125237027,57.608628121615496,1102.3317167740358
APP-42-010742,2025-03-23 14:00:00,37,8842117.0,62,661,0.3966,83837485.0,24,6,Salaried,Rented,Mobile,0,0.30138157165666335,CASH_LOAN,0.93138955915033,333.0,0,0.10118991825698484,3059432.102626137,46,0,0.0,2,0.7503831648613317,0.029077939789742206,0.25313715956385513,REVIEW,17073066.872959998,ENHANCED_DUE_DILIGENCE,356.11725163087993,394.8983361767039,334.6073773278962,19.991393322353538,49.89089545424612,1155.50525391208
APP-42-010743,2025-03-23 15:00:00,41,13488628.0,103,642,0.1969,20394873.0,24,2,Salaried,Mortgage,Branch,0,0.06989917287095618,CASH_LOAN,0.9208747184492204,72.0,1,0.0096847422009844,5999179.491740632,30,1,0.0,0,,0.04357913416152434,0.04368946777580298,APPROVE,20394873.0,POLICY_PASS,694.2616105331356,249.93266328103698,275.1394439281354,28.489327461651854,44.465883902862,1292.2889291068218
APP-42-010744,2025-03-23 16:00:00,32,23504135.0,53,501,0.3141,116692384.0,12,1,Contract,Family,Branch,0,0.15177241626148755,CASH_LOAN,0.9421607825893614,522.0,2,0.1591774622750626,13938413.818965353,37,0,0.0,0,,0.1111011008024586,0.13006504842515343,REVIEW,51588755.8288,CREDIT_OR_AFFORDABILITY,545.6325138097892,116.79363100535176,256.2764591960781,25.132778419979285,36.025598265465504,979.860980696664
APP-42-010745,2025-03-23 17:00:00,35,12173444.0,30,685,0.1581,28955892.0,36,1,Self-employed,Owned,Mobile,0,0.06344815023377107,BUSINESS_LOAN,0.7637407777234786,29.0,1,0.014112352867710194,1994909.598086931,66,1,54993830.63005846,1,0.8694757646619228,0.08200782419017585,0.035769309924606446,APPROVE,28955892.0,POLICY_PASS,449.1062006835942,275.96614668713886,280.26173188494977,29.832579051523098,42.24692171621732,1077.413580023423
APP-42-010746,2025-03-23 18:00:00,25,30779984.0,78,606,0.2484,52874377.0,18,0,Salaried,Rented,Mobile,0,0.07005992486493234,CASH_LOAN,0.9542229276601406,156.0,1,0.10813640153489418,12709796.81980147,41,1,0.0,0,,0.05053046169659041,0.046015597692256945,APPROVE,52874377.0,POLICY_PASS,433.37720506101755,279.764510599513,222.49134275701954,29.26752805169913,48.26215394456498,1013.1627404138142
APP-42-010747,2025-03-23 19:00:00,23,16857637.0,27,660,0.1385,93910437.0,9,1,Salaried,Rented,Mobile,1,0.1259377954724996,CASH_LOAN,0.9036384235479413,239.0,0,0.06934949468156956,11825574.528628014,42,1,0.0,0,,0.029677684664434247,0.08208486226390932,APPROVE,46473133.681600004,POLICY_PASS,541.660871886794,462.89372993715307,229.07413527470862,39.09856824012884,25.119795935713046,1297.8471012744974
APP-42-010748,2025-03-23 20:00:00,22,15351283.0,48,507,0.3914,227953312.0,12,2,Self-employed,Rented,Mobile,0,0.4405291467911283,CASH_LOAN,0.9372715735820175,130.0,1,0.09580768762104806,2219689.4128321796,45,1,0.0,1,0.948232498872555,0.052197203163992005,0.31829273946150766,REVIEW,29896930.668160006,ENHANCED_DUE_DILIGENCE,519.4213875017276,291.7143549531221,294.7810990221203,21.662811424321376,21.561671969668495,1149.1413248709598
APP-42-010749,2025-03-23 21:00:00,41,18166745.0,39,660,0.5442,39505669.0,36,0,Salaried,Mortgage,Mobile,0,0.12567502213786536,CASH_LOAN,0.8950989244155652,92.0,1,0.02876641162279553,9871201.008724604,48,1,0.0,0,,0.051022603112626484,0.07876996949387288,APPROVE,26497287.5872,POLICY_PASS,585.2613572895309,262.49392789384797,177.57087531148625,31.779226365566945,37.14302132535887,1094.248408185791
APP-42-010750,2025-03-23 22:00:00,32,38772335.0,46,654,0.5771,36252874.0,24,0,Salaried,Rented,Mobile,0,0.09871331765036681,CASH_LOAN,0.9560741402083374,492.0,1,0.0475280149428523,28371650.248523843,44,0,0.0,2,0.7953101042775591,0.04217136919424117,0.0756795708943948,APPROVE,36252874.0,POLICY_PASS,668.4017710927942,245.73115939502313,215.59434009611488,23.221567904616663,62.677420721868536,1215.6262592104174
APP-42-010751,2025-03-23 23:00:00,20,8466655.0,68,623,0.4644,113222292.0,24,4,Salaried,Mortgage,Partner,1,0.3924559205409191,BNPL,0.8408071832539901,255.0,0,0.042736473394431825,1716258.4521009095,42,1,0.0,2,0.6389562855379795,0.035462231910420604,0.28892001488552577,REVIEW,14511169.337600002,ENHANCED_DUE_DILIGENCE,623.4261980413414,246.55245021981315,290.00499583561793,21.882382657676985,57.51068572203633,1239.3767124764859
APP-42-010752,2025-03-24 00:00:00,34,44762628.0,65,576,0.492,64929301.0,12,1,Self-employed,Mortgage,Partner,0,0.11817593239566315,CASH_LOAN,0.9158487756233553,626.0,1,0.03999203477861382,3622312.0146298558,40,0,0.0,0,,0.04849479182316088,0.0923876478901585,APPROVE,64929301.0,POLICY_PASS,667.455477142986,246.43666790439534,94.08585271314126,18.80290557305727,42.03341873784404,1068.8143220714237
APP-42-010753,2025-03-24 01:00:00,24,30522369.0,46,724,0.3783,82973981.0,12,1,Salaried,Owned,Mobile,0,0.04517795203662267,CASH_LOAN,0.9157446261945471,421.0,0,0.09038635050679587,6223659.292954728,41,1,0.0,1,0.9723417004496393,0.03003290953952047,0.02720351904626326,APPROVE,60722421.78336,POLICY_PASS,564.1312858934327,296.74028093501533,350.6453957748018,43.38060638733485,47.26365558726002,1302.1612245778447
APP-42-010754,2025-03-24 02:00:00,50,17786873.0,36,586,0.2983,72027484.0,18,0,Self-employed,Rented,Mobile,1,0.20187470235383034,CASH_LOAN,0.9102433448947623,252.0,1,0.09834990064004528,4207810.818048817,32,1,0.0,0,,0.058526181040511965,0.14065553581599588,REVIEW,39939356.109120004,CREDIT_OR_AFFORDABILITY,678.8555482120701,340.7578876127423,320.38572079539165,38.50195512108295,52.01046177145385,1430.5115735127408
APP-42-010755,2025-03-24 03:00:00,30,34502641.0,85,706,0.6715,54052406.0,24,2,Salaried,Mortgage,Mobile,0,0.1067008770209147,CASH_LOAN,0.9301259002932745,67.0,1,0.06271472851743781,18801678.51526008,59,1,0.0,1,0.9218258625283973,0.04887476201481748,0.06342307985418759,APPROVE,36269176.21920001,POLICY_PASS,718.0271070097795,247.5458167865852,220.28948140713388,31.088200160384023,50.04211450481981,1266.9927198687026
APP-42-010756,2025-03-24 04:00:00,41,15074607.0,70,715,0.1056,48817319.0,24,0,Salaried,Owned,Partner,0,0.05886548609594832,CASH_LOAN,0.9297651547849385,255.0,0,0.0782543400920154,4336600.16845428,53,1,0.0,1,0.9301317823972016,0.027378136244818805,0.03495275006451438,APPROVE,43144731.20256001,POLICY_PASS,612.3828026946335,365.4654157865773,249.15327569228458,8.0,29.7594544803685,1264.7609486538638
APP-42-010757,2025-03-24 05:00:00,45,21062514.0,20,580,0.3998,167015486.0,36,2,Salaried,Rented,Mobile,0,0.2907812394131908,CASH_LOAN,0.9775470616455616,253.0,0,0.034971099014758575,13420040.953936886,39,1,0.0,0,,0.019825058252526846,0.19966898780486733,REVIEW,40453506.888960004,CREDIT_OR_AFFORDABILITY,907.9264430187591,182.554908602463,244.28856042136337,25.143543486980636,35.92538331855777,1395.838838848124
APP-42-010758,2025-03-24 06:00:00,26,13364391.0,22,694,0.4234,23788810.0,12,0,Salaried,Rented,Partner,0,0.08711632558547329,BUSINESS_LOAN,0.9338870661049882,63.0,0,0.017770453539137844,4001407.9746206305,47,0,55157161.28292227,0,,0.02255435926503683,0.06567927625410001,APPROVE,23788810.0,POLICY_PASS,765.5772354900454,294.8577185329355,262.41694523698584,33.64157772293481,33.70362602465304,1390.1971030075545
APP-42-010759,2025-03-24 07:00:00,36,30628566.0,39,609,0.1719,21935775.0,12,0,Contract,Rented,Partner,0,0.0709279656354214,CASH_LOAN,0.9363879450768271,107.0,1,0.11341389148073765,16547934.719244935,41,1,0.0,0,,0.055065735830340704,0.04677682974540971,APPROVE,21935775.0,POLICY_PASS,505.55153476331645,324.8380125564961,225.2264379316207,29.304987152469263,45.42177357640128,1130.3427459803038
APP-42-010760,2025-03-24 08:00:00,40,12199332.0,15,686,0.3177,30501256.0,24,0,Salaried,Rented,Mobile,1,0.0870982117084584,CASH_LOAN,0.9787372827665747,128.0,0,0.026451100392291604,2849641.0253025014,36,1,0.0,2,0.8804764515557026,0.019239868848299025,0.052855166146969286,APPROVE,26635533.515520003,POLICY_PASS,575.4413402453184,150.13419916887392,200.35192247877123,35.04175367478348,50.336384321979665,1011.3055998897269
APP-42-010761,2025-03-24 09:00:00,36,17498575.0,24,573,0.3327,171818441.0,24,0,Salaried,Family,Partner,0,0.19500519923193083,CASH_LOAN,0.9363401295582385,36.0,0,0.02354364352727682,7057075.274824721,40,1,0.0,1,0.806413648608297,0.022709566446790803,0.12541996778196163,REVIEW,37365757.112,CREDIT_OR_AFFORDABILITY,569.125682777365,197.40662931851153,110.31856951589344,44.250623595784546,42.836741153330806,963.9382463608852
APP-42-010762,2025-03-24 10:00:00,38,26151279.0,57,632,0.0492,213231665.0,24,2,Salaried,Rented,Branch,0,0.17891695835355784,CASH_LOAN,0.9218647238068579,199.0,0,0.2957471838703643,8277044.721471471,38,1,0.0,2,0.7936957350151063,0.05292059839414083,0.13752495714684246,REVIEW,70000000.0,CREDIT_OR_AFFORDABILITY,500.3474190582865,288.31288695609015,278.9974773820327,32.97831176095778,46.52386754772001,1147.159962705087
APP-42-010763,2025-03-24 11:00:00,23,32036506.0,65,646,0.609,102090985.0,6,4,Contract,Owned,Partner,1,0.3131497315747472,BNPL,0.9754986347017912,19.0,0,0.16884779379880596,16108993.789529629,38,1,0.0,2,0.9262374003570645,0.029582285747274086,0.22571441274753662,REVIEW,25000000.0,ENHANCED_DUE_DILIGENCE,270.2799453558096,350.652159814233,163.7205845183232,33.377694193484075,41.33943910415117,859.3698229860012
APP-42-010764,2025-03-24 12:00:00,40,11458554.0,48,638,0.221,16824761.0,12,0,Salaried,Owned,Partner,0,0.0774086158284163,CASH_LOAN,0.9283452598056859,182.0,0,0.03933122905038782,2419716.008706867,43,1,0.0,1,0.9022404229447066,0.02457709044522773,0.046297577996999136,APPROVE,16824761.0,POLICY_PASS,661.3671346297464,300.65338639406315,159.23499767408225,38.30131680725857,64.33758435500289,1223.8944198601534
APP-42-010765,2025-03-24 13:00:00,31,27237584.0,48,667,0.1386,86842175.0,12,1,Salaried,Rented,Mobile,0,0.061209991800879236,CASH_LOAN,0.907235773658684,276.0,2,0.09424831611524082,9544243.686796386,39,1,0.0,0,,0.10643873854287912,0.03982597743627307,APPROVE,70000000.0,POLICY_PASS,765.7356524803075,273.88349188425843,306.18764990939167,34.521950392579406,47.238051127822686,1427.5667957943597
APP-42-010766,2025-03-24 14:00:00,38,10488506.0,39,582,0.2234,53425838.0,36,0,Self-employed,Rented,Partner,0,0.15372430345003843,BUSINESS_LOAN,0.9077727259046736,251.0,0,0.06295235089588101,6366554.379854251,51,1,29831529.989565507,0,,0.028642904891506973,0.09926034086116141,APPROVE,16407341.49426103,POLICY_PASS,692.6984718030006,387.57486635491034,267.689219610111,24.74525098559701,25.36456530094305,1398.072374054562
APP-42-010767,2025-03-24 15:00:00,43,5516203.0,34,600,0.1316,30622627.0,12,4,Salaried,Rented,Branch,0,0.20438391260631972,BUSINESS_LOAN,0.8985785491257828,25.0,0,0.11397905822503288,2933547.750462607,39,1,29418780.9105956,3,0.9219411205604117,0.03448648033469699,0.13608265268322353,APPROVE,16180329.50082758,POLICY_PASS,517.1653127748286,270.4779940236207,370.33891975129944,8.73089215326381,45.71701666895751,1212.43013537197
APP-42-010768,2025-03-24 16:00:00,41,11928575.0,75,691,0.2994,145174596.0,24,0,Salaried,Rented,Mobile,0,0.14797802619903203,BNPL,0.8011009421642491,484.0,2,0.011021934927174116,1963562.3516753556,47,1,0.0,0,,0.12657821651358434,0.09268508126831017,APPROVE,25000000.0,POLICY_PASS,746.1617608678728,165.62598271033394,221.04026214152432,36.66638685335886,48.890824993257475,1218.3852175663474
APP-42-010769,2025-03-24 17:00:00,38,28486627.0,78,610,0.6987,141072587.0,12,1,Salaried,Owned,Branch,0,0.18430492063919623,BUSINESS_LOAN,0.8858884127087869,596.0,1,0.18293921706608454,16429259.85482524,46,1,111530001.41485281,1,0.7965274467079583,0.08151685972112034,0.12997239427420185,APPROVE,61341500.77816905,POLICY_PASS,611.7658504973756,253.83427441279457,399.6311299823602,38.472684186575954,73.35239355564204,1377.0563326347483
APP-42-010770,2025-03-24 18:00:00,41,17879458.0,47,604,0.2165,37293248.0,24,0,Salaried,Rented,Partner,1,0.11596039875751567,BNPL,0.9487487976284927,315.0,1,0.15814620364113893,4984806.11570421,37,1,0.0,1,0.8942706930528386,0.05950721905416956,0.0776348564624462,APPROVE,25000000.0,POLICY_PASS,850.3413085635791,317.6238248795721,243.34457331677348,23.17320026552809,40.34626145471676,1474.8291684801695
APP-42-010771,2025-03-24 19:00:00,41,13411638.0,24,579,0.4208,109709822.0,24,1,Self-employed,Owned,Mobile,0,0.20285608220343426,BNPL,0.8817056016738476,347.0,1,0.036827163214140604,7049724.004858987,29,0,0.0,1,0.7006854171350921,0.05506082706548974,0.16671030953815888,REVIEW,24857666.33472,CREDIT_OR_AFFORDABILITY,518.9164085993739,278.046540120016,331.6011046669689,27.33493379821748,54.63800842230951,1210.5369956068857
APP-42-010772,2025-03-24 20:00:00,48,18557701.0,34,607,0.3234,38816592.0,24,0,Self-employed,Rented,Branch,0,0.10968651639149811,CASH_LOAN,0.9213302896582584,148.0,0,0.02151077894731392,2090571.0070447265,51,0,0.0,1,0.7826336382089204,0.02400829059586852,0.08206581171397791,APPROVE,38816592.0,POLICY_PASS,401.30349073531124,273.8737256439561,250.37098576128344,38.2881184463994,30.69293351104752,994.5292540979976
APP-42-010773,2025-03-24 21:00:00,35,18223128.0,49,566,0.5685,60091408.0,36,4,Salaried,Mortgage,Partner,0,0.32853518432088663,BNPL,0.9309198222114851,219.0,0,0.04640983898012989,7029564.836393853,41,1,0.0,1,0.6452512384157832,0.0248281956495258,0.23584683223230773,REVIEW,25000000.0,ENHANCED_DUE_DILIGENCE,585.2418620466408,303.3237562348491,399.04524735376094,37.528463477249154,50.41169135762884,1375.5510204701288
APP-42-010774,2025-03-24 22:00:00,36,25340805.0,46,693,0.4791,23506690.0,18,2,Salaried,Family,Mobile,0,0.07003659128291045,BUSINESS_LOAN,0.9838002011626981,115.0,0,0.01990719366806731,17102221.58473461,50,1,117782348.67040034,1,0.9106997666044264,0.018483157457208257,0.04052734297051372,APPROVE,23506690.0,POLICY_PASS,745.5493752338886,386.46849187173586,210.07960159249018,37.28366693780708,24.616565077577405,1403.9977007134992
APP-42-010775,2025-03-24 23:00:00,43,7418162.0,71,608,0.5918,34292041.0,18,0,Salaried,Owned,Branch,0,0.1696606139504441,BNPL,0.8881302174847534,196.0,0,0.15705568635461034,1873811.6949903711,52,1,0.0,1,0.9886859212775183,0.04073890141799121,0.10998948816641811,REVIEW,9689899.93088,CREDIT_OR_AFFORDABILITY,558.8637451933635,206.56802764854973,263.3719229976861,36.177657925804645,40.25371355938105,1105.2350673247852
APP-42-010776,2025-03-25 00:00:00,31,17014699.0,33,562,0.3252,22266033.0,24,2,Self-employed,Family,Mobile,0,0.11509371273809353,CASH_LOAN,0.7745280464539313,194.0,1,0.09776283651949773,2781620.8880284177,39,1,0.0,0,,0.09888019200162862,0.07660371362809454,APPROVE,22266033.0,POLICY_PASS,665.337104951113,301.88349600367917,298.43261629219353,35.71608347256295,34.04006530905286,1335.4093660286014
APP-42-010777,2025-03-25 01:00:00,23,19273368.0,66,625,0.1327,42251885.0,6,1,Salaried,Owned,Partner,0,0.08548358904895517,CASH_LOAN,0.9723167779555889,589.0,1,0.024895636157783313,13760512.894482205,46,1,0.0,0,,0.03700327606121123,0.052730017014427685,APPROVE,42251885.0,POLICY_PASS,778.8867586854586,252.57840669471977,290.68033081552693,24.165665059128592,22.492310039050654,1368.8034712938845
APP-42-010778,2025-03-25 02:00:00,39,8494494.0,50,539,0.1705,18235526.0,36,0,Self-employed,Mortgage,Mobile,1,0.12518501316003625,BNPL,0.8581905669386864,182.0,2,0.05538339006188428,3757758.7784432336,44,0,0.0,1,0.8323479690783182,0.11524502677349988,0.0961819358842805,APPROVE,18235526.0,POLICY_PASS,798.0777151972512,180.07006600489956,204.91039828679493,38.063396585062804,59.03839162022304,1280.1599676942317
APP-42-010779,2025-03-25 03:00:00,33,8430672.0,141,578,0.3743,326033665.0,24,0,Self-employed,Mortgage,Branch,0,0.25716167364523806,BUSINESS_LOAN,0.920789161606703,162.0,1,0.06945897907100773,2376451.88068582,44,1,41144764.09087523,1,0.630811532426919,0.051713512797622097,0.18154383754442546,REVIEW,22629620.249981377,CREDIT_OR_AFFORDABILITY,617.612527198799,446.34701481891125,263.00511562533217,20.15013119673393,57.31561761266397,1404.4304064524404
APP-42-010780,2025-03-25 04:00:00,24,14728467.0,49,738,0.1545,38715879.0,36,1,Salaried,Rented,Mobile,0,0.04778600495519411,CASH_LOAN,0.865495798765321,308.0,0,0.08509295766126546,5327860.247335637,48,1,0.0,1,0.7501831873973216,0.03627058504712662,0.030198703195325326,APPROVE,38715879.0,POLICY_PASS,655.2757113309518,262.8587452369287,272.2760905216632,32.853938129967275,44.23301900919759,1267.4975042287085
APP-42-010781,2025-03-25 05:00:00,40,18084589.0,35,562,0.347,70717088.0,12,1,Salaried,Mortgage,Mobile,1,0.153638444090282,CASH_LOAN,0.8502028448603351,87.0,0,0.0546927530841599,6144514.036100147,48,1,0.0,0,,0.03533954153222075,0.09918393836455898,APPROVE,37789557.1744,POLICY_PASS,602.8172525039258,250.41547192611785,218.43753438640863,38.892330409314205,49.87693414094561,1160.439523366712
APP-42-010782,2025-03-25 06:00:00,48,18119652.0,101,630,0.3121,80586240.0,24,0,Salaried,Mortgage,Mobile,0,0.11009145609858023,CASH_LOAN,0.9198703507417823,18.0,0,0.008680763693530748,3200645.5795152425,53,1,0.0,3,0.9729682070453755,0.023261639610199145,0.06290334151995167,APPROVE,39886427.55456,POLICY_PASS,550.8977595685991,320.1045997711791,226.4745791190835,39.95499901163625,65.79828564457583,1203.2302231150738
APP-42-010783,2025-03-25 07:00:00,20,13255070.0,47,799,0.11,20115709.0,18,1,Salaried,Mortgage,Mobile,0,0.03106371887362994,BNPL,0.8741187897998479,594.0,0,0.08299250091320816,6311519.226344684,40,1,0.0,2,0.9193869111879243,0.03481332157319988,0.018821953546370812,APPROVE,20115709.0,POLICY_PASS,736.9254572604468,496.9485014026852,214.83209679124897,38.93644663650194,26.601718620423398,1514.244220711306
APP-42-010784,2025-03-25 08:00:00,44,12959612.0,65,658,0.239,78977209.0,36,1,Salaried,Owned,Mobile,0,0.08957515402978405,CASH_LOAN,0.8746424767020888,278.0,0,0.1413023527824281,1966287.7574071975,61,1,0.0,0,,0.041107383412898164,0.05842244298984968,APPROVE,31559247.142400004,POLICY_PASS,600.5049572523124,320.2650321185416,290.0006515632853,23.03421947152318,61.24454066843205,1295.0494010740945
APP-42-010785,2025-03-25 09:00:00,20,14483713.0,17,603,0.1788,35241196.0,6,2,Salaried,Rented,Mobile,0,0.16706587983103052,BNPL,0.8576353206642148,64.0,0,0.0026418714794940734,10702329.894238716,39,1,0.0,1,0.6394618421638867,0.029479347982744028,0.10964001248288528,REVIEW,25000000.0,CREDIT_OR_AFFORDABILITY,459.570302341493,301.0208500027306,227.71641089221862,41.5886357535623,69.6769346656019,1099.5731336556064
APP-42-010786,2025-03-25 10:00:00,31,21211823.0,89,497,0.1392,64717274.0,24,1,Self-employed,Rented,Mobile,0,0.1501531464182686,CASH_LOAN,0.9183619405536132,133.0,1,0.01828312816020209,5242577.577979646,46,0,0.0,1,0.833586386232112,0.04511953922122447,0.11286908257666066,APPROVE,58429239.16288,POLICY_PASS,720.6140282784693,283.28216040606605,327.3155138624709,25.960708661856472,56.342679606820155,1413.5150908156827
APP-42-010787,2025-03-25 11:00:00,52,35691527.0,34,652,0.1614,54321872.0,12,1,Self-employed,Owned,Partner,0,0.049525534327810775,BNPL,0.813105398399114,300.0,1,0.054545026046455634,13991250.598291405,49,1,0.0,2,0.8376462678338762,0.07575956126440477,0.029803926945856065,APPROVE,25000000.0,POLICY_PASS,732.9501055390484,382.260513946777,149.78119220354333,48.85253610425771,27.03942265676495,1340.8837704503915
APP-42-010788,2025-03-25 12:00:00,32,5307673.0,26,585,0.6341,46220941.0,24,0,Salaried,Family,Mobile,1,0.19557377098669143,CASH_LOAN,0.9124875033304354,207.0,0,0.10786664980561884,2173996.0751503357,47,1,0.0,2,0.6697451067386935,0.032020097750254696,0.1360825944221991,REVIEW,6214648.16224,CREDIT_OR_AFFORDABILITY,716.0015166344349,329.9702116751808,345.51156907401287,42.59597893816239,43.34901675587436,1477.4282930776653
APP-42-010789,2025-03-25 13:00:00,36,25356191.0,80,680,0.2337,33853707.0,12,0,Salaried,Owned,Branch,0,0.03908212781835103,CASH_LOAN,0.959757743824173,177.0,0,0.1457683928457088,7212952.510313306,57,1,0.0,0,,0.029492665762942065,0.02528589735440291,APPROVE,33853707.0,POLICY_PASS,717.2784612237849,420.22225220272423,217.63327082271206,30.563171237024434,58.55049502343472,1444.2476505096804
APP-42-010790,2025-03-25 14:00:00,42,16932559.0,32,591,0.2014,128821605.0,12,2,Salaried,Rented,Partner,0,0.29758710980107644,CASH_LOAN,0.9117023618103939,193.0,0,0.051492609987451206,9285906.283895278,50,0,0.0,1,0.9289723307771642,0.02726064478602856,0.2316733349548721,REVIEW,43271493.175680004,ENHANCED_DUE_DILIGENCE,647.088385295571,313.1475786916399,355.16389579606755,26.479650178714497,36.72940437607209,1378.608914338065
APP-42-010791,2025-03-25 15:00:00,20,24035190.0,29,660,0.1779,145314767.0,12,2,Salaried,Mortgage,Partner,0,0.1744623150631268,CASH_LOAN,0.9861996513875744,311.0,0,0.1996746563409907,16101097.642428922,52,1,0.0,0,,0.030977864122796416,0.12416458985489101,REVIEW,63229855.036800005,CREDIT_OR_AFFORDABILITY,393.21604573541174,433.619967707442,250.87573343333577,35.541728915825345,45.99581473071549,1159.2492905227302
APP-42-010792,2025-03-25 16:00:00,36,34550451.0,24,744,0.4223,83623567.0,12,3,Salaried,Mortgage,Mobile,0,0.08310195949086371,BNPL,0.9248385838334127,372.0,0,0.04475762247570184,25348122.488012284,38,0,0.0,1,0.7576815425403691,0.0253314888385534,0.06472674560894559,APPROVE,25000000.0,POLICY_PASS,670.7125860991908,310.3747805970015,336.60087054326317,26.896267417246015,43.994883891414986,1388.5793885481164
APP-42-010793,2025-03-25 17:00:00,36,11882330.0,39,688,0.163,71395952.0,24,4,Salaried,Rented,Mobile,0,0.1909025583895196,BNPL,0.862149949656437,399.0,1,0.22016389517288143,8011325.677897354,45,1,0.0,1,0.9362672113467063,0.0988081473955186,0.1335517355038048,REVIEW,25000000.0,CREDIT_OR_AFFORDABILITY,655.0236409832158,314.8587317197839,209.15231740588828,33.531160379015034,36.89910954033651,1249.4649600282396
APP-42-010794,2025-03-25 18:00:00,52,30257356.0,32,545,0.3612,30709783.0,24,0,Salaried,Rented,Partner,0,0.15078171632347276,CASH_LOAN,0.8766491197897733,87.0,1,0.11398268486218403,18191202.127635628,48,1,0.0,1,0.8421257667395813,0.06978619488354229,0.09871062625589283,APPROVE,30709783.0,POLICY_PASS,607.2104642531297,191.32250306270487,259.6236293738075,43.57940262041055,37.644018216741834,1139.3800175267943
APP-42-010795,2025-03-25 19:00:00,24,9030865.0,75,646,0.4462,75834888.0,12,2,Salaried,Family,Mobile,0,0.19813635378455693,CASH_LOAN,0.8435160839599951,213.0,0,0.05796306466601141,3375156.5382830948,55,1,0.0,1,0.9251426820841211,0.036654413827395003,0.12324496915477391,REVIEW,16004137.718400002,CREDIT_OR_AFFORDABILITY,805.6693228915902,400.6334919123294,290.0578139334557,26.6998430324156,47.418467606350376,1570.4789393761414
APP-42-010796,2025-03-25 20:00:00,32,19308614.0,34,709,0.349,42620422.0,6,0,Self-employed,Owned,Branch,0,0.062457224066781336,CASH_LOAN,0.8607443092484199,318.0,0,0.08002369751482266,4110583.2262513097,29,1,0.0,0,,0.03643693413982709,0.041021878916483664,APPROVE,40223704.6848,POLICY_PASS,840.2283303099803,282.70256089023735,339.2742616086309,36.903632574851635,42.68786825373591,1541.7966536374358
APP-42-010797,2025-03-25 21:00:00,27,15752318.0,37,531,0.4744,17464490.0,24,3,Salaried,Owned,Mobile,0,0.24233635096272824,CASH_LOAN,0.9572004447637352,227.0,0,0.015909774245426875,2968875.4571216796,41,1,0.0,1,0.9766166599220316,0.020381959988584684,0.15148957265909294,REVIEW,17464490.0,CREDIT_OR_AFFORDABILITY,278.9067056394018,296.7381896614458,357.8382244859989,33.29607493929608,50.04211657557448,1016.8213113017171
APP-42-010798,2025-03-25 22:00:00,26,18464048.0,35,761,0.1123,39714992.0,24,0,Self-employed,Rented,Branch,0,0.04148029179113413,CASH_LOAN,0.890068076243479,139.0,0,0.08610219939030128,5744155.334789472,45,1,0.0,0,,0.032927053236839185,0.026324063371128487,APPROVE,39714992.0,POLICY_PASS,567.2399225986833,321.5180959636634,218.29594000794415,32.74215204309233,60.026880156341065,1199.8229907697244
APP-42-010799,2025-03-25 23:00:00,45,10447920.0,68,650,0.1906,49950273.0,24,0,Salaried,Family,Mobile,0,0.0642281813788444,BNPL,0.8108650907321312,222.0,1,0.21904732758211565,5930831.7992749065,53,1,0.0,0,,0.11936140653525948,0.044546858313822026,APPROVE,25000000.0,POLICY_PASS,728.3277847089639,187.3741044930968,101.52457012143674,38.21368184277374,42.179170769062225,1097.6193119353334
APP-42-010800,2025-03-26 00:00:00,35,22889028.0,78,682,0.3895,103647143.0,12,1,Self-employed,Mortgage,Mobile,0,0.09811390710145103,CASH_LOAN,0.9887562308733258,258.0,0,0.07449996381758028,12349734.567385485,44,1,0.0,0,,0.02126337904712681,0.06324035337996384,APPROVE,44716005.10080001,POLICY_PASS,669.9980128173057,387.65462877799786,239.22995028312593,25.216388823286145,36.385658541282794,1358.4846392429984
APP-42-010801,2025-03-26 01:00:00,30,43070132.0,50,615,0.1417,63289321.0,24,1,Self-employed,Rented,Partner,0,0.07475470353249655,CASH_LOAN,0.8959150034500363,393.0,0,0.010686743055477736,3909407.143103344,47,0,0.0,1,0.8429115152514166,0.025811547835662783,0.054438610959029195,APPROVE,63289321.0,POLICY_PASS,470.7115258493997,338.13110430710884,225.77651285303466,32.05932874496503,40.87856327255975,1107.5570350270682
APP-42-010802,2025-03-26 02:00:00,30,10547095.0,48,643,0.2596,50878749.0,24,2,Salaried,Mortgage,Partner,0,0.12958646009693314,BNPL,0.944108107217744,798.0,1,0.09874702482565917,7486803.6164224455,42,1,0.0,0,,0.05122164706552414,0.08630889751847122,APPROVE,24989021.2416,POLICY_PASS,544.4247693054068,360.01633513182736,222.748745906834,33.20215341989928,52.21770379159555,1212.609707555563
APP-42-010803,2025-03-26 03:00:00,30,19978902.0,53,576,0.2869,51600151.0,18,1,Salaried,Rented,Mobile,1,0.10927067882068725,CASH_LOAN,0.9547422049099935,268.0,0,0.1480439762703665,5603937.098757797,48,1,0.0,0,,0.030301577877286715,0.07390615159362149,APPROVE,45590256.05184001,POLICY_PASS,545.863415718084,335.75429118531406,344.40518259934436,20.32515017030717,39.31573299653295,1285.6637726695824
APP-42-010804,2025-03-26 04:00:00,31,28820933.0,56,751,0.3792,102575192.0,12,2,Salaried,Mortgage,Branch,0,0.06100949732371472,BNPL,0.7927785211807571,308.0,0,0.03248082117346157,11707969.210448675,54,1,0.0,1,0.9438658793125229,0.04179731091957411,0.03487205227459613,APPROVE,25000000.0,POLICY_PASS,817.3461553689617,339.5403959169991,264.58416715826195,26.853464246999415,52.185980199759854,1500.510162890982
APP-42-010805,2025-03-26 05:00:00,24,15289470.0,71,769,0.2902,28821349.0,9,3,Salaried,Rented,Partner,0,0.10950203083146816,BUSINESS_LOAN,0.8748511714035974,82.0,0,0.04288063546865895,6529268.76005715,58,1,79079418.06587732,1,0.8658341794516615,0.030896365110899233,0.06541032244223265,APPROVE,28821349.0,POLICY_PASS,407.56597979927136,350.86970298631024,243.66099893050907,35.121663184789234,24.14291945462903,1061.3612643555089
APP-42-010806,2025-03-26 06:00:00,33,38038084.0,69,795,0.3105,60763957.0,6,0,Self-employed,Rented,Mobile,0,0.03565072537827302,CASH_LOAN,0.9043849166603856,64.0,0,0.009011214057586652,4716652.563992003,47,0,0.0,0,,0.024810060929066565,0.026341226628359297,APPROVE,60763957.0,POLICY_PASS,607.9283780209635,374.9148724628112,122.5042482568351,51.91758835393591,41.62047004711987,1198.8855571416657
APP-42-010807,2025-03-26 07:00:00,32,14211382.0,5,513,0.0584,116630912.0,24,0,Contract,Owned,Mobile,0,0.19923183813119966,CASH_LOAN,0.938069344702062,131.0,1,0.05290565151765181,5069111.435906389,34,0,0.0,1,0.7890519690766505,0.046037227161329165,0.1602810172542736,REVIEW,42820599.33184001,CREDIT_OR_AFFORDABILITY,588.0979105472079,241.71634710965716,273.967654624771,13.221036309031,62.30010907408162,1179.3030576647486
APP-42-010808,2025-03-26 08:00:00,28,16884730.0,28,664,0.5389,59623166.0,18,1,Salaried,Rented,Partner,0,0.1582502927234173,BUSINESS_LOAN,0.9354866834663901,464.0,4,0.08603768566829145,3035968.1754864193,50,1,95849626.1929461,1,0.7775043498313253,0.27469497035937074,0.10339787045453193,REVIEW,52717294.40612036,ENHANCED_DUE_DILIGENCE,802.958213183787,253.3875549518463,254.76293020656877,26.650558093047636,42.613871471896644,1380.3731279071465
APP-42-010809,2025-03-26 09:00:00,36,10424272.0,13,671,0.257,49247660.0,12,1,Salaried,Rented,Mobile,1,0.0817248425888381,CASH_LOAN,0.8443550201284499,345.0,0,0.06674213723990706,4612803.932328269,38,1,0.0,0,,0.037468555543173014,0.05264600603824589,APPROVE,24784749.1072,POLICY_PASS,699.0837594960726,161.6813283122433,150.14898952896516,31.34009858287718,59.51187112176383,1101.7660470419219
APP-42-010810,2025-03-26 10:00:00,37,19297903.0,58,589,0.4396,49026355.0,24,2,Contract,Rented,Mobile,0,0.25235123218369,BUSINESS_LOAN,0.9499198924268796,191.0,1,0.09196570469980425,14204210.81393702,43,0,88111794.9420398,0,,0.04908988977327464,0.20946767240383563,REVIEW,48461487.21812189,CREDIT_OR_AFFORDABILITY,560.5605065999214,209.18515107557837,182.8094048754897,30.67797315688816,65.12493756476735,1048.3579732726448
APP-42-010811,2025-03-26 11:00:00,30,18029952.0,23,667,0.2372,16313721.0,36,0,Salaried,Mortgage,Branch,0,0.03846272565396995,BNPL,0.9315981744514898,249.0,0,0.08175781622670969,12239364.097346455,41,1,0.0,1,0.8999471674055481,0.027453108606584054,0.023441893489369977,APPROVE,16313721.0,POLICY_PASS,508.7388699321658,388.9493156582933,227.52734755173836,31.562297334157552,36.75865762224137,1193.5364880985965
APP-42-010812,2025-03-26 12:00:00,34,25536721.0,64,537,0.2106,62479717.0,12,0,Salaried,Mortgage,Mobile,0,0.10766172886131818,CASH_LOAN,0.9395515105712658,332.0,0,0.2076528608536219,6892207.245788574,50,0,0.0,2,0.9342752266022563,0.03830349538298532,0.08791249098639564,APPROVE,62479717.0,POLICY_PASS,595.0383783746732,212.23867320433465,144.8647122588196,28.05732033143987,28.176569877941695,1008.3756540472091
APP-42-010813,2025-03-26 13:00:00,54,12685485.0,56,746,0.2214,24735223.0,24,0,Contract,Rented,Mobile,0,0.04711901594204913,CASH_LOAN,0.950959061889437,311.0,1,0.08341544932019562,3224462.1378032193,57,0,0.0,1,0.845738818520351,0.04770758656004559,0.035162707144733275,APPROVE,24735223.0,POLICY_PASS,574.9061016796768,326.92213261656633,268.84366173394744,20.437488364565326,51.35149272757813,1242.4608771223338
APP-42-010814,2025-03-26 14:00:00,54,12370000.0,48,530,0.1887,58733376.0,12,1,Salaried,Owned,Branch,1,0.12209979811381651,BNPL,0.8725263603645114,262.0,0,0.019719684150232383,6937842.054858715,38,1,0.0,0,,0.02915751190488182,0.07735035370867345,APPROVE,25000000.0,POLICY_PASS,575.3395665012832,321.06572289381455,217.81301116672495,37.044895359838364,62.05366686623969,1213.3168627879006
APP-42-010815,2025-03-26 15:00:00,26,23213695.0,43,658,0.3786,38008529.0,6,2,Contract,Rented,Mobile,1,0.15952475706827604,CASH_LOAN,0.9778141451713055,398.0,1,0.02965031273728779,4300418.329183825,42,0,0.0,0,,0.036690090509221104,0.12471366580336472,REVIEW,38008529.0,CREDIT_OR_AFFORDABILITY,713.8871048060906,391.4350553779078,183.25447397102525,27.017919259022573,35.687215950256224,1351.2817693643024
APP-42-010816,2025-03-26 16:00:00,27,38815767.0,77,697,0.3159,198424115.0,18,1,Self-employed,Mortgage,Branch,0,0.07014733951924555,CASH_LOAN,0.8816943684381569,59.0,0,0.0459991955622907,21053874.95651683,44,1,0.0,3,0.5095663395647012,0.030321170129496325,0.04694039821821947,APPROVE,70000000.0,POLICY_PASS,521.2200520101801,348.0772098749186,185.58506101133725,47.44783139843888,29.154907753068457,1131.4850620479433
APP-42-010817,2025-03-26 17:00:00,25,25440118.0,66,597,0.4237,45164302.0,12,0,Salaried,Family,Partner,0,0.08817116918165264,BNPL,0.8691867915593259,262.0,1,0.055380175805638684,8477823.027624603,45,0,0.0,1,0.8757580689191518,0.06097123040146621,0.06615163017578674,APPROVE,25000000.0,POLICY_PASS,510.3773855785595,388.5332902196769,139.412789084209,41.0446783651211,24.48685631819788,1103.8549995657645
APP-42-010818,2025-03-26 18:00:00,45,49722050.0,27,739,0.3764,13180010.0,18,2,Self-employed,Owned,Mobile,0,0.03255657022071681,BNPL,0.949304535142354,247.0,0,0.05151514646614751,18763475.269805893,34,0,0.0,1,0.9395706929771634,0.023372764428842625,0.024058539429178752,APPROVE,13180010.0,POLICY_PASS,666.5860991109538,330.7232051580991,255.9577662160435,19.901999595818104,57.53310313900987,1330.7021732199244
APP-42-010819,2025-03-26 19:00:00,31,24429487.0,57,509,0.446,52684203.0,12,1,Salaried,Owned,Partner,1,0.1880503481892839,CASH_LOAN,0.9696198849584836,268.0,0,0.01836718207595867,13504513.970370593,47,1,0.0,0,,0.019506620539778693,0.12047357128082296,REVIEW,43308594.553600006,CREDIT_OR_AFFORDABILITY,652.4447665828139,316.2349930426221,315.39616139186455,30.797440185307003,44.93387471415391,1359.8072359167616
APP-42-010820,2025-03-26 20:00:00,37,23950347.0,52,638,0.2798,22173794.0,9,0,Salaried,Rented,Mobile,0,0.07583970826610881,BNPL,0.9654204916535669,124.0,1,0.017709617328654382,7968804.043632677,59,1,0.0,0,,0.037268100947064946,0.04521828046567467,APPROVE,22173794.0,POLICY_PASS,693.0384972656759,312.6195036235921,148.54304458597773,22.336089078355005,37.54692109285953,1214.0840556464602
APP-42-010821,2025-03-26 21:00:00,53,26153495.0,90,519,0.2604,72213573.0,24,2,Salaried,Owned,Mobile,1,0.18612039568770308,BNPL,0.982967008607303,753.0,0,0.12656630353611695,15653635.750655564,37,0,0.0,2,0.8273660907319574,0.02536327560992738,0.15411246368392548,REVIEW,25000000.0,CREDIT_OR_AFFORDABILITY,601.0302141022119,205.19775724976856,180.9516898094543,13.79916748730449,33.98602272291725,1034.9648513716566
APP-42-010822,2025-03-26 22:00:00,35,40807491.0,97,584,0.1822,99154342.0,24,0,Salaried,Mortgage,Mobile,0,0.06954102316798388,BNPL,0.7834800470799359,323.0,0,0.2026195701618402,14687261.494764678,40,0,0.0,3,0.9065888305108835,0.07025639704055099,0.057661593776842233,APPROVE,25000000.0,POLICY_PASS,840.7954808763969,264.5110828168403,371.86193803880025,35.28846684541875,38.808722356291945,1551.2656909337481
APP-42-010823,2025-03-26 23:00:00,41,35553382.0,51,604,0.1884,29581732.0,12,0,Self-employed,Mortgage,Mobile,0,0.056769072580651794,CASH_LOAN,0.948516978679091,115.0,1,0.032867740195926566,4735184.780440971,40,0,0.0,1,0.6423803614974323,0.041679691008303994,0.044856942335117146,APPROVE,29581732.0,POLICY_PASS,445.9488606025027,173.517889157938,253.41991772824437,31.185379850288275,46.176594111096996,950.2486414500704
APP-42-010824,2025-03-27 00:00:00,40,9911431.0,135,600,0.579,67899492.0,24,1,Salaried,Mortgage,Mobile,0,0.23563308128900223,CASH_LOAN,0.9351045335570005,141.0,0,0.028574066031507896,3296394.6903735097,53,1,0.0,0,,0.023164058490749883,0.15363883852597618,REVIEW,13352679.843200002,CREDIT_OR_AFFORDABILITY,1021.4913945981307,463.9782759798487,125.33975390801947,38.23684652049572,41.64342858399324,1690.6896995904876
APP-42-010825,2025-03-27 01:00:00,30,27957676.0,32,732,0.1639,64689174.0,24,1,Salaried,Rented,Mobile,0,0.03148505698386199,CASH_LOAN,0.7463465863583839,201.0,0,0.046470766467830056,15827821.101627164,36,1,0.0,2,0.9806000668339114,0.0523892021306531,0.018386556699907367,APPROVE,64689174.0,POLICY_PASS,649.4756897061876,336.05013805943696,309.5548921218389,9.092503686635517,47.371240392789375,1351.5444639668885
APP-42-010826,2025-03-27 02:00:00,45,20828408.0,19,556,0.2267,27881388.0,24,2,Self-employed,Family,Partner,0,0.17667978372221052,CASH_LOAN,0.8884458841993884,39.0,0,0.030630253196837355,4244901.725152411,54,0,0.0,2,0.9604607310159798,0.02820674481993765,0.12873706096102333,REVIEW,27881388.0,CREDIT_OR_AFFORDABILITY,573.4213685421157,420.69550765773664,318.74351603553157,48.0031305058984,52.703556625356654,1413.567079366639
APP-42-010827,2025-03-27 03:00:00,27,16178003.0,103,528,0.2669,40087694.0,18,1,Salaried,Rented,Partner,0,0.16582782099896518,CASH_LOAN,0.8921924498598196,551.0,1,0.12007204390370797,5128139.052386604,39,1,0.0,0,,0.06679528130503347,0.11421053340315644,APPROVE,37952300.79776,POLICY_PASS,700.5740574376715,218.81501696772017,182.1473261695249,35.27576929359244,58.588281145279495,1195.4004510137886
APP-42-010828,2025-03-27 04:00:00,47,6788709.0,30,609,0.2802,136673371.0,18,2,Salaried,Owned,Mobile,1,0.2365311296192428,BNPL,0.8226614686780429,33.0,1,0.02635611982375543,5026503.599032535,45,0,0.0,0,,0.06747682431959258,0.18739515409595864,REVIEW,15636840.76224,ENHANCED_DUE_DILIGENCE,657.2037794347722,333.86805544884857,333.75744287747426,33.83241344883961,46.202986623253864,1404.8646778331884
APP-42-010829,2025-03-27 05:00:00,30,7715901.0,20,648,0.2934,49360908.0,36,2,Contract,Family,Branch,0,0.1052442802927511,CASH_LOAN,0.811132258406252,76.0,1,0.060479138520706625,4460757.477187954,39,1,0.0,0,,0.07760669082695715,0.06799479374042305,APPROVE,17446578.06912,POLICY_PASS,798.9556450620182,411.1508671081085,290.04132999773987,45.2026463336578,38.84525362566252,1584.195742127187
APP-42-010830,2025-03-27 06:00:00,31,14730421.0,31,676,0.4849,44358979.0,12,1,Self-employed,Mortgage,Partner,0,0.13992015108211198,CASH_LOAN,0.9928928744929394,181.0,1,0.0901529263227648,6214373.6909083435,44,1,0.0,1,0.7380751337678033,0.0411034438038672,0.0929815953642689,APPROVE,24280447.54272,POLICY_PASS,721.1148893308891,335.9335815915664,223.25862061797417,40.164049024480775,52.295880657378234,1372.7670212222888
APP-42-010831,2025-03-27 07:00:00,25,8043356.0,37,723,0.2825,61301138.0,24,2,Salaried,Owned,Mobile,0,0.06359214223290065,BNPL,0.9055870648298514,364.0,1,0.06209915647522524,4620621.220492311,45,0,0.0,2,0.9676716975149832,0.05380062579411574,0.04638480267152475,APPROVE,18467545.376000002,POLICY_PASS,616.5731000700431,133.78895264878796,208.53423762872475,32.65967973045083,60.46985576762791,1052.0258258456347
APP-42-010832,2025-03-27 08:00:00,27,14899170.0,14,485,0.5256,44967938.0,36,2,Salaried,Owned,Mobile,1,0.2632459021614767,CASH_LOAN,0.907325562040674,283.0,1,0.015053993745838589,11123547.448820611,40,1,0.0,1,0.7965212977437552,0.04672583257243754,0.1741017773757993,REVIEW,22618131.993600003,CREDIT_OR_AFFORDABILITY,799.717197085033,230.2891035357141,330.1813980555013,18.249889980008234,51.18407594592971,1429.6216646021865
APP-42-010833,2025-03-27 09:00:00,31,26662536.0,42,762,0.4738,49660143.0,12,1,Salaried,Owned,Partner,0,0.04857143872941149,BNPL,0.9367025436553966,143.0,0,0.13607120209043408,18358422.78803009,47,1,0.0,1,0.7786526736780728,0.031494626806323096,0.03166177464054959,APPROVE,25000000.0,POLICY_PASS,246.01583388036744,371.78407214331,253.70613354471027,43.452946903689835,51.29788521859483,966.2568716906725
APP-42-010834,2025-03-27 10:00:00,20,13076880.0,35,581,0.4492,74779830.0,12,2,Salaried,Mortgage,Mobile,0,0.2978458701738648,CASH_LOAN,0.8867159586495943,263.0,1,0.054214494882192016,4876603.851829086,47,1,0.0,1,0.9518737210394751,0.056702493165806694,0.19521430889128716,REVIEW,23048785.612800002,CREDIT_OR_AFFORDABILITY,809.3936950117301,509.26207738504763,151.45126990281454,26.5444794444525,57.497314041364284,1554.148835785409
APP-42-010835,2025-03-27 11:00:00,33,18845538.0,52,620,0.3911,61057813.0,24,0,Salaried,Rented,Partner,0,0.1323722982029159,CASH_LOAN,0.9277244817040818,156.0,1,0.010296813403765119,4404453.312021321,44,1,0.0,1,0.7857284532496996,0.04247027347705223,0.08195017380046205,APPROVE,36720153.88224,POLICY_PASS,569.7481016632246,444.2513201823469,242.78040175465117,27.443829445237352,46.16173078236699,1330.385383827827
APP-42-010836,2025-03-27 12:00:00,30,9993133.0,9,642,0.3544,310379525.0,12,1,Salaried,Owned,Branch,0,0.14906993118528403,BNPL,0.9466131289211697,264.0,0,0.015211498707758552,3350598.15927973,43,1,0.0,2,0.9514731732114377,0.021245397930402584,0.08932149678948496,APPROVE,20645013.32736,POLICY_PASS,698.9630658158599,526.7866342730348,211.78754489517024,31.706711779115977,34.57645227453152,1503.8204090377124
APP-42-010837,2025-03-27 13:00:00,42,21214688.0,44,484,0.3025,160058957.0,36,3,Salaried,Owned,Partner,1,0.33568292804157907,BUSINESS_LOAN,0.8936022608624199,217.0,4,0.01610453647830051,15469197.863360737,29,1,109035596.30411534,0,,0.26799561495224455,0.23622038107175483,REVIEW,59969577.967263445,ENHANCED_DUE_DILIGENCE,807.439623542498,324.7424523712876,226.91017730651683,29.57949891966673,77.83196699830259,1466.5037191382717
APP-42-010838,2025-03-27 14:00:00,39,23803824.0,148,609,0.1879,57053221.0,36,0,Salaried,Rented,Mobile,0,0.07294909706111617,CASH_LOAN,0.8619852961563119,383.0,0,0.0443340149270096,7682302.890913606,42,1,0.0,0,,0.03269359248446494,0.04573855595253389,APPROVE,57053221.0,POLICY_PASS,756.051311821615,267.65706083038475,306.0566713150819,33.82908141395147,47.27533915873011,1410.8694645397632
APP-42-010839,2025-03-27 15:00:00,29,8229769.0,82,711,0.2548,66657966.0,6,1,Salaried,Rented,Mobile,0,0.08595592520742824,CASH_LOAN,0.7430837513938913,287.0,1,0.030279478916989535,4312987.946097401,47,1,0.0,1,0.9093625506507981,0.09278341408087563,0.05077974634362595,APPROVE,19625036.34816,POLICY_PASS,657.969735552453,372.7513728879894,291.82827889171296,44.543438013605105,40.66204780391797,1407.7548731496786
APP-42-010840,2025-03-27 16:00:00,31,11903522.0,21,685,0.1491,27165354.0,18,2,Self-employed,Owned,Mobile,0,0.09737199734489843,CASH_LOAN,0.9042042336472306,365.0,1,0.14535172718536793,6067958.758595783,49,1,0.0,2,0.9514490617943712,0.06839541943843207,0.06173434125348103,APPROVE,27165354.0,POLICY_PASS,666.2987624275237,245.5488562969918,241.48288428591653,42.93535503531653,36.97839009871001,1233.2442481444584
APP-42-010841,2025-03-27 17:00:00,33,8965897.0,32,604,0.1686,37098815.0,12,3,Self-employed,Owned,Branch,0,0.164790038080256,CASH_LOAN,0.9880984075086138,574.0,1,0.05315390340545516,3927439.2727425415,56,0,0.0,1,0.9470496991781175,0.037667890401112396,0.12139769539134758,REVIEW,23853589.650560003,CREDIT_OR_AFFORDABILITY,684.9675874536185,334.5866514962446,254.52940394075665,31.464630773151733,28.101418458730983,1333.6496921225025
APP-42-010842,2025-03-27 18:00:00,48,23817959.0,38,655,0.2628,54686358.0,12,2,Self-employed,Owned,Mobile,0,0.09685233517946262,CASH_LOAN,0.7976092738721376,201.0,0,0.18483338003243294,5444684.276138264,44,1,0.0,0,,0.06324185368567256,0.06741620862705933,APPROVE,54686358.0,POLICY_PASS,598.9919462525809,289.0451685223616,252.28254064791437,37.33166588187624,35.25659086497612,1212.907912169709
APP-42-010843,2025-03-27 19:00:00,28,19699148.0,101,673,0.3477,108195502.0,12,2,Contract,Owned,Mobile,0,0.10708904329219822,BUSINESS_LOAN,0.8674218582749729,207.0,1,0.09292419897905546,11676157.543074438,45,1,95885358.43594539,1,0.9547510981467765,0.06821744154415388,0.06613965730222994,APPROVE,52736947.13976997,POLICY_PASS,635.8239695345776,445.2933736362329,284.838081116432,32.9086158608205,25.80288352603211,1424.666923674095
APP-42-010844,2025-03-27 20:00:00,29,17514520.0,42,621,0.2932,69720130.0,12,0,Salaried,Mortgage,Mobile,0,0.12760239813916324,CASH_LOAN,0.8629278718735571,295.0,2,0.03798367036294226,6163435.29818962,56,1,0.0,0,,0.10809529923721223,0.0793772625859339,APPROVE,39613640.7552,POLICY_PASS,499.6582305839527,324.92542882662457,225.40515779136993,29.80356832979534,57.42874952234207,1137.2211350540845
APP-42-010845,2025-03-27 21:00:00,25,16773779.0,38,675,0.2823,64814008.0,12,1,Self-employed,Family,Mobile,0,0.060234169322318634,BNPL,0.8785569141677239,479.0,0,0.058630138973574594,5022761.062146895,50,1,0.0,2,0.8548187458303994,0.03185928372203114,0.03626847110981017,APPROVE,25000000.0,POLICY_PASS,441.53822171018976,287.28040470097585,205.879482775532,29.96033424151227,54.76394240541702,1019.4223858336269
APP-42-010846,2025-03-27 22:00:00,22,21497384.0,23,582,0.3855,43447868.0,12,0,Salaried,Mortgage,Branch,0,0.11147931001619235,CASH_LOAN,0.893651329287795,155.0,0,0.031707432835345245,3209994.5490570245,54,1,0.0,4,0.6194338760614154,0.02770050367628002,0.07137425904264476,APPROVE,42272455.8976,POLICY_PASS,475.042111801646,243.57426808337308,192.93135244778105,46.670665904031026,72.7970830364944,1031.0154812733256
APP-42-010847,2025-03-27 23:00:00,38,21735352.0,39,572,0.1053,24541658.0,24,0,Salaried,Family,Mobile,0,0.04965722803040946,BNPL,0.9048250994643173,106.0,1,0.059195010526446414,10527641.199129602,38,1,0.0,3,0.790924756553029,0.053520711105606855,0.03105163253140464,APPROVE,24541658.0,POLICY_PASS,729.971878268116,247.39266368554988,219.13080239065854,31.595380926739264,34.94640615631759,1263.0371314273812
APP-42-010848,2025-03-28 00:00:00,37,13705595.0,41,619,0.1836,35212904.0,24,2,Salaried,Owned,Mobile,0,0.12068053391123197,CASH_LOAN,0.8205044275208742,169.0,0,0.023190491905378405,8759060.593185883,39,1,0.0,1,0.8322889584254093,0.036384583320874235,0.07472368826579591,APPROVE,35212904.0,POLICY_PASS,802.77983933869,373.4926800275389,183.45022721794976,24.4219004146453,48.77779934848724,1432.922446347311
APP-42-010849,2025-03-28 01:00:00,47,12689736.0,54,466,0.2461,38569231.0,6,2,Salaried,Rented,Partner,0,0.2664446688156864,CASH_LOAN,0.8991283441251656,149.0,2,0.09826776210974301,6637433.2351078475,51,1,0.0,0,,0.11090444322247475,0.18451750682996623,REVIEW,30613734.30528,CREDIT_OR_AFFORDABILITY,785.3626899696045,307.6365595167224,199.1989955859712,22.06604026019456,29.29585901993081,1343.5601443524233
APP-42-010850,2025-03-28 02:00:00,44,17425321.0,30,690,0.5389,80998435.0,12,2,Self-employed,Owned,Mobile,0,0.22851577999530187,BNPL,0.8754370816930518,355.0,1,0.08605601819049535,10384792.003187703,42,1,0.0,1,0.8428112839374174,0.0648477164652037,0.15329186596554722,REVIEW,25000000.0,CREDIT_OR_AFFORDABILITY,572.8081735593092,236.88193935823375,192.48866889330742,26.488737904313126,51.16409322595631,1079.83161294112
APP-42-010851,2025-03-28 03:00:00,57,16216311.0,23,646,0.3332,151145574.0,12,0,Self-employed,Mortgage,Mobile,0,0.18591273488091362,CASH_LOAN,0.7909480229396334,261.0,0,0.039677451936409494,11726593.171120739,43,0,0.0,1,0.8974543724507336,0.04298576134033608,0.14157515930499462,REVIEW,34601715.75936001,CREDIT_OR_AFFORDABILITY,482.4086793441875,208.6352018453848,195.36755988126168,24.971454896306728,53.826848632746675,965.2097445998872
APP-42-010852,2025-03-28 04:00:00,34,55910208.0,23,624,0.2291,31627227.0,12,3,Salaried,Rented,Partner,0,0.11096103906690118,BNPL,0.8004772780218546,275.0,1,0.19807431781115162,32171033.033751942,42,1,0.0,0,,0.11734857159956907,0.07860842828199154,APPROVE,25000000.0,POLICY_PASS,903.0207938387846,148.9927222363339,260.5392730963262,36.657102898615015,60.993121191560476,1410.2030132616203
APP-42-010853,2025-03-28 05:00:00,33,14573863.0,84,697,0.469,60602612.0,12,1,Salaried,Rented,Branch,0,0.1078719300006399,BNPL,0.8515857336951783,94.0,0,0.012660671710997416,1875982.1546531527,43,1,0.0,0,,0.031108303313783437,0.06697144292887915,APPROVE,24763908.009600002,POLICY_PASS,687.6974850787411,302.1531144688503,226.3030739401649,32.99330975145275,54.6790461652569,1303.826029404466
APP-42-010854,2025-03-28 06:00:00,23,21108751.0,91,668,0.2161,171994749.0,36,3,Self-employed,Owned,Mobile,1,0.15131403043871403,BUSINESS_LOAN,0.9423863384444002,159.0,0,0.06417029771643962,9452933.926628565,46,1,125017927.07972911,0,,0.024952510750500027,0.09857100163639024,APPROVE,68759859.89385101,POLICY_PASS,648.6598756968217,302.8015012485652,319.1331033796311,35.38227515691111,50.72184674674057,1356.6986022286699
APP-42-010855,2025-03-28 07:00:00,41,23257585.0,85,717,0.2619,49224335.0,36,1,Self-employed,Mortgage,Branch,0,0.04872667829202403,BNPL,0.8316336508985381,152.0,0,0.13224867128708898,3787806.7085839454,41,0,0.0,1,0.9657352579633787,0.0476016789120161,0.03753915689661586,APPROVE,25000000.0,POLICY_PASS,588.9479532503752,459.7319874841469,227.47909230672013,38.17795992931644,40.98964473531922,1355.3266377058776
APP-42-010856,2025-03-28 08:00:00,36,38887004.0,39,754,0.3098,96878912.0,24,0,Salaried,Owned,Mobile,0,0.03159805563331406,CASH_LOAN,0.8542558220731861,239.0,1,0.12291530776697054,10904268.012551207,45,0,0.0,1,0.9101772785506648,0.0780509222056501,0.02428247213703775,APPROVE,70000000.0,POLICY_PASS,643.0876949445144,402.67677046215226,182.10188250796546,36.93796102596587,68.54018843567748,1333.3444973762755
APP-42-010857,2025-03-28 09:00:00,41,11521562.0,82,664,0.1998,23333839.0,18,1,Self-employed,Owned,Mobile,0,0.05010012752620137,CASH_LOAN,0.9257404130621001,429.0,1,0.08468196682733779,4856386.667246806,57,0,0.0,4,0.8734800633290181,0.05294699048433544,0.03715244291879068,APPROVE,23333839.0,POLICY_PASS,647.8240686735702,418.6022929044443,314.8465195588609,43.33981524162717,51.55995496956896,1476.1726513480717
APP-42-010858,2025-03-28 10:00:00,25,37606543.0,76,588,0.1105,207427301.0,24,3,Salaried,Mortgage,Mobile,0,0.1521930391825507,CASH_LOAN,0.7541760968127164,399.0,0,0.10798507750057607,23796602.88766169,61,1,0.0,0,,0.06045000488799872,0.09943533385851136,APPROVE,70000000.0,POLICY_PASS,741.1157674338,184.64855504357365,323.85221627279554,14.821789553865294,32.97894459371307,1297.4172728977476
APP-42-010859,2025-03-28 11:00:00,38,16598365.0,63,692,0.2244,36053225.0,12,0,Salaried,Mortgage,Mobile,0,0.05590094353268639,CASH_LOAN,0.8997077153999423,94.0,2,0.012642970511048894,6262515.629457138,47,1,0.0,4,0.916184671527751,0.0877963375395283,0.03210776016596941,APPROVE,36053225.0,POLICY_PASS,569.4857416750591,263.030609857662,267.83718884374645,28.320833078961392,40.975945200367306,1169.6503186557961
APP-42-010860,2025-03-28 12:00:00,37,71244073.0,41,588,0.346,32719858.0,12,1,Self-employed,Family,Branch,0,0.05581274803421697,CASH_LOAN,0.9340285834867329,401.0,0,0.10000807806920592,33182348.482366845,38,0,0.0,0,,0.028667749130520222,0.04503149851172235,APPROVE,32719858.0,POLICY_PASS,319.45053859496664,364.5770044235651,275.4711999601737,15.207571762176741,52.65902427311003,1027.365339013992
APP-42-010861,2025-03-28 13:00:00,36,21972748.0,63,585,0.4022,177260801.0,12,0,Salaried,Rented,Branch,1,0.20283069912168472,BNPL,0.8746848025616945,553.0,0,0.044402924010401634,2989008.7011360205,42,1,0.0,0,,0.0310544170301074,0.1341918042787166,REVIEW,25000000.0,CREDIT_OR_AFFORDABILITY,522.1944123149513,259.2523770160267,277.14505467609126,25.576015367273996,55.82973939226206,1139.9975987666053
APP-42-010862,2025-03-28 14:00:00,29,9156470.0,21,619,0.3881,101471981.0,18,2,Contract,Owned,Mobile,1,0.25547465422500476,CASH_LOAN,0.9301690850875417,135.0,1,0.1791857451900893,828371.0041783697,53,1,0.0,1,0.7255677296418584,0.06791589682363319,0.1855929146604072,REVIEW,17929100.7776,CREDIT_OR_AFFORDABILITY,674.8924721596017,389.24871198349547,109.68002892935769,33.852172213568274,18.654975144628168,1226.3283604306514
APP-42-010863,2025-03-28 15:00:00,46,16150233.0,78,723,0.1568,32582832.0,24,2,Contract,Owned,Mobile,0,0.059243195018072535,CASH_LOAN,0.9785569046823543,77.0,1,0.0755885146057524,2507593.0057921573,43,1,0.0,0,,0.041759434539845576,0.03771174888648146,APPROVE,32582832.0,POLICY_PASS,988.1478930094261,351.51972097508747,146.0235220706462,28.106670834303703,44.40791927102092,1558.2057261604846
APP-42-010864,2025-03-28 16:00:00,53,37536729.0,11,694,0.0999,73799862.0,9,1,Salaried,Owned,Mobile,0,0.041438370392147934,CASH_LOAN,0.8628630035535352,31.0,0,0.08415891642139298,6238045.721183005,48,0,0.0,0,,0.03656026772338153,0.03232337234956564,APPROVE,70000000.0,POLICY_PASS,585.1233162938992,411.02539757287104,228.11591178360715,20.695482764144238,41.26438549701843,1286.22449391154
APP-42-010865,2025-03-28 17:00:00,25,18825633.0,41,704,0.4649,80073832.0,24,0,Self-employed,Mortgage,Partner,1,0.15252350294556463,BNPL,0.9464922199798743,543.0,1,0.056168735744140275,4976699.0596076045,46,1,0.0,1,0.8004512706757553,0.04492647267153593,0.09753195325312074,APPROVE,25000000.0,POLICY_PASS,840.6253103798574,383.38044774948276,253.54464386977546,49.166225161071566,35.215013798969025,1561.9316409591563
APP-42-010866,2025-03-28 18:00:00,41,17419283.0,45,649,0.4489,25426212.0,36,0,Salaried,Family,Mobile,0,0.07196257766673651,BNPL,0.8376328234803837,458.0,1,0.018162127755008348,11251747.145280626,33,0,0.0,0,,0.06217726823388363,0.055498345315717845,APPROVE,25000000.0,POLICY_PASS,896.1782939307368,225.6821377581436,211.09483745517144,27.04129960332338,39.07992101644288,1399.0764897638182
APP-42-010867,2025-03-28 19:00:00,20,26730900.0,40,681,0.2132,27122013.0,24,0,Salaried,Rented,Branch,0,0.04080916089688373,BUSINESS_LOAN,0.9093085152850687,216.0,1,0.13719379895058317,4053004.2091242145,28,1,163683893.75598025,2,0.6889382688700242,0.06552737323161742,0.028278440799811903,APPROVE,27122013.0,POLICY_PASS,330.2870637146941,470.38033125977523,161.4232800851882,42.951012851406226,34.11419650837936,1039.155884419443
APP-42-010868,2025-03-28 20:00:00,41,14889005.0,79,683,0.2744,102659407.0,9,0,Salaried,Owned,Partner,0,0.10001766539495771,BNPL,0.7390630397624106,195.0,1,0.08996243204845897,4490338.217925399,36,1,0.0,1,0.8470294179181589,0.11064422577838404,0.06442465312615255,APPROVE,25000000.0,POLICY_PASS,889.9141763368505,339.29743178098124,275.7173766049725,11.956131948412462,50.94791913585738,1567.8330358070739
APP-42-010869,2025-03-28 21:00:00,20,16030105.0,22,590,0.1242,84557797.0,36,1,Salaried,Rented,Mobile,0,0.13990348140607486,BNPL,0.9812885716171317,106.0,0,0.0443898805785038,2585541.0449299165,43,0,0.0,0,,0.02007024817549249,0.10970094542736053,REVIEW,25000000.0,CREDIT_OR_AFFORDABILITY,658.5260392936036,333.60697957206133,309.915857271282,31.481237979174313,26.412855435454855,1359.9429695515762
APP-42-010870,2025-03-28 22:00:00,30,10705962.0,27,682,0.2447,26394131.0,12,0,Self-employed,Owned,Branch,0,0.0669733461461077,BUSINESS_LOAN,0.8028330748129088,73.0,0,0.12676380198986822,2692818.1376352566,42,1,40876639.972428046,0,,0.05256999663923811,0.044443881298977195,APPROVE,22482151.984835427,POLICY_PASS,383.1953795024052,533.2845698414405,285.78054221289693,56.48796835202264,67.11430027116658,1325.8627601799317
APP-42-010871,2025-03-28 23:00:00,23,46582419.0,52,640,0.1533,51460107.0,36,5,Salaried,Owned,Mobile,0,0.06825896813471614,BNPL,0.9501599158695768,304.0,2,0.024280551521025623,16828745.01358138,38,1,0.0,0,,0.07461764564770085,0.04243030445006005,APPROVE,25000000.0,POLICY_PASS,928.7526446784592,372.2590198007073,269.5832144004086,25.178999492302015,47.65754908502887,1643.431427456906
APP-42-010872,2025-03-29 00:00:00,33,9188342.0,18,611,0.2105,88567686.0,12,3,Salaried,Owned,Partner,0,0.23460719861587373,BUSINESS_LOAN,0.9759095267834804,281.0,2,0.12460146317165453,2016762.1160612225,44,1,55026493.78208184,0,,0.08907226010429328,0.16492572524910165,REVIEW,30264571.580145016,CREDIT_OR_AFFORDABILITY,273.7079803614543,326.0524157957648,218.96926889452624,34.45215742303652,47.92805750275405,901.1098799775359
APP-42-010873,2025-03-29 01:00:00,43,19758394.0,38,614,0.6551,60967093.0,24,1,Self-employed,Owned,Partner,0,0.1938537688528487,CASH_LOAN,0.8031687002986558,257.0,1,0.03822758894736498,6159611.914595722,39,1,0.0,2,0.855387748677277,0.07525568915645549,0.12443273600810799,REVIEW,21806944.289920002,CREDIT_OR_AFFORDABILITY,745.0788522965194,142.03126591089642,183.1835484266022,18.296177257060826,16.902913872596557,1105.4927577636754
APP-42-010874,2025-03-29 02:00:00,20,23436819.0,106,600,0.437,44958179.0,24,0,Salaried,Family,Mobile,0,0.0951247803687357,CASH_LOAN,0.9189138768994612,264.0,2,0.05685483760995659,11038368.5598313,53,1,0.0,0,,0.09204863212263634,0.059470287644669814,APPROVE,42223773.1104,POLICY_PASS,613.2190289105407,118.62100983003927,181.15123433382863,35.737214743286465,65.8462365693361,1014.5747243870312
APP-42-010875,2025-03-29 03:00:00,32,17865360.0,77,620,0.2354,33605212.0,12,0,Salaried,Rented,Branch,0,0.09047762746248703,BUSINESS_LOAN,0.884417840216442,586.0,0,0.10781913918356455,3705128.6952832122,49,1,50388081.29551129,0,,0.03587786291649261,0.058969641954153836,APPROVE,27713444.712531213,POLICY_PASS,359.6656294095432,207.7869958666122,242.57336085840186,29.26589653113717,42.81325596696379,882.1051386326583
APP-42-010876,2025-03-29 04:00:00,30,9031760.0,116,639,0.5548,76806358.0,18,2,Salaried,Rented,Branch,0,0.28306480952319,BUSINESS_LOAN,0.9692009530365305,151.0,1,0.04003520935477897,4288914.484103577,39,1,48430494.16986306,0,,0.03914546783063044,0.19430390574820985,REVIEW,26636771.793424685,CREDIT_OR_AFFORDABILITY,812.7088346359601,267.9525635763639,250.58990142474553,33.7208951516049,26.52674502544229,1391.4989398141167
APP-42-010877,2025-03-29 05:00:00,49,10392159.0,49,688,0.2347,52262433.0,6,2,Salaried,Rented,Branch,0,0.09862878396703056,BNPL,0.8246112089183081,71.0,0,0.09017256254823487,4843888.684020511,40,1,0.0,1,0.8300955934241466,0.04340317613220371,0.06333110300073941,APPROVE,25000000.0,POLICY_PASS,557.2721381460473,370.81210888919816,188.50182826448477,26.350103954513486,58.314498231527296,1201.2506774857711
APP-42-010878,2025-03-29 06:00:00,39,23992855.0,80,749,0.0692,51243538.0,24,0,Salaried,Rented,Partner,0,0.04002600709242856,CASH_LOAN,0.9466547924744891,387.0,1,0.04582713585074215,8511094.56124021,50,1,0.0,2,0.9252214991921841,0.04358542285692991,0.023189957819209076,APPROVE,51243538.0,POLICY_PASS,776.9822244686891,217.53201158423468,246.64616304183795,44.476886560887706,45.3651769719413,1331.0024626275908
APP-42-010879,2025-03-29 07:00:00,24,11721657.0,83,681,0.5366,59078394.0,12,2,Salaried,Mortgage,Mobile,0,0.16900529964122268,BUSINESS_LOAN,0.9474029507506462,190.0,0,0.03471340679212034,7144894.259585959,41,1,76767327.36367352,0,,0.022423825761580262,0.10971473164440214,APPROVE,42222030.05002044,POLICY_PASS,714.1536849004775,190.16956611332716,239.87184694466356,29.367875766669997,53.31179307479042,1226.8747667999287
APP-42-010880,2025-03-29 08:00:00,31,5758991.0,18,648,0.3532,99361050.0,18,0,Self-employed,Owned,Branch,0,0.13379739517046102,CASH_LOAN,0.9847293930723816,392.0,0,0.13972409644164382,2526574.7281781547,48,1,0.0,0,,0.026168263812685586,0.09079229970792373,APPROVE,11919729.21216,POLICY_PASS,768.357844148295,427.3611174919806,60.0,39.96555811969634,54.59638333666297,1350.280903096635
APP-42-010881,2025-03-29 09:00:00,49,22269318.0,34,496,0.3635,15201598.0,24,3,Salaried,Rented,Mobile,0,0.20527320761343518,CASH_LOAN,0.7764884681540898,176.0,1,0.0062297780686130086,16164034.224638008,42,1,0.0,1,0.929656815395578,0.0763812428764921,0.1265424951444015,REVIEW,15201598.0,CREDIT_OR_AFFORDABILITY,679.4567869816694,355.39858599783344,207.81350441070566,34.0006558421509,44.64410590122693,1321.3136391335865
APP-42-010882,2025-03-29 10:00:00,41,11139522.0,40,814,0.1601,39514082.0,12,0,Salaried,Rented,Branch,0,0.04779314289421294,BNPL,0.8331347874843049,138.0,1,0.02438634345015949,6197742.942522913,32,1,0.0,0,,0.06440405659879715,0.02981108906913433,APPROVE,25000000.0,POLICY_PASS,490.36471230507186,295.29465387901064,187.68302951854997,34.23572206001474,48.9349358839873,1056.5130536466345
APP-42-010883,2025-03-29 11:00:00,27,25471046.0,150,589,0.1223,68289576.0,6,0,Salaried,Owned,Mobile,1,0.0986641139714654,BNPL,0.9718446103749716,286.0,0,0.12717088357856754,17851258.27750244,48,0,0.0,0,,0.026590917632017066,0.08033688822447892,APPROVE,25000000.0,POLICY_PASS,379.70976169756966,373.8627999116696,213.84782524384812,33.29365990111032,33.804122877408034,1034.5181696316058
APP-42-010884,2025-03-29 12:00:00,33,16110642.0,92,591,0.4802,62591157.0,12,1,Salaried,Rented,Mobile,0,0.1819577131609188,BUSINESS_LOAN,0.8781450249996194,462.0,2,0.009212910329401575,2719682.063708742,57,1,49462907.35109274,0,,0.0944415779301228,0.1135249813048449,APPROVE,27204599.04310101,POLICY_PASS,508.06081170687503,401.44337239486333,197.14634553191033,22.2727773424755,47.28749275926856,1176.2107997353928
APP-42-010885,2025-03-29 13:00:00,33,15689238.0,25,731,0.2597,196959579.0,18,1,Salaried,Rented,Branch,0,0.08867324245411098,CASH_LOAN,0.9537817248403941,137.0,0,0.009065709157278322,7950629.795928921,43,1,0.0,2,0.8665638947154047,0.020259059444617603,0.05269436691315241,APPROVE,37167177.25248,POLICY_PASS,606.7993552886212,434.9456427711379,179.18006578156016,31.44669808337292,31.878695835098924,1284.250457759791
APP-42-010886,2025-03-29 14:00:00,30,18524659.0,112,561,0.323,68434597.0,36,0,Salaried,Mortgage,Mobile,0,0.11543395750957279,CASH_LOAN,0.9838040142540293,90.0,1,0.04487803217694418,3185347.033012934,47,1,0.0,1,0.8854326885132192,0.037422488878465235,0.07028171929693,APPROVE,40131821.2576,POLICY_PASS,560.1572724730947,201.4719293238886,248.6339057869672,34.394104298867084,30.103778311203655,1074.7609901940214
APP-42-010887,2025-03-29 15:00:00,20,9623427.0,37,667,0.4186,124789390.0,24,1,Salaried,Family,Mobile,0,0.13606078692494614,BUSINESS_LOAN,0.7387909040717209,198.0,1,0.24520969017057512,2990603.929775056,34,1,28961419.186883736,0,,0.1655785747704986,0.10178987488916184,APPROVE,15928780.552786056,POLICY_PASS,332.6770976886291,229.80665758608876,188.17511516700455,41.532800824099425,31.704178094224968,823.8958493600469
APP-42-010888,2025-03-29 16:00:00,29,11431498.0,68,607,0.2714,95117808.0,36,2,Salaried,Owned,Mobile,0,0.1507562799215842,CASH_LOAN,0.9811811422744354,190.0,1,0.0517278311088125,3274932.3469745894,35,1,0.0,0,,0.03857629273869334,0.09931259570047143,APPROVE,26652766.21696,POLICY_PASS,622.4059320979561,338.5639067930802,228.56133641889755,18.032140829638685,38.73072751710566,1246.294043656678
APP-42-010889,2025-03-29 17:00:00,48,15602225.0,41,622,0.2439,114789456.0,36,4,Self-employed,Owned,Partner,0,0.26042682891646174,BNPL,0.9392481386223906,248.0,0,0.026308011221208003,3345752.0005437164,37,0,0.0,1,0.8407556405144357,0.022622717338801952,0.20582999766569543,REVIEW,25000000.0,ENHANCED_DUE_DILIGENCE,713.0802314300001,355.4627252411098,226.46672253943808,34.65693474494508,25.700153612072924,1355.366767567566
APP-42-010890,2025-03-29 18:00:00,32,9592515.0,12,644,0.2261,48589530.0,9,1,Salaried,Mortgage,Mobile,0,0.09675489238764735,CASH_LOAN,0.9068673050689416,351.0,1,0.03745908413783848,2534094.210983357,40,0,0.0,0,,0.04990383136810704,0.07511016417414035,APPROVE,23755671.5472,POLICY_PASS,625.8402974049853,246.12848112676096,241.67865954590832,25.20424961118371,48.48369655274301,1187.335384241581
APP-42-010891,2025-03-29 19:00:00,34,26654859.0,113,554,0.458,26756331.0,12,1,Contract,Owned,Mobile,0,0.14780911560430487,BNPL,0.9107648304388779,66.0,2,0.06883215099348768,14024518.108314266,37,0,0.0,1,0.805379928419784,0.09808234575212973,0.11754581210688061,REVIEW,25000000.0,CREDIT_OR_AFFORDABILITY,500.47648860674354,272.8370701103489,210.031764663878,44.54578487696732,48.83152344158313,1076.722631699521
APP-42-010892,2025-03-29 20:00:00,36,15200272.0,85,631,0.4435,196499154.0,6,0,Salaried,Rented,Branch,1,0.2946354243015158,BUSINESS_LOAN,0.9665212264945526,288.0,0,0.04842383122313284,5262110.534582161,44,1,105554202.94770141,0,,0.021581148822498085,0.20267507785962802,REVIEW,58054811.62123578,CREDIT_OR_AFFORDABILITY,507.51072025199295,383.48338737828055,201.7095862615986,23.599168459293338,43.66948691462897,1159.9723492657945
APP-42-010893,2025-03-29 21:00:00,55,8110679.0,44,714,0.4805,58037811.0,36,1,Salaried,Rented,Mobile,1,0.11861056566774233,BNPL,0.9554126978851797,281.0,0,0.04808153942947485,4855908.12248215,49,1,0.0,2,0.9287374423479864,0.022565949464736147,0.07134473262671664,APPROVE,13483192.769600002,POLICY_PASS,610.5324061402163,390.4648172304166,315.2550732079934,50.490427731822315,62.765331331097244,1429.5080556415458
APP-42-010894,2025-03-29 22:00:00,35,13235542.0,62,635,0.2544,49441950.0,36,1,Salaried,Rented,Partner,0,0.12267851657169727,BUSINESS_LOAN,0.972965613380899,587.0,1,0.04001253590798681,2509466.38080284,47,1,46857217.688387714,1,0.888780462486261,0.03855253870189954,0.07461067230167329,APPROVE,25771469.728613246,POLICY_PASS,448.00190475155034,252.03721578811255,206.13753611440424,41.46330971808255,46.6143932490877,994.2543596212374
APP-42-010895,2025-03-29 23:00:00,45,19030314.0,34,850,0.3557,27993457.0,6,2,Self-employed,Owned,Partner,1,0.07494630699639979,BNPL,0.9304498380902169,64.0,0,0.0293972687280764,3837473.0002261014,42,0,0.0,1,0.9036253288030833,0.023667566822157166,0.054882253258046854,APPROVE,25000000.0,POLICY_PASS,691.6738434613086,424.7201553783201,134.86904728653886,28.39390747100493,52.37023007568763,1332.0271836728602
APP-42-010896,2025-03-30 00:00:00,30,14083755.0,31,647,0.6395,85125730.0,24,2,Self-employed,Family,Partner,0,0.300071602297966,CASH_LOAN,0.8232180875551541,159.0,0,0.07220911144443135,6984108.182600186,50,0,0.0,1,0.9491436105693031,0.0414517963555184,0.23549422833739156,REVIEW,16247019.768000001,ENHANCED_DUE_DILIGENCE,833.1021093247932,317.88889260113353,281.3235512468215,26.997424505560176,63.85063036925817,1523.162608047567
APP-42-010897,2025-03-30 01:00:00,33,22427110.0,85,554,0.6507,9361324.0,12,1,Salaried,Family,Partner,0,0.1590228847717149,CASH_LOAN,0.8933750437934057,133.0,0,0.07811864601380307,6890378.184759603,50,0,0.0,0,,0.03174318666958416,0.12653740588994378,REVIEW,9361324.0,CREDIT_OR_AFFORDABILITY,490.7480953235748,269.9072500972073,341.67953648516794,33.706474869451554,52.21321033963439,1188.2545671150358
APP-42-010898,2025-03-30 02:00:00,35,24682432.0,79,602,0.7064,19632095.0,9,1,Salaried,Rented,Mobile,0,0.1426774998824277,CASH_LOAN,0.9053492895056277,189.0,1,0.009052628565022555,11929293.453792306,44,1,0.0,0,,0.04629549914636072,0.0895258700452446,APPROVE,19632095.0,POLICY_PASS,560.7772369563783,351.53833104663806,308.5476442810269,31.086598367782138,53.10134877284487,1305.0511594246702
APP-42-010899,2025-03-30 03:00:00,28,67444626.0,131,501,0.2139,18185871.0,36,1,Salaried,Mortgage,Branch,0,0.04246443141261989,CASH_LOAN,0.9781117325984191,95.0,1,0.03586762248832602,46704016.67429564,39,1,0.0,0,,0.03731013119405328,0.02629331643119701,APPROVE,18185871.0,POLICY_PASS,656.7586418852751,260.6446745494308,139.65967695082358,25.516394535228414,28.511340434316985,1111.0907283550746
APP-42-010900,2025-03-30 04:00:00,33,33893595.0,80,718,0.5251,25448335.0,12,0,Salaried,Rented,Mobile,0,0.055109679507421176,CASH_LOAN,0.8945419546396052,248.0,0,0.08210696471303862,22423362.339853443,50,1,0.0,1,0.803191206403864,0.03196102013709959,0.034187137192538075,APPROVE,25448335.0,POLICY_PASS,423.70193271308824,368.4295424583334,123.77358286862969,15.972493595991615,28.848367794165213,960.7259194302083
APP-42-010901,2025-03-30 05:00:00,43,7318227.0,61,756,0.0919,44363674.0,18,1,Salaried,Rented,Branch,0,0.046269104610528924,BNPL,0.904018690133531,178.0,0,0.10302830700377417,4004823.12790827,40,1,0.0,2,0.8401688081291118,0.03267913110877322,0.029292703713646007,APPROVE,21266182.203840002,POLICY_PASS,543.3126896388292,390.2324557801418,258.1853182084818,31.25890043467101,44.34513283112539,1267.334496893249
APP-42-010902,2025-03-30 06:00:00,28,14764769.0,81,701,0.2016,85613654.0,12,3,Contract,Rented,Mobile,0,0.1829911039609572,CASH_LOAN,0.9454391317138886,454.0,1,0.024264008357095,10912401.543590494,43,1,0.0,0,,0.04116809052748855,0.11825970801097932,APPROVE,37722213.02272,POLICY_PASS,382.0276840359164,432.8761300743912,338.95842164228617,19.7270121104998,58.098879646840835,1231.6881275099345
APP-42-010903,2025-03-30 07:00:00,35,15544689.0,65,580,0.3749,46829380.0,24,1,Salaried,Owned,Mobile,0,0.117403283421904,BNPL,0.9107416730946536,258.0,1,0.04010775319258694,10536222.30299874,44,1,0.0,0,,0.04951052726319484,0.07445604402991526,APPROVE,25000000.0,POLICY_PASS,670.282438135889,424.98164434473335,101.65372584762923,25.15141377116837,12.0,1234.06922209942
APP-42-010904,2025-03-30 08:00:00,41,24696481.0,69,577,0.0951,102580139.0,36,1,Contract,Rented,Branch,0,0.11809806244580677,BNPL,0.9131688920726151,480.0,0,0.013344967042392582,12202680.91557854,43,1,0.0,0,,0.02423853472254644,0.0736753269554557,APPROVE,25000000.0,POLICY_PASS,1042.19687448326,390.43186607831115,288.8761038372962,49.10870820821181,50.27980072164677,1820.893353328726
APP-42-010905,2025-03-30 09:00:00,28,10771453.0,76,693,0.3387,236557393.0,9,2,Salaried,Rented,Mobile,1,0.20864064888546746,BNPL,0.9838053389310905,303.0,1,0.010547189008851487,6898427.364788109,48,1,0.0,0,,0.03388400414978169,0.13397873343969585,REVIEW,22794117.98048,CREDIT_OR_AFFORDABILITY,560.2315057982324,290.616840375035,142.49155869444135,43.98061954535106,31.806865066555254,1069.127389479615
APP-42-010906,2025-03-30 10:00:00,45,13439298.0,84,602,0.4319,64768159.0,6,1,Contract,Rented,Mobile,0,0.2176378542320441,CASH_LOAN,0.9373396710884396,117.0,0,0.03086376179765847,9204452.482236562,49,0,0.0,2,0.7552741033543787,0.02310713977294894,0.17066527195814338,REVIEW,24431568.620160002,CREDIT_OR_AFFORDABILITY,531.2870620954695,378.2337989418172,175.0821215151874,42.058509633865874,21.777914950880454,1148.4394071372205
APP-42-010907,2025-03-30 11:00:00,36,9078829.0,48,578,0.4623,108309870.0,6,0,Salaried,Rented,Partner,0,0.3210983570715064,CASH_LOAN,0.9438072105784053,128.0,0,0.12378591133645704,5925445.293905334,51,1,0.0,0,,0.02952258548018219,0.23096161723482794,REVIEW,15621396.330560002,ENHANCED_DUE_DILIGENCE,882.7291081283338,210.68156648506232,233.37694731422968,21.218591050148014,54.57882878339901,1402.585041761173
APP-42-010908,2025-03-30 12:00:00,34,12924511.0,11,570,0.369,93243414.0,12,3,Salaried,Owned,Mobile,0,0.2810605800603194,CASH_LOAN,0.9452364840362344,278.0,3,0.10508267150042101,6542916.598630759,38,1,0.0,2,0.9302996232070949,0.16731944962550926,0.19224553519089818,REVIEW,26097172.6112,CREDIT_OR_AFFORDABILITY,584.2383830489642,345.8961568494059,215.57569491975374,15.742684992777239,46.48478220616089,1207.9377020170618
APP-42-010909,2025-03-30 13:00:00,20,13192397.0,49,775,0.5672,72090654.0,18,0,Salaried,Owned,Mobile,0,0.11946906075029819,BNPL,0.9666110501159285,624.0,1,0.09358389904576579,3196859.3219674816,32,0,0.0,3,0.856245508056154,0.046132164195401726,0.09550887119033628,APPROVE,18270942.14912,POLICY_PASS,517.2940831224515,238.8838386222982,240.9046219363575,36.559740357188275,44.57643197599245,1078.2187160142878
APP-42-010910,2025-03-30 14:00:00,32,15153303.0,27,607,0.2447,23898908.0,12,0,Salaried,Rented,Partner,0,0.10302751472124005,CASH_LOAN,0.8996502156755181,471.0,1,0.025950657398085067,5526923.862622477,44,1,0.0,0,,0.04970443306730034,0.06431017909579247,APPROVE,23898908.0,POLICY_PASS,622.4990724468961,285.7597631287371,167.9244327716719,35.83052614496211,37.82579291899043,1149.8395874112575
APP-42-010911,2025-03-30 15:00:00,38,9372593.0,1,700,0.3076,55188882.0,6,3,Salaried,Mortgage,Mobile,0,0.14154753092986264,BNPL,0.9136528310727043,144.0,1,0.07794304008268188,6718891.27227334,58,1,0.0,1,0.8750094323190879,0.054500021445243185,0.08766045886884277,APPROVE,20766666.85824,POLICY_PASS,555.2012578034006,372.3749485956074,238.83199216580155,32.782338757209644,40.49389706183254,1239.6844343838516
APP-42-010912,2025-03-30 16:00:00,51,30891650.0,96,680,0.2995,31319848.0,24,2,Self-employed,Owned,Mobile,0,0.06189376708082905,CASH_LOAN,0.9174967880993986,670.0,0,0.16788598062010943,12063104.045904556,56,0,0.0,0,,0.03733304799445366,0.0507129835320994,APPROVE,31319848.0,POLICY_PASS,495.89599212953533,316.5096404195419,322.0581018595073,24.322101318368304,40.96930194092807,1199.755137667881
APP-42-010913,2025-03-30 17:00:00,40,23338151.0,108,579,0.3707,72856276.0,12,2,Salaried,Owned,Mobile,0,0.16875560997020714,CASH_LOAN,0.8841878586981246,337.0,0,0.012409405790735115,11865674.554409841,48,0,0.0,2,0.8735912650082572,0.027215900423828612,0.12529205572616015,REVIEW,46997434.957760006,CREDIT_OR_AFFORDABILITY,617.7692308443753,434.2962824377635,291.0558732872435,21.604294900718585,40.79378055923224,1405.5194620293332
APP-42-010914,2025-03-30 18:00:00,45,8113387.0,29,643,0.4189,70727300.0,36,1,Salaried,Mortgage,Branch,0,0.12657892480984498,CASH_LOAN,0.9125134597608142,32.0,1,0.03846175419966634,4573208.015888406,47,1,0.0,2,0.9764081359539936,0.04893119565347876,0.0751859806701352,APPROVE,15087005.39424,POLICY_PASS,588.3774030909437,207.5751740337532,344.66705022249386,18.691212690451234,30.144088169695713,1189.4549282073378
APP-42-010915,2025-03-30 19:00:00,24,18258977.0,41,568,0.1305,41269767.0,18,0,Self-employed,Rented,Mobile,0,0.1209967268657164,CASH_LOAN,0.8563869455278031,320.0,1,0.07615094176766339,3133089.4017224773,43,0,0.0,0,,0.06796532654352405,0.09648441031317442,APPROVE,41269767.0,POLICY_PASS,807.1537805603137,154.0071470403193,263.6263013053455,25.984110769749375,50.65984931201658,1301.4311889877445
APP-42-010916,2025-03-30 20:00:00,34,7610140.0,46,744,0.6693,87516708.0,24,1,Contract,Rented,Mobile,1,0.18142292997932036,BNPL,0.8054684253039649,146.0,0,0.11452724347770861,5681309.311159233,46,0,0.0,1,0.8523933842991318,0.05024057942240691,0.145721598022633,REVIEW,8053354.5536,CREDIT_OR_AFFORDABILITY,763.2977764837542,247.91738472947387,299.6857984071324,27.469678189323552,53.27877582405327,1391.6494136337374
APP-42-010917,2025-03-30 21:00:00,46,37660523.0,30,574,0.1638,44083458.0,36,0,Contract,Rented,Mobile,1,0.07057708926299287,BNPL,0.97507204390807,201.0,1,0.062099721374139535,20968886.101688594,51,1,0.0,0,,0.04073798048966213,0.04401198053557387,APPROVE,25000000.0,POLICY_PASS,833.3671527324457,338.7099473579866,227.38325759403392,28.621593920447552,21.30857821114945,1449.3905298160635
APP-42-010918,2025-03-30 22:00:00,27,43734242.0,65,666,0.0684,70137818.0,24,3,Salaried,Rented,Partner,0,0.08431313170560434,CASH_LOAN,0.962075747788319,486.0,0,0.07934105594057288,10484145.802111385,52,1,0.0,2,0.9695781154178802,0.024063649838415493,0.05018722015187179,APPROVE,70000000.0,POLICY_PASS,375.4985586450279,227.52326989425342,304.1315876786031,21.17565459210251,60.32191385846253,988.6509846684496
APP-42-010919,2025-03-30 23:00:00,44,17456573.0,22,604,0.0413,25721168.0,18,2,Salaried,Mortgage,Mobile,0,0.0887402561564391,CASH_LOAN,0.9022155371392749,26.0,1,0.05313334358842522,3201447.3809201554,43,1,0.0,0,,0.05315590624448094,0.056238902013697294,APPROVE,25721168.0,POLICY_PASS,362.0232309216048,325.02157104823897,194.52106003558134,24.56882781855516,52.91746853679778,959.052158360778
APP-42-010920,2025-03-31 00:00:00,42,11261805.0,58,573,0.251,19947836.0,18,0,Contract,Mortgage,Mobile,0,0.10620541584242864,CASH_LOAN,0.8751309840463668,337.0,1,0.11794086923798401,1312675.388324804,37,0,0.0,0,,0.07098030297751816,0.08781221807956338,APPROVE,19947836.0,POLICY_PASS,509.1223571518872,261.32469772986684,221.57318776771547,34.99161107221545,43.44943707327899,1070.4612907949638
APP-42-010921,2025-03-31 01:00:00,37,12491190.0,78,718,0.1875,145961096.0,36,0,Contract,Family,Branch,0,0.09535840726773318,BUSINESS_LOAN,0.9945185873525516,66.0,0,0.004632654127523184,3924152.1188069913,44,0,37813739.34500262,1,0.7744658814016865,0.016905269528471833,0.0713084644494489,APPROVE,20797556.63975144,POLICY_PASS,656.7505178180909,337.0283686354963,217.50911509921607,22.70894547110723,38.517688302921634,1272.5146353268321
APP-42-010922,2025-03-31 02:00:00,32,14024610.0,70,602,0.2641,112432248.0,24,2,Self-employed,Family,Mobile,0,0.17061182580223386,CASH_LOAN,0.9595180631065353,182.0,1,0.04680704032638202,7349630.296228077,50,1,0.0,0,,0.041504828936802206,0.10995585870885077,APPROVE,33026273.5968,POLICY_PASS,913.7824465466259,159.69439540400393,180.0798242664862,36.69987621378315,48.13993259892123,1338.3964750298205
APP-42-010923,2025-03-31 03:00:00,26,16972880.0,67,508,0.2944,76842514.0,12,1,Salaried,Mortgage,Mobile,0,0.1785405322119383,CASH_LOAN,0.8566465468236811,138.0,0,0.03790553117102151,7840630.322665951,39,1,0.0,0,,0.032792954185023024,0.1170323881524333,APPROVE,38323405.2096,POLICY_PASS,710.7472100532265,158.32519153411505,230.4627812039966,41.362118850668665,51.5729035831533,1192.47020522516
APP-42-010924,2025-03-31 04:00:00,51,38249484.0,32,671,0.5046,31833876.0,9,2,Salaried,Owned,Branch,0,0.06645282929062879,CASH_LOAN,0.9831149824723571,277.0,1,0.09487899762698165,6174714.6442888975,45,1,0.0,0,,0.04333693699205433,0.04284649719978523,APPROVE,31833876.0,POLICY_PASS,837.244293843845,380.822841290456,233.92645696428048,44.97492316603759,61.08811611991666,1558.0566313845356
APP-42-010925,2025-03-31 05:00:00,41,30445943.0,105,589,0.5828,30040264.0,36,1,Salaried,Mortgage,Branch,0,0.11032326346911364,CASH_LOAN,0.9233077204758996,24.0,0,0.014715596441449031,14329258.724797318,41,1,0.0,0,,0.023345114063752715,0.0689194945915841,APPROVE,30040264.0,POLICY_PASS,387.8315411234348,428.6810649161326,249.73263168692384,38.42775894183266,57.35711344564376,1162.0301101139678
APP-42-010926,2025-03-31 06:00:00,38,30704961.0,91,651,0.5617,23331966.0,24,0,Salaried,Rented,Partner,0,0.10026968865418633,BUSINESS_LOAN,0.9386647268201643,250.0,2,0.09134743378519113,16033528.118146919,38,1,98035606.41896349,1,0.6858837852477668,0.09377837995642717,0.06739026936524797,APPROVE,23331966.0,POLICY_PASS,351.99390602016143,343.1186101921091,307.51547973124593,19.30710018702302,43.77105739528782,1065.7061535258274
APP-42-010927,2025-03-31 07:00:00,31,19770478.0,40,702,0.0924,50455012.0,36,2,Self-employed,Mortgage,Mobile,1,0.06925830532375749,BUSINESS_LOAN,0.9302251020299246,268.0,0,0.1855175693385547,11003597.687940117,58,1,108174961.21440041,1,0.9202218134238689,0.03731277804987107,0.044316611682189054,APPROVE,50455012.0,POLICY_PASS,974.5469187922596,201.56264091082278,330.26360810677795,22.389030966254072,45.094511281420566,1573.8567100575349
APP-42-010928,2025-03-31 08:00:00,35,9543739.0,74,666,0.5151,72496892.0,24,2,Salaried,Mortgage,Mobile,0,0.18969858480799534,CASH_LOAN,0.887433467207072,51.0,1,0.03233949142474505,6813817.62959402,52,1,0.0,1,0.8899106480051265,0.05314096701714804,0.11725467553798664,APPROVE,14808828.93152,POLICY_PASS,823.208236991426,204.62128075302718,319.26787239195954,31.942229069628386,45.096041044458204,1424.1356602504993
APP-42-010929,2025-03-31 09:00:00,36,11785154.0,36,704,0.2796,40756447.0,6,2,Salaried,Family,Branch,1,0.07533106393543196,CASH_LOAN,0.9268357482831842,182.0,0,0.1328537420517231,7011613.016137811,36,0,0.0,1,0.7349726030876216,0.03247882675359506,0.06295007235610718,APPROVE,27168079.813119996,POLICY_PASS,774.3237346751538,246.59680003413573,304.3002379686643,33.99690675357895,38.15028036824411,1397.3679597997768
APP-42-010930,2025-03-31 10:00:00,39,18611291.0,75,547,0.4111,149196120.0,36,0,Salaried,Owned,Mobile,1,0.22087623091355507,CASH_LOAN,0.7868451753136626,346.0,1,0.02052666629558765,11819008.561052643,50,1,0.0,0,,0.07633839613146778,0.1430515865640854,REVIEW,35072605.66368,CREDIT_OR_AFFORDABILITY,630.5127232656017,286.45747452123413,176.29254708076107,24.388364696860915,53.60927465221282,1171.2603842166707
APP-42-010931,2025-03-31 11:00:00,42,9297697.0,23,726,0.1343,13252112.0,12,2,Self-employed,Owned,Mobile,0,0.05576007216864808,CASH_LOAN,0.9539278808164321,549.0,1,0.023218258240808733,3511065.6983058704,29,0,0.0,4,0.759723405462274,0.03966388280351257,0.04319703754198911,APPROVE,13252112.0,POLICY_PASS,634.347973850886,324.7554874143373,233.30877170228604,30.758102319114904,51.46523776938006,1274.6355730560044
APP-42-010932,2025-03-31 12:00:00,28,21275632.0,87,619,0.3446,93638299.0,9,3,Salaried,Family,Mobile,0,0.16807031126978214,BNPL,0.9179505805355415,256.0,0,0.037112981793064354,8548127.55174425,36,1,0.0,0,,0.025479943348866,0.11021657654984403,REVIEW,25000000.0,CREDIT_OR_AFFORDABILITY,610.4648364304628,414.06920952336884,328.17706464203934,32.2420053985606,27.893164818902356,1412.8462808133338
APP-42-010933,2025-03-31 13:00:00,22,28027599.0,38,537,0.2244,50875623.0,6,1,Self-employed,Rented,Mobile,0,0.13073042978766378,BNPL,0.9527608305468468,145.0,1,0.010024857379332702,7662147.350296185,49,1,0.0,0,,0.038363836370858224,0.08091367348308086,APPROVE,25000000.0,POLICY_PASS,330.86158291385465,316.72252101875256,179.73185990263838,24.329947211424038,39.139070500144285,890.7849815468138
APP-42-010934,2025-03-31 14:00:00,36,24296000.0,28,463,0.1413,57637426.0,12,0,Salaried,Owned,Branch,0,0.09521049429900207,BNPL,0.8141686920741847,522.0,2,0.0226212929884414,18217391.06999603,40,1,0.0,0,,0.12437413897826803,0.05954417596990772,APPROVE,25000000.0,POLICY_PASS,482.93217698433955,429.8920923707463,272.1303457329558,21.99833692686924,29.384528829947328,1236.3374808448582
APP-42-010935,2025-03-31 15:00:00,20,23765287.0,26,618,0.3742,8493329.0,24,0,Salaried,Rented,Mobile,0,0.08660495291217836,CASH_LOAN,0.8634547807549368,564.0,0,0.016186010365837587,10892385.631420586,51,1,0.0,1,0.9528111122963361,0.029946114229429523,0.04966494322558771,APPROVE,8493329.0,POLICY_PASS,496.16153823803177,289.0615345454923,217.05480440924822,35.462091927918635,62.04536365899115,1099.785332779682
APP-42-010936,2025-03-31 16:00:00,32,6448943.0,60,583,0.3409,34077868.0,18,0,Contract,Rented,Partner,1,0.19569694743446955,BNPL,0.9445473232076126,111.0,0,0.08395441581430525,3080516.1281943186,52,1,0.0,0,,0.026205384485095032,0.130171524085381,REVIEW,13601594.66016,CREDIT_OR_AFFORDABILITY,506.2925992548906,391.195572773708,196.6190389529951,20.64416662526471,25.394355493852764,1140.1457331007114
APP-42-010937,2025-03-31 17:00:00,30,37476627.0,15,585,0.1773,25092225.0,12,0,Salaried,Rented,Mobile,0,0.05103328526687715,CASH_LOAN,0.9502812226604934,129.0,0,0.1564549699226998,10742056.415767353,45,1,0.0,2,0.9583239642980917,0.03162056693870644,0.03220023023861137,APPROVE,25092225.0,POLICY_PASS,449.95747928652526,293.9312916624481,86.51682126244933,32.31544493928812,51.03549236108922,913.7565295118001
APP-42-010938,2025-03-31 18:00:00,39,7601228.0,70,664,0.1218,127835775.0,36,2,Salaried,Family,Partner,0,0.12967584814256228,CASH_LOAN,0.8630840629702474,318.0,1,0.1291373976269838,3084864.3131987546,50,0,0.0,0,,0.07673623992158692,0.10602766094724576,APPROVE,21361274.97472,POLICY_PASS,517.8555929528787,331.5971841542094,143.5545523540194,31.665340295873897,38.233360817911716,1062.9060305748933
APP-42-010939,2025-03-31 19:00:00,53,16549563.0,45,764,0.0549,36730594.0,12,2,Salaried,Rented,Partner,0,0.06814476413702383,CASH_LOAN,0.860881769353102,434.0,1,0.05861599096024088,2598075.5707932548,53,1,0.0,0,,0.06357462277131049,0.04218535494955189,APPROVE,36730594.0,POLICY_PASS,1001.8015364879138,302.7154645582481,196.8455851183104,38.86645151420137,33.47758543725858,1573.7066231159322
APP-42-010940,2025-03-31 20:00:00,20,25294088.0,78,575,0.1881,15957671.0,12,2,Salaried,Owned,Partner,0,0.08866277389253405,BUSINESS_LOAN,0.869072029361987,262.0,3,0.1108719639665196,11972499.424826402,52,1,69315008.59312873,2,0.8647424513532563,0.2196878029162361,0.05570642347569797,APPROVE,15957671.0,POLICY_PASS,715.143599857985,216.7858591151728,93.51208297532577,40.605313805548484,27.03691246529766,1093.0837682193298
APP-42-010941,2025-03-31 21:00:00,55,21924405.0,13,647,0.2837,67726944.0,9,2,Contract,Family,Partner,0,0.15038337619105202,CASH_LOAN,0.9480042359162808,251.0,1,0.039328948195906675,5321235.520163827,46,0,0.0,0,,0.04254848040560522,0.1172120195750999,APPROVE,50254244.164799996,POLICY_PASS,545.9012939750826,329.55264767223093,260.1684093364902,33.18441228253783,22.746413065752677,1191.5531763320942
APP-42-010942,2025-03-31 22:00:00,33,8913454.0,53,599,0.5333,103972754.0,36,0,Salaried,Family,Mobile,0,0.21014963961692168,CASH_LOAN,0.8966515162100281,309.0,0,0.03611358378468327,6341211.603952993,37,1,0.0,0,,0.0277171442911405,0.13992193771476308,REVIEW,13311708.74176,CREDIT_OR_AFFORDABILITY,820.542058468199,253.10236263777426,338.7652946514649,13.095022085139309,39.19744595884532,1464.702183801423
APP-42-010943,2025-03-31 23:00:00,38,9838396.0,45,569,0.1803,85108047.0,36,1,Self-employed,Rented,Mobile,0,0.18052060149802776,CASH_LOAN,0.9605851754706288,68.0,0,0.009565057028472285,6891176.679747776,52,1,0.0,0,,0.019728552553272296,0.1135833109364374,APPROVE,25806506.24384,POLICY_PASS,661.646787382859,380.120589408259,178.0595451951723,42.535077478049615,56.83631830165376,1319.1983177659934
APP-42-010944,2025-04-01 00:00:00,22,21078660.0,30,567,0.42,53497117.0,6,0,Salaried,Family,Mobile,0,0.10544393658700943,BUSINESS_LOAN,0.9403437826936455,452.0,1,0.017124846411812427,3431632.048917916,50,1,125653942.52392338,3,0.8258118835508883,0.04116741869947008,0.06338482009203054,APPROVE,53497117.0,POLICY_PASS,737.0916555027511,248.99859565601002,269.6019133955142,24.88910690713888,63.48066539724283,1344.061936858657
APP-42-010945,2025-04-01 01:00:00,44,23839325.0,27,758,0.3878,89591177.0,18,1,Salaried,Family,Branch,0,0.04687438652531369,CASH_LOAN,0.8833696446949778,332.0,0,0.021157929919731956,12399003.148416733,46,0,0.0,0,,0.02801286450654177,0.035114108048118056,APPROVE,46702191.24800001,POLICY_PASS,542.4583051517903,543.784833154689,273.5399741402789,39.57238237506135,77.15615142797662,1476.5116462497963
APP-42-010946,2025-04-01 02:00:00,35,9790472.0,73,641,0.1761,28603876.0,9,0,Self-employed,Rented,Mobile,0,0.11364749928554127,BUSINESS_LOAN,0.94855450039944,121.0,0,0.047296745961697806,5620327.119436136,38,0,58904363.13224456,0,,0.02315677760947693,0.08951749347508194,APPROVE,28603876.0,POLICY_PASS,470.60300395043976,493.9747856645044,279.79398043742606,36.43081957036613,29.10419672723475,1309.906786349971
APP-42-010947,2025-04-01 03:00:00,34,22338189.0,23,626,0.4696,66439400.0,24,2,Salaried,Owned,Mobile,0,0.1591260304493048,CASH_LOAN,0.851173773265882,242.0,0,0.07614915837615177,13034676.91839101,37,1,0.0,0,,0.03745349425188366,0.10653501930771246,APPROVE,37914161.42592,POLICY_PASS,647.8962120765048,478.00358413569677,184.07124525225404,35.310462480231294,49.34684664853312,1394.6283505932201
APP-42-010948,2025-04-01 04:00:00,20,7822243.0,51,591,0.6349,74334095.0,12,2,Salaried,Rented,Mobile,0,0.40277153544331307,CASH_LOAN,0.819058828008305,629.0,0,0.13660769202557763,1164190.19425861,49,1,0.0,0,,0.05067954687832576,0.3026997996825888,REVIEW,9138882.94176,ENHANCED_DUE_DILIGENCE,625.2137463037405,296.15092431921084,293.59634537147576,42.12516625108539,57.710791292331095,1314.7969735378438
APP-42-010949,2025-04-01 05:00:00,36,25375543.0,19,645,0.7269,55047840.0,12,2,Salaried,Rented,Mobile,1,0.20317576240698376,BNPL,0.9811895994062688,145.0,3,0.0832608151708289,9855873.847088665,38,1,0.0,0,,0.1392882816912102,0.13882099559530842,REVIEW,22176194.538560003,CREDIT_OR_AFFORDABILITY,948.7772874632387,340.2660434985437,102.46063414318135,28.387069803713345,41.430973581306006,1461.322008489983
APP-42-010950,2025-04-01 06:00:00,43,11070222.0,16,594,0.2849,42602810.0,36,4,Salaried,Owned,Mobile,0,0.17515732775506304,BNPL,0.9506955485709565,144.0,0,0.04350310733256918,4559424.043908915,36,1,0.0,0,,0.02270037183772932,0.11569130218662241,REVIEW,25000000.0,CREDIT_OR_AFFORDABILITY,361.77893788372353,388.96092983697235,283.13534027653577,40.26526379084901,34.132153127082695,1108.2726249151635
APP-42-010951,2025-04-01 07:00:00,33,18814995.0,49,779,0.5019,29675740.0,18,0,Self-employed,Mortgage,Mobile,0,0.07187657364099784,BNPL,0.9494352476268356,651.0,0,0.03250626287231967,7348198.1725596525,37,0,0.0,2,0.5323940979296051,0.022093961563870137,0.0591029513597988,APPROVE,25000000.0,POLICY_PASS,867.7645930905417,301.93345061779587,243.325330326537,17.217751563213287,38.702308104574826,1468.9434337026626
APP-42-010952,2025-04-01 08:00:00,46,17155229.0,57,658,0.2799,36721309.0,12,3,Contract,Rented,Mobile,0,0.17382918099063055,BNPL,0.81582824781212,73.0,1,0.012838535561446254,8472423.353716122,43,1,0.0,1,0.9542222918811076,0.06673478845993716,0.10514077563721656,REVIEW,25000000.0,CREDIT_OR_AFFORDABILITY,594.8395917359011,291.5637654891954,205.22392732099408,24.154842274511918,56.24389966797181,1172.0260264885744
APP-42-010953,2025-04-01 09:00:00,45,34080770.0,31,650,0.5588,111114825.0,12,2,Contract,Rented,Mobile,0,0.24278042231288338,BNPL,0.9757565092787689,409.0,0,0.05377138161254939,24241999.724187244,42,1,0.0,2,0.9776650249579939,0.021106058025974088,0.15518931230084468,REVIEW,25000000.0,CREDIT_OR_AFFORDABILITY,678.191061313008,390.0680816403309,203.3366155378651,50.635976971829216,43.424969301779015,1365.6567047648123
APP-42-010954,2025-04-01 10:00:00,29,20564027.0,67,648,0.3862,34088812.0,12,2,Salaried,Rented,Mobile,0,0.1267121818256229,BUSINESS_LOAN,0.8945792485089311,300.0,4,0.012322082248722608,6618561.78031062,48,1,106633896.06503883,0,,0.2649754739245353,0.07855779949364587,REVIEW,34088812.0,ENHANCED_DUE_DILIGENCE,419.7808697371356,228.1849462389022,255.38932567017122,48.62838560605584,32.11479779185353,984.0983250441184
APP-42-010955,2025-04-01 11:00:00,49,12947021.0,91,734,0.1454,43321435.0,12,1,Salaried,Owned,Partner,0,0.04519045970592569,BNPL,0.9720157292291004,165.0,1,0.0834026973896658,7162385.637687695,50,1,0.0,0,,0.04384505768454097,0.028385687605156626,APPROVE,25000000.0,POLICY_PASS,673.2385274691724,279.5554654952376,166.31342533869116,34.303686086960205,39.536263490437854,1192.9473678804993
APP-42-010956,2025-04-01 12:00:00,35,21936409.0,74,638,0.0758,84364688.0,24,1,Salaried,Rented,Mobile,0,0.103991020136834,CASH_LOAN,0.847816456753776,218.0,0,0.052786598723487926,8400169.637364758,38,1,0.0,2,0.883931278875253,0.03548657408405237,0.0644505754160574,APPROVE,64875613.43296,POLICY_PASS,375.4056461530189,359.7725539857209,206.42163125894598,25.354720078570622,62.402354315283496,1029.35690579154
APP-42-010957,2025-04-01 13:00:00,35,58480832.0,49,606,0.192,22618968.0,24,2,Salaried,Owned,Partner,0,0.05211824317397676,CASH_LOAN,0.818179742106505,72.0,0,0.14148992448292474,14313940.30608945,62,1,0.0,0,,0.05156915553935837,0.03345271482333313,APPROVE,22618968.0,POLICY_PASS,768.49711139154,527.1332538965912,197.19880218842349,40.94714260164933,43.60271428203919,1577.3790243602432
APP-42-010958,2025-04-01 14:00:00,36,27043302.0,87,652,0.1748,31809230.0,6,1,Salaried,Owned,Partner,0,0.05375025586086027,BNPL,0.85745747126271,139.0,0,0.012824212568764808,15469926.734445874,49,1,0.0,0,,0.03038798397829166,0.03224737217944687,APPROVE,25000000.0,POLICY_PASS,753.6730066933899,198.82371518481222,243.6062248112589,32.13661617335538,50.20514032240293,1278.4447031852194
APP-42-010959,2025-04-01 15:00:00,36,17423675.0,54,697,0.1769,16554876.0,12,0,Salaried,Family,Mobile,0,0.03613168864073093,BUSINESS_LOAN,0.9641520478742146,74.0,1,0.14996079586841315,2500780.9228974455,35,0,111591523.55383499,1,0.9049036919960773,0.054704261639855194,0.028950642328019718,APPROVE,16554876.0,POLICY_PASS,743.9025554744586,362.18466379868306,120.09985393031079,37.528201663672384,40.53584707629997,1304.2511219434248
APP-42-010960,2025-04-01 16:00:00,20,11380309.0,28,725,0.2368,215885969.0,12,2,Self-employed,Owned,Partner,0,0.14059283778217588,BNPL,0.9584435019935367,299.0,0,0.04420742874517598,7691356.377270808,36,1,0.0,1,0.9294390309230741,0.022035029342669314,0.08722082160514391,APPROVE,25000000.0,POLICY_PASS,461.8660676243776,375.6698615931526,203.76383432487017,23.506173675026947,34.708360780252775,1099.5142979976802
APP-42-010961,2025-04-01 17:00:00,33,12823782.0,70,655,0.3051,44207099.0,6,0,Salaried,Owned,Branch,0,0.08037852762961986,BNPL,0.8214180974473166,765.0,0,0.13488888922959225,9082447.802924749,48,1,0.0,2,0.8854955133028144,0.04995962323801279,0.0512856358003076,APPROVE,25000000.0,POLICY_PASS,391.97503509393636,274.5326618314871,323.2485679807475,45.04948853660354,50.37524367240247,1085.1809971151772
APP-42-010962,2025-04-01 18:00:00,23,26163567.0,82,657,0.1275,81456921.0,24,0,Salaried,Rented,Branch,0,0.08600386430436126,BNPL,0.9491525087235169,82.0,0,0.03614239700573016,9510530.154224068,35,1,0.0,0,,0.022356819809597,0.054612747065774646,APPROVE,25000000.0,POLICY_PASS,704.7366321827776,186.58223161564248,118.57334478467746,23.234037748889172,46.37428027388882,1079.5005266058756
APP-42-010963,2025-04-01 19:00:00,50,11058290.0,20,711,0.3163,228020472.0,24,0,Self-employed,Rented,Mobile,1,0.18478369852288953,CASH_LOAN,0.9640442033319758,561.0,0,0.023868745667625552,4717843.178465263,58,1,0.0,2,0.920222692854303,0.020285011912051197,0.111210780653969,APPROVE,24193769.1936,POLICY_PASS,663.3262922848476,506.9244056554704,228.7524609400236,44.47481258937897,26.087555674609206,1469.5655271443295
APP-42-010964,2025-04-01 20:00:00,49,18026638.0,42,443,0.4123,22697353.0,12,1,Self-employed,Mortgage,Mobile,0,0.15371307110650212,CASH_LOAN,0.8961763359662468,255.0,0,0.08528954526751506,13258937.745972583,43,1,0.0,0,,0.03204414572181687,0.10221945702785329,APPROVE,22697353.0,POLICY_PASS,701.117559730396,249.38049955353856,129.1408700681297,25.91706037160784,43.925822088152216,1149.4818118118244
APP-42-010965,2025-04-01 21:00:00,43,39688527.0,28,646,0.1549,50910308.0,18,1,Self-employed,Family,Mobile,0,0.03884309012197563,BUSINESS_LOAN,0.9621493864975871,1161.0,0,0.02879586701422904,21990308.49287084,46,1,265457560.85912192,1,0.8482560650868277,0.020741892136965628,0.02289921011762128,APPROVE,50910308.0,POLICY_PASS,438.1026269486747,263.23916526987125,153.69917863961427,35.04645791715892,42.69746248328997,932.7848912586092
APP-42-010966,2025-04-01 22:00:00,33,19552195.0,55,598,0.693,37310631.0,18,1,Salaried,Owned,Mobile,1,0.14926775720172797,BUSINESS_LOAN,0.9100254987499674,224.0,1,0.17977039874090842,4323198.206747366,41,0,61502337.84152668,2,0.8703510091124967,0.07359080826528648,0.1247024677957808,APPROVE,33826285.81283968,POLICY_PASS,580.171364786047,289.80716301307405,257.7634527842109,43.17111793554074,50.982292733144575,1221.8953912520171
APP-42-010967,2025-04-01 23:00:00,26,9942806.0,45,644,0.1266,44162708.0,24,1,Salaried,Mortgage,Mobile,0,0.08076090984624615,CASH_LOAN,0.9378370161951748,377.0,0,0.009868463253917662,6077594.962743247,42,1,0.0,3,0.9405394589993575,0.021682896624838674,0.046939731025787586,APPROVE,27788949.633279998,POLICY_PASS,698.2797224117902,322.9673926774162,332.0499795549703,32.45682670570862,43.041163321648305,1428.7950846715337
APP-42-010968,2025-04-02 00:00:00,29,59631746.0,27,666,0.2679,56361932.0,9,0,Salaried,Mortgage,Partner,0,0.041201799693219326,BNPL,0.8924248779104498,315.0,0,0.12148196487388792,36028911.87966163,47,1,0.0,1,0.8682388636773795,0.03613328386123583,0.02581717876101534,APPROVE,25000000.0,POLICY_PASS,551.350408128885,387.3961789583657,157.15619514131677,39.16061038229881,32.403391784983775,1167.46678439585
APP-42-010969,2025-04-02 01:00:00,52,47451983.0,49,730,0.3807,137363198.0,12,0,Salaried,Owned,Branch,0,0.04700536471473601,CASH_LOAN,0.9763663078930901,153.0,0,0.04009752375583749,7377710.057512774,52,1,0.0,2,0.678279222792611,0.020224159199427556,0.029120551114107045,APPROVE,70000000.0,POLICY_PASS,797.3640975065559,213.0544842887905,278.4301799927084,24.12160605368099,37.142784241489814,1350.1131520832257
APP-42-010970,2025-04-02 02:00:00,29,23712892.0,59,540,0.2221,80097387.0,12,1,Salaried,Owned,Mobile,0,0.1388696610371388,CASH_LOAN,0.9647497670512547,508.0,0,0.028841391408557026,8770412.068177696,46,1,0.0,0,,0.020523958876175,0.087857581469303,APPROVE,59028027.79776,POLICY_PASS,640.3391163593234,237.6199937707138,296.4385422442096,33.91148227515665,47.60704667584337,1255.9161813252467
APP-42-010971,2025-04-02 03:00:00,20,36307968.0,68,588,0.3757,160822640.0,12,3,Contract,Rented,Mobile,0,0.2702835136601451,CASH_LOAN,0.7978968939965916,297.0,2,0.041343298352206334,17442724.963488944,38,0,0.0,1,0.8952534579270524,0.13857968418495628,0.21303066030327245,REVIEW,70000000.0,ENHANCED_DUE_DILIGENCE,516.0391150835828,340.4087220068042,261.05929944592407,41.76821226872241,53.998210513928136,1213.2735593189618
APP-42-010972,2025-04-02 04:00:00,44,15541796.0,120,576,0.0802,58197801.0,18,0,Salaried,Rented,Branch,0,0.0913349384862313,CASH_LOAN,0.8882835562988391,293.0,0,0.11110137004066421,3153721.2409086153,45,1,0.0,2,0.9815374911447906,0.0356575066096065,0.05632845268427194,APPROVE,45745100.67456,POLICY_PASS,468.3811532982283,295.914996365704,311.0074058281191,46.44833375619864,52.3663627431788,1174.118251991429
APP-42-010973,2025-04-02 05:00:00,49,26811254.0,44,596,0.1366,38044930.0,36,2,Self-employed,Owned,Mobile,0,0.07996978519813393,CASH_LOAN,0.8989189419101001,138.0,1,0.10245227291042223,19091226.517188676,39,1,0.0,3,0.8600539598944356,0.06191356826381945,0.05107984721889718,APPROVE,38044930.0,POLICY_PASS,594.1202463571225,403.715262123727,204.0799290474377,25.84497037229823,35.02058814321302,1262.7809960437983
APP-42-010974,2025-04-02 06:00:00,50,14259522.0,52,541,0.4258,113768963.0,12,0,Salaried,Owned,Branch,1,0.20643676691354285,CASH_LOAN,0.9533402443610097,396.0,0,0.05936163467004734,5480504.027982166,43,1,0.0,2,0.958757668411629,0.023523652538270552,0.1306021520740473,REVIEW,26201016.103680003,CREDIT_OR_AFFORDABILITY,910.771227660595,381.8287110578003,220.2201124222524,36.45993662656676,59.75839158485182,1609.0383793520662
APP-42-010975,2025-04-02 07:00:00,44,8541131.0,51,794,0.4598,37263917.0,12,3,Contract,Family,Partner,0,0.14644761022279337,BUSINESS_LOAN,0.9855154249475624,85.0,1,0.03443325648272083,1734709.436992737,50,0,41728076.85368601,0,,0.03605929851816134,0.11285403959177416,APPROVE,22950442.26952731,POLICY_PASS,351.6231348691746,320.82234584358395,248.72103541810245,29.75745816553733,29.845606155854192,980.7695804522525
APP-42-010976,2025-04-02 08:00:00,46,74883172.0,148,703,0.2536,57897650.0,12,0,Contract,Rented,Mobile,0,0.042121306798040985,CASH_LOAN,0.9196873344008879,265.0,3,0.015183157159696009,32604429.181317814,52,1,0.0,0,,0.145898690870874,0.025043462817426813,APPROVE,57897650.0,POLICY_PASS,563.60666492533,316.52920584893735,309.7718230930371,27.77069016389455,34.81859489540258,1252.4969789266017
APP-42-010977,2025-04-02 09:00:00,35,8304320.0,38,584,0.3913,79345972.0,9,4,Salaried,Rented,Partner,1,0.4344668312556683,BNPL,0.9035330088804736,179.0,1,0.027022776788308882,4733578.846003362,40,1,0.0,0,,0.04908970898915794,0.31682915954217633,REVIEW,16175486.6688,ENHANCED_DUE_DILIGENCE,681.6434482827298,214.15446890995753,291.2690094919233,22.61092782387091,44.432687470647295,1254.1105419791288
APP-42-010978,2025-04-02 10:00:00,20,21200584.0,45,641,0.3505,97767574.0,12,1,Salaried,Rented,Branch,1,0.10547420660056507,CASH_LOAN,0.8349054961119771,214.0,1,0.028421201146682392,8367422.603711228,42,1,0.0,2,0.8809047963070583,0.06468588061644237,0.06387727976691397,APPROVE,44063293.78560001,POLICY_PASS,804.1741615932948,249.44388342809674,259.63536121743624,33.306097164485564,39.69540905555648,1386.2549124588697
APP-42-010979,2025-04-02 11:00:00,35,21064811.0,47,609,0.5671,52522363.0,36,2,Contract,Rented,Mobile,0,0.25490988704925344,BUSINESS_LOAN,0.8826339891957987,195.0,0,0.039892615767478,11149031.794952873,39,1,99962348.26570271,1,0.9316701536982156,0.02967330748669041,0.16518050892091932,REVIEW,52522363.0,CREDIT_OR_AFFORDABILITY,949.582916605236,319.46006158104194,261.0377338827166,38.607991277401645,31.994698053647877,1600.6834014000442
APP-42-010980,2025-04-02 12:00:00,41,23907084.0,23,651,0.015,88941108.0,24,2,Salaried,Rented,Branch,0,0.11607381974101182,CASH_LOAN,0.897419410066377,80.0,1,0.027229828062375838,13706562.573120154,37,1,0.0,1,0.9017949413686451,0.05033196912247791,0.07081327058814411,APPROVE,70000000.0,POLICY_PASS,457.6640075943069,312.91496550998124,237.84095501848765,40.86161219568858,55.08404770144164,1104.365588019906
APP-42-010981,2025-04-02 13:00:00,34,17133668.0,66,585,0.1821,35586161.0,24,1,Salaried,Rented,Partner,0,0.12704523631873657,CASH_LOAN,0.7269253017458307,86.0,1,0.04131478837745829,4679825.991174785,47,1,0.0,1,0.9437133459604251,0.10163925292640749,0.07631733735094746,APPROVE,35586161.0,POLICY_PASS,635.1756120339305,621.1238718508939,273.2217023324037,24.921467857177003,40.179964267552705,1594.622618341958
APP-42-010982,2025-04-02 14:00:00,33,17232280.0,56,530,0.3601,44259284.0,6,0,Salaried,Family,Partner,1,0.1723064230590984,BNPL,0.9103789932077949,112.0,0,0.10005014122443387,6139931.768741797,34,1,0.0,3,0.9464950123446412,0.03157084240253168,0.11241773639390805,REVIEW,25000000.0,CREDIT_OR_AFFORDABILITY,755.7446118706225,349.2034808913511,390.3871406473633,38.413099931508924,50.33800963190651,1584.0863429727524
APP-42-010983,2025-04-02 15:00:00,26,19423782.0,37,599,0.2854,77185311.0,6,1,Salaried,Family,Partner,0,0.11485408472870709,BUSINESS_LOAN,0.9406724704207695,200.0,1,0.02578323656096719,12322593.134316431,40,1,66634043.10636419,0,,0.04214926678433669,0.07257761381196907,APPROVE,36648723.70850031,POLICY_PASS,787.6008084359075,214.5266084181868,216.05422848318585,18.148069318991816,19.074101493005372,1255.4038161492776
APP-42-010984,2025-04-02 16:00:00,26,23436612.0,67,739,0.5654,55600189.0,12,2,Contract,Rented,Partner,0,0.1465290817317691,BNPL,0.9253534922152222,452.0,2,0.1533936903548363,8965347.136002671,38,1,0.0,0,,0.11646875709007513,0.1026572357456318,REVIEW,25000000.0,CREDIT_OR_AFFORDABILITY,677.5811325581449,370.41158065542663,245.81457608692727,17.641010599024412,51.50015875569324,1362.9484586552164
APP-42-010985,2025-04-02 17:00:00,52,17982027.0,62,533,0.7807,35120703.0,6,2,Salaried,Family,Branch,1,0.2781639932922054,CASH_LOAN,0.8995267474888179,678.0,0,0.03873555051838556,9296728.583173782,45,1,0.0,1,0.9158804577960689,0.02760391279695621,0.18104261465375812,REVIEW,12619067.267520003,CREDIT_OR_AFFORDABILITY,572.9397323504678,446.70097968435994,213.27443334949203,36.661336465042034,52.53189286310592,1322.1083747124676
APP-42-010986,2025-04-02 18:00:00,52,17335790.0,27,719,0.4832,96610136.0,12,3,Salaried,Family,Mobile,0,0.1779233605439487,CASH_LOAN,0.9365159938296741,51.0,0,0.050489696281822725,6638961.033348715,50,1,0.0,3,0.8976556222315973,0.024556920845777742,0.11086753272677745,APPROVE,28669236.070399996,POLICY_PASS,829.684820467387,127.73376969915955,162.98636282005643,37.752000247324624,50.4424787616557,1208.599431995583
APP-42-010987,2025-04-02 19:00:00,35,8703814.0,66,680,0.3257,63009018.0,24,2,Salaried,Rented,Mobile,0,0.11345687600033678,CASH_LOAN,0.9125457076618907,195.0,0,0.07801214736851844,1221111.416982381,50,1,0.0,0,,0.029350509204072315,0.0729388681589291,APPROVE,18780741.69664,POLICY_PASS,358.4630264066582,442.0217181366436,278.980314770396,28.99299022996426,59.211160552148186,1167.6692100958103
APP-42-010988,2025-04-02 20:00:00,38,54483457.0,15,611,0.232,20936669.0,24,0,Self-employed,Mortgage,Mobile,0,0.045013467082157387,CASH_LOAN,0.8746568615358963,33.0,0,0.1227851245911603,37347728.70272295,48,1,0.0,2,0.7844198152078656,0.0389703768347599,0.028917271253498304,APPROVE,20936669.0,POLICY_PASS,650.9863494116523,282.1096109352732,224.51924290441806,37.051337189905496,33.644670606687555,1228.3112110479365
APP-42-010989,2025-04-02 21:00:00,26,24167440.0,52,694,0.195,72457419.0,6,1,Salaried,Rented,Partner,0,0.09480091514850951,CASH_LOAN,0.9089802007943216,225.0,0,0.23760189471870882,17157356.801052704,29,1,0.0,0,,0.047204495902571156,0.07035987412040806,APPROVE,62255325.44,POLICY_PASS,286.2483793738067,296.2417007021125,272.1143822575606,33.56373862408747,25.9069118419671,914.0751127995344
APP-42-010990,2025-04-02 22:00:00,41,20191677.0,31,655,0.2795,77064770.0,24,4,Salaried,Rented,Partner,0,0.22804099907604083,BNPL,0.9521824837103005,422.0,0,0.09594087544019766,2295090.4020947823,42,1,0.0,1,0.8977230901666816,0.026304878913931358,0.1517723597801332,REVIEW,25000000.0,CREDIT_OR_AFFORDABILITY,535.2501844668782,303.10736873421814,287.9412593907183,35.78085606874589,53.05688430940763,1215.136552969968
APP-42-010991,2025-04-02 23:00:00,51,12767652.0,106,486,0.6119,53365066.0,9,2,Salaried,Family,Mobile,0,0.29855467275122144,CASH_LOAN,0.8562736473699826,166.0,0,0.04951389999271944,2382468.7227120674,51,1,0.0,1,0.9244149232957342,0.03396702989579201,0.1952298797116486,REVIEW,15856402.37184,CREDIT_OR_AFFORDABILITY,750.9136667431695,182.48415956780508,378.0580294594097,24.77665382208457,55.239711482580226,1391.4722210750492
APP-42-010992,2025-04-03 00:00:00,21,10364474.0,88,611,0.3,64794275.0,24,0,Salaried,Mortgage,Mobile,0,0.1050527607179467,CASH_LOAN,0.8100402371351044,227.0,0,0.1622372359744456,5471113.4762827745,49,1,0.0,0,,0.05649458623477864,0.07151651896964484,APPROVE,23216421.76,POLICY_PASS,589.9004099338507,406.4177531125802,281.98951099206926,36.74545078622088,52.68396524732592,1367.7370900720468
APP-42-010993,2025-04-03 01:00:00,39,28886210.0,107,613,0.528,118716468.0,12,1,Self-employed,Family,Mobile,0,0.20040635846748228,CASH_LOAN,0.9604173976083652,343.0,1,0.10663945119161536,15269050.510665195,50,1,0.0,1,0.9438423204290446,0.049086702449312694,0.12932618189074074,REVIEW,43629731.584,CREDIT_OR_AFFORDABILITY,851.9196573146996,271.7870069561199,267.8938670176953,38.17966490042611,23.020926579900244,1452.8011227688414
APP-42-010994,2025-04-03 02:00:00,40,16484943.0,33,744,0.5419,17742800.0,12,3,Self-employed,Mortgage,Mobile,0,0.13043694799598987,BNPL,0.8605012617026079,148.0,1,0.11044091632636231,11193481.933242738,37,1,0.0,2,0.6136958593323837,0.07359171829727264,0.0917561017542789,APPROVE,17742800.0,POLICY_PASS,578.7975481863109,329.65435611061986,238.238729456214,29.558411381787895,40.290688381782616,1216.5397335167154
APP-42-010995,2025-04-03 03:00:00,40,25329185.0,27,611,0.4334,96930973.0,24,0,Self-employed,Rented,Mobile,0,0.2167417043422972,CASH_LOAN,0.9898897293913143,86.0,0,0.03675282559198403,4243075.74696428,47,0,0.0,0,,0.0189414706775998,0.17133552643987743,REVIEW,45924851.9072,CREDIT_OR_AFFORDABILITY,463.3262947879258,362.4464600310906,268.9181972401274,45.20556641261559,66.25637858138334,1206.1528970531429
APP-42-010996,2025-04-03 04:00:00,50,8556483.0,48,625,0.1692,11144913.0,12,2,Salaried,Family,Mobile,0,0.08745362810458153,BNPL,0.9252434263780314,359.0,1,0.02526719234299231,1194894.849749121,33,1,0.0,0,,0.04477825719702447,0.05534780449964369,APPROVE,11144913.0,POLICY_PASS,377.9729582379908,287.77710966314453,286.49057006307214,25.160399284836885,34.02119660753466,1011.4222338565789
APP-42-010997,2025-04-03 05:00:00,53,42146090.0,35,556,0.0933,34251674.0,12,1,Self-employed,Family,Partner,0,0.0747206618271635,CASH_LOAN,0.9021178979077434,309.0,0,0.06968893930392099,25771533.784115672,44,0,0.0,1,0.8525520023193445,0.029891656838006157,0.056902095894624666,APPROVE,34251674.0,POLICY_PASS,694.0398236857366,299.4486519529846,292.5515891864281,29.865064369506275,52.09019653087399,1367.9953257255295
APP-42-010998,2025-04-03 06:00:00,33,29551348.0,31,635,0.101,17030898.0,12,1,Salaried,Rented,Mobile,0,0.04819029194721659,CASH_LOAN,0.9154803016738865,318.0,0,0.031701118711249816,14027001.76761218,43,1,0.0,1,0.7567477128996689,0.0253348289361178,0.029527643838195342,APPROVE,17030898.0,POLICY_PASS,659.1484380708222,296.17584629500516,298.2349291858858,30.051983101644577,39.69450229807898,1323.3056989514366
APP-42-010999,2025-04-03 07:00:00,41,17215106.0,91,554,0.1791,139625454.0,24,0,Self-employed,Mortgage,Partner,1,0.28431259437591205,CASH_LOAN,0.9660899292920497,593.0,1,0.04350810035372674,1752960.1763244583,44,1,0.0,0,,0.04003843413395836,0.1941075210946324,REVIEW,45222017.649280004,CREDIT_OR_AFFORDABILITY,519.8755972089568,317.1378706381817,317.76647316381866,19.41028336170181,43.53129018701754,1217.7215145596767
APP-42-011000,2025-04-03 08:00:00,36,23279328.0,91,718,0.2399,44814041.0,24,0,Salaried,Rented,Mobile,0,0.05421237665041731,CASH_LOAN,0.9592286031826793,123.0,0,0.021755653441539406,11234647.989017317,44,0,0.0,1,0.9278057271279483,0.020562826783312515,0.03882344526292445,APPROVE,44814041.0,POLICY_PASS,734.7708403965826,343.71727413542857,241.68012601081531,44.74702291265913,50.2081326272135,1415.123396082699
APP-42-011001,2025-04-03 09:00:00,29,27056416.0,77,610,0.1984,54154201.0,12,0,Contract,Owned,Branch,0,0.05704502441832293,CASH_LOAN,0.9801772611005672,34.0,1,0.011501124312722067,17794334.459289454,52,1,0.0,1,0.8616957785556337,0.03448153964235533,0.03295632156018698,APPROVE,54154201.0,POLICY_PASS,633.4768010001818,386.2952990657509,243.17038726459288,25.718440859064025,33.5735957165807,1322.2345239061704
APP-42-011002,2025-04-03 10:00:00,37,8628170.0,16,554,0.0413,45053118.0,24,4,Salaried,Family,Mobile,0,0.22728527941428742,CASH_LOAN,0.9292710521000093,252.0,0,0.04704910056215411,1617791.414966881,52,1,0.0,1,0.7596523404575897,0.025043192958328814,0.14927320285913526,REVIEW,26469845.0528,CREDIT_OR_AFFORDABILITY,548.1633142768643,387.85282667197083,349.9158122202467,37.00497153513542,44.67478964245943,1367.6117143466765
APP-42-011003,2025-04-03 11:00:00,41,45294089.0,62,728,0.5883,49711947.0,9,0,Salaried,Rented,Branch,0,0.054895061785611154,CASH_LOAN,0.9081672278654016,381.0,0,0.1370848972989386,28048417.94796807,51,1,0.0,0,,0.03546678429691565,0.03591380651209553,APPROVE,49711947.0,POLICY_PASS,505.16366809836495,369.35572770906117,300.4680567321722,29.616497991853766,50.980871462199204,1255.5848219936513
APP-42-011004,2025-04-03 12:00:00,37,23480383.0,43,546,0.3709,50355919.0,24,2,Contract,Owned,Branch,0,0.1898981525276667,BNPL,0.9444475848783183,104.0,0,0.08630501988374552,12875341.530597303,40,0,0.0,0,,0.026396703391697245,0.15565182420479526,REVIEW,25000000.0,CREDIT_OR_AFFORDABILITY,432.6702609115831,197.12387188488592,281.3817309920802,26.567350178974934,56.550383173464766,994.2935971409889
APP-42-011005,2025-04-03 13:00:00,27,12220508.0,73,658,0.01,98054251.0,12,2,Salaried,Owned,Branch,0,0.11062719997035675,BNPL,0.8465561059711654,216.0,0,0.044646241205464315,6767499.91540104,39,1,0.0,1,0.9317441138196633,0.034837673723887214,0.06733354680335982,APPROVE,25000000.0,POLICY_PASS,482.1919926182113,220.63305720844346,188.0860220478454,29.4046417309655,25.988003636951184,946.3037172424168
APP-42-011006,2025-04-03 14:00:00,31,9847783.0,71,533,0.3259,65284845.0,24,0,Salaried,Rented,Partner,0,0.19723041131197386,CASH_LOAN,0.881066514746436,309.0,1,0.18070501968466407,6016167.039866644,45,1,0.0,0,,0.08253709629220504,0.14146606728011638,REVIEW,21242849.664959997,CREDIT_OR_AFFORDABILITY,591.9759169123863,205.23774539140544,180.850280821836,20.196401751363403,34.34019010290679,1032.600534979898
APP-42-011007,2025-04-03 15:00:00,31,30977945.0,58,661,0.191,33353403.0,18,0,Salaried,Rented,Mobile,0,0.057002245790157786,CASH_LOAN,0.9188980157069568,193.0,0,0.017986951822670644,3581277.9495906457,60,1,0.0,1,0.7735221812872953,0.023999951876936806,0.03342225709857659,APPROVE,33353403.0,POLICY_PASS,607.8298215130246,376.8217343348059,205.63016580368867,15.577187099261668,16.429082989099946,1222.2879917398807
APP-42-011008,2025-04-03 16:00:00,27,20216706.0,92,717,0.2149,18087091.0,24,2,Contract,Mortgage,Mobile,0,0.06026360041015625,CASH_LOAN,0.9635546882266866,189.0,1,0.030606227074786108,10686471.811649777,35,0,0.0,0,,0.03897383884203147,0.0465785698239653,APPROVE,18087091.0,POLICY_PASS,676.4609242774845,178.91021770498403,210.7893136035181,43.045952939531695,39.00674864226727,1148.2131571677855
APP-42-011009,2025-04-03 17:00:00,38,23471860.0,57,593,0.3465,120171671.0,18,0,Salaried,Mortgage,Mobile,0,0.1555392319579024,BNPL,0.9019058612671446,325.0,2,0.04765124213572021,7372102.43446546,50,1,0.0,1,0.9027171692520168,0.09577722065168914,0.09561918882447501,APPROVE,25000000.0,POLICY_PASS,551.6461452472004,481.4939664277085,250.36268642154377,27.715743103822646,53.90317507779437,1365.1217162780697
APP-42-011010,2025-04-03 18:00:00,39,18265924.0,14,555,0.1062,74726724.0,12,2,Salaried,Rented,Mobile,0,0.22471818304966806,CASH_LOAN,0.8057769080014517,265.0,0,0.06521055792123796,10181250.909658467,45,1,0.0,0,,0.043578644467634986,0.15129609180102482,REVIEW,52243465.18784001,CREDIT_OR_AFFORDABILITY,599.8010811580839,210.59114716997743,282.7518566658145,30.48061371367983,66.35594504790244,1189.980643755458
APP-42-011011,2025-04-03 19:00:00,44,10369437.0,41,557,0.1383,45345552.0,36,1,Salaried,Family,Mobile,0,0.11108705225032336,BNPL,0.9578354453492562,599.0,0,0.0389765284115791,1023719.2831495218,54,1,0.0,1,0.8068764015953772,0.021753664580327795,0.0678296801647316,APPROVE,25000000.0,POLICY_PASS,799.3712317788568,393.3338853118582,144.29035544841875,29.05454304428845,74.79571932387397,1440.8457349072962
APP-42-011012,2025-04-03 20:00:00,27,23810140.0,33,636,0.3476,106958738.0,24,2,Contract,Owned,Partner,0,0.1855232950226238,CASH_LOAN,0.9360304596651299,99.0,0,0.1275396296000411,9253991.325541336,51,0,0.0,0,,0.030807381819126775,0.15307156375383282,REVIEW,49707953.0752,CREDIT_OR_AFFORDABILITY,807.523699835021,366.5636291594988,311.87398709295155,41.29977340373026,34.290058585757464,1561.5511480769592
APP-42-011013,2025-04-03 21:00:00,30,16146890.0,27,779,0.1286,227102883.0,18,1,Salaried,Owned,Mobile,1,0.07306044077934447,BUSINESS_LOAN,0.9709349321568955,92.0,0,0.0049451504984763025,4016170.2655827827,51,1,85096741.83239125,1,0.6465611845920654,0.018649849283606662,0.04509412510311779,APPROVE,46803208.00781519,POLICY_PASS,442.6502584565378,404.68570714830946,265.2455174878269,46.63799780925913,43.38100461404294,1202.6004855159763
APP-42-011014,2025-04-03 22:00:00,49,17786534.0,28,717,0.3539,56557027.0,12,4,Salaried,Rented,Branch,0,0.13747637437597368,BNPL,0.7805598606223583,305.0,0,0.031698196287947566,12696981.863590578,53,0,0.0,2,0.6883023223864115,0.04380320208508074,0.10667844182741064,REVIEW,25000000.0,CREDIT_OR_AFFORDABILITY,343.37969792285884,260.22304070889766,161.04723688301056,9.170732472676608,38.003311216547374,811.8240192039909
APP-42-011015,2025-04-03 23:00:00,34,66534675.0,38,724,0.3575,131551240.0,18,0,Salaried,Rented,Partner,0,0.0639348091422007,CASH_LOAN,0.9210151834073785,295.0,1,0.04400274061961463,41860325.773609385,41,0,0.0,1,0.6950182508594318,0.04805067827950464,0.05014814121382678,APPROVE,70000000.0,POLICY_PASS,602.7547749766467,298.13839507031577,286.7840144134838,28.659121250031006,27.11595036392356,1243.4522560744008
APP-42-011016,2025-04-04 00:00:00,35,29030871.0,35,563,0.368,56551565.0,6,2,Salaried,Rented,Mobile,0,0.14861046013967869,CASH_LOAN,0.8796563945505986,317.0,0,0.09931179620938484,13734334.46731334,48,0,0.0,1,0.6836795885770593,0.03568727480652286,0.12215693390446145,REVIEW,56551565.0,CREDIT_OR_AFFORDABILITY,544.4947045599063,422.21737854148057,260.78872029184987,32.25987376270868,47.32370179574191,1307.0843789516873
APP-42-011017,2025-04-04 01:00:00,33,29966871.0,64,719,0.7726,175696385.0,24,1,Salaried,Family,Mobile,0,0.12282523628950082,BUSINESS_LOAN,0.9727735273971151,190.0,0,0.06830765852032684,16056473.790493367,42,1,157843926.79936323,1,0.8499438360053188,0.022297609600612382,0.07772287357783199,APPROVE,86814159.73964979,POLICY_PASS,368.4993476570432,195.70831528985644,249.6705819244706,28.770493225245897,48.63156854308463,891.2803066397008
APP-42-011018,2025-04-04 02:00:00,45,80371487.0,32,711,0.2717,59738147.0,24,1,Contract,Rented,Mobile,0,0.04622072133300238,CASH_LOAN,0.9869591524898416,217.0,0,0.03806201720075233,36122575.49412385,35,1,0.0,1,0.7320276089258725,0.01924554751582481,0.02908360246265336,APPROVE,59738147.0,POLICY_PASS,432.2773717723944,237.93335706060031,208.29457994881602,34.873221951748285,61.19988078562982,974.5784115191889
APP-42-011019,2025-04-04 03:00:00,46,22239887.0,66,662,0.1472,41889243.0,12,3,Salaried,Rented,Mobile,0,0.09103287755330958,CASH_LOAN,0.8627953339926949,234.0,2,0.24180717786945194,5126862.527665373,46,1,0.0,1,0.8755165315172759,0.18267639238216135,0.06330533442380844,APPROVE,41889243.0,POLICY_PASS,697.9189664553315,175.08693925661217,314.9601714381929,23.548827632090163,22.899114744444706,1234.4140195266716
APP-42-011020,2025-04-04 04:00:00,45,19224988.0,81,595,0.2665,132344140.0,6,3,Salaried,Family,Partner,0,0.23597496818142255,BNPL,0.8678731524002019,187.0,1,0.019044965411971454,7695746.162795883,46,1,0.0,1,0.7781864707578965,0.05530847238905111,0.15367713638882163,REVIEW,25000000.0,CREDIT_OR_AFFORDABILITY,754.3150751479952,362.2990519584396,332.3056094922348,45.77295177419077,53.61404485628033,1548.3067332291407
APP-42-011021,2025-04-04 05:00:00,35,12388984.0,65,710,0.607,60206006.0,24,0,Salaried,Family,Mobile,0,0.10663133293681958,BNPL,0.9675497507159455,172.0,1,0.23136988317991866,8303869.224144984,41,1,0.0,1,0.7985403420626989,0.06788764482802981,0.07630407211574942,APPROVE,15580386.278400002,POLICY_PASS,960.3570087464543,212.6164011363328,339.1201049376947,18.989595047003277,50.327398943210255,1581.4105088106953
APP-42-011022,2025-04-04 06:00:00,27,14033793.0,53,591,0.2328,56559780.0,24,2,Salaried,Family,Branch,0,0.11295473754997468,BUSINESS_LOAN,0.9115331975249369,92.0,0,0.16780889085225034,4915982.999597099,57,1,42911676.16675901,1,0.886842668875602,0.038235222644564595,0.07343354269372039,APPROVE,23601421.891717456,POLICY_PASS,584.7960221208766,309.9713299846517,321.26760447543444,38.40166936333334,65.04555759873293,1319.4821835430291
APP-42-011023,2025-04-04 07:00:00,52,5838446.0,69,687,0.4428,95926731.0,24,2,Salaried,Family,Branch,1,0.14752170359360348,BUSINESS_LOAN,0.8366646443908421,292.0,1,0.033972703635892096,4195463.770276304,49,1,19819005.529042214,1,0.8254498461924893,0.06524876016404091,0.09159381525591886,APPROVE,10900453.040973218,POLICY_PASS,1013.9834928404919,284.6813115660398,178.0288247118421,44.64194144176061,37.15339948598682,1558.488970046121
APP-42-011024,2025-04-04 08:00:00,43,27801906.0,28,613,0.5757,52205081.0,24,2,Salaried,Rented,Mobile,0,0.18853432736059128,BUSINESS_LOAN,0.8820986914155664,161.0,0,0.020602106035129526,13880875.583978755,32,1,107116621.28924747,0,,0.028112979614802462,0.12421459583795308,APPROVE,52205081.0,POLICY_PASS,520.1322388447416,222.11179452410715,241.36369500842096,18.03431679048892,44.27464618629528,1045.916691354054
APP-42-011025,2025-04-04 09:00:00,31,8967126.0,16,569,0.4852,17688112.0,12,3,Salaried,Rented,Branch,0,0.25091137440067424,BNPL,0.880517005980458,175.0,0,0.048997846813515836,6156226.484103684,48,0,0.0,1,0.9705663392200188,0.030733751727392202,0.19089903563600824,REVIEW,14772084.687359998,ENHANCED_DUE_DILIGENCE,687.69359201153,384.4553678545134,283.97079448180057,28.955815257670995,67.65856921553066,1452.7341388210455
APP-42-011026,2025-04-04 10:00:00,48,29573437.0,71,611,0.1912,44119611.0,12,0,Salaried,Owned,Mobile,0,0.05246582206788832,CASH_LOAN,0.8973109503693133,186.0,0,0.02770293602965304,20549342.0418456,49,1,0.0,0,,0.026972430004319006,0.031801494246605666,APPROVE,44119611.0,POLICY_PASS,699.2966823631526,444.4982933356454,336.4439725281609,22.814815638678496,48.94583615475202,1551.9996000203894
APP-42-011027,2025-04-04 11:00:00,30,17579043.0,57,782,0.1847,36978770.0,18,3,Contract,Mortgage,Mobile,0,0.08266690060199891,CASH_LOAN,0.9574480357760371,34.0,1,0.03646359364756334,2847735.4216878284,51,1,0.0,0,,0.04062528922411776,0.050868490907431035,APPROVE,36978770.0,POLICY_PASS,607.4818774848612,404.0774483590089,258.117567903201,34.329903630730875,50.551648252906816,1354.5584456307085
APP-42-011028,2025-04-04 12:00:00,48,19313495.0,111,556,0.2835,31376509.0,18,3,Self-employed,Owned,Branch,1,0.1817785630627645,BNPL,0.8360942990941745,255.0,1,0.018851258992094735,8449301.289574452,41,0,0.0,1,0.9848893244327208,0.06267647752816743,0.13381130998641103,REVIEW,25000000.0,CREDIT_OR_AFFORDABILITY,636.2748300024745,333.598777890376,129.81349267268723,43.838621709433134,62.63111297529647,1206.1568352502672
APP-42-011029,2025-04-04 13:00:00,48,17585407.0,82,711,0.3902,109146095.0,24,4,Salaried,Rented,Partner,0,0.23919923270727306,BNPL,0.9700425584723504,449.0,0,0.1859315406489849,6009559.167543063,39,1,0.0,1,0.9094686284135127,0.03178732560513658,0.16959973953519825,REVIEW,25000000.0,CREDIT_OR_AFFORDABILITY,687.6344025969477,380.2405783167894,275.43351484412295,18.084975925122272,43.310777239878156,1404.7042489228606
APP-42-011030,2025-04-04 14:00:00,27,38579178.0,41,700,0.0447,40240063.0,12,1,Salaried,Family,Mobile,0,0.023464627870895684,BNPL,0.9158006314780963,100.0,1,0.10166163712297914,18290076.483108297,43,1,0.0,3,0.7506637188801614,0.05779188882868761,0.015016581684669393,APPROVE,25000000.0,POLICY_PASS,700.9565515059381,311.35484358685324,305.9410721368402,33.78679672694578,45.12846877120286,1397.1677327277803
APP-42-011031,2025-04-04 15:00:00,40,35007596.0,44,627,0.4999,40665848.0,36,2,Salaried,Mortgage,Partner,0,0.1139457477897451,CASH_LOAN,0.9433273146289958,186.0,1,0.11902505554508008,6262376.337522142,52,1,0.0,2,0.7355686842502325,0.054428604891103675,0.07540671939049592,APPROVE,40665848.0,POLICY_PASS,550.5672898395467,252.76204020693484,224.241711226314,23.831601036019066,51.037938690591766,1102.4405809994064
APP-42-011032,2025-04-04 16:00:00,42,17716236.0,54,600,0.3064,52481110.0,12,1,Self-employed,Owned,Mobile,0,0.10846857459623341,BNPL,0.8236906003948815,759.0,0,0.024252854254189715,7372563.212819752,42,0,0.0,0,,0.03602882921282294,0.08337953907287911,APPROVE,25000000.0,POLICY_PASS,705.6581675137704,137.5828250954064,176.31754843592205,22.629818815956654,58.01080231834349,1100.1991621793989
APP-42-011033,2025-04-04 17:00:00,59,10978288.0,46,550,0.6684,68418135.0,36,1,Salaried,Owned,Partner,0,0.33543615484422423,CASH_LOAN,0.9139205635587746,351.0,2,0.07136370399513081,1319064.78999137,42,1,0.0,0,,0.09758283852676258,0.2388169450997067,REVIEW,11649280.96256,ENHANCED_DUE_DILIGENCE,529.7700879567399,509.9164254836787,254.813463321493,37.15591833037914,40.747809128000185,1372.4037042202908
APP-42-011034,2025-04-04 18:00:00,28,29919510.0,53,733,0.1002,75154499.0,36,0,Salaried,Family,Mobile,0,0.025570760249052638,CASH_LOAN,0.7414638143178823,15.0,0,0.17749532226515413,6703831.976537991,48,1,0.0,1,0.9159466093963343,0.07715377895519682,0.01633356151508358,APPROVE,70000000.0,POLICY_PASS,492.2404599523036,366.1860110339114,335.2476690418214,25.36232253373424,43.68430592154362,1262.7207684833143
APP-42-011035,2025-04-04 19:00:00,48,10531339.0,36,554,0.6807,61287041.0,12,1,Salaried,Owned,Branch,0,0.23969657860637716,CASH_LOAN,0.8839992540333002,398.0,1,0.06396250892769455,2784442.788898302,32,1,0.0,1,0.8709125653547998,0.05891657449804556,0.16088666436200094,REVIEW,10760500.936640002,CREDIT_OR_AFFORDABILITY,600.8032359898772,460.9531040268298,238.69695237856257,33.32452813821248,32.844994825614386,1366.6228153590962
APP-42-011036,2025-04-04 20:00:00,35,7653768.0,75,439,0.4004,60872635.0,18,1,Contract,Owned,Branch,0,0.18561203742867474,CASH_LOAN,0.7505047505081266,114.0,0,0.01987226129174512,5032272.633305155,35,0,0.0,1,0.8566510481314696,0.0477657064132703,0.14296617680578366,REVIEW,14685437.736960001,CREDIT_OR_AFFORDABILITY,635.5596068106962,289.0356262889313,239.253223276441,24.20550550206957,39.97144591973695,1228.025407797875
APP-42-011037,2025-04-04 21:00:00,24,23676055.0,63,662,0.2813,25956179.0,12,2,Salaried,Mortgage,Branch,0,0.04658710774699495,CASH_LOAN,0.9027073830589876,181.0,0,0.11097366262363488,12592134.613272216,41,1,0.0,0,,0.03361954458337524,0.030398438817350985,APPROVE,25956179.0,POLICY_PASS,518.8648851913338,362.14279795395754,244.76275487206354,30.86751117891825,30.366220465395358,1187.0041696616686
APP-42-011038,2025-04-04 22:00:00,34,35182233.0,48,543,0.2103,75882185.0,12,0,Salaried,Mortgage,Mobile,0,0.09935148066673041,CASH_LOAN,0.9152421204351777,96.0,0,0.043282307651847214,10538548.058629982,58,1,0.0,1,0.9357921723678171,0.026232589044195648,0.057936389173371274,APPROVE,70000000.0,POLICY_PASS,745.0404457410425,452.7147000041872,281.0675921813495,34.78605432804518,52.56010156774372,1566.1688938223679
APP-42-011039,2025-04-04 23:00:00,35,14404993.0,25,632,0.1304,29185719.0,12,3,Contract,Family,Mobile,0,0.15609832465716592,BUSINESS_LOAN,0.9191313488544003,289.0,0,0.01170102839228207,3637144.0214855974,54,1,92804120.1064242,4,0.914371640105787,0.02353963464267309,0.09270160379555147,APPROVE,29185719.0,POLICY_PASS,619.3301442656912,362.3717497104762,154.42927098862987,41.3270950859852,39.45826003072091,1216.9165200815032
APP-42-011040,2025-04-05 00:00:00,25,22485181.0,47,543,0.2209,115735370.0,24,1,Salaried,Rented,Partner,0,0.1910426860329183,CASH_LOAN,0.8323325596036072,72.0,0,0.2752201377177264,16757702.154251909,45,1,0.0,1,0.8912368228635162,0.07108530091635804,0.1401306562959144,REVIEW,56058254.45472,CREDIT_OR_AFFORDABILITY,529.387880227065,347.0242011435175,192.20326810663119,19.20901945398314,52.54700836131846,1140.371377292515
APP-42-011041,2025-04-05 01:00:00,38,14321346.0,59,598,0.1101,46092028.0,24,3,Salaried,Owned,Branch,0,0.12482592312999496,BNPL,0.8785333224635908,332.0,0,0.12732910146488777,9082189.511293111,46,1,0.0,0,,0.03887128071934922,0.08401490772544218,APPROVE,25000000.0,POLICY_PASS,398.55160794782205,422.1805778725983,216.81725599705499,34.46270866183895,62.028705165432605,1134.040855644747
APP-42-011042,2025-04-05 02:00:00,44,26774986.0,46,645,0.0841,23633002.0,18,3,Salaried,Owned,Branch,0,0.048644839079125556,CASH_LOAN,0.8253734802467378,51.0,0,0.03624142030405884,14905914.40854943,57,1,0.0,1,0.8412139856047213,0.037046032228929895,0.028400833017866747,APPROVE,23633002.0,POLICY_PASS,419.5267749783183,80.0,237.01119168831042,34.15573396819067,47.15478142007966,817.8484820548991
APP-42-011043,2025-04-05 03:00:00,37,32872554.0,40,660,0.4217,63738200.0,12,1,Salaried,Mortgage,Mobile,0,0.06493975939023175,BNPL,0.8340605129780859,166.0,2,0.09586539423704012,7569242.7470811205,43,1,0.0,1,0.9270769524730694,0.13997977340229542,0.03994930043081939,APPROVE,25000000.0,POLICY_PASS,687.9260490296635,421.6358839079751,247.33062936252142,22.726034479515615,44.61198195973368,1424.2305787394093
APP-42-011044,2025-04-05 04:00:00,30,15577007.0,12,736,0.2909,91010863.0,12,2,Self-employed,Family,Partner,0,0.09357485493357198,BNPL,0.9425017998053355,44.0,0,0.05775469904331527,10821137.209535355,39,1,0.0,0,,0.024476913425427366,0.06006232915310126,APPROVE,25000000.0,POLICY_PASS,344.3295722276283,259.81718277831726,277.78419727219205,33.09396982147499,48.78498457622388,963.8099066758365
APP-42-011045,2025-04-05 05:00:00,34,10228624.0,151,640,0.1843,44232356.0,24,1,Salaried,Rented,Mobile,0,0.08585066620937505,CASH_LOAN,0.8013908582051039,442.0,0,0.01814928491623907,1262218.7280171744,31,1,0.0,1,0.7676038728262987,0.03873919996795456,0.05395938877241583,APPROVE,26699163.50976,POLICY_PASS,298.8538642296673,387.66267948412906,221.46796851540213,24.043836473186897,53.43425117266264,985.462599875048
APP-42-011046,2025-04-05 06:00:00,35,8076874.0,30,648,0.287,83678918.0,12,4,Salaried,Family,Mobile,0,0.19361488232626847,CASH_LOAN,0.8559569561935239,114.0,1,0.06394567168451223,1130957.7460201283,39,0,0.0,0,,0.06579314692617533,0.1568663728448247,REVIEW,18428195.7184,CREDIT_OR_AFFORDABILITY,483.11571287341235,284.0941800167957,309.9624056533887,20.056498108546844,43.49768204081833,1140.7264786929618
APP-42-011047,2025-04-05 07:00:00,37,29949134.0,61,623,0.4167,138604102.0,6,6,Salaried,Family,Mobile,0,0.24076570403561745,BNPL,0.8768398823759277,387.0,1,0.021588152704328945,14390832.267278587,47,1,0.0,0,,0.05376017766750926,0.15825159444553114,REVIEW,25000000.0,CREDIT_OR_AFFORDABILITY,590.0789605622606,308.87986215866584,254.4283094775775,25.1685344765951,39.67257256390107,1218.228239239
APP-42-011048,2025-04-05 08:00:00,45,9633631.0,27,707,0.3549,68229866.0,12,1,Self-employed,Rented,Partner,0,0.15556776838547423,CASH_LOAN,0.9781284469252767,217.0,0,0.13180841959035788,2350341.132000804,44,0,0.0,0,,0.026269801393594406,0.12946169392519213,REVIEW,19886897.14592,CREDIT_OR_AFFORDABILITY,684.5165080934955,212.1465641456723,208.14657002154448,33.35826626627855,43.82360275577176,1181.9915112827628
APP-42-011049,2025-04-05 09:00:00,37,22086909.0,58,559,0.1256,23774164.0,12,1,Self-employed,Owned,Partner,0,0.0799756718412108,BNPL,0.862481712474095,235.0,1,0.006207326115633055,2072726.4857378523,49,0,0.0,0,,0.05448515991333431,0.05946717152197467,APPROVE,23774164.0,POLICY_PASS,897.0499092638665,338.2450459193487,147.94614552342387,37.869833983956774,41.99882032479773,1463.1097550153936
APP-42-011050,2025-04-05 10:00:00,22,27603585.0,61,608,0.0868,54171956.0,12,0,Salaried,Rented,Partner,0,0.0719016125851534,CASH_LOAN,0.9362928924505471,191.0,0,0.038812361422729355,4606351.800499477,47,0,0.0,1,0.9560257790811553,0.023753318287973432,0.05168409832371538,APPROVE,54171956.0,POLICY_PASS,479.864538899785,252.45497683459251,245.79677748349906,24.09238951367031,45.06754311152079,1047.2762258430678
APP-42-011051,2025-04-05 11:00:00,30,13662512.0,42,640,0.576,40057725.0,12,1,Self-employed,Family,Partner,1,0.1810033993995839,CASH_LOAN,0.960728980432229,101.0,0,0.06462838551554838,9688977.720508337,61,1,0.0,1,0.8861057807946888,0.023176286853990986,0.11215408082627935,APPROVE,18537296.281600002,POLICY_PASS,659.5066501959571,337.01888452334106,160.91196255217645,32.154504415061865,45.13744221852181,1234.7294439050584
APP-42-011052,2025-04-05 12:00:00,36,16427484.0,46,575,0.2747,15604333.0,18,1,Salaried,Family,Mobile,1,0.06813425771554561,BUSINESS_LOAN,0.9465960499728769,402.0,0,0.07590639809971561,3650744.707426422,45,1,89879085.14705801,1,0.9365769072733343,0.025382522525467403,0.041101055627327784,APPROVE,15604333.0,POLICY_PASS,811.7340760932607,263.76378578233977,314.996317769863,34.14508379826343,51.31153583043781,1475.9507992741646
APP-42-011053,2025-04-05 13:00:00,45,31182145.0,34,740,0.2873,22564552.0,9,0,Salaried,Owned,Branch,0,0.01963001440542905,BNPL,0.966335248814558,40.0,0,0.1940314944638474,7518136.8663702635,51,1,0.0,0,,0.033037591794153394,0.013224822499238027,APPROVE,22564552.0,POLICY_PASS,715.46815972441,235.63225065794208,232.97738536900985,38.28221782968136,47.68197000472595,1270.0419835857692
APP-42-011054,2025-04-05 14:00:00,47,11540530.0,151,663,0.4652,178562506.0,24,1,Salaried,Mortgage,Mobile,0,0.1780327749200971,CASH_LOAN,0.7902035209716853,145.0,0,0.024533622146054666,1776339.2207944072,48,1,0.0,0,,0.04127869475041476,0.11381689275803518,APPROVE,19750001.420799997,POLICY_PASS,710.8751083659492,236.7335523963792,180.68389091533365,21.43796461472733,55.01322699145548,1204.7437432838449
APP-42-011055,2025-04-05 15:00:00,51,10913825.0,78,552,0.2012,43079682.0,9,2,Salaried,Owned,Mobile,0,0.1824317470603052,CASH_LOAN,0.9702962065906898,71.0,1,0.05775872573786094,5698659.28643349,58,1,0.0,2,0.9052497501294056,0.041013807822479556,0.11262398010366476,APPROVE,27897482.912,POLICY_PASS,622.5145686307654,312.9551448015149,295.03152384170573,23.019888271532807,41.089933565901546,1294.6110591114204
APP-42-011056,2025-04-05 16:00:00,36,15822874.0,53,669,0.2703,48417902.0,12,1,Salaried,Owned,Branch,0,0.051871283692290306,CASH_LOAN,0.8365833115161981,186.0,1,0.14905720208774803,8041204.052813873,57,1,0.0,0,,0.08976739907640091,0.033799282121720134,APPROVE,36947043.70496,POLICY_PASS,477.9269311078542,326.86714590636126,313.2037718332665,32.91700482697472,58.7260344024443,1209.640888076901
APP-42-011057,2025-04-05 17:00:00,42,36351073.0,36,734,0.3979,24778743.0,36,0,Salaried,Owned,Partner,0,0.02086066463146693,BUSINESS_LOAN,0.9247206693864001,300.0,0,0.18043620477921457,6293011.609793213,34,1,232716703.9221656,1,0.9502193751749148,0.03759666801082876,0.013565765182701034,APPROVE,24778743.0,POLICY_PASS,688.6901271256546,324.51583881982947,272.7455864325699,45.33765011703689,59.07201942449332,1390.3612219195843
APP-42-011058,2025-04-05 18:00:00,22,43653081.0,74,588,0.3053,202890981.0,24,0,Salaried,Owned,Mobile,0,0.10511831031114165,CASH_LOAN,0.9568212394688921,233.0,1,0.1617790365957974,8484638.255918615,37,0,0.0,0,,0.05823264887945789,0.0895394906798363,APPROVE,70000000.0,POLICY_PASS,640.89940202424,298.9917561435768,144.48627435657733,33.598906312500496,76.70314280975995,1194.6794816466547
APP-42-011059,2025-04-05 19:00:00,39,17048140.0,74,738,0.6411,71386442.0,6,2,Salaried,Owned,Partner,0,0.1708599151389488,CASH_LOAN,0.9621810491134821,192.0,0,0.07293326346351146,3261990.3700840957,54,1,0.0,0,,0.023606107420915293,0.11126887607601536,APPROVE,19579447.8272,POLICY_PASS,777.922155650055,273.30641810973657,203.2936548286018,36.24769631718088,53.715336741941144,1344.4852616475155
APP-42-011060,2025-04-05 20:00:00,25,12166726.0,28,658,0.0935,44033894.0,24,1,Salaried,Owned,Partner,0,0.07836003593579932,BNPL,0.9273866964117679,381.0,0,0.05941097073151402,6022803.658579049,44,1,0.0,2,0.7566134758870103,0.02616571428134781,0.04948819544769219,APPROVE,25000000.0,POLICY_PASS,629.2857079129744,452.4719882891512,228.29187640161274,25.48802319880241,57.29736908292228,1392.8349648854633
APP-42-011061,2025-04-05 21:00:00,34,32318338.0,19,655,0.721,91860273.0,18,1,Salaried,Rented,Mobile,1,0.16683074177415666,CASH_LOAN,0.8738110790944246,443.0,2,0.0454563814421555,4163518.0984691996,50,0,0.0,0,,0.10587017647260688,0.13020303733386257,REVIEW,28853812.166400004,CREDIT_OR_AFFORDABILITY,711.6228279206558,308.3525274904578,96.49064599889905,38.636942912328344,54.17078983296593,1209.273734155307
APP-42-011062,2025-04-05 22:00:00,62,7186895.0,36,726,0.2662,127794431.0,12,2,Salaried,Rented,Mobile,0,0.1478148582752694,BNPL,0.9316569476728283,225.0,0,0.17436371822238547,5325215.120442362,47,1,0.0,3,0.8882626644949446,0.035920415896184554,0.09961144921295109,APPROVE,16875979.3632,POLICY_PASS,556.8647935743069,368.2382704295266,169.6565066548493,20.108123572723244,50.32159203699449,1165.1892862684003
APP-42-011063,2025-04-05 23:00:00,38,20626110.0,35,655,0.1477,14336784.0,24,3,Salaried,Rented,Mobile,0,0.09629375611239378,CASH_LOAN,0.8111979038034618,230.0,0,0.013106917908425917,2193928.346429774,54,1,0.0,0,,0.03669567629287371,0.05828978760122586,APPROVE,14336784.0,POLICY_PASS,564.4801022057809,377.1994029753867,264.35805048007467,30.629734903163225,17.19322954377764,1253.8605201081828
APP-42-011064,2025-04-06 00:00:00,27,17570463.0,20,668,0.0964,122218238.0,36,0,Salaried,Mortgage,Mobile,0,0.097797718051338,BNPL,0.5882668649537911,213.0,0,0.06602732123094324,10885110.932549817,42,1,0.0,0,,0.10223457664214552,0.06288979274612339,APPROVE,25000000.0,POLICY_PASS,771.175232761113,384.612692044142,272.71016968637656,45.92655878941043,25.870515511634704,1500.2951687926766
APP-42-011065,2025-04-06 01:00:00,39,36670663.0,30,647,0.3975,30867120.0,24,2,Salaried,Rented,Mobile,0,0.08322610732218416,BNPL,0.9458234879777255,434.0,1,0.07153782270669752,26200940.204117313,43,1,0.0,0,,0.04707270981463117,0.053320162443630824,APPROVE,25000000.0,POLICY_PASS,836.9731900890517,217.21383756917487,254.66309470540654,39.36846614472131,50.22421734964012,1398.4428058579947
APP-42-011066,2025-04-06 02:00:00,30,38769426.0,26,514,0.0535,18861556.0,12,0,Salaried,Mortgage,Partner,0,0.058437355867857144,BNPL,0.858783111326521,259.0,0,0.05021896948423639,24442758.72623877,55,1,0.0,2,0.9663739937170893,0.03369167587858876,0.033509790697295774,APPROVE,18861556.0,POLICY_PASS,593.953761174226,304.6230102503111,296.7961059091856,30.81313814209391,37.866995253229646,1264.0530107290463
APP-42-011067,2025-04-06 03:00:00,26,10718605.0,93,670,0.4824,207704517.0,9,1,Contract,Mortgage,Mobile,0,0.2306111851549162,CASH_LOAN,0.9363819786241167,418.0,0,0.03127482482634827,4326964.804758365,45,0,0.0,1,0.727668205723652,0.023226070971579475,0.18396560641865267,REVIEW,17753439.833600003,CREDIT_OR_AFFORDABILITY,618.9291308869643,277.1041951131249,229.848889665097,39.99876029264163,40.0148452029852,1205.8958211608133
APP-42-011068,2025-04-06 04:00:00,54,19738967.0,59,658,0.1803,68749226.0,12,2,Salaried,Rented,Mobile,0,0.13655632628744327,CASH_LOAN,0.9889074153565707,393.0,1,0.0510234369114472,7008527.743745725,42,1,0.0,1,0.9347033483675039,0.03731464189430127,0.08391268288399373,APPROVE,51776099.999680005,POLICY_PASS,657.2946850814844,354.9173473916799,197.31343239192964,26.686418808358507,17.764323424681045,1253.9762070981335
APP-42-011069,2025-04-06 05:00:00,45,13151547.0,63,613,0.4241,35852067.0,24,0,Salaried,Rented,Mobile,1,0.13887234462055445,CASH_LOAN,0.8755036860002506,84.0,0,0.027036860553168722,6736703.418043705,46,1,0.0,0,,0.029426117446282766,0.08775097885501423,APPROVE,24236722.935360003,POLICY_PASS,539.087833061247,263.30917905982756,302.15559735826434,23.767234768449207,23.108199897986317,1151.4280441457747
APP-42-011070,2025-04-06 06:00:00,38,15318200.0,76,456,0.4253,184928884.0,12,2,Salaried,Family,Partner,1,0.3570332552810738,BUSINESS_LOAN,0.9760905733216997,410.0,0,0.07088175959234069,9267112.692361325,39,1,90290697.48505135,1,0.8486560473982051,0.022162645203443306,0.25205171201771387,REVIEW,49659883.61677825,ENHANCED_DUE_DILIGENCE,684.2293797322812,465.07167970755086,173.46004980709841,35.93298503750837,32.86843370267136,1391.5625279871101
APP-42-011071,2025-04-06 07:00:00,31,25278015.0,27,685,0.2393,40440421.0,12,2,Salaried,Owned,Partner,0,0.0696481534748043,BNPL,0.8214592098994165,123.0,1,0.1358041182985194,17972548.42579214,40,0,0.0,0,,0.09172799086592796,0.05758120375202247,APPROVE,25000000.0,POLICY_PASS,671.5819443874473,395.34737435501467,303.2077099185585,29.16470388658189,67.79014376598735,1467.0918763135896
APP-42-011072,2025-04-06 08:00:00,32,14971973.0,64,578,0.3427,28486345.0,24,4,Salaried,Owned,Branch,0,0.19273581165919543,BUSINESS_LOAN,0.941512591934466,336.0,0,0.003902899902653696,9134317.384525498,34,1,100477305.52220073,1,0.9802648094445909,0.02098694938295047,0.11800255796997924,APPROVE,28486345.0,POLICY_PASS,996.5007620298188,310.6939195614392,185.3342809721849,19.95565621842833,62.15793539591957,1574.6425541777908
APP-42-011073,2025-04-06 09:00:00,49,20025987.0,40,559,0.7159,97907214.0,36,1,Salaried,Owned,Mobile,0,0.20658438074846866,CASH_LOAN,0.8752714647722973,633.0,0,0.009136017444716418,7471728.484820462,49,0,0.0,1,0.858650660994579,0.027957008885922688,0.1552005084620159,REVIEW,18206025.30144,CREDIT_OR_AFFORDABILITY,593.8941481575606,357.837810627353,233.98647181048744,39.99101356577671,21.085998232369164,1246.7954423935469
APP-42-011074,2025-04-06 10:00:00,38,30473926.0,92,552,0.2072,19627002.0,18,0,Self-employed,Owned,Mobile,0,0.07096264234256491,CASH_LOAN,0.937330587129138,456.0,2,0.061760788232944036,16569207.537433565,54,1,0.0,0,,0.08694613392367988,0.04399552014574319,APPROVE,19627002.0,POLICY_PASS,549.5995026016212,319.55312571782787,184.50717326137942,31.758155012278593,47.60843250875949,1133.0263891018667
APP-42-011075,2025-04-06 11:00:00,20,41417799.0,85,499,0.4584,56500973.0,24,3,Salaried,Mortgage,Mobile,0,0.18789610477889845,CASH_LOAN,0.8844053173920814,240.0,1,0.14619193405263217,28244405.30808105,48,0,0.0,0,,0.07406050275017324,0.15774604406185994,REVIEW,56500973.0,CREDIT_OR_AFFORDABILITY,682.6377164337224,459.1076987320307,351.75356231706365,37.4043332917134,52.1525071741274,1583.0558179486572
APP-42-011076,2025-04-06 12:00:00,57,21097316.0,102,673,0.3728,21617700.0,12,1,Salaried,Mortgage,Branch,0,0.04242643479974785,BNPL,0.9673777086065317,80.0,0,0.03738440344533232,13813273.653373005,43,0,0.0,0,,0.020819352894865542,0.03230819888638695,APPROVE,21617700.0,POLICY_PASS,684.9912868210215,231.03093633902216,97.25821125055384,31.720784526384744,28.23642909066708,1073.2376480276494
APP-42-011077,2025-04-06 13:00:00,37,19204464.0,29,810,0.1651,26627766.0,6,1,Self-employed,Owned,Partner,0,0.048594030193524554,CASH_LOAN,0.8743861779190418,37.0,0,0.02489706089746244,12430940.502223799,44,0,0.0,1,0.6094064015029779,0.029376866370960545,0.038177290317833124,APPROVE,26627766.0,POLICY_PASS,599.4287845550721,311.0600198639406,212.56643567398265,27.83460046236588,73.42257162612964,1224.3124121814908
APP-42-011078,2025-04-06 14:00:00,38,9790007.0,46,598,0.4423,80493455.0,9,0,Salaried,Owned,Mobile,0,0.20830998041013754,CASH_LOAN,0.8539407010370962,171.0,2,0.04037093310870725,2893481.624744245,47,1,0.0,0,,0.11250171279850905,0.13659488981263937,REVIEW,17471638.09248,CREDIT_OR_AFFORDABILITY,907.561696332181,205.32786962458655,270.98664442471096,31.56189060642861,40.288407901230876,1455.7265088891377
APP-42-011079,2025-04-06 15:00:00,45,43058554.0,35,699,0.2099,29310340.0,12,1,Salaried,Rented,Mobile,0,0.03636209200233834,BNPL,0.9206553692340075,210.0,0,0.13720467374254924,28853124.452153258,68,1,0.0,0,,0.033727298843756866,0.022859016683919688,APPROVE,25000000.0,POLICY_PASS,665.5705714888642,338.5822297736304,238.12502818873827,28.666308919785255,59.26564634135458,1330.2097847123725
APP-42-011080,2025-04-06 16:00:00,39,23641588.0,33,633,0.2091,92823468.0,6,0,Salaried,Mortgage,Mobile,0,0.11037727905949575,CASH_LOAN,0.8862298580394822,65.0,0,0.04255924232417356,13438419.709513584,44,1,0.0,1,0.8373739104373794,0.029469480614850867,0.06823100157131755,APPROVE,59834022.23743999,POLICY_PASS,615.7310408591393,391.6226350386668,301.5235607099833,26.895657330243438,35.91683438054353,1371.6897283185765
APP-42-011081,2025-04-06 17:00:00,42,19400437.0,36,660,0.162,13477865.0,12,1,Self-employed,Owned,Mobile,0,0.05373964662522432,CASH_LOAN,0.931411743016621,600.0,0,0.01243526621758568,4108296.9848663793,47,1,0.0,2,0.7966409659846653,0.022431031245029192,0.03192152646170673,APPROVE,13477865.0,POLICY_PASS,781.7644320870204,250.00188303271682,291.2325344616825,31.35875147211687,12.0,1366.3576010535364
APP-42-011082,2025-04-06 18:00:00,31,18861991.0,71,635,0.2193,47661025.0,6,0,Salaried,Owned,Partner,0,0.08548358904895517,CASH_LOAN,0.9750000899704258,623.0,0,0.03443303448864771,6917714.483639261,37,1,0.0,0,,0.020002332997819953,0.05400062843800903,APPROVE,47121780.39584,POLICY_PASS,994.7617519671735,360.9217796586099,281.94254294082884,45.4461817659019,33.242222826557764,1716.3144791590719
APP-42-011083,2025-04-06 19:00:00,24,21949210.0,34,696,0.3332,38345358.0,24,2,Salaried,Mortgage,Mobile,0,0.07526261549082855,CASH_LOAN,0.950036783686699,379.0,0,0.15203882629436363,12868121.548083084,45,1,0.0,0,,0.031248461900311032,0.05071452883970847,APPROVE,38345358.0,POLICY_PASS,531.6453426078924,233.10616444580495,137.671600606327,46.59231469858917,60.39607681859873,1009.4114991772124
APP-42-011084,2025-04-06 20:00:00,38,27518446.0,30,553,0.5659,46825248.0,6,3,Contract,Rented,Mobile,0,0.37514666281098147,CASH_LOAN,0.8898882748584068,257.0,3,0.08497640833304526,14938042.779022044,53,1,0.0,1,0.8926133820472405,0.19269365942525354,0.2611014466377112,REVIEW,38226423.70752,ENHANCED_DUE_DILIGENCE,545.9534487881062,383.18236455323563,239.62361017377535,37.93863859909631,44.7703398129987,1251.4684019272122
APP-42-011085,2025-04-06 21:00:00,48,29456793.0,33,647,0.3399,41391349.0,36,3,Self-employed,Family,Mobile,0,0.08375416106515376,CASH_LOAN,0.9660008419433905,218.0,0,0.06141664128538889,7609965.9636289915,33,1,0.0,0,,0.022467678042116575,0.054303327165244504,APPROVE,41391349.0,POLICY_PASS,502.2219194676154,378.29194083877115,231.54126258411617,24.584610225574405,48.612810870430714,1185.2525439865076
APP-42-011086,2025-04-06 22:00:00,29,43654781.0,21,722,0.5631,69951732.0,18,3,Contract,Family,Mobile,0,0.1119147024780238,CASH_LOAN,0.9913526221188781,666.0,0,0.02555748818834255,8465433.525245458,28,1,0.0,0,,0.018217116861084952,0.072214300688999,APPROVE,61032876.220479995,POLICY_PASS,673.4945771560795,287.5932551223672,237.6971311681493,46.808669679989755,34.12095429971677,1279.7145874263026
APP-42-011087,2025-04-06 23:00:00,28,20570344.0,34,690,0.318,72068083.0,12,2,Salaried,Mortgage,Mobile,0,0.10682216251762164,BUSINESS_LOAN,0.9466413384032389,148.0,3,0.04452631319784048,7888277.770438242,51,1,105292632.84308214,1,0.9224196383812132,0.14278917113635659,0.06362846256517507,APPROVE,57910948.063695185,POLICY_PASS,636.9362874130209,264.2666842548215,210.12621088851873,23.84109870143591,22.081245308591335,1157.2515265663883
APP-42-011088,2025-04-07 00:00:00,46,47237234.0,87,663,0.2046,42280385.0,9,1,Salaried,Mortgage,Mobile,0,0.032479333596302416,CASH_LOAN,0.9640660773494422,547.0,0,0.003630818860381154,18344203.63718304,45,0,0.0,0,,0.019111190261548835,0.023976565678648826,APPROVE,42280385.0,POLICY_PASS,383.1238947357965,349.75100831918866,304.72680169071623,36.68497221962278,70.80336352943777,1145.090040494762
APP-42-011089,2025-04-07 01:00:00,31,32204930.0,131,647,0.6217,39134122.0,12,1,Salaried,Rented,Branch,0,0.10132082287653114,BNPL,0.9451456853691863,347.0,2,0.010674990066517648,17195712.07902119,50,0,0.0,0,,0.07326484674684448,0.07588426866638973,APPROVE,25000000.0,POLICY_PASS,585.1534900905696,545.0606363961532,374.9255921911895,27.091297136516673,60.13700060031466,1592.3680164147436
APP-42-011090,2025-04-07 02:00:00,31,17414436.0,40,614,0.3686,71743303.0,12,2,Contract,Owned,Partner,0,0.24418580891871566,BNPL,0.9568557936482378,400.0,1,0.03899409643379255,4871084.959202128,45,1,0.0,0,,0.04101993796279294,0.16306185668833253,REVIEW,25000000.0,CREDIT_OR_AFFORDABILITY,448.7505180421364,280.82693401775424,301.3957134478296,18.81914691816457,43.73618661059457,1093.5284990364794
APP-42-011091,2025-04-07 03:00:00,32,7194495.0,90,615,0.2637,77533266.0,12,2,Self-employed,Owned,Partner,0,0.21948943837028695,CASH_LOAN,0.8760603603877867,400.0,0,0.019775540625188225,1614147.6747128367,45,0,0.0,2,0.9305209476800937,0.02874495306434319,0.16479584516671208,REVIEW,16951381.3392,CREDIT_OR_AFFORDABILITY,756.1250582511138,229.43770871842403,255.63979898906823,49.51642754887922,32.307960917814064,1323.0269544252994
APP-42-011092,2025-04-07 04:00:00,34,18867314.0,113,528,0.181,13001195.0,36,2,Contract,Rented,Branch,1,0.12725572557735226,BNPL,0.9100930305504635,89.0,0,0.08362498462726468,8296376.508233202,45,1,0.0,2,0.8202479586230119,0.030133650483530207,0.08175032198978972,APPROVE,13001195.0,POLICY_PASS,239.86901164072992,216.7633076710357,208.39921176424042,11.999717455842234,45.17023725656967,722.2014857884179
APP-42-011093,2025-04-07 05:00:00,21,42416378.0,85,676,0.3266,22337442.0,6,1,Contract,Mortgage,Branch,0,0.030249743415712477,CASH_LOAN,0.8738630305205398,260.0,0,0.006680287129646963,26606309.55817534,42,1,0.0,0,,0.02791758353847162,0.018136235757367482,APPROVE,22337442.0,POLICY_PASS,707.8003959067614,403.8854417469871,147.3495879294725,25.6839209127138,48.39816273477259,1333.1175092307074
APP-42-011094,2025-04-07 06:00:00,30,11751455.0,15,738,0.2221,24382079.0,9,1,Contract,Rented,Mobile,0,0.05377529085957903,BUSINESS_LOAN,0.912075158209539,248.0,0,0.01844688862684265,4005226.4043426956,54,1,37750163.81772146,2,0.9702603936362139,0.024713659617500914,0.03009296087291929,APPROVE,20762590.0997468,POLICY_PASS,815.179289070573,325.1084410065586,315.3765049664367,34.22175247561494,52.58473552808272,1542.470723047266
APP-42-011095,2025-04-07 07:00:00,37,18835177.0,40,661,0.1877,40509820.0,36,0,Salaried,Owned,Mobile,0,0.0552246329653615,BUSINESS_LOAN,0.8855500436728972,288.0,1,0.029118408797396043,3803808.4119136264,31,1,60960155.847564474,1,0.7780793413453927,0.053052836951157104,0.034452188939197985,APPROVE,33528085.716160465,POLICY_PASS,465.22307902408966,248.17419604188208,245.69617143511078,28.11676737477375,54.01252848456522,1041.2227423604215
APP-42-011096,2025-04-07 08:00:00,37,19712287.0,99,641,0.2367,15340749.0,12,0,Salaried,Family,Partner,0,0.042260452968696585,CASH_LOAN,0.8517479033688524,132.0,0,0.011296920206909299,5523861.799622324,62,1,0.0,4,0.90525569956053,0.0309647828470248,0.023480414509769128,APPROVE,15340749.0,POLICY_PASS,584.4320182603558,206.30209121231263,219.90260726381356,26.479808493895657,32.507212251157284,1069.623737481535
APP-42-011097,2025-04-07 09:00:00,45,30221131.0,73,683,0.2931,73432729.0,12,1,Salaried,Owned,Partner,0,0.05635586689601278,CASH_LOAN,0.9036670738191177,404.0,0,0.04149807765083244,13760967.810743105,52,1,0.0,0,,0.02736065076765223,0.03435863263675551,APPROVE,68362616.01248,POLICY_PASS,316.4525947890384,292.92392078805364,159.66957811477096,30.351064401892778,39.00326559418569,838.4004236879415
APP-42-011098,2025-04-07 10:00:00,52,14542500.0,81,487,0.2721,28730743.0,36,2,Salaried,Rented,Mobile,0,0.2020849858566123,CASH_LOAN,0.8155107617882708,696.0,0,0.11970898010108258,5371766.20718506,42,1,0.0,1,0.839924490379261,0.048984881080829046,0.137109328349031,REVIEW,28730743.0,CREDIT_OR_AFFORDABILITY,520.4585057130104,245.79342976259522,277.20082832215644,29.50351579523484,36.076624000113824,1109.0329035931106
APP-42-011099,2025-04-07 11:00:00,49,11158602.0,50,603,0.7211,86544014.0,12,3,Salaried,Rented,Mobile,0,0.4088158844514247,CASH_LOAN,0.959799931418629,240.0,0,0.05344424437712733,7213333.93684628,52,1,0.0,1,0.8955450316981599,0.02251443250441288,0.284663978020823,REVIEW,9958829.112960001,ENHANCED_DUE_DILIGENCE,888.1325035954355,254.60497664680497,257.6395249762542,30.187789000968912,43.60232850313841,1474.167122722602
APP-42-011100,2025-04-07 12:00:00,43,24627727.0,60,635,0.2404,35108448.0,24,1,Contract,Owned,Partner,0,0.0928150166542555,CASH_LOAN,0.9677201809869094,64.0,1,0.005024946780222267,10813601.317627912,44,0,0.0,1,0.83533364754965,0.035593497580115256,0.06820662934699201,APPROVE,35108448.0,POLICY_PASS,633.071061553351,391.5918034457827,344.1409841547788,28.066050400886855,41.24413202770988,1438.1140315825091
APP-42-011101,2025-04-07 13:00:00,34,11959296.0,43,517,0.3317,96250498.0,18,1,Self-employed,Mortgage,Mobile,0,0.24082435168829155,BNPL,0.9482778313546588,147.0,0,0.03464552543791046,1648230.1941901715,50,1,0.0,1,0.912499459125101,0.022338970274111934,0.15239601563165953,REVIEW,25000000.0,CREDIT_OR_AFFORDABILITY,698.1311604163541,251.04505654436747,228.91765176060233,40.55569252899941,43.50090104876089,1262.150462299084
APP-42-011102,2025-04-07 14:00:00,29,6559037.0,89,652,0.56,42997429.0,6,3,Salaried,Rented,Mobile,0,0.3104269218580848,BNPL,0.8451141769248368,349.0,0,0.06093985095522113,3846269.27452691,52,1,0.0,2,0.9515542855403772,0.036732826907573256,0.2039340204582241,REVIEW,9235124.095999999,ENHANCED_DUE_DILIGENCE,549.9555454330639,321.4474897807931,210.99802505761988,34.15957950115794,45.416478490118685,1161.9771182627535
APP-42-011103,2025-04-07 15:00:00,35,49529890.0,43,507,0.2073,47432154.0,12,0,Salaried,Family,Mobile,0,0.060427131133588774,BNPL,0.8090904784845337,193.0,1,0.0697852984891822,13633250.123461988,37,1,0.0,0,,0.0802596709480028,0.03876697234327445,APPROVE,25000000.0,POLICY_PASS,547.6011490088495,256.187358688884,287.45042839148823,12.211067309297071,37.196772404691885,1140.6467758032106
APP-42-011104,2025-04-07 16:00:00,40,29971251.0,55,690,0.5191,83919539.0,18,0,Contract,Owned,Mobile,0,0.09724585757270277,CASH_LOAN,0.9618115432401932,153.0,2,0.18838131828858287,20421338.73592879,47,0,0.0,1,0.833672051778937,0.11160362037980531,0.08083738653097315,APPROVE,46122158.73888,POLICY_PASS,616.4598735524263,357.07766433644883,248.55521165825016,28.42790854405359,36.51421754620624,1287.034875637385
APP-42-011105,2025-04-07 17:00:00,42,50715675.0,36,656,0.3627,39500788.0,18,1,Salaried,Mortgage,Mobile,0,0.05289985369823083,BNPL,0.9569430826713266,185.0,0,0.06220787177285237,22283343.12223074,54,1,0.0,0,,0.02337267943000035,0.03256694658010437,APPROVE,25000000.0,POLICY_PASS,332.16378447481196,246.45536836965414,154.59120052532836,22.278256715797088,44.73363334866677,800.2222434342582
APP-42-011106,2025-04-07 18:00:00,41,29109913.0,30,626,0.6083,18467786.0,18,1,Salaried,Owned,Partner,0,0.10047692204148276,BNPL,0.9235185579941338,654.0,1,0.02395241413858059,13496801.66316562,49,1,0.0,0,,0.04491962570455411,0.06197925520348118,APPROVE,18467786.0,POLICY_PASS,635.0497444735707,340.362408798396,199.4544080052474,41.184383083757055,50.047479059013206,1266.0984234199846
APP-42-011107,2025-04-07 19:00:00,34,26168920.0,93,695,0.4214,18641696.0,12,3,Salaried,Owned,Mobile,0,0.07241915744482323,BUSINESS_LOAN,0.896811524779949,387.0,0,0.11880400433740915,2851589.700390668,35,0,76851426.01480952,0,,0.035223044760593326,0.05974834424734179,APPROVE,18641696.0,POLICY_PASS,617.3820802676538,324.47165226939484,253.0283422659972,32.218104466211074,23.818799811410326,1250.9189790806674
APP-42-011108,2025-04-07 20:00:00,42,22056699.0,88,651,0.4145,101930139.0,9,2,Salaried,Rented,Branch,0,0.16058222866637661,CASH_LOAN,0.862811321525153,267.0,0,0.17248021667208904,7723399.224395969,57,1,0.0,1,0.9057543424368516,0.047139065289325044,0.10618950259126107,APPROVE,41325431.2464,POLICY_PASS,683.8257182712804,299.418000459369,237.50152326374103,37.081481174229076,46.08114227822693,1303.9078654468465
APP-42-011109,2025-04-07 21:00:00,46,16249404.0,33,674,0.6523,23556870.0,18,0,Self-employed,Rented,Partner,0,0.14275607721346717,CASH_LOAN,0.9399263195326939,70.0,0,0.09291454745987433,5970730.718625592,39,0,0.0,1,0.8568256669379491,0.02741287411937449,0.11325185362098378,APPROVE,18079736.86656,POLICY_PASS,780.7408880021758,304.1399937979332,178.38029800120648,26.92056129171833,29.666323003346303,1319.84806409638
APP-42-011110,2025-04-07 22:00:00,43,23855872.0,60,660,0.1563,40912841.0,12,2,Salaried,Family,Mobile,0,0.06963531140411175,CASH_LOAN,0.8753337520224581,410.0,0,0.039523287999548885,12846892.426960748,47,1,0.0,0,,0.030536151911355548,0.04303873483190259,APPROVE,40912841.0,POLICY_PASS,587.6171328939346,327.68908222347454,233.04534976926737,30.934342272856373,43.831808365890105,1223.117715525423
APP-42-011111,2025-04-07 23:00:00,35,13277806.0,88,578,0.1446,135014128.0,36,0,Salaried,Rented,Partner,0,0.2253501211936535,CASH_LOAN,0.9841828157856628,275.0,2,0.03061529453008342,1625136.2007977506,53,1,0.0,1,0.8943790931501615,0.06650105983708622,0.14110915182651018,REVIEW,36345072.80768,CREDIT_OR_AFFORDABILITY,303.8268139546519,270.02580931190425,415.60926142031605,28.677251455504642,49.624715494439734,1067.7638516368168
APP-42-011112,2025-04-08 00:00:00,27,9997107.0,144,753,0.2637,36714620.0,9,1,Self-employed,Rented,Branch,0,0.05932643625293487,BUSINESS_LOAN,0.8948400054207547,112.0,0,0.10048760976737561,4115677.074897601,44,0,34149083.04233632,0,,0.03367107254879865,0.04737279821695441,APPROVE,18781995.673284978,POLICY_PASS,610.6630588589578,254.0280528819097,244.47034852914115,34.79931881124593,48.39402336760359,1192.3548024488582
APP-42-011113,2025-04-08 01:00:00,27,14993962.0,63,730,0.122,32920892.0,6,1,Self-employed,Mortgage,Mobile,0,0.05089912848687182,BNPL,0.9046667801712068,395.0,1,0.013641483334160962,6667854.937464587,54,0,0.0,0,,0.0470354547155281,0.03738305002147509,APPROVE,25000000.0,POLICY_PASS,576.7632067760017,404.7043389905052,213.58572832347892,39.995225985387904,47.27551102488494,1282.3240111002585
APP-42-011114,2025-04-08 02:00:00,29,36623588.0,85,671,0.6572,62884287.0,36,1,Salaried,Rented,Mobile,0,0.06878576964533471,BNPL,0.945031428090952,145.0,0,0.004654312973903145,17062067.77157439,39,1,0.0,1,0.7637743623550194,0.02073114518167737,0.041921373433659925,APPROVE,25000000.0,POLICY_PASS,535.7321136713836,401.9494137051636,309.68535096824525,23.314010691689433,69.8264443586288,1340.5073333951107
APP-42-011115,2025-04-08 03:00:00,37,9138974.0,85,651,0.1599,128595758.0,18,1,Contract,Rented,Mobile,0,0.20117685442293107,BNPL,0.8877042293893477,53.0,1,0.025912764174404447,3265682.052952404,46,0,0.0,0,,0.05212294891458321,0.15755674742543616,REVIEW,24568486.583680004,CREDIT_OR_AFFORDABILITY,545.5567082929402,443.085563701596,251.40430045149623,20.050059726493927,20.113197594373958,1280.2098297669004
APP-42-011116,2025-04-08 04:00:00,40,9219194.0,79,694,0.057,159081229.0,12,1,Self-employed,Rented,Mobile,0,0.1493778030743179,CASH_LOAN,0.7792830670214034,325.0,1,0.2066996055250166,3863475.189724707,49,1,0.0,2,0.8128682770799921,0.1297817255919559,0.10467512180907712,APPROVE,27819839.814400002,POLICY_PASS,463.4407119537704,152.36515808151051,324.6006040676765,29.81782014383243,65.79078307536744,1036.0150773221574
APP-42-011117,2025-04-08 05:00:00,22,24918034.0,17,731,0.3681,32550394.0,12,3,Salaried,Family,Mobile,0,0.06614920458555444,BNPL,0.9201681516579345,194.0,0,0.12927355103114693,12397366.457165593,46,1,0.0,1,0.9342819628182516,0.03302570919538173,0.04137856567733385,APPROVE,25000000.0,POLICY_PASS,597.2828089138892,340.87964752810905,199.8340172953525,24.04055370338675,56.2570944089679,1218.2941218497053
APP-42-011118,2025-04-08 06:00:00,30,14326034.0,59,777,0.5716,77868114.0,24,0,Salaried,Owned,Mobile,0,0.11946906075029819,BUSINESS_LOAN,0.793977570714702,238.0,1,0.09857381764264887,5622133.979665406,31,1,91960949.25511341,1,0.9120085241803547,0.0920393912482801,0.07733355577277894,APPROVE,50578522.09031238,POLICY_PASS,609.2744528296074,248.65013909390186,230.41473517271547,41.09017610796944,35.26181430858273,1164.6913175127768
APP-42-011119,2025-04-08 07:00:00,37,23509252.0,43,601,0.1736,50046804.0,12,2,Salaried,Family,Branch,0,0.07647455188458532,CASH_LOAN,0.7881909698370202,398.0,0,0.012464195189014175,15101328.282314954,38,0,0.0,0,,0.040194152855949974,0.05825568209381343,APPROVE,50046804.0,POLICY_PASS,471.7443604538222,304.38557456190875,328.10979561553904,22.959159156802798,54.93789988985104,1182.1367896779238
APP-42-011120,2025-04-08 08:00:00,27,31025000.0,30,715,0.0945,51341844.0,12,0,Contract,Rented,Mobile,0,0.04926898558938273,BUSINESS_LOAN,0.7136846124056317,257.0,0,0.1451494923979757,5056241.453044717,47,0,165484747.04309738,0,,0.07856348229673636,0.040307542322316106,APPROVE,51341844.0,POLICY_PASS,415.62160347171493,311.44542182615123,260.1934406260266,17.173478923469318,49.65125798547031,1054.0852028328325
APP-42-011121,2025-04-08 09:00:00,39,23201446.0,27,634,0.0743,72848414.0,9,2,Self-employed,Mortgage,Branch,0,0.1453665119413224,CASH_LOAN,0.7548823510290485,326.0,3,0.05321838986649542,16098387.79007489,47,1,0.0,1,0.892431343994698,0.276707901951057,0.09003316125166329,REVIEW,68728251.39904,ENHANCED_DUE_DILIGENCE,507.20839077746666,253.97622952819245,281.7243110882053,36.588222572304375,54.21000907541716,1133.707163041586
APP-42-011122,2025-04-08 10:00:00,32,12713147.0,36,524,0.1063,67151198.0,12,0,Salaried,Rented,Partner,0,0.17136942994138565,CASH_LOAN,0.7583804077279669,276.0,0,0.04365250320098416,2238428.8878993355,33,1,0.0,1,0.7888412667899936,0.049536489920051864,0.11245902162478658,APPROVE,36357566.31648,POLICY_PASS,376.23181312043454,421.31057177746476,112.62841438096669,27.797326458145175,48.50750395461082,986.475629691622
APP-42-011123,2025-04-08 11:00:00,28,36451600.0,98,700,0.1981,27448605.0,24,1,Salaried,Family,Branch,0,0.021124276682972183,CASH_LOAN,0.9312557553012153,221.0,0,0.11656865582441234,18775026.61201724,46,1,0.0,1,0.9750034902283659,0.030425737122561507,0.01270395828649788,APPROVE,27448605.0,POLICY_PASS,619.2832369879229,379.51938497493865,320.3688416205638,30.596293746770854,44.97872509928474,1394.7464824294811
APP-42-011124,2025-04-08 12:00:00,35,27073063.0,27,746,0.2953,27567110.0,36,2,Salaried,Owned,Mobile,0,0.03315866737483601,CASH_LOAN,0.794993807907992,199.0,0,0.14267800784578047,20244329.839976363,36,1,0.0,1,0.8712733266176992,0.056735855582700945,0.021476116233767006,APPROVE,27567110.0,POLICY_PASS,535.0159287048762,97.29705725170456,222.08602739802637,31.40997572610707,39.10902155738149,924.9180106380958
APP-42-011125,2025-04-08 13:00:00,39,18267565.0,79,710,0.4579,156139478.0,6,1,Salaried,Rented,Branch,0,0.17293369941986908,CASH_LOAN,0.9166944052387579,355.0,1,0.05016339168339915,1526967.8886719923,48,1,0.0,3,0.9785232893790062,0.04975417536144305,0.10556068814488094,APPROVE,31689110.356800005,POLICY_PASS,434.2471288998057,343.03351921626177,191.1739243063915,10.021447579783974,49.6954243116735,1028.1714443139165
APP-42-011126,2025-04-08 14:00:00,27,17787593.0,110,628,0.5146,37978098.0,12,2,Self-employed,Rented,Branch,1,0.21490017612218063,BNPL,0.8201698828113292,85.0,1,0.07061263786175433,3248417.9913223423,53,1,0.0,2,0.6838781787037221,0.07706741786782692,0.1450652851164307,REVIEW,25000000.0,CREDIT_OR_AFFORDABILITY,596.6286151669464,421.67669923852986,236.5197759827186,46.05953965053716,35.65001021151554,1336.5346402502475
APP-42-011127,2025-04-08 15:00:00,33,22110833.0,36,668,0.4039,78925354.0,12,2,Salaried,Rented,Mobile,0,0.13506728183004701,BUSINESS_LOAN,0.9518899560368193,291.0,0,0.11914102173342678,12910610.100311631,41,1,74626631.82202253,1,0.8620638111502086,0.02818118707930822,0.08881891170033429,APPROVE,41044647.502112396,POLICY_PASS,748.57946710535,203.70417198008394,239.88032199119326,29.59982118157581,52.00238697324212,1273.7661692314452
APP-42-011128,2025-04-08 16:00:00,39,15161825.0,105,690,0.2436,143247707.0,24,4,Salaried,Owned,Partner,1,0.22620180008916377,BNPL,0.9176302636713114,287.0,1,0.08893404007268563,5710436.900065596,36,1,0.0,0,,0.05534439737185248,0.15707122967545498,REVIEW,25000000.0,CREDIT_OR_AFFORDABILITY,593.5258014466153,308.8704521559207,313.3984807840984,30.956197887203288,28.776647564984557,1275.5275798388222
APP-42-011129,2025-04-08 17:00:00,28,7339048.0,90,681,0.6831,48122582.0,12,2,Contract,Rented,Mobile,0,0.23344670251947622,BUSINESS_LOAN,0.8447957771794191,112.0,2,0.020048230577365257,1631648.3035249608,38,1,42612474.47469905,0,,0.11026887857433641,0.1551306597914425,REVIEW,23436860.96108448,CREDIT_OR_AFFORDABILITY,599.5040885300588,355.92277210427534,180.2381510475759,22.069240649132208,46.43041565837043,1204.1646679894127
APP-42-011130,2025-04-08 18:00:00,20,27192971.0,42,729,0.0883,135269183.0,36,1,Self-employed,Family,Partner,1,0.04886883085658107,CASH_LOAN,0.8020381206222508,750.0,0,0.06577456832070357,18672095.05654086,47,0,0.0,2,0.6848721210819854,0.04430944127438409,0.038470153352478484,APPROVE,70000000.0,POLICY_PASS,369.88760163462484,202.27959094150444,223.53305521205542,32.470111169208096,59.94708471747961,888.1174436748723
APP-42-011131,2025-04-08 19:00:00,21,26318719.0,56,708,0.4135,35364741.0,12,1,Salaried,Owned,Mobile,0,0.05895003865531296,CASH_LOAN,0.9832129400098575,175.0,1,0.08202607496569493,5523889.403449987,38,1,0.0,0,,0.0417497251459828,0.038060066767175646,APPROVE,35364741.0,POLICY_PASS,564.4910188483747,338.6858894950604,234.14715238521353,24.46917203914924,32.93603939788616,1194.729272165684
APP-42-011132,2025-04-08 20:00:00,31,5077330.0,32,598,0.5573,107582363.0,18,2,Salaried,Rented,Mobile,0,0.36939539308123454,BUSINESS_LOAN,0.6341194295503938,558.0,1,0.19900765121544803,3566736.1281879093,50,1,31536502.432039905,2,0.9582397200363966,0.2114380953463887,0.27031447820207843,REVIEW,17345076.33762195,ENHANCED_DUE_DILIGENCE,520.3585564991461,232.5406173342428,254.40342026352053,36.95698061462836,51.10923537967564,1095.3688100912134
APP-42-011133,2025-04-08 21:00:00,23,23837111.0,49,642,0.0323,58372314.0,24,1,Salaried,Owned,Mobile,0,0.05262593974671641,BNPL,0.8231926148827736,164.0,0,0.004351137648945374,7024898.270879845,45,1,0.0,0,,0.034080485338891006,0.03160815926441014,APPROVE,25000000.0,POLICY_PASS,630.8112130269532,423.6921733181738,198.66153987704377,43.88019559199245,46.39567989250719,1343.4408017066705
APP-42-011134,2025-04-08 22:00:00,32,47296567.0,184,604,0.6502,46370637.0,24,2,Salaried,Owned,Partner,0,0.13183852221552222,BNPL,0.9250772961094572,205.0,1,0.07972864406872382,22180682.42335087,39,1,0.0,1,0.7858392906500652,0.05234477076302091,0.08637237550802383,APPROVE,25000000.0,POLICY_PASS,459.72113977407537,215.88432172168427,246.35580401908155,27.887026293384753,55.067509600282186,1004.9158014085082
APP-42-011135,2025-04-08 23:00:00,50,9681053.0,54,652,0.3709,90981928.0,36,2,Salaried,Owned,Mobile,0,0.16822702291122194,BUSINESS_LOAN,0.9311183238278941,175.0,2,0.059295886586837356,3003983.3487738827,46,1,63942101.61010887,2,0.951015364147555,0.0884419156085606,0.10423054601215219,APPROVE,35168155.88555988,POLICY_PASS,473.3952449616326,312.00251139649606,242.2190135335294,23.907461294229172,43.21300530617304,1094.7372364920602
APP-42-011136,2025-04-09 00:00:00,23,17288846.0,38,505,0.3239,46885979.0,12,1,Salaried,Rented,Mobile,0,0.17009229187185226,CASH_LOAN,0.5379207889181556,32.0,1,0.009663460268179606,8249034.475287764,50,0,0.0,0,,0.18538559389611067,0.12980028743328517,DECLINE,37404764.09791999,FRAUD_RISK,752.7443520221241,208.47553679972248,168.43858702984562,33.05887303250938,67.17054668603768,1229.8878955702392
APP-42-011137,2025-04-09 01:00:00,32,16285603.0,18,779,0.1578,34444657.0,18,0,Salaried,Family,Partner,0,0.04033106189825887,CASH_LOAN,0.8914411407126206,355.0,0,0.1135794780559695,6647473.559705145,49,1,0.0,2,0.9293404205985477,0.03545766220008568,0.024576430147770122,APPROVE,34444657.0,POLICY_PASS,464.12494842508625,285.7860062663999,249.52480647080478,27.99872879095436,46.32673997768199,1073.7612299309271
APP-42-011138,2025-04-09 02:00:00,54,44862323.0,63,584,0.0657,18337383.0,24,0,Salaried,Owned,Mobile,0,0.03396175511061029,BUSINESS_LOAN,0.772846911949662,302.0,0,0.0031391569160190078,4236894.003652734,49,1,171551442.5040174,0,,0.04162494551257346,0.020062939962327,APPROVE,18337383.0,POLICY_PASS,686.9675111602825,295.64180962762885,183.25913721860212,24.439413130104725,45.10497761685214,1235.4128487534704
APP-42-011139,2025-04-09 03:00:00,39,33344493.0,29,603,0.0812,79532076.0,24,2,Self-employed,Rented,Partner,0,0.15228311728791538,CASH_LOAN,0.8808419365338764,431.0,0,0.11165673692803618,10484580.212953905,53,1,0.0,0,,0.036806994325902696,0.10119081563843949,APPROVE,70000000.0,POLICY_PASS,743.5944307432335,218.93560773523393,263.19932525566725,11.590107687950127,56.66567845731815,1293.985149879403
APP-42-011140,2025-04-09 04:00:00,32,11103306.0,24,646,0.1997,84459338.0,18,1,Salaried,Owned,Partner,1,0.11479342834323435,BNPL,0.8625775243492699,541.0,0,0.056448458254447574,7170922.682168128,43,1,0.0,0,,0.03378138433079035,0.07368941273113383,APPROVE,25000000.0,POLICY_PASS,429.938165702363,406.3565170323691,256.8051973527197,34.86667352801483,44.859571496804136,1172.8261251122708
APP-42-011141,2025-04-09 05:00:00,34,21726592.0,62,541,0.0807,174629737.0,18,0,Salaried,Rented,Partner,0,0.23621821511042773,CASH_LOAN,0.9516225402581912,148.0,0,0.016788473940434777,10746037.49233803,48,1,0.0,0,,0.020908911042993254,0.15421274412661257,REVIEW,63914419.28192001,CREDIT_OR_AFFORDABILITY,289.48950601803716,348.6541550427952,317.9608839901923,20.990710259879755,34.71595614514521,1011.8112114560496
APP-42-011142,2025-04-09 06:00:00,39,63869468.0,32,616,0.4294,72803204.0,36,0,Salaried,Rented,Partner,0,0.1323180882441957,CASH_LOAN,0.7701902966357448,62.0,1,0.018419976720937384,24310196.987583846,42,1,0.0,0,,0.08094773329882958,0.08349341997987296,APPROVE,70000000.0,POLICY_PASS,814.8329447845817,261.7392491534531,357.4347846888345,25.45520075758079,36.776221189628686,1496.2384005740787
APP-42-011143,2025-04-09 07:00:00,50,12765962.0,81,652,0.666,32199664.0,24,1,Contract,Rented,Mobile,0,0.2114879974574073,CASH_LOAN,0.968891018376806,430.0,0,0.07162409899707471,1930182.2908063047,51,0,0.0,4,0.8534477000908679,0.02287723517250954,0.16516410505663692,REVIEW,13644260.185599998,CREDIT_OR_AFFORDABILITY,405.9428691310301,472.0928803746272,300.1344697266813,37.495299234963426,63.76522903051017,1279.4307474978123
APP-42-011144,2025-04-09 08:00:00,30,17889916.0,16,759,0.3707,58887500.0,24,1,Salaried,Owned,Partner,0,0.05952559637706721,BNPL,0.7542494594480632,162.0,0,0.1185764485350526,4881562.215359196,43,1,0.0,2,0.9246503273839433,0.06226205373591916,0.03716764151024283,APPROVE,25000000.0,POLICY_PASS,641.987444252655,302.27230453484304,184.49628189323047,26.878202030091376,41.55597151263578,1197.1902042234556
APP-42-011145,2025-04-09 09:00:00,28,23874257.0,70,650,0.0908,49418111.0,36,2,Salaried,Family,Branch,0,0.05150258453213147,CASH_LOAN,0.9028705025052588,412.0,0,0.016010469721704952,17197112.65192017,49,0,0.0,1,0.9637466969028008,0.025480658272513845,0.035972563591063655,APPROVE,49418111.0,POLICY_PASS,819.0920952352795,425.75522644197207,328.4426211310515,27.61748714242684,64.73774644971074,1665.6451764004407
APP-42-011146,2025-04-09 10:00:00,23,12869263.0,120,611,0.5401,114936800.0,24,0,Salaried,Owned,Mobile,0,0.22032727657299014,CASH_LOAN,0.9233149709242278,418.0,0,0.09955688928631086,8585876.208226504,51,1,0.0,2,0.7422195654118345,0.029908368450591753,0.1501074718828251,REVIEW,18939436.97184,CREDIT_OR_AFFORDABILITY,689.2387894646594,256.2384176689871,231.36778767524552,30.463207493767026,60.82824510991891,1268.136447412578
APP-42-011147,2025-04-09 11:00:00,36,47471686.0,66,559,0.599,117918582.0,12,2,Salaried,Owned,Branch,0,0.22592910648430026,BNPL,0.80872071238864,185.0,0,0.035774204469585305,25993373.292971432,46,1,0.0,0,,0.03957020776283861,0.14910835367806363,REVIEW,25000000.0,CREDIT_OR_AFFORDABILITY,882.8535281221473,286.7437583164879,109.9268230818578,27.9105174308036,50.623317679656836,1358.0579446309532
APP-42-011148,2025-04-09 12:00:00,22,13879379.0,83,794,0.0898,259998289.0,6,3,Salaried,Rented,Mobile,0,0.15565220349113648,CASH_LOAN,0.8937827482740929,255.0,0,0.06341344312060031,3162395.9792638007,56,1,0.0,1,0.8973828935844425,0.03036446618248731,0.09581669054881842,APPROVE,40425634.45056,POLICY_PASS,809.3032777903157,401.81960346078654,310.945290262453,27.489985995011775,84.16095244923059,1633.7191099577974
APP-42-011149,2025-04-09 13:00:00,31,8384648.0,34,646,0.3681,49331630.0,36,2,Contract,Mortgage,Mobile,1,0.16057720065656278,BNPL,0.9055092009611191,54.0,1,0.11636538829797008,1755641.2270917417,54,1,0.0,2,0.8172329603465308,0.06273523960773188,0.10528488149380173,REVIEW,16954429.02784,CREDIT_OR_AFFORDABILITY,501.4773132650694,507.63730838702315,247.15795506564024,25.753192042844937,59.344966122847424,1341.370734883425
APP-42-011150,2025-04-09 14:00:00,27,13485724.0,85,646,0.1014,118743671.0,24,1,Salaried,Family,Partner,0,0.1257600322780166,CASH_LOAN,0.9131935437796551,115.0,0,0.04910236264181842,8458001.893777303,42,1,0.0,2,0.8403932333312214,0.026906669743676212,0.07883584235011407,APPROVE,38778469.076479994,POLICY_PASS,546.2958084831942,213.64436663902865,215.1953421004908,36.917992548236974,60.205335463075066,1072.2588452340256
APP-42-011151,2025-04-09 15:00:00,45,25778294.0,65,541,0.1841,144489965.0,36,0,Self-employed,Rented,Mobile,1,0.23438764556503958,CASH_LOAN,0.8691452565193591,199.0,1,0.050099979576198043,2489880.7482964844,42,1,0.0,1,0.7517561233420716,0.06008043025788242,0.1576721436504185,REVIEW,67304032.23872,CREDIT_OR_AFFORDABILITY,791.789292707445,214.58231612242102,290.6439321459165,33.504083548152934,35.54610556572397,1366.0657300896596
APP-42-011152,2025-04-09 16:00:00,30,11604303.0,57,678,0.4493,89692667.0,12,1,Self-employed,Rented,Mobile,0,0.18773206112186935,BNPL,0.9703492417993493,137.0,1,0.015538111755434686,7530680.48948673,47,0,0.0,1,0.7872462576806578,0.03630384199824944,0.14389184040782943,REVIEW,20449566.91872,CREDIT_OR_AFFORDABILITY,755.0003353485552,327.3825537142407,252.79735831282272,43.24382135270271,27.40863320932295,1405.8327019376443
APP-42-011153,2025-04-09 17:00:00,39,21254772.0,99,598,0.2261,39864167.0,24,2,Self-employed,Mortgage,Mobile,0,0.1133568523143583,CASH_LOAN,0.9205934355849665,60.0,0,0.04943459901824158,10895386.292003376,44,1,0.0,0,,0.026130130101128017,0.0722368741212627,APPROVE,39864167.0,POLICY_PASS,411.5295406773873,254.4285395934932,175.34051484152852,40.215353958871916,46.50954549883544,928.0234945701163
APP-42-011154,2025-04-09 18:00:00,21,24526999.0,73,746,0.323,42692068.0,24,0,Contract,Rented,Partner,0,0.05896155256917097,BNPL,0.8809641640414729,261.0,0,0.04420972865056081,9029328.81228952,46,1,0.0,0,,0.030253573751993588,0.0364760620830959,APPROVE,25000000.0,POLICY_PASS,589.1823213053391,353.6129052318564,297.3630168314906,18.63912829794878,42.26409607228045,1301.061467738915
APP-42-011155,2025-04-09 19:00:00,36,9257722.0,30,673,0.3014,92021483.0,12,4,Salaried,Rented,Mobile,0,0.22220695149796726,BUSINESS_LOAN,0.9751769795496813,545.0,0,0.16541742820357844,6080471.365605192,38,0,40658098.67242806,1,0.8647774758872372,0.02932671597106212,0.18782250764296146,REVIEW,22361954.26983543,CREDIT_OR_AFFORDABILITY,713.2439479171919,284.6677963773886,232.38204790194808,30.863651235693194,48.29841926511478,1309.4558626973364
APP-42-011156,2025-04-09 20:00:00,24,13201567.0,42,649,0.2082,80564075.0,18,0,Salaried,Mortgage,Branch,1,0.10067556837710756,CASH_LOAN,0.905594354390979,639.0,0,0.331332941598677,1471772.875015568,40,1,0.0,2,0.8207560899020176,0.06241525313490899,0.07674141574485466,APPROVE,33449602.401920006,POLICY_PASS,702.6738835143664,364.75155798989005,200.98570810877118,22.745063461095754,59.08203733467235,1350.2382504087957
APP-42-011157,2025-04-09 21:00:00,31,21808629.0,111,545,0.3501,24528639.0,12,0,Salaried,Rented,Mobile,0,0.1026977898697236,BUSINESS_LOAN,0.9351172665801889,71.0,0,0.21917786083403548,4441928.533804264,45,0,147025811.53437954,2,0.7510818557775075,0.040312003989589326,0.08959881406182829,APPROVE,24528639.0,POLICY_PASS,442.33792616725884,344.01867906505186,104.41079162824113,36.752307180782125,44.60550517641077,972.1252092177448
APP-42-011158,2025-04-09 22:00:00,55,26488176.0,28,633,0.3187,26954551.0,18,1,Self-employed,Rented,Mobile,0,0.09156289462736474,CASH_LOAN,0.8238484269052297,138.0,0,0.17754250068703492,7598208.287541738,41,0,0.0,0,,0.05585419938358682,0.07809309034827318,APPROVE,26954551.0,POLICY_PASS,862.5598418000276,274.37327474121577,333.3342480464404,27.790929284145975,47.491715284201945,1545.5500091560318
APP-42-011159,2025-04-09 23:00:00,43,13383740.0,28,625,0.2391,76472747.0,12,0,Salaried,Rented,Partner,0,0.16835104133009154,CASH_LOAN,0.8694840176118139,296.0,0,0.06090654685024221,1283755.2080050097,45,1,0.0,1,0.7710039177345248,0.033274822196730426,0.10978096740406905,APPROVE,32587800.851200003,POLICY_PASS,668.0341381304951,197.19699059018228,261.3211493376497,43.01815221426145,49.911615514122175,1219.4820457867104
APP-42-011160,2025-04-10 00:00:00,34,19567040.0,80,649,0.5164,12553477.0,12,3,Salaried,Mortgage,Partner,1,0.1481902939887044,CASH_LOAN,0.9160043965959854,181.0,2,0.13255789977488705,4378928.589410829,44,0,0.0,0,,0.1140983881865959,0.12320241493945763,REVIEW,12553477.0,CREDIT_OR_AFFORDABILITY,902.849641787635,244.5205481460921,297.7808067609656,32.110741376065214,50.061145750093374,1527.322883820851
APP-42-011161,2025-04-10 01:00:00,64,15397526.0,41,498,0.1648,62119774.0,12,0,Self-employed,Rented,Mobile,0,0.17590929108921155,BNPL,0.8392109597037742,430.0,0,0.09696975363993625,5298906.18215545,39,1,0.0,2,0.9220883209632178,0.041735299251448234,0.1144357666644095,REVIEW,25000000.0,CREDIT_OR_AFFORDABILITY,773.5538476296822,167.52833711399032,139.19122504134307,34.31606552804885,65.57738860839333,1180.1668639214581
APP-42-011162,2025-04-10 02:00:00,27,26861374.0,121,575,0.5146,36969689.0,36,2,Salaried,Rented,Partner,1,0.16527036560074862,BNPL,0.9816907275206969,222.0,1,0.054646043368741876,15193247.887379238,33,1,0.0,1,0.9613669090061975,0.038822357993343264,0.10405581224729338,REVIEW,25000000.0,CREDIT_OR_AFFORDABILITY,742.7298236852131,185.93953859539207,317.06119391849234,48.987339342686724,54.74383773924946,1349.4617332810337
APP-42-011163,2025-04-10 03:00:00,45,23951938.0,74,604,0.3876,30429656.0,24,1,Self-employed,Rented,Partner,0,0.14190982272499547,BUSINESS_LOAN,0.9334468537060969,417.0,0,0.05341827998068198,2265506.1030063317,39,1,142212127.61822706,0,,0.02508153446688494,0.0925866025851543,APPROVE,30429656.0,POLICY_PASS,480.74438778651825,272.23641304357494,260.7343646585689,29.543607799249717,34.43988207874787,1077.6986553666595
APP-42-011164,2025-04-10 04:00:00,21,14657558.0,43,676,0.4874,39080572.0,24,1,Salaried,Mortgage,Branch,0,0.09722707148618982,CASH_LOAN,0.9795532445010905,226.0,0,0.022524695488490138,9977451.153078506,41,1,0.0,0,,0.018955019351921815,0.060737804771080144,APPROVE,24043085.53856,POLICY_PASS,382.4320218542797,245.12587311628556,137.50869320996588,34.06769991463047,32.882639348657875,832.0169274438196
APP-42-011165,2025-04-10 05:00:00,33,23418256.0,65,501,0.3077,62052454.0,9,1,Salaried,Rented,Mobile,0,0.15002866193783493,BNPL,0.8244084496598013,50.0,2,0.10806865362532239,9407565.74476666,49,1,0.0,2,0.9795999739071456,0.14952778324300448,0.09404597719497977,APPROVE,25000000.0,POLICY_PASS,794.5806458587582,299.89202564226554,151.15445171800013,34.79458888082066,57.027669907336794,1337.4493820071812
APP-42-011166,2025-04-10 06:00:00,23,14345591.0,35,739,0.4139,53599953.0,9,0,Salaried,Owned,Mobile,0,0.05961617127689923,BNPL,0.8553049567458119,326.0,0,0.014680642997981518,10197253.580899052,41,1,0.0,1,0.8515261709645514,0.030821422863165807,0.035406593168864464,APPROVE,25000000.0,POLICY_PASS,595.3845001337102,406.00938324069773,208.1922338249723,33.70691258410241,54.91810297659978,1298.2111327600824
APP-42-011167,2025-04-10 07:00:00,37,23148288.0,132,729,0.1937,23901654.0,12,0,Salaried,Rented,Partner,0,0.03126032310190465,BUSINESS_LOAN,0.7703496731363787,437.0,1,0.03269250198085364,4652347.994981497,39,1,152521297.81110722,1,0.9659594648495904,0.08413925368574714,0.01804078535827046,APPROVE,23901654.0,POLICY_PASS,350.91304775938585,398.3113864894422,179.1511709855199,30.089601204869453,65.16944075712554,1023.634647196343
APP-42-011168,2025-04-10 08:00:00,36,23326353.0,58,568,0.3687,17022863.0,12,1,Salaried,Rented,Branch,0,0.09007018411351685,CASH_LOAN,0.857245421893424,174.0,0,0.12475163525479961,14142118.422949588,45,1,0.0,2,0.6984284610534002,0.04204034679908381,0.06072555515328254,APPROVE,17022863.0,POLICY_PASS,468.71316210577686,314.37793715310886,147.03788813654177,39.26795803400143,24.806573869706337,994.2035192991352
APP-42-011169,2025-04-10 09:00:00,32,66317071.0,45,818,0.6168,60667881.0,12,0,Salaried,Family,Branch,0,0.03562303364707943,CASH_LOAN,0.9024155291951838,34.0,2,0.019596049147173923,45825646.918949045,49,0,0.0,0,,0.08855906391271476,0.026421695543147924,APPROVE,60667881.0,POLICY_PASS,878.5443881209544,323.8924712482099,265.4414689105496,31.782701376749536,54.83971977886438,1554.500749435328
APP-42-011170,2025-04-10 10:00:00,45,14960711.0,38,657,0.2811,73778243.0,18,1,Contract,Owned,Mobile,0,0.1269586047836055,CASH_LOAN,0.8730952195972435,419.0,0,0.0326162657949745,5358976.51431162,37,1,0.0,2,0.8400108592907248,0.030202835653568263,0.07946320095968191,APPROVE,34416816.44128,POLICY_PASS,716.592592705314,349.5899997895181,300.44829368960666,46.03525090226702,48.26869445787696,1460.9348315445827
APP-42-011171,2025-04-10 11:00:00,30,16654394.0,30,632,0.3261,87010456.0,12,2,Contract,Owned,Partner,0,0.21608518211673286,BNPL,0.8896572428240587,565.0,0,0.11047984859737653,7291802.472149093,46,1,0.0,0,,0.035395930380491464,0.14896171543678027,REVIEW,25000000.0,CREDIT_OR_AFFORDABILITY,737.6306949663133,318.5225396723772,227.8287062824588,30.097359381019388,37.590607500369316,1351.669907802538
APP-42-011172,2025-04-10 12:00:00,38,12608792.0,32,683,0.118,18227967.0,12,2,Contract,Rented,Mobile,0,0.08359570818771196,BUSINESS_LOAN,0.9907437767591557,109.0,1,0.0005224890479124698,6140218.880214826,43,0,54600844.179710954,0,,0.03199813496380935,0.06267463834908599,APPROVE,18227967.0,POLICY_PASS,525.1136706486622,147.0395564337921,291.06904951693815,41.21714393667014,31.940874629660097,1036.3802951657226
APP-42-011173,2025-04-10 13:00:00,42,10199296.0,36,670,0.7025,64242422.0,24,0,Salaried,Rented,Mobile,0,0.15267597885127152,CASH_LOAN,0.8333018611353011,247.0,0,0.04726697521673235,6232245.500191493,51,1,0.0,0,,0.03703809441710382,0.09750011096130286,APPROVE,9709729.792000001,POLICY_PASS,770.2946007193356,256.972722839321,290.7903969967663,40.785547875068914,54.65489771167397,1413.498166142166
APP-42-011174,2025-04-10 14:00:00,22,14003657.0,21,648,0.4615,79418082.0,9,0,Salaried,Rented,Mobile,1,0.22460123730216536,BUSINESS_LOAN,0.8298288945063449,735.0,0,0.012741975145917715,7169018.196276777,41,1,74416147.73802549,1,0.6381589113313167,0.03399172028137955,0.1514925944290227,REVIEW,40928881.25591402,CREDIT_OR_AFFORDABILITY,846.3884574699925,327.9943895843175,264.6495243726509,37.06882893166833,37.359290575756546,1513.460490934386
APP-42-011175,2025-04-10 15:00:00,28,25950144.0,43,562,0.084,38223820.0,18,2,Contract,Owned,Mobile,0,0.11612810345309921,CASH_LOAN,0.8684915911866089,218.0,1,0.11759032138564883,2177554.185041813,39,1,0.0,1,0.9247516309992745,0.07277027973606402,0.07468527547646339,APPROVE,38223820.0,POLICY_PASS,738.5695365048286,252.0296859899777,256.80833273015446,28.439967063724424,65.89832274892015,1341.7458450376055
APP-42-011176,2025-04-10 16:00:00,35,27003746.0,48,609,0.1125,41618941.0,6,2,Self-employed,Owned,Branch,0,0.0796681200643844,CASH_LOAN,0.9892560368293776,359.0,2,0.09359837026131995,18599769.566636425,42,1,0.0,0,,0.07769534556074323,0.051874179212891294,APPROVE,41618941.0,POLICY_PASS,799.57196959074,173.92682668589012,233.16848469261,15.645643219268731,44.56413560514708,1266.877059793656
APP-42-011177,2025-04-10 17:00:00,41,21178694.0,66,666,0.1369,39352795.0,12,0,Salaried,Owned,Branch,0,0.04101549489338727,CASH_LOAN,0.9644289446963323,313.0,0,0.014168994033729699,3594466.1874699504,48,0,0.0,0,,0.019683503313999595,0.030404208092594132,APPROVE,39352795.0,POLICY_PASS,441.66811650265913,453.6081518079893,254.2266263192653,41.199201736148936,42.870311281373,1233.5724076474357
APP-42-011178,2025-04-10 18:00:00,48,15297678.0,33,700,0.6202,36721669.0,24,2,Salaried,Owned,Mobile,1,0.16368900884190432,CASH_LOAN,0.8616965873578339,228.0,0,0.04326552190137554,7028792.053750194,59,1,0.0,1,0.9157875060621722,0.03263062617096077,0.09873860625488412,APPROVE,18592185.93408,POLICY_PASS,810.2805798527537,246.7378589987546,245.74867612570347,30.312585085622814,49.479535676096,1382.5592357389307
APP-42-011179,2025-04-10 19:00:00,33,13722208.0,32,744,0.1846,121524497.0,36,2,Salaried,Mortgage,Mobile,0,0.1066995912428689,CASH_LOAN,0.930656437602822,762.0,0,0.02153382242086507,4241685.614899374,41,1,0.0,0,,0.023108940336500298,0.06687242462301328,APPROVE,35805082.890240006,POLICY_PASS,669.3351672195483,367.24674643936834,291.43594758698396,33.125116470326496,38.125467735455175,1399.2684454516823
APP-42-011180,2025-04-10 20:00:00,32,10871177.0,50,607,0.1198,36240613.0,9,3,Self-employed,Family,Mobile,0,0.15377275213233033,CASH_LOAN,0.8920121477798066,707.0,1,0.06367339020810793,5605404.566474054,51,1,0.0,1,0.8796552926901301,0.05703140756628546,0.09591564116034663,APPROVE,30620191.985280003,POLICY_PASS,597.9537752906548,286.09281973995246,176.57547702663427,45.51358220012801,32.35707982293631,1138.4927340803058
APP-42-011181,2025-04-10 21:00:00,27,13251140.0,46,646,0.7139,32350420.0,18,2,Self-employed,Owned,Mobile,0,0.23052115113153535,CASH_LOAN,0.9816735486341779,173.0,0,0.021916802547338996,3178899.7014056654,50,0,0.0,0,,0.018756532930465447,0.18035661795810826,REVIEW,12131683.6928,CREDIT_OR_AFFORDABILITY,709.1613907669584,347.042974629592,177.09803635836818,31.21724387685521,24.556980120843622,1289.0766257526177
APP-42-011182,2025-04-10 22:00:00,38,8829084.0,63,592,0.1593,12538203.0,36,3,Salaried,Mortgage,Mobile,0,0.11442651257391334,CASH_LOAN,0.9779502677297784,203.0,0,0.09069043601496411,4182120.429505843,40,1,0.0,0,,0.023309249495143076,0.07562822313958271,APPROVE,12538203.0,POLICY_PASS,917.2616777197248,363.18683139728694,297.6318112601295,23.55462406338734,45.27239791007939,1646.9073423506081
APP-42-011183,2025-04-10 23:00:00,32,37985094.0,17,719,0.6086,81191161.0,36,2,Self-employed,Mortgage,Mobile,0,0.1375894531796498,BNPL,0.854420019762722,376.0,0,0.013008699702632978,27253354.93021326,36,1,0.0,0,,0.03078264065198446,0.08764771665590662,APPROVE,25000000.0,POLICY_PASS,601.4421826148896,406.5457542590889,370.06351882078525,27.4958155966614,56.0636010517106,1461.6108723431357
APP-42-011184,2025-04-11 00:00:00,33,49442238.0,66,618,0.0983,31056981.0,12,0,Salaried,Mortgage,Mobile,0,0.04256354804982953,CASH_LOAN,0.8409925271010272,256.0,0,0.18960163403705915,16444766.553937254,46,0,0.0,0,,0.05399462676568988,0.03598308350835027,APPROVE,31056981.0,POLICY_PASS,840.7698634776342,262.3393384300414,167.12884800322206,26.47240159184703,38.31376035377941,1335.024211856524
APP-42-011185,2025-04-11 01:00:00,34,6206811.0,50,598,0.408,30947001.0,24,3,Contract,Mortgage,Partner,0,0.26856527013117065,CASH_LOAN,0.9039412180073657,167.0,1,0.0790420294788155,1159885.9040564625,43,1,0.0,3,0.9647652146423671,0.05681687789238258,0.17681717159743787,REVIEW,11758182.758400002,CREDIT_OR_AFFORDABILITY,744.3440511075441,358.3204445138031,238.6913391844657,42.7925457379305,40.75767612381337,1424.9060566675569
APP-42-011186,2025-04-11 02:00:00,40,21104088.0,12,644,0.5066,144103619.0,12,1,Salaried,Owned,Mobile,1,0.18999290888290243,CASH_LOAN,0.7956269294010364,681.0,0,0.00032893231110033884,4074073.6222378924,41,1,0.0,1,0.702490709998861,0.03766445757955957,0.12319061311157892,REVIEW,33320822.461439997,CREDIT_OR_AFFORDABILITY,636.6984707443441,296.27289492448404,195.81028622430577,19.443491507516946,48.064817455957865,1196.2899608566088
APP-42-011187,2025-04-11 03:00:00,30,20912610.0,44,520,0.7056,24094369.0,12,1,Self-employed,Rented,Partner,1,0.2618036449549298,BNPL,0.8794737496075735,367.0,1,0.009704603232636633,13910282.115419712,53,0,0.0,0,,0.05143282906187268,0.20418559743217052,REVIEW,19701351.6288,ENHANCED_DUE_DILIGENCE,512.2819022817225,253.6087385948855,262.4042991586748,24.958536361428134,60.27337392272317,1113.5268503194338
APP-42-011188,2025-04-11 04:00:00,28,20190589.0,78,679,0.1766,19925289.0,24,3,Salaried,Owned,Mobile,0,0.05779295070806667,CASH_LOAN,0.9428923418511198,324.0,1,0.07424665827629083,12296073.548572278,38,1,0.0,2,0.9078038041387915,0.0479979968612898,0.035433728649142175,APPROVE,19925289.0,POLICY_PASS,519.8975070456015,229.7078537041381,340.5636917720865,25.95687808203516,39.983786122106245,1156.1097167259675
APP-42-011189,2025-04-11 05:00:00,39,12992372.0,53,618,0.2169,20089366.0,24,1,Salaried,Rented,Partner,0,0.09684158142034999,BNPL,0.9392668224049786,369.0,1,0.04679821557525293,2550102.783248662,44,1,0.0,2,0.9738021362917999,0.04502247453837229,0.05743973807434541,APPROVE,20089366.0,POLICY_PASS,634.980284320578,379.44322678504403,280.06167776805677,24.81125244361042,37.99642168521832,1357.2928630025076
APP-42-011190,2025-04-11 06:00:00,20,31587278.0,46,839,0.4986,20064622.0,36,1,Salaried,Family,Partner,0,0.029724681637006783,CASH_LOAN,0.7564582577500565,184.0,0,0.015198054800045734,20385507.04418687,53,0,0.0,0,,0.046021585074406936,0.021770177816852088,APPROVE,20064622.0,POLICY_PASS,679.2780042484186,275.8729485872668,236.28308867983938,24.660610059467807,44.05834944268462,1260.1530010176773
APP-42-011191,2025-04-11 07:00:00,30,22559004.0,34,595,0.1845,32757615.0,9,1,Self-employed,Mortgage,Partner,0,0.10789424396554176,BNPL,0.9643626787425761,197.0,0,0.060531794700607405,13764333.38556724,51,0,0.0,4,0.7906727099711474,0.022560675117088418,0.08269839497014046,APPROVE,25000000.0,POLICY_PASS,754.8607893443,383.73091311504,301.7989087614066,44.53399419304755,33.548874914568756,1518.4734803283632
APP-42-011192,2025-04-11 08:00:00,25,31789585.0,17,621,0.4347,49207253.0,18,2,Salaried,Rented,Mobile,0,0.15872036715049953,BNPL,0.8572537918524261,481.0,0,0.01997158052742392,10686143.105861267,31,0,0.0,0,,0.031051896020999645,0.12566966950548203,REVIEW,25000000.0,CREDIT_OR_AFFORDABILITY,397.4910272120933,172.0920848967886,312.2679579632336,31.69324560414346,34.74564675048682,948.2899624267458
APP-42-011193,2025-04-11 09:00:00,46,11998002.0,52,713,0.3691,42108803.0,12,1,Contract,Mortgage,Mobile,0,0.09868684687319003,CASH_LOAN,0.9406772255173204,174.0,1,0.13324920447737534,3416137.2338089026,50,0,0.0,0,,0.05726493924032395,0.08039707477434133,APPROVE,24222526.277760003,POLICY_PASS,813.8315259214737,441.27601030629387,302.08995309421823,17.38567234950702,49.2153646156385,1623.7985262871314
APP-42-011194,2025-04-11 10:00:00,31,8411680.0,88,696,0.3118,91758566.0,12,2,Salaried,Owned,Mobile,0,0.12275815773750079,CASH_LOAN,0.7797763234011945,337.0,0,0.07252655283880266,1506158.0600942322,52,0,0.0,3,0.8737030221214374,0.04938413194688812,0.09293763887713474,APPROVE,18524538.1632,POLICY_PASS,717.0313150162095,337.55764955379703,370.98206374475615,19.39181061726922,51.57135999152384,1496.5341989235558
APP-42-011195,2025-04-11 11:00:00,30,22864141.0,111,715,0.2865,69666091.0,24,1,Self-employed,Mortgage,Mobile,0,0.07615623410997178,BNPL,0.9250761518683247,162.0,1,0.03398518584596739,12208450.148385266,47,1,0.0,1,0.5793995999570172,0.04594114330570301,0.049355685139234017,APPROVE,25000000.0,POLICY_PASS,458.64917374542927,360.9301915271063,232.40537395813203,25.22662974085381,34.8227978475489,1112.0341668190704
APP-42-011196,2025-04-11 12:00:00,35,10598926.0,28,620,0.3758,60036282.0,24,1,Self-employed,Family,Partner,0,0.13808028839931327,BUSINESS_LOAN,0.9205464136596636,196.0,1,0.12230273333437612,7935015.576608498,46,0,52465291.23495619,2,0.9648413703815488,0.06012129428976217,0.10706743727938703,APPROVE,28855910.179225907,POLICY_PASS,755.4068704746445,349.21523417022297,330.1809866137171,43.15076703961006,40.233059583236404,1518.1869178814309
APP-42-011197,2025-04-11 13:00:00,30,32149649.0,54,557,0.2845,65305738.0,36,2,Contract,Family,Mobile,0,0.11508438322740368,BUSINESS_LOAN,0.9935811430497585,380.0,1,0.0651389844066218,19005683.827541027,44,0,215709907.29960468,0,,0.03813931993915439,0.09079450022732972,APPROVE,65305738.0,POLICY_PASS,515.2798206143623,287.7027783264923,248.788149697827,42.910185355317374,36.38133444541987,1131.062268439419
APP-42-011198,2025-04-11 14:00:00,31,5588607.0,56,832,0.6005,76524093.0,24,0,Contract,Owned,Partner,0,0.16578360671780631,CASH_LOAN,0.9841264931309275,221.0,1,0.027381139896843508,908145.8987884347,57,1,0.0,0,,0.03553046145649352,0.10393254477932934,APPROVE,7144475.1888,POLICY_PASS,667.9672435932779,383.4888565071626,254.21705197873743,18.236604658564964,42.12800017158308,1366.037756909326
APP-42-011199,2025-04-11 15:00:00,36,13910929.0,40,677,0.3137,47389565.0,18,1,Self-employed,Owned,Branch,0,0.07145228104322297,CASH_LOAN,0.9633885931886287,69.0,0,0.06892960659763393,9864921.30903713,49,1,0.0,0,,0.02321555950085876,0.04496366192884461,APPROVE,30550625.83264,POLICY_PASS,538.2134577914844,293.3517286059359,277.6743672516236,26.99445685852654,52.39518853076218,1188.6291990383327
APP-42-011200,2025-04-11 16:00:00,31,12827801.0,89,656,0.2235,148887565.0,24,0,Contract,Owned,Mobile,0,0.15673290430740164,CASH_LOAN,0.9616559542575442,167.0,1,0.007560479506529546,2877650.46249563,46,1,0.0,1,0.7775043254296642,0.03674650228807059,0.09776383596720326,APPROVE,31874519.924799997,POLICY_PASS,771.4628440816928,307.88053100329,190.37251245400282,29.05118094972845,50.143231285059244,1348.9102997737732
APP-42-011201,2025-04-11 17:00:00,31,14992718.0,57,698,0.4614,34074822.0,36,3,Salaried,Owned,Mobile,0,0.1477237000030029,CASH_LOAN,0.9496423908916967,323.0,0,0.03807484017059876,7689691.952350624,42,1,0.0,1,0.9269188837614534,0.022438707303214372,0.0906201187860392,APPROVE,25840249.32736,POLICY_PASS,590.8031377117754,248.48144640336363,398.32452164911524,31.10002187726257,43.19220683183635,1311.9013344733532
APP-42-011202,2025-04-11 18:00:00,26,20779694.0,23,546,0.2582,35847001.0,12,1,Salaried,Rented,Mobile,0,0.1480218466884932,BNPL,0.9503348517449456,210.0,0,0.09110133927666543,3270760.024093016,40,1,0.0,0,,0.02613232560734051,0.09913480803547321,APPROVE,25000000.0,POLICY_PASS,846.6546297731046,363.33219349687977,255.10885495243156,25.077051938137608,53.60126910350401,1543.7739992640575
APP-42-011203,2025-04-11 19:00:00,25,22382993.0,47,607,0.2772,29485450.0,18,1,Salaried,Owned,Mobile,0,0.07308677952595047,BNPL,0.8062415888276838,368.0,0,0.07502360666509558,12002471.407146515,44,1,0.0,1,0.8861658518895453,0.04473879246929453,0.044882152903080764,APPROVE,25000000.0,POLICY_PASS,642.9828678500962,287.6986137766818,159.59891986827478,27.277313913546717,52.508222634021884,1170.0659380426214
APP-42-011204,2025-04-11 20:00:00,36,25590660.0,81,565,0.2117,30464670.0,12,4,Salaried,Rented,Branch,0,0.1674585601965513,CASH_LOAN,0.9448233084987052,148.0,0,0.1734935505763399,18752002.82400592,44,1,0.0,0,,0.0339680266133366,0.11850889224243363,APPROVE,30464670.0,POLICY_PASS,622.5448641612606,237.4687973244461,203.92428427720026,40.66297076465398,42.187605466894844,1146.7885219944558
APP-42-011205,2025-04-11 21:00:00,38,27265284.0,25,652,0.232,23810333.0,24,0,Self-employed,Owned,Partner,0,0.046029630356581974,BNPL,0.7759563914028731,486.0,0,0.061411290086342045,8550803.150275677,44,0,0.0,0,,0.04857818396689806,0.03562993958609404,APPROVE,23810333.0,POLICY_PASS,724.6777633270033,373.8116776840327,245.5473229599285,29.733942672796758,26.91912823276668,1400.689834876528
APP-42-011206,2025-04-11 22:00:00,22,16379535.0,50,541,0.5292,24462353.0,12,2,Salaried,Owned,Partner,0,0.27164029584647575,BUSINESS_LOAN,0.9368333698247429,226.0,1,0.04001414199650893,5168809.7059613215,39,1,69312847.00126375,0,,0.04458885921653377,0.1855323167307392,REVIEW,24462353.0,CREDIT_OR_AFFORDABILITY,827.7703218307836,201.7691268013551,228.48349843337286,30.60977608380045,52.485303833812075,1341.118026983124
APP-42-011207,2025-04-11 23:00:00,42,57406593.0,52,689,0.1619,46038482.0,12,0,Contract,Mortgage,Mobile,0,0.03718072639333849,CASH_LOAN,0.9182822824148589,138.0,0,0.06668530350722307,10980663.258212013,55,1,0.0,1,0.8268305411137846,0.02774049000130397,0.022267445778306062,APPROVE,46038482.0,POLICY_PASS,443.3000398937576,365.1048234272599,247.1815770952304,22.72936872068034,38.85033538871774,1117.1661445256461
APP-42-011208,2025-04-12 00:00:00,42,38600740.0,57,725,0.2219,45336996.0,18,0,Salaried,Owned,Branch,0,0.018114315972159834,CASH_LOAN,0.9343492160368051,272.0,0,0.04383430110907201,22971543.944633216,47,1,0.0,0,,0.02429798495663354,0.010998938888897624,APPROVE,45336996.0,POLICY_PASS,526.5307404269985,148.7853711407262,106.5160276315668,24.9942941229191,76.00024433958941,882.8266776618
APP-42-011209,2025-04-12 01:00:00,44,15161787.0,74,723,0.03,37656855.0,36,0,Self-employed,Rented,Branch,0,0.04536769612739964,BNPL,0.8663599179187357,83.0,2,0.18602478243163875,10863477.223121595,46,0,0.0,0,,0.15701109724767254,0.0382722121362382,APPROVE,25000000.0,POLICY_PASS,608.0350411524166,397.58116228655047,264.25416115118287,27.333924368502576,48.55607477930198,1345.7603637379545
APP-42-011210,2025-04-12 02:00:00,38,16694699.0,37,672,0.2427,30278718.0,18,0,Salaried,Owned,Mobile,0,0.05719873831553173,CASH_LOAN,0.9674188779744737,252.0,0,0.15298637677668103,6850909.921450954,40,1,0.0,0,,0.02919295954935407,0.03869490543008412,APPROVE,30278718.0,POLICY_PASS,717.6976212495746,453.346029701058,242.3334479324773,33.897843357731304,35.18128991269036,1482.4562321535316
APP-42-011211,2025-04-12 03:00:00,41,14987185.0,122,654,0.316,121651584.0,36,0,Salaried,Family,Partner,0,0.13468132222668744,CASH_LOAN,0.9644669858515689,564.0,1,0.2621309501590354,10534073.620752376,46,1,0.0,0,,0.07485701407174841,0.0996976784610276,APPROVE,32803950.527999997,POLICY_PASS,751.0958988517624,263.44983891659814,316.22715397460854,33.47269215398563,41.58615215269734,1405.8317360496521
APP-42-011212,2025-04-12 04:00:00,55,21981166.0,61,610,0.3753,140362379.0,18,3,Self-employed,Rented,Mobile,0,0.34437313026920224,CASH_LOAN,0.9936961269556034,128.0,0,0.07583775552046738,10917350.592528868,51,1,0.0,1,0.9528942067134102,0.020917895529061623,0.2323915646304539,REVIEW,43941230.08064,ENHANCED_DUE_DILIGENCE,774.430922048442,369.09108367163896,236.994044027114,22.409271422009162,43.48078042966238,1446.4061015988664
APP-42-011213,2025-04-12 05:00:00,32,10546626.0,142,672,0.2607,82494861.0,9,1,Salaried,Owned,Mobile,0,0.0845315892778431,BNPL,0.9432083839914891,88.0,0,0.011833954616965337,3211622.4111591363,41,0,0.0,1,0.9538100593834523,0.02133222592754168,0.06056405289799574,APPROVE,24950785.92576,POLICY_PASS,819.4857912722895,131.6563190080765,274.4928444976647,26.82800119293932,62.623375521205524,1315.0863314921755
APP-42-011214,2025-04-12 06:00:00,26,11659557.0,40,632,0.3655,63920304.0,18,1,Salaried,Owned,Mobile,0,0.11686553034122665,BNPL,0.9039363451563898,291.0,1,0.01985900326871371,7193939.426223146,48,1,0.0,1,0.9274099578160375,0.048018664961859976,0.0690238057651546,APPROVE,23673564.532800004,POLICY_PASS,561.7741090623833,486.29637729770633,320.79747416198967,23.322195509789463,60.76315526895365,1452.9533113008224
APP-42-011215,2025-04-12 07:00:00,21,5464761.0,68,505,0.0542,140614380.0,18,2,Contract,Rented,Mobile,0,0.3787444504192404,CASH_LOAN,0.9663637757024058,74.0,0,0.11117926918057497,1088400.5656252033,43,1,0.0,0,,0.025952552477341285,0.2803963666088607,REVIEW,16539427.052160002,ENHANCED_DUE_DILIGENCE,600.4854280887869,249.50262157311502,211.51585656584183,29.325658313162084,39.58665075091371,1130.4162152918198
APP-42-011216,2025-04-12 08:00:00,51,14455987.0,6,596,0.2185,64476057.0,12,2,Salaried,Mortgage,Partner,0,0.1521951677615372,BNPL,0.9638753382822598,382.0,0,0.047644717662725135,3701532.922333644,41,0,0.0,0,,0.021767224723977692,0.1203888277054534,REVIEW,25000000.0,CREDIT_OR_AFFORDABILITY,718.1588713289801,178.77421576415543,369.59309973383205,41.56559023328874,40.259314662669944,1348.3510917229264
APP-42-011217,2025-04-12 09:00:00,51,32329797.0,127,697,0.2173,21582490.0,12,3,Self-employed,Owned,Partner,0,0.055755690160601744,BUSINESS_LOAN,0.9350008030076583,123.0,0,0.19206698937214353,15336639.721824832,39,1,89799794.10375154,3,0.7535185962674322,0.03729806477054026,0.03881310951113094,APPROVE,21582490.0,POLICY_PASS,565.672325570018,293.9429513573209,213.49025641982308,21.912341472840442,18.462440342595443,1113.480315162598
APP-42-011218,2025-04-12 10:00:00,27,16555464.0,63,559,0.6033,27821389.0,6,1,Contract,Rented,Mobile,0,0.2740079657220563,BNPL,0.9753072081288565,151.0,0,0.026609203011294682,11478824.89058062,42,1,0.0,3,0.9046479171447231,0.01952267966623215,0.17802012038368115,REVIEW,21016168.220160004,ENHANCED_DUE_DILIGENCE,722.2402350639301,268.79983718280386,216.95573638922463,41.98984424803161,32.96860797339227,1282.9542608573822
APP-42-011219,2025-04-12 11:00:00,28,17072734.0,40,558,0.0657,55842810.0,18,0,Self-employed,Rented,Mobile,0,0.12673590230819295,BUSINESS_LOAN,0.9030607502682232,262.0,0,0.06649508821062075,6292547.518859566,45,0,57868977.44772996,2,0.8752993281621577,0.029501467389337222,0.0968389937467359,APPROVE,31827937.59625148,POLICY_PASS,778.7968247110712,197.39088872662742,61.07460430516227,37.6207939487882,53.86097593880966,1128.7440876304586
APP-42-011220,2025-04-12 12:00:00,32,20975588.0,20,626,0.2781,81204271.0,12,0,Contract,Rented,Partner,1,0.1770317619275563,BUSINESS_LOAN,0.9892268145716548,218.0,0,0.0625558720388185,15305442.17653772,40,1,89267951.29880898,0,,0.02049061173311693,0.11767109000543907,APPROVE,49097373.21434494,POLICY_PASS,634.4836840985232,278.43111222678795,297.68107172388966,27.199867615713785,54.46952831901757,1292.2652639839323
APP-42-011221,2025-04-12 13:00:00,46,10372325.0,64,484,0.493,125287451.0,24,2,Contract,Rented,Mobile,0,0.5237610945721887,CASH_LOAN,0.9356493038135485,58.0,1,0.08888293906792544,3360202.12165603,47,1,0.0,2,0.8196399213947168,0.051510831741503414,0.4017656162909242,REVIEW,16828060.080000002,ENHANCED_DUE_DILIGENCE,638.3487689797013,234.43546562207652,222.47828987698483,39.745998575619815,32.610581471052434,1167.619104525435
APP-42-011222,2025-04-12 14:00:00,23,18252082.0,37,693,0.4157,123271960.0,18,2,Salaried,Rented,Mobile,0,0.19010772804172701,BUSINESS_LOAN,0.9616210266358894,167.0,1,0.049674571562610514,2914342.280910635,43,1,93201102.74847628,1,0.9219114173440429,0.0414956858428569,0.11976811958711615,APPROVE,51260606.51166196,POLICY_PASS,359.09791598775126,534.0015836900722,223.6678890772806,32.19313746069984,30.362767224388897,1179.3232934401924
APP-42-011223,2025-04-12 15:00:00,20,29372327.0,86,686,0.2398,96424816.0,12,0,Salaried,Owned,Partner,0,0.05305679908048598,BNPL,0.8977278533395081,102.0,0,0.06479993319420782,10384430.534968387,52,1,0.0,1,0.6468736657944368,0.030001207830467735,0.033851369005875154,APPROVE,25000000.0,POLICY_PASS,395.8368846954329,222.63309179387213,218.21037134680864,31.792193282169208,32.404749430608796,900.8772905488918
APP-42-011224,2025-04-12 16:00:00,55,21305846.0,119,708,0.4673,104259828.0,12,0,Salaried,Owned,Mobile,0,0.09907106069132479,CASH_LOAN,0.9502414397512815,427.0,0,0.1321696994859765,8042217.332369089,51,0,0.0,0,,0.029468986630331265,0.08050822589030271,APPROVE,36318797.32544,POLICY_PASS,515.9524053794438,341.3236749825977,162.5797741013743,25.637241948720504,34.76921788900398,1080.2623143011403
APP-42-011225,2025-04-12 17:00:00,38,30826119.0,58,656,0.3206,43285860.0,24,5,Self-employed,Mortgage,Partner,0,0.14504246462120507,CASH_LOAN,0.821978313582041,501.0,1,0.012581304881141977,5810132.75389055,34,0,0.0,2,0.9867362808485168,0.06509695818882442,0.1063470072299488,APPROVE,43285860.0,POLICY_PASS,707.7367897018141,315.7251303025225,286.4352839370015,30.26816534666926,50.984299469600444,1391.149668757608
APP-42-011226,2025-04-12 18:00:00,39,36076595.0,80,579,0.5237,41945137.0,24,0,Salaried,Mortgage,Branch,0,0.08190555772085016,BNPL,0.9040678456820421,199.0,0,0.07940446202383618,3504191.4307230534,48,0,0.0,0,,0.030505388816887115,0.06427324430814417,APPROVE,25000000.0,POLICY_PASS,564.6810216041843,131.8573104689732,213.5542392601328,26.7458841773855,44.901949263614625,981.7404047742904
APP-42-011227,2025-04-12 19:00:00,33,25914331.0,44,551,0.1369,40220610.0,24,4,Self-employed,Rented,Mobile,0,0.2703585772341924,CASH_LOAN,0.9321743478332704,404.0,0,0.0810153010324349,16274775.202330453,55,1,0.0,1,0.733707686234123,0.027329295814521735,0.18510215497324378,REVIEW,40220610.0,CREDIT_OR_AFFORDABILITY,664.1831426245035,148.3162326386821,376.7251989339443,46.31396679805657,51.85481132283367,1287.39335231802
APP-42-011228,2025-04-12 20:00:00,39,12158395.0,10,680,0.4116,56484110.0,12,0,Salaried,Owned,Partner,0,0.09113097399263931,CASH_LOAN,0.8316947863859312,235.0,0,0.0622399005630385,5562218.481599258,53,0,0.0,1,0.9327732461372952,0.038925648346875875,0.0666667929529346,APPROVE,22892798.777600005,POLICY_PASS,339.7217795733569,222.78854684665797,232.93932305583792,35.09455579699388,63.55653430965508,894.1007395825017
APP-42-011229,2025-04-12 21:00:00,21,14896068.0,66,692,0.5582,89630060.0,24,1,Self-employed,Rented,Mobile,0,0.2218472201749526,BUSINESS_LOAN,0.8950656243760282,97.0,1,0.03295136823667065,8400757.817847544,43,1,58689518.757387,1,0.5484290577783907,0.0516407881506614,0.15436745055906917,REVIEW,32279235.31656285,CREDIT_OR_AFFORDABILITY,596.4606854911168,242.4184980336152,219.52005902572165,13.94767651822999,22.58351640413082,1094.9304354728147
APP-42-011230,2025-04-12 22:00:00,27,52075294.0,76,560,0.4949,435354487.0,24,1,Contract,Mortgage,Mobile,1,0.19153561401160155,CASH_LOAN,0.8425913642788228,77.0,0,0.2160980366747271,12343583.280115176,51,0,0.0,0,,0.05783481853616053,0.16728544107112836,REVIEW,70000000.0,CREDIT_OR_AFFORDABILITY,374.6607620200981,384.7203490641148,171.94510773480653,23.001682412215075,56.93126257719984,1011.2591638084344
APP-42-011231,2025-04-12 23:00:00,36,21395154.0,44,550,0.1907,41514299.0,12,1,Salaried,Rented,Partner,0,0.1509002204824556,BUSINESS_LOAN,0.8822403226349754,99.0,0,0.003087654515055425,13478797.82422074,53,1,98350606.89261228,1,0.9126615752432728,0.026696944151037776,0.08907023270701707,APPROVE,41514299.0,POLICY_PASS,484.00977434426386,195.51965521990712,243.1021091523259,15.864248790117522,55.378633029953676,993.874420536568
APP-42-011232,2025-04-13 00:00:00,20,19883652.0,18,639,0.3072,36058197.0,24,1,Salaried,Family,Mobile,0,0.06371605025408897,CASH_LOAN,0.9460908796527014,153.0,0,0.03434753295941882,5795471.22448134,35,1,0.0,0,,0.022520768973559372,0.04005118713486509,APPROVE,36058197.0,POLICY_PASS,716.2718348479432,255.52583262739256,326.50075953934777,44.70508728017953,46.17139708527751,1389.1749113801404
APP-42-011233,2025-04-13 01:00:00,32,11216592.0,37,650,0.3058,83650321.0,6,3,Salaried,Family,Mobile,0,0.1798773363608354,CASH_LOAN,0.8532249198330091,289.0,0,0.05426767625741793,7399039.633092835,41,1,0.0,1,0.7904013008970754,0.03486644334472366,0.11757489349992922,APPROVE,24916986.13248,POLICY_PASS,668.8391166178795,249.50340459224049,180.65291400454836,33.344158532455786,42.8287726859823,1175.1683664331065
APP-42-011234,2025-04-13 02:00:00,32,17116932.0,65,707,0.8962,41475895.0,9,1,Salaried,Rented,Mobile,0,0.1460200176542952,CASH_LOAN,0.9870217399918998,38.0,1,0.020941036288219753,5903126.03404901,40,1,0.0,0,,0.03446732403353982,0.09317599579967331,APPROVE,5685560.13312,POLICY_PASS,561.4905219763409,364.54532435535134,198.09678211533225,37.069546608133166,16.415926305364472,1177.6181013605221
APP-42-011235,2025-04-13 03:00:00,32,26692356.0,43,688,0.8163,127647510.0,9,1,Salaried,Family,Partner,0,0.15475045323671113,BNPL,0.8655605270394308,154.0,0,0.045511475930815684,2375818.8708980386,41,1,0.0,0,,0.03233236967235457,0.10059015250098143,REVIEW,15690834.551039997,CREDIT_OR_AFFORDABILITY,644.6990731686504,318.7663713066791,197.77472921139494,28.857015933189626,22.30281859142672,1212.400008211341
APP-42-011236,2025-04-13 04:00:00,30,18147574.0,47,634,0.3615,140155616.0,24,0,Salaried,Rented,Branch,0,0.1942998036202011,BNPL,0.9486533999469836,76.0,1,0.046740548284419266,5135216.426907473,42,1,0.0,0,,0.04335034255739511,0.12827988202251464,REVIEW,25000000.0,CREDIT_OR_AFFORDABILITY,879.7509380404642,464.2243278301239,297.4653706808113,21.48787103392021,33.86652199336062,1696.7950295786802
APP-42-011237,2025-04-13 05:00:00,26,13527352.0,110,715,0.3097,188332796.0,24,2,Salaried,Owned,Partner,0,0.17069498974511932,CASH_LOAN,0.9013791843453404,382.0,2,0.05868399101449548,5401523.899763164,57,1,0.0,2,0.7982317564487101,0.09887918374818357,0.10811263339307424,APPROVE,29881379.473920003,POLICY_PASS,647.3472635471255,312.6254917679595,251.86530641407643,31.02254984797281,34.33813570825838,1277.1987472853925
APP-42-011238,2025-04-13 06:00:00,20,15368337.0,63,615,0.1269,74976567.0,6,0,Self-employed,Owned,Mobile,0,0.13489603145475912,CASH_LOAN,0.8679825315723332,217.0,1,0.0046618982242459615,2273199.7541915863,58,1,0.0,1,0.8128526801038366,0.05307364038876718,0.0805642821019195,APPROVE,42937904.11104,POLICY_PASS,709.6116368829136,289.606201067751,162.0068360048842,24.51583589455757,44.264559123268505,1230.0050689733748
APP-42-011239,2025-04-13 07:00:00,36,34670032.0,137,618,0.5058,154887805.0,18,1,Self-employed,Rented,Mobile,1,0.2187524067230793,BNPL,0.936357523357119,171.0,0,0.06046684376575001,7593041.497927115,41,1,0.0,1,0.8169162476027412,0.02530059847349205,0.14496174450955837,REVIEW,25000000.0,CREDIT_OR_AFFORDABILITY,679.2552252123302,424.4936113958218,300.964641347078,45.13826080972759,42.934837725652166,1492.7865764906098
APP-42-011240,2025-04-13 08:00:00,32,25988424.0,22,701,0.2509,24081571.0,12,0,Salaried,Family,Mobile,0,0.03353772793600306,BUSINESS_LOAN,0.9121300764570057,701.0,0,0.05999489350565855,12304971.042923165,51,0,146034509.4781536,1,0.8217818488319126,0.027896483911846858,0.024976903183214393,APPROVE,24081571.0,POLICY_PASS,629.4778542388326,307.4119641860532,350.79977565992033,28.140469207853275,50.507117297084314,1366.3371805897439
APP-42-011241,2025-04-13 09:00:00,23,24145400.0,19,709,0.486,130198373.0,12,1,Self-employed,Rented,Branch,0,0.19170362168990623,CASH_LOAN,0.7434704711700773,375.0,0,0.11506463113640959,6002284.350506101,50,0,0.0,0,,0.06432125345980108,0.157402948702095,REVIEW,39714353.92,CREDIT_OR_AFFORDABILITY,586.3901656430504,259.9301450436325,294.36420783204557,15.007556050696003,41.86211659082363,1197.5541911602481
APP-42-011242,2025-04-13 10:00:00,36,22939422.0,73,711,0.2603,94165831.0,24,1,Self-employed,Rented,Mobile,0,0.09208915193369878,BNPL,0.9821431092950293,55.0,0,0.09497007385964844,4773462.836504383,49,1,0.0,2,0.9183571872704984,0.02320087944357943,0.05675037810382149,APPROVE,25000000.0,POLICY_PASS,813.1405717976302,386.9481359183467,153.00231919062892,29.137195984713408,35.291637701259845,1417.5198605925789
APP-42-011243,2025-04-13 11:00:00,32,9390563.0,92,627,0.4431,65109855.0,18,0,Salaried,Rented,Mobile,0,0.1827395074777704,CASH_LOAN,0.9697064735538344,295.0,1,0.10505342704421716,6613436.718111369,51,1,0.0,1,0.8854643845838258,0.04708339917571784,0.11849651054896299,APPROVE,16734734.51104,POLICY_PASS,470.1860493079273,412.77209715028044,177.71846082758435,24.411064341276493,36.91809701366936,1122.0057686407379
APP-42-011244,2025-04-13 12:00:00,31,20908667.0,71,645,0.2116,49341889.0,18,0,Salaried,Family,Mobile,0,0.05150966643226914,BNPL,0.9508931832963243,108.0,0,0.09828133952402045,6481370.9548077155,43,1,0.0,0,,0.026625296445485856,0.03323374061124702,APPROVE,25000000.0,POLICY_PASS,623.4582131718886,217.60546660222298,159.63754951475556,24.85241675141824,32.775654720043605,1058.329300760329
APP-42-011245,2025-04-13 13:00:00,20,32387608.0,155,578,0.2807,8612080.0,24,2,Salaried,Rented,Mobile,0,0.07906269286574569,BUSINESS_LOAN,0.8745405322280602,159.0,0,0.006545895827827408,17802472.596248757,46,1,210363131.01504508,2,0.9098597523893518,0.027829555288959418,0.0458607782110508,APPROVE,8612080.0,POLICY_PASS,609.2231436425021,281.59417393274003,280.01000488287434,22.434625443692497,52.90170497394534,1246.1636528757545
APP-42-011246,2025-04-13 14:00:00,41,15593668.0,113,705,0.3932,88718007.0,24,2,Salaried,Owned,Partner,0,0.13326690056300872,BNPL,0.8494203966992201,62.0,1,0.004366376620372942,6148634.534374214,38,1,0.0,2,0.9951475525401919,0.05708328938698284,0.0784463039974739,APPROVE,25000000.0,POLICY_PASS,590.9131376475626,252.42314241951095,242.88282862907494,8.0,46.17078825206348,1140.389896948212
APP-42-011247,2025-04-13 15:00:00,24,30813632.0,97,597,0.648,39095849.0,9,2,Contract,Family,Mobile,1,0.1619009575787868,BNPL,0.9658835023979255,48.0,3,0.03965280504746004,9065603.047020163,49,1,0.0,1,0.7915729302457462,0.13150096381755294,0.10248772309626265,REVIEW,25000000.0,CREDIT_OR_AFFORDABILITY,813.676581804684,397.9605263619665,238.60642477587885,33.15431916189971,43.43828496436731,1526.8361370687965
APP-42-011248,2025-04-13 16:00:00,36,24294414.0,33,496,0.4626,44648341.0,18,0,Salaried,Rented,Mobile,0,0.20618076136544022,CASH_LOAN,0.9454786667789449,210.0,0,0.07382872333015172,6418814.520467402,48,1,0.0,2,0.9144825940982881,0.02534445308505752,0.13203598635580654,REVIEW,41778617.867520005,CREDIT_OR_AFFORDABILITY,469.9330421857516,303.0768058101508,257.77394923025577,26.35840075212574,54.79849470355683,1111.9406926818408
APP-42-011249,2025-04-13 17:00:00,28,28377365.0,31,608,0.4391,64909341.0,12,1,Self-employed,Family,Mobile,0,0.09701217373351101,CASH_LOAN,0.8533435060192454,185.0,0,0.029585932643953244,7832520.595967377,51,1,0.0,1,0.813677341387624,0.03244314776005327,0.05870197923669743,APPROVE,50933964.8912,POLICY_PASS,583.8614699185164,422.4160270678463,293.38602094183176,33.167592561228204,42.66709168175547,1375.498202171178
APP-42-011250,2025-04-13 18:00:00,32,18511401.0,99,578,0.5652,69757248.0,12,0,Salaried,Owned,Branch,0,0.19019060792903808,CASH_LOAN,0.9513597382356775,109.0,0,0.05717252033249791,11264838.35670864,39,0,0.0,1,0.7439972330110016,0.02356390209163417,0.15354128866161437,REVIEW,25756022.89536,CREDIT_OR_AFFORDABILITY,844.6063556500224,297.55315987398944,235.99491869945982,49.153789040777795,53.89178002746322,1481.2000032917126
APP-42-011251,2025-04-13 19:00:00,45,29311907.0,46,445,0.1348,33574637.0,6,0,Self-employed,Mortgage,Mobile,0,0.11326924782147989,CASH_LOAN,0.9577061985354299,299.0,2,0.1604451117313233,18063160.363437902,46,0,0.0,0,,0.10517234982930546,0.09496718043225048,APPROVE,33574637.0,POLICY_PASS,509.37316877923934,304.58492922951206,164.53309578316674,20.192992965747145,35.96035528771252,1034.6445420453779
APP-42-011252,2025-04-13 20:00:00,40,8042958.0,84,599,0.1546,32367625.0,9,2,Salaried,Mortgage,Partner,1,0.15936425060909218,CASH_LOAN,0.8891059869857222,134.0,1,0.04956566724038944,5149889.273704236,49,0,0.0,0,,0.055433177685956236,0.12468516716089374,REVIEW,21758453.418240003,CREDIT_OR_AFFORDABILITY,647.6437275349977,300.642298347163,116.86984710381262,26.966572831504248,39.400272498355505,1131.522718315833
APP-42-011253,2025-04-13 21:00:00,45,18331152.0,46,696,0.3609,29900222.0,9,0,Contract,Mortgage,Mobile,0,0.08658295278658759,CASH_LOAN,0.9055855582467435,545.0,1,0.15318127178826316,10136900.946142552,42,1,0.0,0,,0.06953103458319582,0.05895571318088759,APPROVE,29900222.0,POLICY_PASS,696.0540700370866,276.9398203469774,300.89008515746616,21.790120004090785,24.824875571643354,1320.4989711172643
APP-42-011254,2025-04-13 22:00:00,38,26643093.0,16,670,0.4741,58871875.0,6,1,Salaried,Rented,Mobile,0,0.08589872596248546,CASH_LOAN,0.9656694981447964,129.0,0,0.05684206967085019,3236123.4514820543,42,1,0.0,1,0.8535218203226058,0.022198419297729713,0.053040660121525016,APPROVE,44837128.34784001,POLICY_PASS,466.9552058682624,378.8779611049638,197.54530722550513,22.02825781567017,66.32996588559512,1131.7366978999967
APP-42-011255,2025-04-13 23:00:00,39,21185913.0,103,670,0.502,120230502.0,6,1,Contract,Family,Partner,0,0.17418041691073108,BUSINESS_LOAN,0.8641343908229788,308.0,0,0.037522940991707006,13547200.121940874,33,0,139551825.11108565,1,0.9220768374461872,0.03177466351268792,0.1334531689593785,APPROVE,76753503.81109712,POLICY_PASS,769.5697077754069,409.96748026459363,194.90940812627287,27.829599318582225,59.554990224791396,1461.8311857096471
APP-42-011256,2025-04-14 00:00:00,20,32883295.0,74,743,0.4376,62223430.0,24,1,Self-employed,Mortgage,Mobile,0,0.05218636761324913,CASH_LOAN,0.8930114452667167,491.0,1,0.02167655256649883,2757234.7675685794,48,0,0.0,1,0.9713173965359889,0.05042064383583088,0.036598098119873995,APPROVE,59179408.3456,POLICY_PASS,886.222005125456,354.78377724965515,202.73486185913356,38.24918971531181,27.65947671016044,1509.649310659717
APP-42-011257,2025-04-14 01:00:00,32,16510019.0,38,598,0.3515,67886333.0,24,2,Salaried,Rented,Partner,0,0.22612780247467235,CASH_LOAN,0.9821527993213639,81.0,0,0.15509568741426286,7294199.176745162,43,1,0.0,1,0.8447551124980639,0.027659018793025326,0.15796991086982662,REVIEW,34261591.42880001,CREDIT_OR_AFFORDABILITY,524.5189905174959,313.86716849535,341.92544332041837,20.382298753973643,46.142456107614386,1246.836357194852
APP-42-011258,2025-04-14 02:00:00,33,13320063.0,11,558,0.1816,48048598.0,12,2,Self-employed,Mortgage,Partner,0,0.19801404194604844,CASH_LOAN,0.9052111358943523,558.0,1,0.07321212287620482,9261114.819674209,37,1,0.0,2,0.8943064291031305,0.05560610191500609,0.1294155764006657,REVIEW,34883646.58944,CREDIT_OR_AFFORDABILITY,549.5587535336809,244.17985471532052,298.56213835031224,33.62917626412371,63.27855687070749,1189.208479734145
APP-42-011259,2025-04-14 03:00:00,46,7307349.0,134,676,0.1726,40880752.0,18,1,Contract,Rented,Mobile,0,0.08484544200947432,CASH_LOAN,0.9564888311496461,388.0,1,0.011578880074889442,2467653.4765396398,51,0,0.0,3,0.9123008179783217,0.03796024122714536,0.06035446520790644,APPROVE,19347521.80032,POLICY_PASS,950.2803592871833,299.458888675144,286.6997100717097,28.4954265122622,38.64414178633271,1603.5785263326318
APP-42-011260,2025-04-14 04:00:00,30,15490705.0,84,666,0.2489,36359317.0,36,0,Contract,Owned,Branch,0,0.05448764966385092,BUSINESS_LOAN,0.9715009036491997,77.0,1,0.031023323877525925,3372753.2920339685,49,0,67936769.671572,0,,0.03778834124093866,0.040954163459326905,APPROVE,36359317.0,POLICY_PASS,572.5188109625935,249.6588954072311,270.2913854699395,31.2643043567234,48.8048978370724,1172.5382940335599
APP-42-011261,2025-04-14 05:00:00,37,23918518.0,77,549,0.1129,42718481.0,18,0,Salaried,Mortgage,Partner,0,0.1124253030737743,BNPL,0.8715048548585692,55.0,0,0.05005910282010637,17013556.656964377,38,1,0.0,1,0.8245555004582575,0.031979967769422454,0.07096062490221772,APPROVE,25000000.0,POLICY_PASS,821.1634680354442,307.19149088694206,265.7604042573014,15.467731918558453,52.57135128277301,1462.1544463810192
APP-42-011262,2025-04-14 06:00:00,37,27355742.0,87,627,0.0565,21969681.0,36,1,Contract,Owned,Mobile,0,0.03984661623054209,CASH_LOAN,0.9540208003216146,80.0,0,0.09739846339563721,6508531.575569083,47,0,0.0,2,0.8194016733683771,0.02621925844240783,0.030803853656267144,APPROVE,21969681.0,POLICY_PASS,551.0429346287624,273.77376357503766,197.0117738920648,17.849548630183833,29.478264138904304,1069.156284864953
APP-42-011263,2025-04-14 07:00:00,45,8337969.0,24,679,0.4359,130053182.0,36,2,Salaried,Rented,Mobile,0,0.27284736116111374,CASH_LOAN,0.8109819726402082,183.0,1,0.05834619674224324,5471334.371511936,47,0,0.0,0,,0.07719482629998135,0.22175568564259554,REVIEW,15051034.601280002,ENHANCED_DUE_DILIGENCE,349.8369084266384,272.50195436603235,212.80431110470104,39.79626873142891,66.85714755896115,941.7965901877618
APP-42-011264,2025-04-14 08:00:00,34,34356821.0,113,660,0.6469,65857677.0,12,0,Contract,Rented,Branch,0,0.11965633550038333,CASH_LOAN,0.9239828315924573,72.0,1,0.028108242969271897,3135879.4876354053,38,0,0.0,2,0.9059853421076876,0.04537301342789778,0.08928447052092003,APPROVE,38820459.184319995,POLICY_PASS,808.6971645892552,422.2052953775112,188.02633188354957,30.300171307895756,61.68664894195578,1510.9156121001674
APP-42-011265,2025-04-14 09:00:00,42,10532232.0,2,693,0.1788,63286031.0,36,0,Salaried,Mortgage,Mobile,1,0.06108065035968996,BNPL,0.9725870245276824,65.0,0,0.029969455044398456,6862181.559778225,43,0,0.0,1,0.9385309510449068,0.01993861042404481,0.04404004662034405,APPROVE,25000000.0,POLICY_PASS,761.5676426645937,406.25663320381824,245.5177532223209,24.020754063313085,27.614954490077903,1464.9777376441236
APP-42-011266,2025-04-14 10:00:00,20,16839718.0,33,592,0.2969,70893980.0,12,2,Salaried,Rented,Partner,0,0.214189672689203,BNPL,0.9313982836143587,61.0,1,0.0037736843758825636,2317425.764629844,36,1,0.0,1,0.9098601995219627,0.04106954368824215,0.1344722821073605,REVIEW,25000000.0,CREDIT_OR_AFFORDABILITY,681.9849910036183,339.6243820638996,230.93507390263105,31.383127286082477,38.04712072768065,1321.9746949839123
APP-42-011267,2025-04-14 11:00:00,20,13164486.0,36,538,0.4103,42118845.0,12,1,Salaried,Mortgage,Mobile,0,0.18372201403272134,CASH_LOAN,0.8628650975425621,157.0,0,0.1792758425119727,7987942.471814656,49,1,0.0,2,0.7479075440545224,0.04805295015741339,0.13019377657794542,REVIEW,24841911.66144,CREDIT_OR_AFFORDABILITY,687.8066450738265,240.42940669298952,258.4931431437767,40.32159570724599,22.67666022617676,1249.7274508440155
APP-42-011268,2025-04-14 12:00:00,20,22643191.0,35,574,0.0746,67902413.0,24,2,Salaried,Rented,Branch,0,0.15071752542650754,CASH_LOAN,0.928457373597897,345.0,2,0.14293093182818692,10962562.264780879,60,1,0.0,0,,0.11197461120637599,0.10094337943492421,APPROVE,67052828.644480005,POLICY_PASS,296.46319552293886,413.0405267455227,200.95885723149985,35.84441089257379,43.321791606484865,989.6287819990202
APP-42-011269,2025-04-14 13:00:00,42,18955855.0,50,702,0.0476,36247814.0,12,3,Salaried,Mortgage,Mobile,0,0.07913975811282596,BUSINESS_LOAN,0.910713593462428,242.0,2,0.06786136052037782,2628955.809043943,51,1,63022684.42417533,0,,0.09784400613587942,0.04972720734211812,APPROVE,34662476.433296435,POLICY_PASS,564.1721522640134,258.84738219972866,190.43245725235516,22.242880533467517,43.888221130092646,1079.5830933796574
APP-42-011270,2025-04-14 14:00:00,41,26134453.0,81,715,0.4231,39382994.0,12,0,Salaried,Owned,Mobile,0,0.05663490869837807,CASH_LOAN,0.7675237501147858,345.0,0,0.0062767260570547575,2989107.9480070183,47,1,0.0,0,,0.042910942931712076,0.03398959142116404,APPROVE,39382994.0,POLICY_PASS,587.5611980567098,268.17791475754507,284.7931838013617,26.34754273432742,42.29483958729426,1209.1746789372382
APP-42-011271,2025-04-14 15:00:00,43,49623489.0,24,628,0.22,54217106.0,18,1,Salaried,Rented,Partner,1,0.06400837017329129,BNPL,0.8792055289147109,221.0,1,0.10426666268078569,20373915.11401826,47,0,0.0,2,0.959575855774614,0.06724102803651713,0.04805022605746808,APPROVE,25000000.0,POLICY_PASS,487.9940900578824,301.41545607259536,172.40304177296127,36.771224867635645,40.85540075308885,1039.4392135241635
APP-42-011272,2025-04-14 16:00:00,29,22402905.0,19,749,0.24,57652817.0,18,2,Salaried,Owned,Partner,0,0.05145294766793504,BNPL,0.9532568898621206,348.0,1,0.12519654905501423,16272824.368648158,39,1,0.0,2,0.9261520189945739,0.0532473770954109,0.03241406413775838,APPROVE,25000000.0,POLICY_PASS,803.2265758094143,167.03551347667735,242.70178858446292,25.634636032804483,41.2976014286899,1279.896115332049
APP-42-011273,2025-04-14 17:00:00,30,13107675.0,90,628,0.5045,144664089.0,12,1,Salaried,Mortgage,Partner,0,0.291807293099976,CASH_LOAN,0.9298559610948515,549.0,1,0.03128096837609423,1325828.971699218,50,1,0.0,1,0.8162724908384461,0.044721347023569065,0.19340369186511888,REVIEW,20783529.480000004,CREDIT_OR_AFFORDABILITY,765.7753161664023,380.4678190339837,198.2706908734614,33.50898807215353,27.19808200338072,1405.2208961493816
APP-42-011274,2025-04-14 18:00:00,34,23195533.0,42,603,0.01,30356040.0,9,0,Salaried,Owned,Mobile,0,0.06939403289044492,CASH_LOAN,0.9048907285427248,112.0,0,0.030581366708454183,8278929.654196288,41,1,0.0,2,0.9194417918064706,0.02637018985307947,0.041054586979464035,APPROVE,30356040.0,POLICY_PASS,777.3250268556271,332.7585643686051,225.49757012609396,32.85655457671963,36.018243185670414,1404.4559591127163
APP-42-011275,2025-04-14 19:00:00,48,52467732.0,34,538,0.1682,29441655.0,24,1,Salaried,Rented,Mobile,0,0.08512611302752965,BUSINESS_LOAN,0.9522111874261725,411.0,1,0.08767497862621393,14410914.523869969,45,0,155627058.51056778,1,0.7307486349710755,0.048050380827827865,0.06798126624506405,APPROVE,29441655.0,POLICY_PASS,821.3455794677386,333.3929116292056,340.38118979781126,28.029378075719656,77.11307145929973,1600.262130429775
APP-42-011276,2025-04-14 20:00:00,50,25825410.0,121,635,0.4543,41430715.0,12,1,Self-employed,Rented,Mobile,0,0.1523932186667271,BNPL,0.9450646621199108,176.0,0,0.039206513166135395,14531261.340205112,51,0,0.0,2,0.8663248531347781,0.02294031176706236,0.1142095741320491,REVIEW,25000000.0,CREDIT_OR_AFFORDABILITY,426.5794470001849,479.0191820734217,206.84321540770955,46.41911055399767,49.94263738983277,1208.8035924251465
APP-42-011277,2025-04-14 21:00:00,42,30280479.0,85,716,0.194,107985378.0,36,1,Salaried,Family,Mobile,0,0.038129625176761155,CASH_LOAN,0.9307316427545314,75.0,0,0.0712798981083446,13692873.264949696,55,1,0.0,0,,0.02672068284027646,0.023443754319619942,APPROVE,70000000.0,POLICY_PASS,374.94901449702684,331.382813241688,236.49086778668203,42.46800472987657,28.675550523070513,1013.9662507783439
APP-42-011278,2025-04-14 22:00:00,38,7492516.0,33,731,0.0929,66584365.0,18,1,Salaried,Rented,Mobile,0,0.05102435891187545,CASH_LOAN,0.9433224356417159,335.0,0,0.062001390780495436,3575955.5413667867,43,1,0.0,1,0.820117504544107,0.02469980282462049,0.031413069807372615,APPROVE,21748676.043520004,POLICY_PASS,638.4357773728078,238.18283153468147,221.4500147553259,52.178510699938826,39.45997731669328,1189.7071116794473
APP-42-011279,2025-04-14 23:00:00,47,22268096.0,10,717,0.3593,238751249.0,9,2,Salaried,Owned,Partner,0,0.18634457736146096,BUSINESS_LOAN,0.9659434630091869,722.0,1,0.09170680821246142,6227100.44823984,47,1,85818661.92819302,0,,0.04600790656683598,0.12519162157155433,APPROVE,47200264.060506165,POLICY_PASS,650.9852933928466,280.9810667773451,282.4801486399962,32.920325754046935,91.38051052947574,1338.7473450937105
APP-42-011280,2025-04-15 00:00:00,33,15532925.0,59,676,0.2003,52716016.0,24,2,Self-employed,Owned,Mobile,0,0.08547015426290791,CASH_LOAN,0.8260590246876267,226.0,0,0.21580346154383984,7194221.117810608,45,1,0.0,1,0.9364629450196603,0.0616854285994093,0.05736043820486764,APPROVE,39749376.392,POLICY_PASS,359.5549531788864,399.60924892356354,335.28261584802567,25.78631771374738,36.38801080066999,1156.621146464893
APP-42-011281,2025-04-15 01:00:00,31,12382734.0,33,755,0.1226,70248912.0,12,0,Salaried,Family,Mobile,0,0.04696724952626163,BUSINESS_LOAN,0.9551860316489407,524.0,0,0.04799859227641206,1558677.0493217628,39,1,51653087.61650848,0,,0.02258146400887174,0.02939201045559778,APPROVE,28409198.189079665,POLICY_PASS,405.76427388979414,313.94728179976835,331.69490612996924,36.604141743699444,52.69649080827238,1140.7070943715034
APP-42-011282,2025-04-15 02:00:00,34,17780409.0,83,570,0.0518,58265394.0,24,1,Salaried,Family,Partner,0,0.084858429032612,CASH_LOAN,0.9441921137044024,416.0,0,0.012689987693897056,6581079.685367441,48,0,0.0,0,,0.02129960753505337,0.06359120473460238,APPROVE,53950028.204160005,POLICY_PASS,902.2179787572104,398.54674134469167,267.28409303610596,22.67967354930518,38.24074633381552,1628.9692330211287
APP-42-011283,2025-04-15 03:00:00,26,19108255.0,87,725,0.3628,65948138.0,24,1,Salaried,Mortgage,Partner,0,0.05184485326724415,CASH_LOAN,0.9179257265362608,158.0,0,0.1226728826014649,12804082.976629687,54,1,0.0,2,0.8483872700828619,0.032695704937196486,0.03239643751337112,APPROVE,38962496.2752,POLICY_PASS,533.1948216786511,319.83217500125284,259.0723486582821,31.254401979617132,51.813027723145225,1195.1667750409486
APP-42-011284,2025-04-15 04:00:00,33,12768181.0,49,660,0.0854,33613724.0,12,0,Contract,Mortgage,Partner,0,0.10006881782356365,CASH_LOAN,0.9700209361214669,63.0,0,0.024691918840182736,4709001.20674908,50,1,0.0,1,0.9524779785437496,0.01984006896859139,0.05821222225819315,APPROVE,33613724.0,POLICY_PASS,830.7217251840517,336.7134036207495,204.21323391921686,34.53783310116818,51.80131814056751,1457.9875139657538
APP-42-011285,2025-04-15 05:00:00,25,19965920.0,38,655,0.4155,58269766.0,24,0,Salaried,Owned,Mobile,0,0.07903446394893378,BUSINESS_LOAN,0.841438875791309,277.0,0,0.1866718039352059,6920934.657580987,49,1,86124957.25933288,0,,0.05345249386288727,0.054241818073462865,APPROVE,47368726.49263309,POLICY_PASS,729.2175228010412,369.8869055339643,145.9082925283073,21.39094364515419,61.48944540529661,1327.893109913764
APP-42-011286,2025-04-15 06:00:00,44,16361874.0,50,538,0.2035,26472403.0,12,2,Salaried,Family,Mobile,0,0.147047753284722,BUSINESS_LOAN,0.90505848670866,31.0,0,0.01486469337795332,6277451.814731426,45,1,41366046.94855193,2,0.9024955582386253,0.025168987243425606,0.08886713649059205,APPROVE,22751325.821703564,POLICY_PASS,684.2902553455706,404.7268923017364,334.01590991754,31.710556304736226,41.42803903061049,1496.1716529001937
APP-42-011287,2025-04-15 07:00:00,40,26488565.0,45,665,0.4848,68893781.0,36,5,Contract,Family,Mobile,0,0.15574599755340404,CASH_LOAN,0.9489549554849703,416.0,0,0.0339413526940707,13034311.928917661,53,1,0.0,0,,0.022230977820722444,0.09834316737886213,APPROVE,43670107.8016,POLICY_PASS,524.8262635998209,117.23233415004512,156.8614249768812,28.257249414153375,67.57364303466952,894.7509151755702
APP-42-011288,2025-04-15 08:00:00,48,20400062.0,68,723,0.4899,73391559.0,12,1,Contract,Rented,Mobile,1,0.10975913542207276,CASH_LOAN,0.9586515906948064,297.0,0,0.18992694486130224,5034308.741419957,48,0,0.0,1,0.9087569411079337,0.0336811393310455,0.08953012535743447,APPROVE,33299429.203840002,POLICY_PASS,776.1488895496631,303.2241347776704,283.22386341498924,32.02242508304781,61.16860421632468,1455.7879170416952
APP-42-011289,2025-04-15 09:00:00,20,22134326.0,51,487,0.1078,48327987.0,12,1,Salaried,Owned,Partner,0,0.10806408074850951,BNPL,0.9119085367926808,285.0,0,0.03575506758622193,11345574.685172522,55,1,0.0,0,,0.026014289439622876,0.06667934439019217,APPROVE,25000000.0,POLICY_PASS,728.9943791168572,193.80540126755864,101.11966279851731,18.21793270678934,22.955687128094283,1065.0930630178168
APP-42-011290,2025-04-15 10:00:00,52,30846866.0,69,697,0.3524,35842689.0,24,0,Salaried,Owned,Branch,0,0.03498700153685596,CASH_LOAN,0.9657065170891642,227.0,1,0.022017215312634522,8764028.150269434,52,1,0.0,0,,0.03769094704204199,0.02084344460756153,APPROVE,35842689.0,POLICY_PASS,531.3866086881565,146.3223382205852,169.24836121743553,29.319099774782625,44.97400601306833,921.2504139140282
APP-42-011291,2025-04-15 11:00:00,21,24424763.0,47,475,0.107,33785004.0,18,1,Self-employed,Owned,Mobile,1,0.11165062090159503,BNPL,0.967138535825247,134.0,0,0.003356745070510649,11559163.373604685,34,0,0.0,0,,0.018855564446874622,0.08592223457372301,APPROVE,25000000.0,POLICY_PASS,661.689163831031,349.38390230257954,315.0926021313225,27.768870059736265,61.080717895002905,1415.0152562196722
APP-42-011292,2025-04-15 12:00:00,24,17939865.0,33,538,0.4261,29808356.0,24,1,Contract,Rented,Mobile,0,0.22456373973397556,CASH_LOAN,0.9291756309891828,542.0,1,0.07830952950626494,8787496.23893175,46,1,0.0,0,,0.05128991747608146,0.1521890657144186,REVIEW,29808356.0,CREDIT_OR_AFFORDABILITY,787.4452886066867,269.93554654663666,243.09260173782178,35.84472454706087,51.955710176922025,1388.273871615128
APP-42-011293,2025-04-15 13:00:00,29,5711965.0,58,633,0.288,34287473.0,12,0,Self-employed,Family,Partner,0,0.11850438380804303,BUSINESS_LOAN,0.9311055560077787,72.0,0,0.013903679932880749,3040757.211832394,39,1,28300635.256322786,1,0.802347439501566,0.02255616755593674,0.07344432179626824,APPROVE,15565349.390977534,POLICY_PASS,621.9071208152507,493.2853077737052,223.15912378831686,17.568161370218313,52.11170118908734,1408.0314149365786
APP-42-011294,2025-04-15 14:00:00,47,23877155.0,36,754,0.3165,279075944.0,12,0,Salaried,Rented,Mobile,1,0.08685046929400606,CASH_LOAN,0.972870970682221,251.0,0,0.13058764368274856,9113914.19771484,50,1,0.0,1,0.9320405477470386,0.026745089492958167,0.05445518671237007,APPROVE,52224113.41600001,POLICY_PASS,790.6525902817397,243.6025876300843,172.19915533025573,31.912467779744475,41.64221187368579,1280.0090128955098
APP-42-011295,2025-04-15 15:00:00,37,10900558.0,105,631,0.5653,66311373.0,18,0,Salaried,Owned,Partner,0,0.18813511975610311,BNPL,0.9275919784845509,62.0,0,0.021232141430457048,3575832.810295332,40,1,0.0,0,,0.023380611696675945,0.1222547533525873,REVIEW,15163112.20032,CREDIT_OR_AFFORDABILITY,829.1413730009099,120.1373413531349,344.8596290431496,37.4390347909688,48.45848792483323,1380.0358661129965
APP-42-011296,2025-04-15 16:00:00,33,17166176.0,66,674,0.3429,46844097.0,24,2,Self-employed,Mortgage,Partner,0,0.11336744611644883,BNPL,0.9454422694697633,348.0,1,0.014779638729220815,12426848.923718268,47,0,0.0,0,,0.04005899389671564,0.08590349537316395,APPROVE,25000000.0,POLICY_PASS,712.2897001021339,470.8772578392191,347.85536672256285,23.424772849831974,62.46010659047159,1616.9072041042195
APP-42-011297,2025-04-15 17:00:00,28,22075041.0,35,574,0.1187,34294863.0,9,3,Salaried,Owned,Mobile,0,0.1309990501338604,BNPL,0.97760656361589,752.0,0,0.012036378209622741,14961550.148129623,41,1,0.0,1,0.8814751821672256,0.018526762599857832,0.07947004258670455,APPROVE,25000000.0,POLICY_PASS,306.4019908105497,294.84633402865467,263.54812649247634,23.314003331658046,54.28197633659799,942.3924309999366
APP-42-011298,2025-04-15 18:00:00,23,37469892.0,68,626,0.3664,49900874.0,12,4,Salaried,Family,Branch,0,0.09207399335248771,BNPL,0.9431031621982966,357.0,1,0.11882727137016033,18336304.406276602,53,1,0.0,0,,0.054446522396543455,0.06006124643175393,APPROVE,25000000.0,POLICY_PASS,459.79845804511046,318.88925709138505,202.27386796865667,25.328021597872322,37.1078462507359,1043.3974509537604
APP-42-011299,2025-04-15 19:00:00,45,49583063.0,69,636,0.3503,80638523.0,18,1,Salaried,Owned,Branch,0,0.06050690134316847,BNPL,0.9097856562752805,321.0,3,0.14509095008444356,31387033.369231444,38,1,0.0,1,0.8145379016068154,0.2081971599949423,0.04015109376818015,APPROVE,25000000.0,POLICY_PASS,466.3345598763398,411.36798235191634,337.6144652782032,27.581340780443927,41.499655515074934,1284.3980038019781
APP-42-011300,2025-04-15 20:00:00,42,10844973.0,61,757,0.346,77717171.0,36,1,Self-employed,Family,Mobile,1,0.062127612038507286,CASH_LOAN,0.9063486126957525,48.0,1,0.017893466696570236,2736269.31137493,41,1,0.0,1,0.8994366722058523,0.04729125815064915,0.036514983056440554,APPROVE,22696359.494400002,POLICY_PASS,526.9346259195659,290.00797031455534,183.56533727892915,39.564293109833045,53.20256371674486,1093.2747903396282
APP-42-011301,2025-04-15 21:00:00,47,8728968.0,37,586,0.2455,102984167.0,24,2,Self-employed,Rented,Mobile,0,0.27598060213878833,CASH_LOAN,0.8897123424890446,178.0,0,0.17651119225860676,6347113.543718839,39,1,0.0,1,0.9513511214925262,0.042808849659204555,0.19536651049487086,REVIEW,21075220.3392,CREDIT_OR_AFFORDABILITY,839.2695569591734,277.4611704673516,193.72557345659902,20.166026567306275,57.90422479206701,1388.5265522424972
APP-42-011302,2025-04-15 22:00:00,39,21531483.0,85,593,0.2904,106217527.0,12,2,Salaried,Owned,Partner,0,0.1501232825083492,CASH_LOAN,0.8728848548461763,662.0,1,0.1349366004006049,4306390.146804126,56,1,0.0,0,,0.07506933747513202,0.10070352034733052,APPROVE,48891969.07776,POLICY_PASS,524.2879865976295,282.70331236278264,153.78322609762012,28.741169511771982,52.261963020053905,1041.777657589858
APP-42-011303,2025-04-15 23:00:00,20,20567394.0,85,718,0.5294,54309600.0,18,2,Salaried,Mortgage,Mobile,0,0.13868062808992956,BUSINESS_LOAN,0.8651753152620772,223.0,0,0.029636432826625283,3284869.574666299,45,1,84093008.4476678,0,,0.03092350353212539,0.08793892693015959,APPROVE,46251154.6462173,POLICY_PASS,688.3560567851379,314.32184831169974,393.63082193916966,34.31373747742794,61.678183531851005,1492.3006480452864
APP-42-011304,2025-04-16 00:00:00,24,9293730.0,32,622,0.357,34883646.0,24,2,Salaried,Owned,Partner,0,0.15996311349739323,CASH_LOAN,0.9535943287984089,97.0,2,0.14922748032636565,1895423.4294312748,48,1,0.0,1,0.8350125058432799,0.10364046656881454,0.1078314514778934,APPROVE,19122778.848,POLICY_PASS,476.65026462089526,462.0898030633588,281.9623748387708,30.242686965426298,53.62135082289174,1304.566480311343
APP-42-011305,2025-04-16 01:00:00,39,17836378.0,25,648,0.3157,47076088.0,6,1,Self-employed,Rented,Mobile,0,0.12278565760373424,CASH_LOAN,0.9651522058527756,108.0,0,0.007433852040891785,3895651.066207232,38,0,0.0,1,0.9101832029006744,0.01923997410344071,0.09031533700025732,APPROVE,39057387.08928,POLICY_PASS,335.57290351399837,308.29108965541286,80.52759878520118,35.50854842424934,43.517108748424086,803.4172491272859
APP-42-011306,2025-04-16 02:00:00,32,25003587.0,40,671,0.3564,91700249.0,6,0,Salaried,Owned,Mobile,0,0.07589344011525559,BNPL,0.9839895467371196,57.0,0,0.03323598934731912,10191443.134426791,42,1,0.0,1,0.7373672242168049,0.01920772535432559,0.04743579892877156,APPROVE,25000000.0,POLICY_PASS,287.1244638577823,367.7786849568535,154.07771940729705,21.486860924651655,24.885993486313325,855.3537226328979
APP-42-011307,2025-04-16 03:00:00,30,9150315.0,73,594,0.0576,35933588.0,12,0,Salaried,Mortgage,Branch,0,0.08302303444730652,CASH_LOAN,0.9214180950835523,308.0,1,0.20977701129328924,2637370.9602820016,45,1,0.0,3,0.826204013240664,0.0765180237172519,0.057189623345064236,APPROVE,27594421.939200003,POLICY_PASS,791.6132621745072,354.7193719420784,329.0458829370286,43.154342466605925,51.70592334773021,1570.2387828679505
APP-42-011308,2025-04-16 04:00:00,25,10416070.0,39,492,0.6252,215913153.0,12,1,Contract,Rented,Partner,1,0.5506292603491922,CASH_LOAN,0.8140967967390994,155.0,3,0.023519372687208436,4507553.549221505,41,0,0.0,1,0.9369709564866266,0.2143925721469299,0.4645002637488882,REVIEW,12492617.715200001,ENHANCED_DUE_DILIGENCE,585.1203680895126,461.8454336984432,230.23425590116213,38.41783012268069,28.957167611228236,1344.575055423027
APP-42-011309,2025-04-16 05:00:00,44,12630112.0,69,717,0.4691,35199096.0,12,5,Self-employed,Rented,Mobile,1,0.2510544629348548,BUSINESS_LOAN,0.9749526817697292,532.0,0,0.003792992742611145,5246197.557422867,41,1,40063046.40828402,2,0.7469522656722012,0.01828136903237043,0.16572444608470036,REVIEW,22034675.524556216,CREDIT_OR_AFFORDABILITY,873.2010552589345,353.63422262388036,162.433629364223,42.41902358947093,41.162006547560075,1472.8499373840689
APP-42-011310,2025-04-16 06:00:00,39,16016647.0,84,648,0.3737,76478220.0,18,2,Salaried,Owned,Mobile,1,0.1543911643797288,BNPL,0.8281289384293159,530.0,2,0.05953770695511776,5224683.915763577,44,1,0.0,0,,0.1301618571595405,0.10075042481804207,REVIEW,25000000.0,CREDIT_OR_AFFORDABILITY,666.7548238070892,357.6772312973595,261.44620171349396,32.65884195914435,53.631893570032695,1372.16899234712
APP-42-011311,2025-04-16 07:00:00,40,26365493.0,21,548,0.2189,66518065.0,36,0,Salaried,Rented,Mobile,0,0.0993478099410731,BUSINESS_LOAN,0.9494593630180742,157.0,0,0.04855343656305907,9971254.790820498,45,1,135461209.37422866,2,0.8699665608467918,0.023156091058973025,0.06070707580951246,APPROVE,66518065.0,POLICY_PASS,505.9187862078531,371.5691214511553,269.61959901470124,42.05107040669374,54.299033314947884,1243.4576103953511
APP-42-011312,2025-04-16 08:00:00,29,15041415.0,82,696,0.6872,92355095.0,12,1,Salaried,Owned,Branch,0,0.145427694282664,CASH_LOAN,0.9648487864418648,290.0,1,0.05879902549033167,6077011.505902601,45,1,0.0,0,,0.04204872596716036,0.09433451925130766,APPROVE,15055854.7584,POLICY_PASS,513.8374389159006,392.1877810307901,262.86152095674476,25.830968075704746,50.01422426581041,1244.7319332449506
APP-42-011313,2025-04-16 09:00:00,37,18556052.0,49,785,0.5406,14475977.0,24,2,Salaried,Mortgage,Branch,0,0.07288052049673854,BNPL,0.9507776212982478,157.0,1,0.006673488789101216,2349841.480825464,47,1,0.0,0,,0.03830026197438453,0.04405523552123534,APPROVE,14475977.0,POLICY_PASS,704.2571096056788,263.17534130065917,280.343352408509,31.82796674278247,49.937249189487254,1329.5410192471168
APP-42-011314,2025-04-16 10:00:00,23,61915439.0,140,726,0.1698,102103162.0,12,1,Salaried,Mortgage,Mobile,0,0.027504570621321115,BNPL,0.8339542108974156,570.0,0,0.03984621920692119,42005405.5010472,37,1,0.0,0,,0.036156610474959765,0.017046305546293335,APPROVE,25000000.0,POLICY_PASS,742.0782996501342,363.9200922206578,349.5813758256879,20.82572900773246,49.57306136720863,1525.978558071421
APP-42-011315,2025-04-16 11:00:00,34,10637666.0,48,790,0.4617,43361505.0,24,1,Salaried,Rented,Mobile,0,0.08792720562030955,CASH_LOAN,0.9000911132338213,134.0,2,0.09461361153657911,6547934.812060652,40,1,0.0,0,,0.10943339058234708,0.05769000684284415,APPROVE,18324017.94496,POLICY_PASS,534.2553534056007,244.8325255797921,218.94831482589467,18.19616612671842,38.15757566826419,1054.38993560627
APP-42-011316,2025-04-16 12:00:00,20,12568898.0,36,552,0.3948,31658207.0,6,3,Salaried,Rented,Mobile,0,0.334879800937012,BNPL,0.9701165191626098,142.0,0,0.0273479530685637,8404306.762956394,38,0,0.0,0,,0.019987749302854303,0.2755417157983895,REVIEW,24341430.62272,ENHANCED_DUE_DILIGENCE,644.4315208381915,276.2562086050774,199.5544546974063,27.80587129514053,15.376063261103155,1163.424118696919
APP-42-011317,2025-04-16 13:00:00,21,26136182.0,65,658,0.2443,103180177.0,24,2,Salaried,Owned,Mobile,0,0.10720502606790407,CASH_LOAN,0.9220795274085192,36.0,0,0.1377899521679348,13808703.74900597,52,1,0.0,2,0.8022460975161375,0.033589857576898766,0.07037486901665214,APPROVE,63203560.75968001,POLICY_PASS,453.70784417288553,359.8912426820524,306.85820609075586,40.68719779756496,77.59559431965417,1238.7400850629128
APP-42-011318,2025-04-16 14:00:00,32,30994058.0,67,666,0.4334,16924568.0,6,0,Salaried,Rented,Mobile,0,0.05995498987858079,BNPL,0.9146086214420966,225.0,0,0.018990293265542163,15969314.66486335,29,1,0.0,3,0.7268895783843732,0.02449741208315854,0.037900345840491595,APPROVE,16924568.0,POLICY_PASS,675.23949419382,284.06570951969314,223.8935091627162,49.894078677425625,49.815334199447875,1282.908125753103
APP-42-011319,2025-04-16 15:00:00,56,22612712.0,156,632,0.3862,191560756.0,36,0,Self-employed,Owned,Branch,1,0.15078093083574617,CASH_LOAN,0.8496384270029831,678.0,3,0.015369688195749793,11297361.809408884,41,1,0.0,1,0.7286728959449926,0.1865822994405469,0.09642759812857153,APPROVE,44414984.401920006,POLICY_PASS,609.1871462952088,206.38532374637305,390.0285890234744,30.051361628015606,33.87518314777731,1269.5276038408492
APP-42-011320,2025-04-16 16:00:00,20,48681736.0,43,616,0.2215,62951670.0,18,1,Self-employed,Rented,Mobile,0,0.06586334138179308,CASH_LOAN,0.9614016591310014,90.0,0,0.17892266143406946,13585252.724302756,47,1,0.0,1,0.9213873103911882,0.03226051198196834,0.04276761915487671,APPROVE,62951670.0,POLICY_PASS,713.013613111871,228.52237732979097,472.712615292402,8.0,52.85475219719715,1475.103357931261
APP-42-011321,2025-04-16 17:00:00,24,21433873.0,48,427,0.5546,49973900.0,12,1,Salaried,Owned,Mobile,0,0.21480162701630698,CASH_LOAN,0.8306823593972523,119.0,0,0.023930345369588706,10871228.656891631,56,1,0.0,0,,0.034990043363298605,0.13761122390373934,REVIEW,30549270.50944,CREDIT_OR_AFFORDABILITY,230.97925871531305,285.09780574274043,156.40596248741474,53.98959459272132,49.37256187216366,775.8451834103532
APP-42-011322,2025-04-16 18:00:00,37,6070948.0,39,762,0.6678,24181192.0,12,2,Salaried,Family,Partner,0,0.0982805325205,CASH_LOAN,0.9828128077769711,31.0,0,0.13045906300882887,4073019.8930378286,34,1,0.0,3,0.9820706191918173,0.025669761314986855,0.06289937838007098,APPROVE,6453660.561920002,POLICY_PASS,540.4555286736324,399.5500178846219,263.69406013601315,20.973406220135267,44.49628590935977,1269.1692988237626
APP-42-011323,2025-04-16 19:00:00,51,18986333.0,59,524,0.6811,46206271.0,6,0,Self-employed,Rented,Mobile,1,0.3125773566317446,BUSINESS_LOAN,0.8129472247964229,181.0,1,0.05316480550710629,3666008.6411102344,49,1,132065401.33183894,2,0.6533028885072245,0.07551650699079004,0.22059289896037315,REVIEW,46206271.0,ENHANCED_DUE_DILIGENCE,473.78824978695735,365.0120112569382,367.45776965550544,25.001364936721913,53.846424133132885,1285.1058197692557
APP-42-011324,2025-04-16 20:00:00,37,13148803.0,48,705,0.5502,117854129.0,18,1,Salaried,Rented,Mobile,0,0.26346898135181274,CASH_LOAN,0.9683993466822037,108.0,0,0.07065340108961429,2504694.5509872115,43,1,0.0,0,,0.02285830747482192,0.1815285375858798,REVIEW,18925861.08608,CREDIT_OR_AFFORDABILITY,615.0948374321449,321.51189841331427,314.20052294666516,22.80008848831072,53.67312214634473,1327.2804694267795
APP-42-011325,2025-04-16 21:00:00,41,38531197.0,48,641,0.0814,65166516.0,12,0,Salaried,Family,Branch,0,0.027304947465503614,CASH_LOAN,0.9508960117022361,767.0,1,0.040624454727466015,17834394.858809277,47,1,0.0,1,0.8000182992886199,0.042213295131742545,0.01635808165479781,APPROVE,65166516.0,POLICY_PASS,780.240596202949,476.06428528548827,391.4915837927491,21.123711876895044,53.869370812919634,1722.7895479710012
APP-42-011326,2025-04-16 22:00:00,32,30597399.0,117,638,0.2031,79239140.0,24,0,Contract,Rented,Mobile,0,0.1018767285204948,CASH_LOAN,0.8841561285962535,653.0,0,0.05919317170607236,21799250.0587513,48,0,0.0,0,,0.031192863466084592,0.0792085798628282,APPROVE,70000000.0,POLICY_PASS,765.919286153726,275.85976581150175,105.55568390706549,26.635368796016458,34.650309823421296,1208.6204144917313
APP-42-011327,2025-04-16 23:00:00,30,7508546.0,38,625,0.1418,106032391.0,18,2,Salaried,Family,Partner,1,0.17155846976413516,CASH_LOAN,0.7954864449638762,295.0,0,0.008378243179508681,4686699.165458482,40,1,0.0,0,,0.03857143318206587,0.10974597768160498,APPROVE,20620269.36704,POLICY_PASS,652.4492805113273,416.0330056905948,189.84369326574614,24.384667202779887,37.736372041263735,1320.4470187117117
APP-42-011328,2025-04-17 00:00:00,36,37827891.0,65,654,0.6007,31632046.0,12,1,Salaried,Mortgage,Partner,0,0.0931124863591989,BNPL,0.8129310241511457,495.0,0,0.04152064081004289,27378405.565196637,42,1,0.0,0,,0.03955333724103734,0.058741593958249086,APPROVE,25000000.0,POLICY_PASS,763.3100955934193,304.694304663702,319.40386167953193,24.469530388105323,75.18720100460379,1487.0649933293623
APP-42-011329,2025-04-17 01:00:00,29,30175310.0,113,686,0.2531,19169907.0,18,3,Salaried,Owned,Mobile,0,0.04411626620283068,BUSINESS_LOAN,0.9645280658877694,102.0,0,0.006313776377355058,20449228.84541059,43,0,205294088.02453002,3,0.9571769101485934,0.01922603730957289,0.030941535687625168,APPROVE,19169907.0,POLICY_PASS,588.9083750759196,352.97197451541257,301.59923155037626,21.602658174448813,46.68204635970941,1311.7642856758666
APP-42-011330,2025-04-17 02:00:00,42,15058123.0,44,709,0.3888,28699207.0,24,1,Salaried,Family,Partner,0,0.07816232822729693,BNPL,0.9635125734856822,290.0,0,0.08146062062074322,6033451.55746131,43,1,0.0,1,0.9184978224481622,0.0240712606326263,0.0479693377279716,APPROVE,25000000.0,POLICY_PASS,782.4642806034875,224.5164596193001,169.5334670057157,29.494879572574405,54.16473833702857,1260.1738251381066
APP-42-011331,2025-04-17 03:00:00,21,17239939.0,48,631,0.1286,53955782.0,12,2,Salaried,Mortgage,Mobile,0,0.11944189370318617,CASH_LOAN,0.9931985730793305,235.0,0,0.02733844765887634,2007301.437895349,57,0,0.0,0,,0.018174061347038223,0.08978833743745353,APPROVE,48073225.10272,POLICY_PASS,678.618095486224,454.73227758510683,181.3036412665309,37.019841571614585,60.73053311655609,1412.404389026032
APP-42-011332,2025-04-17 04:00:00,43,38708884.0,50,553,0.4187,47106030.0,18,3,Self-employed,Owned,Branch,0,0.15427560613157174,CASH_LOAN,0.9594400043093342,305.0,2,0.03291093238362133,19272083.40716186,54,1,0.0,1,0.8630304227381334,0.07371912670325786,0.09417607244635955,APPROVE,47106030.0,POLICY_PASS,704.088307747341,373.4766211815284,317.8345324855239,34.21946942152832,46.82702483210323,1476.445955668025
APP-42-011333,2025-04-17 05:00:00,35,6086299.0,26,551,0.2219,46615168.0,24,1,Salaried,Family,Branch,0,0.11638301747497785,BNPL,0.6562778952818769,413.0,1,0.008178592392812907,1746278.2889270063,42,1,0.0,1,0.9274688906558762,0.12112374675802542,0.06892994726015556,APPROVE,15154397.606080003,POLICY_PASS,546.3972672691167,201.73300062145773,282.2245295013233,33.52778037488865,36.27661659115225,1100.1591943579388
APP-42-011334,2025-04-17 06:00:00,33,22996469.0,46,715,0.3555,76829011.0,24,1,Salaried,Owned,Mobile,0,0.06949580380052135,BUSINESS_LOAN,0.9531010998480448,294.0,1,0.02454798471637054,16760005.779546162,31,0,125572656.93396345,0,,0.039949080627000325,0.05401069283394097,APPROVE,69064961.3136799,POLICY_PASS,658.8847242543801,222.34478010355667,154.05427507444847,45.84075387141059,39.38126377267609,1120.505797076472
APP-42-011335,2025-04-17 07:00:00,20,32843277.0,25,620,0.0366,41591160.0,12,2,Self-employed,Family,Mobile,0,0.07237181975270215,BUSINESS_LOAN,0.9628113160471361,452.0,1,0.08961466096318274,12615407.517975433,37,0,128288052.42062423,1,0.8770502926856472,0.04631075991778857,0.05621482373657265,APPROVE,41591160.0,POLICY_PASS,708.7234739824594,368.0051874567003,216.57690999481076,41.08731605702129,38.242516142826226,1372.6354036338178
APP-42-011336,2025-04-17 08:00:00,26,17142823.0,136,566,0.1601,27595597.0,12,0,Salaried,Rented,Mobile,1,0.10787599502004966,CASH_LOAN,0.9001380513815653,95.0,0,0.005368556311654381,2025437.2122069998,50,1,0.0,2,0.9347118939684265,0.024977767432491072,0.06244379009250297,APPROVE,27595597.0,POLICY_PASS,589.6595456123364,315.0460425610341,105.55710535055564,30.30551281369059,56.92025057690613,1097.4884569145227
APP-42-011337,2025-04-17 09:00:00,46,25705942.0,41,587,0.2443,28990076.0,9,3,Salaried,Family,Mobile,0,0.13485057997408642,CASH_LOAN,0.89378760876732,438.0,1,0.05552874465400788,18029064.33529025,46,1,0.0,0,,0.05534038566142098,0.08674135889447761,APPROVE,28990076.0,POLICY_PASS,526.6966548349359,373.5149218597845,337.62470119632417,37.13581928991933,38.47681738054756,1313.4489145615114
APP-42-011338,2025-04-17 10:00:00,33,19050755.0,85,633,0.1494,81973392.0,24,1,Self-employed,Mortgage,Mobile,0,0.11907634604415944,CASH_LOAN,0.9480002996014965,180.0,0,0.19156063780277222,14145015.761481214,42,1,0.0,1,0.9118854592887304,0.03533457636762618,0.08053491367234374,APPROVE,51854631.049600005,POLICY_PASS,792.8387102618384,277.6337611314313,307.761878366389,19.558728319474476,46.847051578396346,1444.6401296575295
APP-42-011339,2025-04-17 11:00:00,38,11694869.0,58,548,0.3436,110354949.0,12,2,Contract,Rented,Branch,0,0.32176715967582403,BUSINESS_LOAN,0.8906534601446054,582.0,0,0.007209225925852171,8415284.522263577,50,0,34279025.64678876,0,,0.02610651969036462,0.25630639309766,REVIEW,18853464.10573382,ENHANCED_DUE_DILIGENCE,612.2105311037928,433.19847101770875,284.90932373886295,21.768613187073342,35.38617077529609,1387.4731098227337
APP-42-011340,2025-04-17 12:00:00,27,11535223.0,32,638,0.6528,136890620.0,12,0,Salaried,Rented,Mobile,0,0.36260850136243583,BNPL,0.8577915665108962,418.0,0,0.06923947432236596,5848551.371244462,39,1,0.0,1,0.8953570934092077,0.03574290537317156,0.2537449424583858,REVIEW,12816094.161919998,ENHANCED_DUE_DILIGENCE,693.8160783554672,96.92289869796903,289.5239321436373,39.03357484009743,22.772073609810104,1142.068557646981
APP-42-011341,2025-04-17 13:00:00,35,26627189.0,45,730,0.2662,40389251.0,6,3,Self-employed,Owned,Mobile,0,0.05764371874528143,CASH_LOAN,0.8893655765902109,143.0,0,0.0895893408381748,8806536.01637762,43,0,0.0,0,,0.03335681297365582,0.04574230696978626,APPROVE,40389251.0,POLICY_PASS,395.7113808827122,480.12743729372994,197.57040196532463,35.02078271738017,56.81585255511003,1165.245855414257
APP-42-011342,2025-04-17 14:00:00,23,12688969.0,37,631,0.7455,61668152.0,18,0,Self-employed,Family,Mobile,0,0.19057606719641806,BNPL,0.8285450148116772,120.0,0,0.1194958993357506,6376379.995325364,40,0,0.0,0,,0.04646834194007466,0.15954070103105578,REVIEW,10333896.3536,CREDIT_OR_AFFORDABILITY,378.48004951586444,124.87446470059339,228.58451166753,35.30204923831425,31.669976774480084,798.9110518967822
APP-42-011343,2025-04-17 15:00:00,36,7782302.0,34,513,0.3767,74739528.0,18,0,Self-employed,Rented,Mobile,0,0.31711690314987095,CASH_LOAN,0.7549521952078294,437.0,1,0.14487297540903915,2587688.9456896107,49,1,0.0,0,,0.12066155539051676,0.23122653050532518,REVIEW,15522268.277120002,ENHANCED_DUE_DILIGENCE,289.2702207138069,332.6761863111011,239.88787142690185,49.27789479397573,64.04433838659098,975.1565116323766
APP-42-011344,2025-04-17 16:00:00,38,19253465.0,38,702,0.2549,66383535.0,12,0,Self-employed,Rented,Partner,1,0.08405934173782063,BUSINESS_LOAN,0.9120824605751373,493.0,0,0.062333691814521856,8189490.665783257,42,1,87860199.84114324,1,0.7319603269461746,0.02809284783402017,0.053897520903229704,APPROVE,48323109.912628785,POLICY_PASS,604.167926617437,309.0730070493914,280.3592023550669,50.956815031664206,57.00738563867964,1301.564336692239
APP-42-011345,2025-04-17 17:00:00,38,13574282.0,64,720,0.325,79185651.0,18,0,Salaried,Owned,Mobile,0,0.08682087025645589,BNPL,0.8208354150582818,207.0,0,0.036052746309351874,5119144.79286875,42,1,0.0,0,,0.03771145317634099,0.05442109583423546,APPROVE,25000000.0,POLICY_PASS,809.858462728097,338.3636630337569,158.24925039120075,21.978530993025096,52.928623117566175,1381.3785302636459
APP-42-011346,2025-04-17 18:00:00,27,9307889.0,67,724,0.2857,86475167.0,24,1,Self-employed,Mortgage,Mobile,0,0.07790432482988105,CASH_LOAN,0.9730899854029217,244.0,0,0.0031198695358503645,5646322.224974416,42,1,0.0,2,0.8715635060803916,0.01838582530017266,0.04590029353483411,APPROVE,21275600.36064,POLICY_PASS,815.1185671791363,297.13517797521683,220.75726625728984,27.085389159332916,42.18099221889567,1402.2773927898713
APP-42-011347,2025-04-17 19:00:00,32,18724500.0,65,644,0.1766,33460341.0,18,1,Salaried,Mortgage,Mobile,0,0.06249278014065354,CASH_LOAN,0.8735723688369808,211.0,0,0.05893632507232776,5350780.158278406,65,1,0.0,0,,0.03254028347920019,0.03772522089986657,APPROVE,33460341.0,POLICY_PASS,473.8114765089776,242.21892907512068,331.61644220985124,31.451507650096346,57.62952640652608,1136.727881850572
APP-42-011348,2025-04-17 20:00:00,40,27450214.0,63,808,0.5066,36733635.0,12,4,Salaried,Owned,Mobile,0,0.08235096352980045,BUSINESS_LOAN,0.9604739802215966,137.0,1,0.1353593866855011,4142508.810296228,58,0,105685122.64949581,0,,0.05325628729873916,0.0659701945329464,APPROVE,36733635.0,POLICY_PASS,487.44863334964134,390.32390658195794,472.78738101357226,24.870517217513527,34.286049017120845,1409.7164871798059
APP-42-011349,2025-04-17 21:00:00,33,18200595.0,66,693,0.3768,72585902.0,24,0,Salaried,Rented,Mobile,0,0.10131892359740471,CASH_LOAN,0.9617042456181919,302.0,1,0.016598821190680017,7072642.026289235,39,1,0.0,0,,0.03771105894198102,0.063375452678758,APPROVE,36296354.5728,POLICY_PASS,791.4745777393512,425.47964470116256,413.0935007528364,28.773502637152156,47.00819909869833,1705.8294249292005
APP-42-011350,2025-04-17 22:00:00,32,10013551.0,38,850,0.3606,28849813.0,12,0,Salaried,Mortgage,Mobile,0,0.05948054848793748,BNPL,0.9031846922067744,241.0,2,0.01104429807956584,1000009.3183012501,41,1,0.0,1,0.7976770338801834,0.08625505523498643,0.035784400086729465,APPROVE,20488526.43008,POLICY_PASS,552.1410522427191,297.1985366470144,248.35621630772306,32.648784659835115,62.40231989830798,1192.7469097555997
APP-42-011351,2025-04-17 23:00:00,52,23461569.0,73,737,0.3045,36700144.0,36,3,Salaried,Owned,Partner,0,0.06083980273942929,CASH_LOAN,0.768761032851236,252.0,0,0.12274609031135164,16896575.301517744,59,1,0.0,0,,0.059493132383517396,0.03887764644464607,APPROVE,36700144.0,POLICY_PASS,230.31012837227024,242.5183088756661,131.36139641993066,37.496173526733244,58.067284721183114,699.7532919157834
APP-42-011352,2025-04-18 00:00:00,26,31807680.0,33,726,0.2403,60837592.0,24,2,Salaried,Family,Mobile,0,0.030428977761157845,BUSINESS_LOAN,0.8779184531340146,493.0,0,0.027688699257916304,23307871.41237362,51,1,205767285.95377508,0,,0.02919320758203543,0.018204900147640278,APPROVE,60837592.0,POLICY_PASS,807.5360422185612,283.84812023431675,201.5097457285529,38.066421794003475,41.12668601898071,1372.087015994415
APP-42-011353,2025-04-18 01:00:00,45,60797006.0,40,595,0.3089,39950199.0,24,2,Salaried,Rented,Mobile,0,0.08643195015843,CASH_LOAN,0.8936024250432122,271.0,0,0.07621852805470651,26753023.044191614,42,0,0.0,0,,0.031539266875751794,0.06850803224907212,APPROVE,39950199.0,POLICY_PASS,523.7676000175767,340.91314135593433,245.829561598494,43.60631472255424,38.62910540575831,1192.7457231003175
APP-42-011354,2025-04-18 02:00:00,25,39780863.0,17,572,0.2261,69263902.0,18,0,Self-employed,Rented,Mobile,0,0.10710232384035778,BNPL,0.93316719803772,137.0,2,0.04488247919851888,15721416.334953919,43,1,0.0,0,,0.08435035469752722,0.06798730397325167,APPROVE,25000000.0,POLICY_PASS,821.1057542307719,310.4002568148053,197.54006469882978,30.473112639849166,44.38921469992877,1403.908403084185
APP-42-011355,2025-04-18 03:00:00,41,10354536.0,30,648,0.2763,34839540.0,24,0,Salaried,Rented,Branch,0,0.09088884548669074,CASH_LOAN,0.8287882571033037,254.0,0,0.06219612218511477,6270930.493858065,47,0,0.0,0,,0.03937994412042708,0.07075277953686705,APPROVE,23979448.650240004,POLICY_PASS,1029.643602300991,231.42442640406662,261.689104516919,32.28946285894307,54.909048382487626,1609.9556444634075
APP-42-011356,2025-04-18 04:00:00,41,28855980.0,66,626,0.3819,11693095.0,18,0,Contract,Rented,Branch,0,0.07155194423360481,CASH_LOAN,0.9514121165273828,93.0,1,0.03517737297616871,14650751.357426772,36,1,0.0,1,0.8686918080304866,0.041471264718244596,0.04355014750958559,APPROVE,11693095.0,POLICY_PASS,730.6266637065988,301.3218780182522,208.259664923753,32.740112091171575,53.649690371928806,1326.5980091117044
APP-42-011357,2025-04-18 05:00:00,30,20727471.0,70,601,0.3409,66545096.0,18,2,Self-employed,Family,Mobile,0,0.11106032061126825,BNPL,0.8168030054237024,321.0,1,0.010585312737516122,11385615.141061235,49,0,0.0,0,,0.0660619799661515,0.0835534718416828,APPROVE,25000000.0,POLICY_PASS,633.1637937337129,306.8867709128368,186.6925066532134,44.82920417397721,33.48884914432411,1205.0611246180642
APP-42-011358,2025-04-18 06:00:00,24,9551682.0,95,631,0.3231,52452334.0,12,1,Salaried,Rented,Partner,1,0.14315725064550933,BUSINESS_LOAN,0.9584045108751582,138.0,1,0.004866960703524365,3762880.07521064,50,0,28599481.839904428,0,,0.03694436452922996,0.10806498567825834,APPROVE,15729715.011947436,POLICY_PASS,773.0458402933491,418.47274364093744,433.39136392415907,38.51185938074416,51.38278755341748,1714.8045947926075
APP-42-011359,2025-04-18 07:00:00,20,21040710.0,31,626,0.2657,124462896.0,24,2,Contract,Owned,Mobile,0,0.21796958283066703,BNPL,0.6952262397076892,135.0,1,0.1250073097367496,2148147.4330551573,37,1,0.0,1,0.7394530042267498,0.1424695644635994,0.15451509374213757,REVIEW,25000000.0,CREDIT_OR_AFFORDABILITY,598.4579020404357,150.7557494482929,182.1731855618751,31.648477409378593,39.74865109042736,1002.7839655504097
APP-42-011360,2025-04-18 08:00:00,29,51709625.0,33,594,0.1775,43153094.0,24,3,Salaried,Mortgage,Mobile,0,0.08164577856815436,BUSINESS_LOAN,0.9891183983385341,95.0,0,0.07268699902375529,32665424.155782312,40,1,172492136.45125338,2,0.9200444585466354,0.021119014416413794,0.050130683391894075,APPROVE,43153094.0,POLICY_PASS,533.6988161793143,289.94320093702174,309.00422338159945,41.219651653780105,39.50576716328857,1213.3716593150043
APP-42-011361,2025-04-18 09:00:00,40,34747133.0,27,687,0.5687,58013049.0,18,1,Salaried,Owned,Mobile,0,0.07643467838699915,CASH_LOAN,0.9006833991808653,262.0,0,0.05968756574387294,18238288.147574417,38,1,0.0,1,0.7500715387152889,0.029204087548659573,0.048889815333727195,APPROVE,47956603.08128,POLICY_PASS,766.4887631344449,251.57957678298845,196.37015808798188,11.773597673105698,42.6248761685948,1268.8369718471158
APP-42-011362,2025-04-18 10:00:00,25,10308557.0,67,586,0.1981,42325324.0,18,0,Self-employed,Rented,Partner,0,0.15958650892229168,CASH_LOAN,0.9282705695234301,59.0,1,0.01361171657093624,4167059.904221213,50,1,0.0,1,0.7854394866581362,0.042782510467480266,0.09914767570467849,APPROVE,26452581.946560003,POLICY_PASS,654.43510187588,280.5501854201934,307.33942871706535,28.326026349010917,44.72684476850412,1315.3775871306539
APP-42-011363,2025-04-18 11:00:00,36,18136314.0,29,637,0.5419,34713496.0,24,1,Salaried,Rented,Mobile,0,0.18399143347472352,BUSINESS_LOAN,0.8260279325527993,151.0,1,0.026433642556803666,6461413.954729155,63,1,113217510.31784998,2,0.6973639809453319,0.0666070166519764,0.11661124949329188,APPROVE,34713496.0,POLICY_PASS,631.2286026450331,313.48055771161563,231.67179981617372,29.1696178902676,48.98134881209147,1254.5319268751814
APP-42-011364,2025-04-18 12:00:00,22,23589288.0,93,553,0.3436,40161381.0,24,0,Self-employed,Rented,Mobile,0,0.1609856192674946,BUSINESS_LOAN,0.8604999729415447,566.0,0,0.03444547901435924,10848035.136060234,50,0,113948007.02177055,0,,0.03196076847716436,0.12454477725698385,APPROVE,40161381.0,POLICY_PASS,793.2646760151495,289.77437415601275,334.5215961888907,39.2979002716624,34.314944559856805,1491.173491191572
APP-42-011365,2025-04-18 13:00:00,33,6951273.0,38,647,0.4575,29036020.0,24,2,Contract,Mortgage,Partner,0,0.23931346546326515,BNPL,0.8949522528937969,221.0,0,0.05498828301791894,1567716.6250017025,48,1,0.0,1,0.8006254267585213,0.029488164650029028,0.15823847585818257,REVIEW,12067409.928000001,CREDIT_OR_AFFORDABILITY,651.8338154392158,209.82143190955588,251.0247145174572,15.643292556929453,43.88440386743523,1172.2076582905934
APP-42-011366,2025-04-18 14:00:00,25,7084299.0,51,654,0.137,59586397.0,12,3,Salaried,Family,Partner,0,0.13183589763993084,CASH_LOAN,0.9401976022374635,115.0,1,0.02107746839989692,2027962.9659306163,43,1,0.0,0,,0.04166254170543077,0.08317157524464525,APPROVE,19564000.1184,POLICY_PASS,599.9411807458101,240.40717731553386,231.32239147589965,27.24595579505509,52.56260475136962,1151.4793100836685
APP-42-011367,2025-04-18 15:00:00,34,19597795.0,58,571,0.3888,58783689.0,12,0,Salaried,Family,Mobile,0,0.0968162431950593,BUSINESS_LOAN,0.9127759206701814,205.0,0,0.058274511538713575,12084836.10915297,33,1,92864494.71434288,1,0.8779901374885265,0.027683754871345178,0.06072217224544436,APPROVE,51075472.092888586,POLICY_PASS,462.32998963196815,379.86893366493473,241.3787400396967,40.80785757132493,60.200472768325696,1184.5859936762502
APP-42-011368,2025-04-18 16:00:00,30,19738934.0,93,645,0.0388,29350303.0,12,2,Self-employed,Owned,Branch,0,0.07729481751504284,CASH_LOAN,0.9250114825979355,51.0,0,0.14171713604484434,9997337.44889009,53,1,0.0,0,,0.03357257088193682,0.05096072189427936,APPROVE,29350303.0,POLICY_PASS,516.6849854207021,300.6212435972145,184.4516741313443,26.848117145223238,35.42568526569871,1064.0317055601831
APP-42-011369,2025-04-18 17:00:00,24,6547094.0,117,633,0.2978,94868433.0,24,2,Salaried,Owned,Mobile,1,0.16426924068065474,CASH_LOAN,0.9120938873931317,198.0,1,0.21220838132703332,2475489.947858869,49,1,0.0,2,0.8595943587601015,0.07986599252249058,0.1147086127305146,APPROVE,14711582.10176,POLICY_PASS,565.2279112896007,283.06004099977764,216.14592408802037,46.73217684992636,36.06655316014466,1147.2326063874698
APP-42-011370,2025-04-18 18:00:00,29,22281510.0,62,607,0.372,34207527.0,24,2,Salaried,Owned,Branch,0,0.11088313089383095,BNPL,0.9818074985360007,307.0,2,0.026627491354102993,1974291.4847164205,43,1,0.0,0,,0.06637781094367622,0.06960445119001836,APPROVE,25000000.0,POLICY_PASS,769.2324016980072,269.22634843460844,263.1795230590211,38.11251778323111,18.533074501627958,1358.2838654764955
APP-42-011371,2025-04-18 19:00:00,27,32727027.0,75,608,0.5511,54110718.0,12,0,Self-employed,Owned,Mobile,1,0.12913769162828284,CASH_LOAN,0.773774883172259,266.0,0,0.024126493545539578,12031734.693745911,40,0,0.0,2,0.8765949456637864,0.04404600941890634,0.09678327923523365,APPROVE,47011719.74496,POLICY_PASS,709.4781005730944,441.0986043234883,199.84171188523953,29.135284397983384,42.7032696488583,1422.256970828664
APP-42-011372,2025-04-18 20:00:00,23,15963516.0,30,672,0.3651,94153073.0,24,0,Contract,Rented,Partner,0,0.15829071831641284,BUSINESS_LOAN,0.8109081510393462,281.0,0,0.11944743711079446,8902799.637807772,60,1,110787658.51174708,2,0.9530234079388886,0.04985613163173693,0.09909482424626312,APPROVE,60933212.181460895,POLICY_PASS,495.28368334675207,349.1894137109272,312.63664910939417,23.561721192304347,36.1960998675396,1216.8675672269173
APP-42-011373,2025-04-18 21:00:00,45,18601984.0,111,642,0.2185,126968297.0,18,1,Self-employed,Family,Mobile,0,0.10940180669432285,CASH_LOAN,0.852765973067167,375.0,0,0.07903449931783893,8878080.779654618,44,0,0.0,0,,0.03752453501067094,0.08701888074279736,APPROVE,46519841.5872,POLICY_PASS,459.3799158093316,431.4014897465351,163.23696147089947,27.64686220193042,51.986887031192325,1133.6521162598888
APP-42-011374,2025-04-18 22:00:00,32,24646828.0,77,709,0.1827,11795490.0,18,2,Salaried,Mortgage,Mobile,0,0.04814866887994188,CASH_LOAN,0.9274651878166387,260.0,0,0.025350707238905913,12549101.812389703,46,0,0.0,1,0.8659395401412018,0.023676715539865844,0.03499648226822529,APPROVE,11795490.0,POLICY_PASS,761.4599410371577,254.74208819376958,260.5158518616886,33.60404099129592,39.96019555002566,1350.2821176339376
APP-42-011375,2025-04-18 23:00:00,20,22916057.0,175,565,0.2888,96131018.0,12,0,Salaried,Owned,Mobile,0,0.10425827954198114,CASH_LOAN,0.8882882121800622,187.0,0,0.005860468182941069,7722060.11239667,32,1,0.0,0,,0.02625663442951576,0.065657852907873,APPROVE,52153279.16288,POLICY_PASS,714.4434309018882,265.02996173824096,253.03839835892813,25.283161075368227,41.73955209233438,1299.53450416676
APP-42-011376,2025-04-19 00:00:00,29,7189556.0,53,626,0.4601,64107281.0,36,2,Salaried,Rented,Mobile,0,0.22796705809304,BNPL,0.9626370317500547,240.0,0,0.06510467298718015,1710623.6784146402,40,1,0.0,1,0.6449800543815217,0.02302767628871029,0.15915997477703778,REVIEW,12421252.110080002,CREDIT_OR_AFFORDABILITY,960.0222951449066,225.66971064738843,236.7438328395017,8.0,46.30140178125925,1476.737240413056
APP-42-011377,2025-04-19 01:00:00,43,10941415.0,33,596,0.1381,75014448.0,6,2,Salaried,Rented,Branch,0,0.19560527823114235,BNPL,0.9320237417793134,100.0,0,0.12109126581838842,6362168.560253323,40,1,0.0,2,0.9549798764651269,0.030732320885420463,0.1290182824517393,REVIEW,25000000.0,CREDIT_OR_AFFORDABILITY,926.5603927165563,232.19314517726326,200.5698579290942,41.9687793774761,43.94888246315754,1445.2410576635475
APP-42-011378,2025-04-19 02:00:00,28,14478320.0,43,644,0.6047,39876511.0,12,4,Salaried,Rented,Mobile,0,0.3290236895059124,CASH_LOAN,0.6789931974252084,224.0,0,0.00831243553822956,4024561.1117509427,37,1,0.0,1,0.9212529282616823,0.0614083825725526,0.21810469842174518,REVIEW,18314495.6672,ENHANCED_DUE_DILIGENCE,434.2641038504514,208.90378819159434,294.5250427967765,34.1112823035442,26.78364700818603,998.5878641505525
APP-42-011379,2025-04-19 03:00:00,48,11211240.0,92,659,0.6328,86599212.0,24,0,Salaried,Rented,Partner,0,0.2626725928563735,CASH_LOAN,0.9220862624188254,159.0,0,0.10394479950202463,3030117.8612909615,35,1,0.0,0,,0.03044463169397853,0.18706955171470102,REVIEW,13173655.4496,CREDIT_OR_AFFORDABILITY,747.9202682783853,405.3097776982204,296.9192117766327,37.04187915190667,56.061205389888684,1543.2523422950337
APP-42-011380,2025-04-19 04:00:00,27,40334389.0,112,555,0.3278,108608041.0,24,0,Self-employed,Family,Partner,0,0.11313244342288178,CASH_LOAN,0.9731042443940243,570.0,0,0.08403051916560633,19485091.32662091,35,0,0.0,2,0.8655191676671563,0.023317755164389685,0.08901112544919587,APPROVE,70000000.0,POLICY_PASS,795.4998515644884,319.31998847882494,365.2492569710869,46.516338186554826,46.38982800383615,1572.9752632047912
APP-42-011381,2025-04-19 05:00:00,40,25516710.0,137,683,0.238,79075507.0,9,2,Salaried,Mortgage,Mobile,1,0.0899325508797173,CASH_LOAN,0.9142998158459372,214.0,1,0.020233184335380468,6784546.406361986,40,1,0.0,0,,0.04611698694755099,0.05602594081726558,APPROVE,62219945.664000005,POLICY_PASS,537.7837418522648,286.1406977009163,342.0365022241765,44.202098451949524,56.67644816536142,1266.8394883946685
APP-42-011382,2025-04-19 06:00:00,44,9776903.0,34,796,0.2364,94396203.0,12,2,Salaried,Owned,Branch,0,0.07083154480507053,CASH_LOAN,0.9924063742651899,200.0,0,0.025923592364199423,4359755.982866526,44,1,0.0,1,0.878287589385894,0.018157699943594313,0.042046254483058834,APPROVE,23890058.018560003,POLICY_PASS,424.86030862363157,362.2290113526288,246.04647568693434,33.8141606411227,45.668861365732766,1112.6188176700502
APP-42-011383,2025-04-19 07:00:00,39,15998374.0,23,652,0.2648,185138170.0,6,0,Salaried,Rented,Mobile,0,0.18662421643615626,CASH_LOAN,0.8805791807829285,372.0,1,0.14654462897218531,7105217.334970649,40,1,0.0,0,,0.07524365767849714,0.1315654596446986,REVIEW,37638414.607360005,CREDIT_OR_AFFORDABILITY,684.7129255791217,427.96491449134294,311.17276886304876,15.744065311737483,38.64123504031313,1478.2359092855643
APP-42-011384,2025-04-19 08:00:00,23,33518162.0,49,578,0.2507,134935812.0,12,3,Salaried,Mortgage,Mobile,0,0.2131958415901436,BNPL,0.9965586252003,166.0,0,0.029133248721986405,23100262.592900846,60,1,0.0,0,,0.01801897741283901,0.13599995714100205,REVIEW,25000000.0,CREDIT_OR_AFFORDABILITY,711.935930427494,511.9380802860411,229.06471382142828,38.97020312050895,48.49121781511858,1540.4001454705908
APP-42-011385,2025-04-19 09:00:00,27,12615675.0,30,619,0.6435,35423664.0,24,0,Salaried,Rented,Mobile,0,0.2216740594594731,CASH_LOAN,0.8972892227956213,214.0,1,0.0640438922540557,9091852.879733564,46,1,0.0,0,,0.055909745927901176,0.1486910602814225,REVIEW,14391962.040000001,CREDIT_OR_AFFORDABILITY,916.5034511690801,349.44742362691153,219.43869468246777,26.966300814138833,31.0246068961943,1543.3804771887924
APP-42-011386,2025-04-19 10:00:00,46,28753022.0,85,617,0.32,86026564.0,18,0,Salaried,Mortgage,Partner,0,0.09947017747239342,CASH_LOAN,0.8743530026704641,202.0,1,0.04713327345034064,10802103.167355118,37,1,0.0,2,0.8550916675958328,0.058366018942663696,0.0619019407775182,APPROVE,62566575.871999994,POLICY_PASS,646.9614976684807,282.25375132565614,212.04041809259988,37.701848771351756,46.979651364943976,1225.9371672230322
APP-42-011387,2025-04-19 11:00:00,28,38517804.0,48,592,0.1627,111773511.0,24,2,Contract,Family,Branch,1,0.08043756007644451,BNPL,0.979001974881472,323.0,1,0.12095425005209182,17512902.252916932,30,1,0.0,0,,0.047473532701484016,0.05464509147962299,APPROVE,25000000.0,POLICY_PASS,632.5058087121758,220.2703773455858,261.8249102709045,35.69967004216208,58.341031079159094,1208.6417974499875
APP-42-011388,2025-04-19 12:00:00,44,35136810.0,45,692,0.1557,66648613.0,24,0,Salaried,Rented,Mobile,0,0.036168007469296666,CASH_LOAN,0.9582093629948062,164.0,1,0.06199860396623028,3831071.466969106,49,1,0.0,1,0.9140405607859228,0.043584806252435764,0.021280472249646278,APPROVE,66648613.0,POLICY_PASS,671.2282624236259,362.0419847513648,243.93111925852043,24.72572352289599,52.310068680827015,1354.2371586372344
APP-42-011389,2025-04-19 13:00:00,31,19877611.0,45,509,0.0993,82962076.0,36,3,Salaried,Rented,Mobile,0,0.2401793889962667,BUSINESS_LOAN,0.891430922640818,49.0,0,0.09919002022060466,14447881.926053753,43,1,104284850.81981479,2,0.88914722399283,0.03401194065773784,0.16110247302040018,REVIEW,57356667.95089814,CREDIT_OR_AFFORDABILITY,959.906636280457,452.7428980899169,351.51684313212223,15.363211738346216,35.94803233079122,1815.4776215716336
APP-42-011390,2025-04-19 14:00:00,36,35817461.0,42,660,0.2472,20052055.0,12,4,Self-employed,Rented,Mobile,0,0.08874225498129064,CASH_LOAN,0.9640008643152045,492.0,0,0.0992203857620044,11841880.857701145,37,0,0.0,0,,0.025304509770953942,0.07218002763664769,APPROVE,20052055.0,POLICY_PASS,357.5493265334888,246.86217866172765,311.5179546354796,23.404117155133196,46.340215776766,985.6737927625952
APP-42-011391,2025-04-19 15:00:00,23,13506092.0,23,733,0.2595,52410569.0,36,1,Salaried,Owned,Branch,1,0.038360144475282694,CASH_LOAN,0.897106214446162,143.0,0,0.06464247597093621,3596604.746016984,47,1,0.0,0,,0.03006350353794395,0.023842851606762246,APPROVE,32004035.603199996,POLICY_PASS,682.6552104724731,455.03791232976823,251.365929865464,37.05496426121063,65.31089482102746,1491.4249117499435
APP-42-011392,2025-04-19 16:00:00,30,70640702.0,32,728,0.6665,45633916.0,36,1,Salaried,Rented,Partner,1,0.05796850722481234,BUSINESS_LOAN,0.939247384834691,317.0,1,0.1154871773457022,34385440.693459064,56,1,425395867.41105443,0,,0.05476524774039125,0.03702181450967285,APPROVE,45633916.0,POLICY_PASS,793.2753660319518,329.3702044672643,202.9328402929824,8.611581537304378,51.101945905014496,1385.2919382345174
APP-42-011393,2025-04-19 17:00:00,27,20549549.0,76,714,0.4149,29135276.0,36,1,Salaried,Family,Mobile,0,0.048664296606652675,BUSINESS_LOAN,0.8614981117437455,80.0,0,0.1495882036716563,2323628.121379707,43,1,54579464.055191964,0,,0.04438186476728667,0.032554917896274245,APPROVE,29135276.0,POLICY_PASS,715.2073415398604,319.9357235097811,183.3761010111036,29.73952156337046,55.72906601100603,1303.9877536351219
APP-42-011394,2025-04-19 18:00:00,37,33821901.0,28,592,0.1383,101892910.0,18,1,Salaried,Rented,Partner,0,0.10620245981981487,CASH_LOAN,0.9075330960615945,163.0,1,0.023230882457009727,15229409.868159354,41,1,0.0,0,,0.047791038916394586,0.0666261389472467,APPROVE,70000000.0,POLICY_PASS,480.2962544579974,277.2765854487784,279.80852630814303,21.23855830956035,50.395439960099885,1109.015364484579
APP-42-011395,2025-04-19 19:00:00,36,14750351.0,74,745,0.3266,25040622.0,18,0,Self-employed,Owned,Partner,0,0.04563948766015929,CASH_LOAN,0.905420317459612,383.0,0,0.0036413707612264635,7604233.584257858,40,0,0.0,1,0.8317147211941351,0.024319866780164873,0.03334120435858399,APPROVE,25040622.0,POLICY_PASS,343.16869247171707,392.38038725719724,294.4720549939455,43.07464510997826,55.557087497871706,1128.6528673307098
APP-42-011396,2025-04-19 20:00:00,39,23689923.0,57,666,0.4899,99534880.0,12,0,Salaried,Mortgage,Mobile,0,0.11106943332465093,CASH_LOAN,0.9053145681339109,238.0,0,0.04717555867851759,7749918.867153616,51,0,0.0,1,0.9573265745245026,0.027631067735734535,0.08064022757056798,APPROVE,38669535.111360006,POLICY_PASS,760.2133010535142,318.9707115486204,244.40495589294426,55.32149825045776,59.96025386245677,1438.8707206079935
APP-42-011397,2025-04-19 21:00:00,31,24270865.0,92,742,0.1114,49361784.0,36,2,Self-employed,Rented,Mobile,0,0.05189960653871417,CASH_LOAN,0.9215416125795305,197.0,1,0.004585928051198325,10863116.446372824,38,0,0.0,2,0.9398395415952996,0.04283103448741947,0.03698125891080732,APPROVE,49361784.0,POLICY_PASS,656.6683948231316,295.9894569885263,261.9844247792387,28.80847915944522,36.24128672377436,1279.692042474116
APP-42-011398,2025-04-19 22:00:00,27,10799645.0,53,718,0.2951,114532127.0,24,5,Self-employed,Owned,Mobile,0,0.18864116433685055,BNPL,0.9204652972225535,204.0,0,0.0042399662364624524,4250134.958425129,42,0,0.0,2,0.9348376940852889,0.02290487258424357,0.1394176578423758,REVIEW,24360543.233600006,CREDIT_OR_AFFORDABILITY,805.5665460331678,391.6598932141868,169.30127000382103,32.26145287917881,44.71102652765693,1443.5001886580112
APP-42-011399,2025-04-19 23:00:00,37,10625193.0,33,663,0.3067,70100384.0,24,2,Salaried,Mortgage,Partner,0,0.14756503359138903,BNPL,0.8261398555693648,126.0,1,0.025900398434380557,7175933.384742432,41,1,0.0,1,0.8172913994536057,0.06647845091834366,0.0926591848928013,APPROVE,23572628.18208,POLICY_PASS,484.6287972539691,281.6592556497616,284.7059777564997,30.715038939117882,30.871102071319438,1112.5801716706676
APP-42-011400,2025-04-20 00:00:00,26,16085132.0,32,622,0.3313,59980551.0,6,3,Self-employed,Owned,Mobile,0,0.18928775613331142,CASH_LOAN,0.7617872322613375,402.0,0,0.07313904201263291,3709123.8695729817,44,1,0.0,0,,0.05314664500056953,0.1264420337033401,REVIEW,34419608.858880006,CREDIT_OR_AFFORDABILITY,768.3475909091222,330.23997530294764,264.67223621584424,30.532316350570508,56.24540634000773,1450.0375251184923
APP-42-011401,2025-04-20 01:00:00,45,33059357.0,18,810,0.0974,53200348.0,36,4,Self-employed,Rented,Mobile,0,0.06662855626061448,CASH_LOAN,0.9384019449182666,70.0,0,0.09247412796470139,2806873.4088060865,32,1,0.0,3,0.9092872034736582,0.027548669588338088,0.04200312297628503,APPROVE,53200348.0,POLICY_PASS,521.9071473665801,373.9178621698759,82.16035705160442,38.73643706947507,39.62921651268593,1056.3510201702215
APP-42-011402,2025-04-20 02:00:00,34,6573764.0,35,512,0.3566,40405058.0,18,1,Salaried,Owned,Branch,0,0.14474696686778052,CASH_LOAN,0.976772054902798,83.0,0,0.11575575834751807,1633318.7139110737,40,1,0.0,0,,0.025205232169962098,0.09844763104185437,APPROVE,13534591.224320002,POLICY_PASS,670.5930117655915,441.2760693960738,279.19484438654,27.21847810875824,19.497280521055067,1437.7796841780184
APP-42-011403,2025-04-20 03:00:00,32,14743535.0,47,628,0.2752,63292232.0,36,1,Salaried,Rented,Mobile,0,0.10875708272420206,CASH_LOAN,0.8433452943798798,126.0,0,0.11772190172305871,2764812.617353874,49,1,0.0,0,,0.04356809278507669,0.07187694264127548,APPROVE,34195565.3376,POLICY_PASS,552.5107248733232,403.4585714708883,388.20052352484475,43.526880351758315,51.51900738957148,1439.215707610386
APP-42-011404,2025-04-20 04:00:00,39,36995700.0,98,539,0.602,14305510.0,24,2,Contract,Rented,Branch,0,0.17693933671354015,CASH_LOAN,0.8375482825342215,196.0,1,0.04403902790829515,26423252.35499907,62,1,0.0,0,,0.06688300422924341,0.11172968347300866,APPROVE,14305510.0,POLICY_PASS,769.7789242082732,329.54591060926015,228.40972140519543,32.76281781884439,43.69494232272544,1404.1923163642987
APP-42-011405,2025-04-20 05:00:00,34,9140367.0,76,648,0.1778,44848609.0,12,0,Salaried,Rented,Mobile,0,0.0946806842844137,CASH_LOAN,0.914207121805986,210.0,1,0.04253410631753288,2686115.7283910774,45,1,0.0,0,,0.049169252590627696,0.05947528242950186,APPROVE,24048671.191680003,POLICY_PASS,485.14887871036467,317.20400949534553,284.547674649597,16.010225282115343,47.53724263135458,1150.448030768777
APP-42-011406,2025-04-20 06:00:00,20,35874155.0,44,666,0.4045,82520089.0,24,0,Salaried,Rented,Partner,1,0.07440131817760118,CASH_LOAN,0.9903615038502702,487.0,0,0.006548217004539514,25418745.323914386,55,1,0.0,1,0.9482532216647782,0.01729530364820148,0.041865266129952505,APPROVE,68361789.76799999,POLICY_PASS,556.4118476482231,238.36000565968845,258.379847976718,44.08800166482986,48.57803375697429,1145.8177367064336
APP-42-011407,2025-04-20 07:00:00,25,9680230.0,29,594,0.6083,51445230.0,9,2,Salaried,Owned,Mobile,0,0.2640010256557513,CASH_LOAN,0.8593436329724904,146.0,0,0.10407363366884115,6235987.983719903,45,1,0.0,0,,0.0392779306408522,0.18509225836873988,REVIEW,12133587.491200002,CREDIT_OR_AFFORDABILITY,653.147745453252,249.6841490111162,146.69721217031844,29.20807491124406,56.27180819674161,1135.0089897426724
APP-42-011408,2025-04-20 08:00:00,45,10872905.0,68,599,0.1126,97627278.0,24,5,Contract,Family,Mobile,0,0.2146596599697287,BNPL,0.9016592197161419,233.0,0,0.12781307137675485,4902509.211115095,41,0,0.0,1,0.739336197375707,0.03545030465253933,0.18168031573256677,REVIEW,25000000.0,ENHANCED_DUE_DILIGENCE,877.6455894642427,403.174552255563,322.5679165367567,42.342825215236104,58.878963411679976,1704.6098468834784
APP-42-011409,2025-04-20 09:00:00,36,16599952.0,36,545,0.1381,32605323.0,18,3,Salaried,Rented,Partner,0,0.26422581751775087,CASH_LOAN,0.9247537821915767,107.0,0,0.05506438838503285,1973682.0920893934,37,1,0.0,0,,0.026115270733656777,0.18215410659278478,REVIEW,32605323.0,CREDIT_OR_AFFORDABILITY,867.5526543378786,382.4702895644841,305.736635991368,24.638375469447855,42.31435633002725,1622.7123116932062
APP-42-011410,2025-04-20 10:00:00,20,50439482.0,29,673,0.5703,28478961.0,24,0,Salaried,Family,Partner,0,0.06344831024410011,CASH_LOAN,0.9518434994371773,147.0,1,0.026257884515722984,23191846.958038397,40,1,0.0,1,0.8064534011274662,0.04035031735977732,0.038634026464701314,APPROVE,28478961.0,POLICY_PASS,638.252785017725,352.1273115541849,225.85658832171703,18.88891114303567,61.40995477281048,1296.535550809473
APP-42-011411,2025-04-20 11:00:00,38,12658992.0,68,606,0.1094,59466904.0,18,0,Salaried,Owned,Mobile,0,0.07946612582655867,BNPL,0.7355178997185601,345.0,2,0.019843199382210974,1507866.098483255,45,0,0.0,1,0.9490334525212579,0.16387891890286485,0.056815614918626946,APPROVE,25000000.0,POLICY_PASS,725.9678526345058,241.02740468055185,243.49169999599349,24.156889581422192,58.55830306402961,1293.2021499565028
APP-42-011412,2025-04-20 12:00:00,30,6939587.0,32,670,0.1114,37044775.0,12,1,Salaried,Family,Mobile,0,0.05120420348605776,BNPL,0.9574607290461443,126.0,1,0.1886173374629892,4303859.796960577,50,1,0.0,0,,0.0626505880801546,0.03479358441252589,APPROVE,19732854.42624,POLICY_PASS,718.5518591188854,277.40336474976357,298.0279961934584,34.61557998104952,54.879471039599075,1383.478271082756
APP-42-011413,2025-04-20 13:00:00,27,8325365.0,83,602,0.2298,79302005.0,12,2,Salaried,Mortgage,Partner,0,0.1950116454761218,CASH_LOAN,0.9280115454047728,151.0,1,0.10308109169663006,3517342.5725602573,51,1,0.0,2,0.6988918829366403,0.05528377029650132,0.133296001418992,REVIEW,20519027.5936,CREDIT_OR_AFFORDABILITY,632.3135617618999,268.0835422365918,333.10005468113064,27.563606248748098,33.35495771278799,1294.4157226411585
APP-42-011414,2025-04-20 14:00:00,25,30052422.0,19,658,0.2298,40169690.0,6,2,Salaried,Rented,Partner,0,0.09956584727343117,BUSINESS_LOAN,0.9590991269755471,437.0,2,0.15870168696583592,20443697.65954469,52,1,127787942.45745955,2,0.6164134798953828,0.10413409744098912,0.06965794142149785,APPROVE,40169690.0,POLICY_PASS,831.7512546540067,330.4783582979139,225.6063723735832,31.222768660081208,40.546037529099735,1459.6047915146846
APP-42-011415,2025-04-20 15:00:00,44,8544302.0,32,693,0.3018,62712974.0,18,1,Self-employed,Mortgage,Branch,0,0.08177198309813076,CASH_LOAN,0.92415003302587,6.0,1,0.11558712734211236,3072676.379042626,38,0,0.0,0,,0.12082202498620735,0.06705577276916592,APPROVE,19090021.30048,POLICY_PASS,501.7893826903216,404.1599894769789,255.17571318872925,27.72168124119439,49.37439581594083,1238.221162413165
APP-42-011416,2025-04-20 16:00:00,20,34596491.0,31,674,0.1999,11495160.0,6,2,Salaried,Rented,Branch,0,0.045891326058129636,CASH_LOAN,0.9464796640981132,281.0,0,0.025301890363834813,23296033.422365364,37,0,0.0,1,0.8982532078858322,0.02189606669108047,0.033601648305148994,APPROVE,11495160.0,POLICY_PASS,912.4767243338574,193.92691070807024,325.2584463122383,21.326500159288905,43.253082988486334,1496.241664501941
APP-42-011417,2025-04-20 17:00:00,27,18704361.0,79,655,0.1978,44655564.0,24,0,Salaried,Family,Branch,0,0.04693362678501175,BNPL,0.8403353004092105,264.0,1,0.09527820649222633,10249554.309722621,47,1,0.0,1,0.6983250667664479,0.07630992133471756,0.030383851438953998,APPROVE,25000000.0,POLICY_PASS,731.1205973427902,291.99687429309864,187.90980504953296,56.41274830313684,50.156216501579244,1317.5962414901378
APP-42-011418,2025-04-20 18:00:00,36,17683333.0,52,633,0.31,44942685.0,6,2,Salaried,Owned,Branch,0,0.12342745126404096,CASH_LOAN,0.958548858381604,172.0,0,0.011620892870095928,10967573.552734751,48,1,0.0,1,0.910104728547773,0.020015250014280374,0.07305499824004574,APPROVE,39044799.264,POLICY_PASS,766.0143663837708,317.9252537692874,281.2450911355444,33.36754338874387,46.314395719338876,1444.8666503966851
APP-42-011419,2025-04-20 19:00:00,49,21197624.0,78,674,0.2108,17675711.0,9,1,Self-employed,Rented,Partner,0,0.06270913053764109,BNPL,0.9292267557054862,102.0,0,0.13614557664550764,9850052.727305418,57,1,0.0,1,0.7839153061520321,0.03247358792829861,0.04025041797471935,APPROVE,17675711.0,POLICY_PASS,718.770027944793,408.65711209003695,132.0942369356438,15.56677629666698,30.305488287430343,1305.393641554571
APP-42-011420,2025-04-20 20:00:00,40,11586789.0,27,597,0.6196,63815704.0,18,1,Self-employed,Family,Mobile,0,0.19057606719641806,CASH_LOAN,0.8869948670782288,184.0,0,0.09866598561174712,2495947.953585297,42,1,0.0,2,0.8654358161645298,0.034576904570261066,0.1260986854641824,REVIEW,14104366.513919998,CREDIT_OR_AFFORDABILITY,464.21193956049854,298.36072583551623,254.15797798852077,30.032666692869427,35.72527438572277,1082.4885844631278
APP-42-011421,2025-04-20 21:00:00,27,19418016.0,76,626,0.2042,50542992.0,18,1,Contract,Owned,Partner,0,0.09342326479039247,CASH_LOAN,0.9675283338245809,633.0,2,0.055667141672895624,9689029.505044626,32,1,0.0,0,,0.07609564088272311,0.060666158747628145,APPROVE,49449142.82496001,POLICY_PASS,569.6158546341209,274.3582144915665,264.2652996260961,28.736550877459162,54.71482271010492,1191.6907423393477
APP-42-011422,2025-04-20 22:00:00,49,9338836.0,72,665,0.5756,31890571.0,24,3,Salaried,Rented,Mobile,0,0.24124328502011222,BUSINESS_LOAN,0.8974256205479522,495.0,0,0.09294958006762188,2610701.5235626693,39,1,27801979.234042022,0,,0.03259876710307189,0.16809861546053434,REVIEW,15291088.578723114,CREDIT_OR_AFFORDABILITY,770.2401015486895,190.56321950373152,285.92090757837383,39.07150497523686,47.96566784799407,1333.7614014540259
APP-42-011423,2025-04-20 23:00:00,23,37798211.0,32,751,0.2142,126841898.0,9,0,Self-employed,Rented,Partner,0,0.07213651189637099,BNPL,0.8870382590404636,341.0,0,0.0887684024222623,3856736.241859325,39,1,0.0,2,0.8384360515221296,0.03359338561225348,0.04576987194664912,APPROVE,25000000.0,POLICY_PASS,560.6320986920907,517.7202500417966,300.64205841010795,29.139391988690733,31.625148753761792,1439.7589478864477
APP-42-011424,2025-04-21 00:00:00,37,10230356.0,33,596,0.1921,28797954.0,12,1,Salaried,Owned,Branch,0,0.08227357373190167,BUSINESS_LOAN,0.8835045454394422,109.0,1,0.0288569910957513,4910959.266197675,51,1,68984786.87841645,0,,0.0534464100491337,0.050344656645773825,APPROVE,28797954.0,POLICY_PASS,519.1473586726722,253.83733929905728,323.7377770385403,25.94575156765759,66.15136306685777,1188.8195896447853
APP-42-011425,2025-04-21 01:00:00,39,22914184.0,34,576,0.3908,99192679.0,24,2,Self-employed,Family,Mobile,0,0.1911776534862573,CASH_LOAN,0.9869102280838763,106.0,0,0.0650168709231608,3641977.189905963,37,0,0.0,0,,0.02083690874502703,0.15543244533669556,REVIEW,44669826.85696,CREDIT_OR_AFFORDABILITY,573.1596248903505,440.59410005396603,250.16393573947482,34.123488092485765,17.488669454712543,1315.5298182309898
APP-42-011426,2025-04-21 02:00:00,27,10188494.0,123,661,0.4144,51235793.0,9,1,Salaried,Rented,Partner,1,0.13608050290812274,BNPL,0.9186158621436227,52.0,1,0.031604787505397094,3582856.202279318,47,1,0.0,3,0.8391017958796424,0.04682540216737127,0.08391845007491953,APPROVE,19092422.676480003,POLICY_PASS,719.7290262584623,230.3838675848267,194.22292236077408,40.85097317230165,39.87562693336109,1225.0624163097257
APP-42-011427,2025-04-21 03:00:00,41,13424874.0,50,727,0.1008,101176691.0,36,0,Salaried,Rented,Mobile,0,0.06036986841294021,CASH_LOAN,0.8275623712007221,335.0,1,0.17217708018896938,2370747.910495722,46,1,0.0,1,0.8123601115515448,0.09892462465834519,0.040249667746211346,APPROVE,38629269.44256,POLICY_PASS,577.3501437699263,367.99854495423716,256.4834844380641,16.70861703982828,55.08593897581179,1273.6267291778677
APP-42-011428,2025-04-21 04:00:00,30,14654744.0,25,698,0.556,79228900.0,36,3,Self-employed,Owned,Mobile,0,0.271479160409154,BNPL,0.9147689478893314,336.0,0,0.08139437565021339,6408882.144039463,51,0,0.0,0,,0.02937356779231286,0.22216655525790113,REVIEW,20821460.2752,ENHANCED_DUE_DILIGENCE,593.9648775571433,372.2454875908761,304.7727225174733,33.78765823054688,40.10811756322114,1344.8788634592609
APP-42-011429,2025-04-21 05:00:00,41,92769057.0,33,642,0.1384,15460107.0,9,2,Salaried,Mortgage,Mobile,0,0.04502599046242278,CASH_LOAN,0.862297019313169,166.0,2,0.04431760489155525,35138684.15086256,53,1,0.0,1,0.9249851062485316,0.11020050550032491,0.025964903786180455,APPROVE,15460107.0,POLICY_PASS,446.15535043854914,284.45725834868625,233.51593057700444,25.1990485019579,63.18400362594262,1052.5115914921403
APP-42-011430,2025-04-21 06:00:00,20,17857550.0,160,728,0.1422,28199388.0,12,0,Self-employed,Family,Partner,0,0.04154621495611974,BNPL,0.9691366951450665,226.0,0,0.013509921029609006,12438491.457341168,56,0,0.0,0,,0.019268173592527922,0.030313417164183665,APPROVE,25000000.0,POLICY_PASS,318.9199982903499,411.2545698201534,290.41866830006796,30.899891218630152,50.211478454386786,1101.704606083588
APP-42-011431,2025-04-21 07:00:00,38,11456192.0,56,510,0.4476,32028294.0,18,1,Self-employed,Owned,Partner,1,0.26777157357476555,CASH_LOAN,0.9374752911191226,158.0,1,0.10266123654394159,1167536.8468623392,32,1,0.0,0,,0.05318071008284262,0.19186109392090628,REVIEW,20250881.474560004,CREDIT_OR_AFFORDABILITY,332.8839845851431,249.86747225917117,313.7623250823349,30.726758774523415,47.05433697334075,974.2948776745134
APP-42-011432,2025-04-21 08:00:00,31,14095649.0,46,713,0.4578,250874142.0,18,0,Salaried,Rented,Mobile,0,0.21747905239454868,BNPL,0.938714633169643,194.0,1,0.046349413975308125,1635189.926101439,37,1,0.0,1,0.7947663451866563,0.04506431859975588,0.14453963522944718,REVIEW,24456514.840960003,CREDIT_OR_AFFORDABILITY,772.5110557024065,262.20871424061096,252.2467731885451,20.42118202029387,35.40658503764695,1342.7943101895032
APP-42-011433,2025-04-21 09:00:00,45,7867984.0,19,617,0.5808,107077623.0,18,3,Contract,Family,Partner,1,0.4255329939586642,CASH_LOAN,0.8873367129419223,313.0,0,0.0654863799743397,5329712.852708268,57,1,0.0,0,,0.03136014507624135,0.3078936083070951,REVIEW,10554428.45696,ENHANCED_DUE_DILIGENCE,577.2206220555402,250.87177382293345,204.72646071178713,43.948900424902405,46.743091195877916,1123.5108482110409
APP-42-011434,2025-04-21 10:00:00,35,16458458.0,30,685,0.6433,143567374.0,36,2,Salaried,Rented,Mobile,0,0.2931625355030699,BUSINESS_LOAN,0.9699150670659151,47.0,1,0.005688416490514682,3613548.170550324,39,1,64692433.70059449,2,0.778490476848302,0.03534621221308356,0.19665167362924538,REVIEW,35580838.53532697,CREDIT_OR_AFFORDABILITY,504.9688881366511,311.98149959743745,201.15619642937833,26.036163046025237,58.78800647687018,1102.930753686362
APP-42-011435,2025-04-21 11:00:00,46,49822636.0,94,713,0.5852,26410650.0,12,1,Salaried,Rented,Branch,0,0.06847752694853186,CASH_LOAN,0.910578042590396,628.0,1,0.11052632764214072,5671382.375666114,49,1,0.0,1,0.7898412343980558,0.06049179614949908,0.043840264005828765,APPROVE,26410650.0,POLICY_PASS,471.1146800450511,291.68137426589,186.40619281940116,16.21129527204457,52.561711431285275,1017.9752538336722
APP-42-011436,2025-04-21 12:00:00,40,21654072.0,58,654,0.4773,62741551.0,12,1,Salaried,Owned,Mobile,0,0.09599458573305485,CASH_LOAN,0.8698374607960525,438.0,0,0.021716724822556006,9192929.732886584,54,1,0.0,0,,0.02965079249944496,0.058455489886418896,APPROVE,36219466.99008,POLICY_PASS,522.950996640443,370.42946491654135,186.18587651257127,41.83109061244272,54.17021739317734,1175.5676460751756
APP-42-011437,2025-04-21 13:00:00,34,29584255.0,31,645,0.5425,34174309.0,12,1,Self-employed,Mortgage,Partner,0,0.13742613604015985,BNPL,0.8970985564929294,428.0,0,0.05360248546321661,18184556.925124466,45,0,0.0,2,0.9461745305404361,0.029113531280406908,0.10243246157274336,REVIEW,25000000.0,CREDIT_OR_AFFORDABILITY,785.9722044190903,399.6366596842671,311.39181012494015,27.936409443732813,44.99540975242431,1569.9324934244548
APP-42-011438,2025-04-21 14:00:00,42,10912433.0,154,612,0.1635,154017991.0,24,1,Salaried,Mortgage,Partner,0,0.18309292855480647,BUSINESS_LOAN,0.919033238235835,110.0,0,0.019956863444339588,2834930.95252408,43,1,34916108.57856487,1,0.9324978801346557,0.024125396630846806,0.11241436940078345,APPROVE,19203859.71821068,POLICY_PASS,450.66428827233926,239.03650498651547,339.33633914695065,17.01514696743827,41.193604499228194,1087.245883872472
APP-42-011439,2025-04-21 15:00:00,42,16095401.0,57,762,0.235,76085012.0,24,0,Self-employed,Owned,Mobile,0,0.06122749884864679,BUSINESS_LOAN,0.9513737279109195,318.0,0,0.04497865306526691,8100363.832537031,42,1,86707151.14837451,0,,0.022735412559533378,0.038226765354361786,APPROVE,47688933.13160598,POLICY_PASS,829.7034705643438,343.64209184406326,399.4903588360339,24.65536867612637,17.013343733163723,1614.504633653731
APP-42-011440,2025-04-21 16:00:00,39,20136180.0,174,665,0.2108,47394356.0,12,3,Salaried,Mortgage,Mobile,0,0.07880243251940272,CASH_LOAN,0.8817243597352962,243.0,0,0.013716935150784084,10421261.758939508,47,1,0.0,0,,0.0275962419364307,0.04799639306124322,APPROVE,47394356.0,POLICY_PASS,618.1643598842778,165.29682516911035,268.5388011412458,30.205582667485636,48.77194614758315,1130.9775150097028
APP-42-011441,2025-04-21 17:00:00,20,12078814.0,27,656,0.1325,35840337.0,24,0,Contract,Owned,Mobile,0,0.08894844936729464,CASH_LOAN,0.7712156865278254,210.0,0,0.11469180952622542,5165387.335714851,50,1,0.0,0,,0.057593312269146865,0.05811148245606087,APPROVE,33530787.664,POLICY_PASS,729.6695487886732,497.7140791032773,352.63961474557806,41.010558627509724,29.449426014778442,1650.4832272798167
APP-42-011442,2025-04-21 18:00:00,26,22429464.0,22,749,0.385,85151003.0,24,0,Salaried,Owned,Branch,0,0.054673541234159295,CASH_LOAN,0.9285460126537312,405.0,0,0.07474196688152256,5415485.979283464,55,0,0.0,2,0.7918049304816934,0.02723426531483816,0.04142213303089752,APPROVE,44141185.152,POLICY_PASS,527.6906195578629,325.2667603017204,195.3790361089845,40.22770997777356,28.67775926375742,1117.2418852100989
APP-42-011443,2025-04-21 19:00:00,47,25250789.0,49,604,0.24,69507622.0,12,0,Self-employed,Rented,Partner,0,0.15265388604055696,CASH_LOAN,0.8578682649373183,506.0,0,0.06734692760124072,18458067.51409125,53,0,0.0,1,0.7356343595548349,0.035536696078837735,0.1202445714720699,REVIEW,61409918.848000005,CREDIT_OR_AFFORDABILITY,699.913938722631,272.0366441652168,251.4774911046626,27.124675351436,47.50099743519157,1298.0537467791378
APP-42-011444,2025-04-21 20:00:00,24,24262651.0,19,622,0.1647,44580895.0,6,0,Self-employed,Family,Partner,0,0.0934174944637805,CASH_LOAN,0.9571639538096327,849.0,0,0.023241431990495113,15383467.456365144,51,1,0.0,2,0.7431916631707404,0.020828913093131795,0.057317160430549366,APPROVE,44580895.0,POLICY_PASS,550.9523432136446,351.09312170680266,353.18217821836345,35.206642294387436,41.26991141989904,1331.704196853097
APP-42-011445,2025-04-21 21:00:00,43,16564734.0,41,707,0.1847,33728404.0,24,1,Salaried,Family,Branch,0,0.04390717323765553,CASH_LOAN,0.854294070388529,337.0,0,0.04296015393180344,10870073.410775878,55,1,0.0,0,,0.03359665974667622,0.026505054403660765,APPROVE,33728404.0,POLICY_PASS,703.8997204904852,219.69524994045702,158.39013020959717,25.171967704100645,50.25611983079282,1157.4131881754327
APP-42-011446,2025-04-21 22:00:00,41,32798178.0,70,768,0.1252,84742573.0,24,4,Salaried,Family,Mobile,0,0.05983003270470712,CASH_LOAN,0.9595805339759576,100.0,1,0.01569210697828875,15733746.623352503,45,1,0.0,1,0.9518959725423743,0.037936676125888906,0.034278649700838125,APPROVE,70000000.0,POLICY_PASS,589.4945735290567,415.0852884235646,258.83702282181105,29.657044586225425,35.75708646792551,1328.831015828583
APP-42-011447,2025-04-21 23:00:00,28,15622031.0,66,643,0.2937,53662107.0,24,0,Salaried,Family,Partner,0,0.07088129520611347,CASH_LOAN,0.7507731225956681,254.0,0,0.24553806138970377,1333184.8554633418,40,1,0.0,1,0.9452584892009999,0.08975476529431861,0.04867667951198784,APPROVE,35308289.58496,POLICY_PASS,489.56623160391996,364.80882548171314,250.58339187077624,29.948243972821537,45.93669832725281,1180.8433912564835
APP-42-011448,2025-04-22 00:00:00,20,14857731.0,56,668,0.2499,35959428.0,18,2,Contract,Owned,Partner,1,0.1126875623059473,BNPL,0.9892630452149599,125.0,0,0.04639306354546815,2975516.164414434,42,0,0.0,1,0.94703338701499,0.019536793242522926,0.08340990291265177,APPROVE,25000000.0,POLICY_PASS,876.3707266834729,201.39649542985802,196.43549928904085,14.572831637672579,21.270400238749296,1310.0459532787936
APP-42-011449,2025-04-22 01:00:00,30,39774190.0,31,526,0.109,63583736.0,18,2,Self-employed,Family,Mobile,0,0.08906482617199435,BUSINESS_LOAN,0.8835478971897059,120.0,0,0.04389209171348983,26240949.454648893,39,0,208290603.81359428,2,0.9593261042177544,0.029909161031356025,0.06549849884351268,APPROVE,63583736.0,POLICY_PASS,698.9192545004714,377.82465455317026,234.27155785204843,18.686598639020616,57.0527527348988,1386.7548182796095
APP-42-011450,2025-04-22 02:00:00,54,9791751.0,84,732,0.163,89197721.0,18,2,Salaried,Rented,Mobile,0,0.09288173315153657,BUSINESS_LOAN,0.7308397170948844,306.0,0,0.1148442805601782,4724177.58629915,36,0,62641297.14731678,1,0.9929093281813547,0.06754707092752664,0.07157887593385989,APPROVE,34452713.43102423,POLICY_PASS,687.9347344419191,433.62066480956327,319.20577004118223,39.07651795793656,44.940227323286905,1524.7779145738882
APP-42-011451,2025-04-22 03:00:00,27,7055016.0,46,562,0.3902,55393034.0,24,1,Self-employed,Rented,Mobile,1,0.19703756529832844,CASH_LOAN,0.875458423984895,392.0,0,0.06529154834914706,1084385.8382757893,50,1,0.0,0,,0.03289295342757996,0.13000157075772037,REVIEW,13766876.02176,CREDIT_OR_AFFORDABILITY,779.953216221877,469.4657552816445,205.06432518660796,35.83668807782347,41.97969379206816,1532.2996785600212
APP-42-011452,2025-04-22 04:00:00,28,11168226.0,11,601,0.4356,84209654.0,12,0,Salaried,Rented,Mobile,0,0.24435049494488073,BNPL,0.9033431429008341,462.0,0,0.01944832580881998,1975766.9118222806,39,1,0.0,1,0.923939544634097,0.025688285355878387,0.15583244756234788,REVIEW,20170709.61408,CREDIT_OR_AFFORDABILITY,576.8801816679841,312.43759592009127,253.79524461632485,33.51171103552915,12.0,1188.6247332399294
APP-42-011453,2025-04-22 05:00:00,26,22272546.0,28,654,0.303,31104728.0,9,1,Salaried,Family,Mobile,0,0.06337998377699777,CASH_LOAN,0.8325780392242466,211.0,0,0.09428637119662081,13467231.173837187,35,1,0.0,1,0.9610128585172603,0.04253472507263822,0.03913868773574007,APPROVE,31104728.0,POLICY_PASS,639.1166691041027,289.86580799007845,222.3192366665558,22.55943323152853,75.56377517299026,1249.4249221652558
APP-42-011454,2025-04-22 06:00:00,46,36464778.0,29,593,0.4172,144179602.0,12,0,Salaried,Owned,Mobile,0,0.11099391561153547,CASH_LOAN,0.8738764897631702,117.0,0,0.09479911522640995,27141695.167229876,47,1,0.0,1,0.958104691141067,0.03605864171756496,0.06843632686697597,APPROVE,68005352.37888001,POLICY_PASS,258.18191729062033,80.0,329.06303048633265,33.418628018584315,39.12950113911482,739.7930769346522
APP-42-011455,2025-04-22 07:00:00,33,12516986.0,91,500,0.1427,31900715.0,9,3,Self-employed,Mortgage,Partner,0,0.29420864361762383,BNPL,0.8140509690605273,650.0,0,0.10569628981722963,1449842.3875432378,40,0,0.0,2,0.9382012472331389,0.04733897478609205,0.23917304121585142,REVIEW,25000000.0,ENHANCED_DUE_DILIGENCE,807.5620850996117,328.8696013052563,152.4697328630864,35.73997904156441,60.49181308479733,1385.133211394316
APP-42-011456,2025-04-22 08:00:00,29,48839157.0,28,551,0.2242,79265013.0,6,3,Salaried,Rented,Partner,1,0.22139266586018688,CASH_LOAN,0.8426691599164399,51.0,1,0.06011679422598087,12881680.84571933,42,1,0.0,0,,0.06857037231007411,0.14912487130731766,REVIEW,70000000.0,CREDIT_OR_AFFORDABILITY,785.7492220195018,400.2447143785678,136.76269743918556,29.594603175214345,60.67184787061811,1413.0230848830877
APP-42-011457,2025-04-22 09:00:00,48,18271278.0,64,647,0.2092,50808695.0,9,0,Contract,Owned,Mobile,0,0.07458989323401362,BUSINESS_LOAN,0.9585911200692521,163.0,0,0.04512140963111996,6751048.09760738,48,0,69894163.46671268,0,,0.022080802612799093,0.05703355488227538,APPROVE,38441789.906691976,POLICY_PASS,509.79991666730496,351.6855641615298,176.66320266439638,33.31292504225385,53.43434693388576,1124.8959554693708
APP-42-011458,2025-04-22 10:00:00,40,16891837.0,15,748,0.2373,29955246.0,12,1,Contract,Owned,Partner,0,0.0539325186171289,CASH_LOAN,0.8533457988554657,306.0,0,0.07350015750780851,11405458.78764178,48,0,0.0,3,0.9520949723135895,0.036842961204862607,0.03950264246315573,APPROVE,29955246.0,POLICY_PASS,717.4772401715775,171.6772467983853,378.06803576732887,18.533070365026646,24.94502631231618,1310.7006194146345
APP-42-011459,2025-04-22 11:00:00,27,11278585.0,69,742,0.1705,43402231.0,24,1,Self-employed,Rented,Mobile,0,0.059008429097435346,CASH_LOAN,0.9335135283856992,49.0,0,0.10966929056496277,2101943.519189531,53,0,0.0,0,,0.0295479121158875,0.04661920072919949,APPROVE,29937876.024000004,POLICY_PASS,582.0847107124296,325.41508795795323,220.66569806664245,30.052689762554344,64.77792260957568,1222.9961091091552
APP-42-011460,2025-04-22 12:00:00,24,52647413.0,19,668,0.3557,171836246.0,18,0,Salaried,Owned,Mobile,0,0.06576697339479536,CASH_LOAN,0.9586232541477626,100.0,0,0.11796288798210604,8738785.921453996,42,1,0.0,1,0.8216047685745826,0.02732284644862187,0.04246763048736145,APPROVE,70000000.0,POLICY_PASS,632.2880898873408,364.75548783035225,168.54512682885337,43.863458346272814,24.629645316259772,1234.081808209079
APP-42-011461,2025-04-22 13:00:00,45,16571973.0,90,651,0.562,29312774.0,18,1,Salaried,Rented,Partner,0,0.18848410272297247,BNPL,0.8912720052922755,194.0,0,0.07045339016140462,9770292.897090418,52,1,0.0,0,,0.03131075388898474,0.12389513541910098,REVIEW,23227277.356799997,CREDIT_OR_AFFORDABILITY,613.500958884914,158.64068852883932,387.0199488131488,31.144560455087976,46.65107521399038,1236.9572318959804
APP-42-011462,2025-04-22 14:00:00,35,8651895.0,46,697,0.0523,29419899.0,6,4,Contract,Mortgage,Mobile,0,0.15508430701708864,CASH_LOAN,0.7279276329464553,240.0,0,0.03211887994840968,1364938.7813363802,52,1,0.0,0,,0.054118591715251164,0.09795300422631573,APPROVE,26238082.8528,POLICY_PASS,504.9936704050094,318.4393327530342,248.2004812986143,33.27150441347661,40.16915902834194,1145.0741478984764
APP-42-011463,2025-04-22 15:00:00,21,69553033.0,77,735,0.2665,31242766.0,12,1,Self-employed,Owned,Mobile,0,0.02408214257019517,CASH_LOAN,0.790057936915074,230.0,1,0.04862994342144245,8155339.030721146,43,1,0.0,0,,0.08148393544490917,0.014826007447658489,APPROVE,31242766.0,POLICY_PASS,687.0299595193213,336.49122242570155,174.47967592119952,37.41151071779561,48.7264342170177,1284.1388028010356
APP-42-011464,2025-04-22 16:00:00,20,22351430.0,45,648,0.239,104914290.0,18,0,Salaried,Mortgage,Mobile,0,0.08460649868925559,CASH_LOAN,0.9377378844082366,419.0,4,0.007651367256558143,12314946.86529131,43,0,0.0,2,0.9567014779534163,0.22872139566539243,0.06016492499414231,APPROVE,54430202.336,POLICY_PASS,729.2066167543355,261.9182138064243,368.0919742130337,36.80172808836924,61.64594670129711,1457.66447956346
APP-42-011465,2025-04-22 17:00:00,25,27930758.0,34,651,0.2147,61890804.0,24,1,Salaried,Owned,Mobile,0,0.04540405102922637,CASH_LOAN,0.89251776414173,163.0,0,0.09304155242135814,20162329.89878623,52,1,0.0,0,,0.0332639924631009,0.0286118360340124,APPROVE,61890804.0,POLICY_PASS,588.2897389362629,307.55185082853524,370.4732206318654,26.37869662188279,53.15880422691719,1345.8523112454634
APP-42-011466,2025-04-22 18:00:00,24,45387189.0,18,655,0.0967,42299404.0,24,1,Contract,Rented,Mobile,0,0.05341900096659655,CASH_LOAN,0.7933134074750673,224.0,1,0.011279506329024433,6711819.9873379385,56,0,0.0,1,0.692266876300608,0.0725557271595991,0.039699392935105014,APPROVE,42299404.0,POLICY_PASS,716.9910363117248,386.5036125668008,247.17723962771018,24.000960627968098,41.21082775357464,1415.8836768877786
APP-42-011467,2025-04-22 19:00:00,20,25237379.0,14,713,0.2547,45598344.0,18,2,Salaried,Family,Branch,0,0.05540472745138622,BNPL,0.8980950362842636,346.0,2,0.04589646265476064,4712819.733416254,49,1,0.0,0,,0.09671149201989591,0.03407015972763833,APPROVE,25000000.0,POLICY_PASS,597.9821468192496,262.2693869885309,291.6556751980871,35.00199612042474,43.46090279826993,1230.3701079245623
APP-42-011468,2025-04-22 20:00:00,25,30770637.0,34,541,0.0642,41171251.0,24,2,Salaried,Rented,Partner,0,0.1442844101462846,BUSINESS_LOAN,0.9730229138142338,596.0,0,0.0171176835593662,10522455.233475802,44,0,91272278.77879058,0,,0.019164536896370713,0.11102503268744893,APPROVE,41171251.0,POLICY_PASS,678.6127499124701,396.87405188569227,299.99342425687655,19.86144586417652,49.00488197980287,1444.3465538990183
APP-42-011469,2025-04-22 21:00:00,27,18545934.0,50,641,0.452,48438033.0,6,0,Salaried,Owned,Mobile,0,0.1088215750603409,BNPL,0.9874531924004577,244.0,1,0.009915516086928661,5453083.564989958,51,1,0.0,1,0.6334119994337117,0.03332492339648936,0.06866227737491717,APPROVE,25000000.0,POLICY_PASS,402.1250862051752,294.344752650731,231.7556160015067,30.223751137758857,34.397231656968536,992.8464376521403
APP-42-011470,2025-04-22 22:00:00,31,26948416.0,23,669,0.3218,27447723.0,12,3,Salaried,Rented,Mobile,0,0.08912674916221013,BUSINESS_LOAN,0.9441159062950847,80.0,0,0.03162137018634935,19882480.048354898,38,1,177231009.84560904,0,,0.022523331492366055,0.056166555988784526,APPROVE,27447723.0,POLICY_PASS,783.3356412970791,201.31839851245442,272.5230205310586,23.064942461939943,40.51164629222379,1320.7536490947557
APP-42-011471,2025-04-22 23:00:00,50,17664994.0,133,504,0.2636,22578521.0,12,1,Contract,Owned,Mobile,0,0.10869327995197443,BNPL,0.945777247349266,178.0,0,0.11802421088955156,6492304.052412291,44,0,0.0,1,0.7961136749269232,0.028799027394676435,0.08766579424246067,APPROVE,22578521.0,POLICY_PASS,716.173470866162,217.52068600528347,302.00041618250776,33.16661217811211,43.78326290452347,1312.6444481365888
APP-42-011472,2025-04-23 00:00:00,33,17801028.0,101,706,0.1536,63910294.0,24,0,Self-employed,Family,Mobile,0,0.05176964555506712,CASH_LOAN,0.9570334436537082,76.0,1,0.016262854191053364,11106360.848668484,46,0,0.0,0,,0.03839221700068623,0.038694442260450795,APPROVE,48213728.31744,POLICY_PASS,550.3663588061859,244.17771731499906,113.20568135330433,27.684201286760345,22.61326470083833,958.0472234620879
APP-42-011473,2025-04-23 01:00:00,33,19225086.0,46,717,0.0377,36766166.0,12,2,Contract,Family,Mobile,0,0.06284974617281694,BUSINESS_LOAN,0.8990099105926576,277.0,0,0.1845926511405445,9544950.809868917,48,0,87894674.61943288,0,,0.04220626928704044,0.0529174934196787,APPROVE,36766166.0,POLICY_PASS,467.72024798706536,303.1192930841172,256.026756528413,12.972010112073502,35.05345728843098,1074.8917650001001
APP-42-011474,2025-04-23 02:00:00,40,14470664.0,109,500,0.2708,72006917.0,18,2,Contract,Rented,Mobile,0,0.30810966882900814,CASH_LOAN,0.9584044028260206,326.0,1,0.005238939346033291,6807886.389240655,48,1,0.0,0,,0.03698410563377763,0.20651813262979116,REVIEW,33766426.204160005,ENHANCED_DUE_DILIGENCE,452.7303946713778,462.4972408711561,322.1065123454496,26.34239232418654,38.19757404929712,1301.874114261467
APP-42-011475,2025-04-23 03:00:00,33,23754680.0,47,610,0.4801,61351727.0,24,0,Salaried,Mortgage,Mobile,0,0.1238931306455354,CASH_LOAN,0.8748583472240543,194.0,1,0.0921663192130867,9656713.49124665,46,1,0.0,2,0.9089860454075779,0.06611818318667494,0.07787040438064417,APPROVE,39520186.02240001,POLICY_PASS,754.0891044107595,490.7847099263868,201.5148673296177,18.552634521309283,47.976789270533104,1512.9181054586065
APP-42-011476,2025-04-23 04:00:00,39,23721614.0,24,613,0.5977,117211313.0,12,0,Contract,Family,Mobile,1,0.2642063640062849,CASH_LOAN,0.9038689063865515,195.0,0,0.06820327288540902,9466380.58380182,50,1,0.0,0,,0.029551048138548846,0.17974637536555274,REVIEW,30538256.999040004,CREDIT_OR_AFFORDABILITY,697.7887913075436,236.5954189106459,118.47839228572023,34.27791143571655,54.12292396062152,1141.263437900248
APP-42-011477,2025-04-23 05:00:00,38,28241030.0,42,576,0.3233,60876300.0,12,2,Salaried,Rented,Partner,0,0.134992534506958,CASH_LOAN,0.9213262562642953,94.0,0,0.020536755785273943,8338071.7498228885,38,1,0.0,0,,0.02394031196962936,0.0860288663206353,APPROVE,60876300.0,POLICY_PASS,535.7648481612387,339.6645751414412,128.4745417980174,35.67591613389733,54.535936749707254,1094.1158179843019
APP-42-011478,2025-04-23 06:00:00,36,25588815.0,73,586,0.7329,80772770.0,18,2,Contract,Mortgage,Partner,0,0.35114570069998896,CASH_LOAN,0.9730168413405117,144.0,1,0.007472922766316363,8525413.420343604,59,1,0.0,5,0.9715936882117167,0.03508548616498723,0.22480515410600163,REVIEW,21871271.9568,ENHANCED_DUE_DILIGENCE,666.6768431304051,155.87925857082564,260.9913221276814,45.88378041610014,48.22233570108871,1177.6535399461009
APP-42-011479,2025-04-23 07:00:00,60,54076269.0,31,602,0.6685,38341927.0,18,4,Salaried,Mortgage,Mobile,0,0.1953059262486552,BNPL,0.8830693949631621,47.0,2,0.1299169377026408,38138771.129312545,40,1,0.0,1,0.7034412342306162,0.12795742612904099,0.13829908067251717,REVIEW,25000000.0,CREDIT_OR_AFFORDABILITY,549.4733729985742,337.82534455505504,218.40202166948583,36.49229722740614,45.527342946615924,1187.720379397137
APP-42-011480,2025-04-23 08:00:00,43,32114836.0,118,684,0.1126,18318836.0,12,0,Self-employed,Rented,Partner,0,0.03808404628611423,BUSINESS_LOAN,0.9291138340522903,226.0,1,0.16096024797002428,4856788.868954709,45,1,144884027.46006858,0,,0.06480348147220899,0.02549589101631191,APPROVE,18318836.0,POLICY_PASS,666.1790883849129,352.7694538538424,259.0464195188381,34.263127012810386,46.648474389189424,1358.9065631595934
APP-42-011481,2025-04-23 09:00:00,25,16060827.0,37,730,0.2777,46413711.0,36,1,Salaried,Rented,Mobile,0,0.046689386408423766,BNPL,0.8598122261638143,345.0,0,0.001910688268042867,1294355.0325347693,51,1,0.0,0,,0.029156729952674126,0.02759894178875393,APPROVE,25000000.0,POLICY_PASS,650.3321747867658,356.21619648520294,339.1080468933519,39.16647800642177,17.907732047305498,1402.730628219048
APP-42-011482,2025-04-23 10:00:00,38,23093728.0,78,680,0.2585,39027325.0,18,2,Salaried,Rented,Mobile,0,0.07814155263107414,BNPL,0.848810863888249,333.0,1,0.0350365990415329,14783937.12968904,42,1,0.0,0,,0.06239194489229598,0.04877223792156238,APPROVE,25000000.0,POLICY_PASS,566.3998177964388,108.09883807568394,189.23918267200554,30.20995140606475,39.91426089270479,933.8620508428978
APP-42-011483,2025-04-23 11:00:00,28,39148250.0,44,574,0.3343,29245897.0,24,2,Salaried,Owned,Partner,0,0.08893031933503567,CASH_LOAN,0.8118841421564007,274.0,1,0.050482053394405355,22021642.97867696,44,1,0.0,0,,0.07526672288667607,0.05615190082163467,APPROVE,29245897.0,POLICY_PASS,786.0602617391169,302.08701588151087,259.54790248770996,47.63694419079178,35.76307283850632,1431.095197137636
APP-42-011484,2025-04-23 12:00:00,39,10674807.0,29,697,0.1564,94773744.0,12,1,Salaried,Mortgage,Mobile,0,0.08700156152005839,CASH_LOAN,0.799520692243142,232.0,2,0.06500414324612068,5312685.650197805,52,0,0.0,1,0.729697813576132,0.14641819873457454,0.0675489371939521,APPROVE,28816854.992640004,POLICY_PASS,927.7214831258262,241.9185294681298,242.411573649532,33.62373103523913,60.56406122284285,1506.2393785015702
APP-42-011485,2025-04-23 13:00:00,23,54500220.0,22,683,0.417,44564531.0,12,2,Salaried,Family,Partner,0,0.05517601992932155,CASH_LOAN,0.9700737459028592,38.0,2,0.020620570044098813,15065654.473537164,49,1,0.0,0,,0.06834157086869301,0.033310496918548364,APPROVE,44564531.0,POLICY_PASS,540.2031099776982,308.6565119896837,335.5635465372268,20.49717085477415,41.16785379463598,1246.0881931540187
APP-42-011486,2025-04-23 14:00:00,25,11755487.0,83,429,0.257,68383167.0,12,1,Self-employed,Rented,Partner,0,0.27572611189315505,CASH_LOAN,0.824346219818135,167.0,0,0.010313287735216106,6312169.374583924,50,1,0.0,0,,0.034512410626759575,0.18197454668295296,REVIEW,27949845.891200002,CREDIT_OR_AFFORDABILITY,482.4143264236308,373.23239524708526,276.14507248021766,23.54959210699911,49.820863778833356,1205.1622500367662
APP-42-011487,2025-04-23 15:00:00,38,29533441.0,60,729,0.496,26058160.0,12,2,Salaried,Mortgage,Branch,1,0.04334448477282251,BNPL,0.98270632448557,434.0,0,0.004147444317887464,14066836.77344237,49,1,0.0,3,0.8719660533889984,0.017724495225119104,0.02482554725592744,APPROVE,25000000.0,POLICY_PASS,415.3914310760313,392.1930549114132,196.78574965772683,44.74725057153965,54.73901934953315,1103.856505566244
APP-42-011488,2025-04-23 16:00:00,44,18065463.0,33,650,0.3191,62180084.0,24,0,Contract,Rented,Mobile,0,0.11495735600711803,CASH_LOAN,0.9373613708234906,73.0,1,0.008956394877706551,9899165.11577612,42,1,0.0,0,,0.04069715720240301,0.0715342397682529,APPROVE,39362476.02144001,POLICY_PASS,642.8085427548997,199.11299197788637,289.90610843094225,46.8363433229392,30.14303691999907,1208.8070234066665
APP-42-011489,2025-04-23 17:00:00,40,17502766.0,84,652,0.2663,102321936.0,36,0,Self-employed,Rented,Partner,0,0.14246158704722064,BNPL,0.7707588861517832,100.0,0,0.10710308750981745,6920814.209267649,34,0,0.0,0,,0.05647216207099487,0.11840036073090479,REVIEW,25000000.0,CREDIT_OR_AFFORDABILITY,558.4605559130835,311.982017998194,197.9467088444744,43.42093408265837,18.82741569694156,1130.6376325353517
APP-42-011490,2025-04-23 18:00:00,43,8791362.0,33,515,0.4878,200605059.0,12,0,Salaried,Rented,Mobile,1,0.4223251312578609,BNPL,0.8975858010952185,600.0,2,0.119953607146073,4304712.936654594,46,0,0.0,1,0.9278779690418016,0.11815702540995877,0.35580150069391064,REVIEW,14409393.972479999,ENHANCED_DUE_DILIGENCE,415.37114586961724,257.91320555618734,124.12227729244805,39.62688638248726,42.00277849752311,879.0362935982629
APP-42-011491,2025-04-23 19:00:00,38,29651028.0,59,756,0.2569,22316540.0,12,2,Salaried,Rented,Mobile,0,0.03438008740923255,CASH_LOAN,0.9438201257506377,269.0,1,0.022064467012579983,10156227.230660262,45,1,0.0,2,0.947973953299064,0.04117603332437632,0.01958644782866036,APPROVE,22316540.0,POLICY_PASS,702.0072530813355,278.16094708951096,146.70576917984997,29.606066258927576,36.75659710033189,1193.2366327099558
APP-42-011492,2025-04-23 20:00:00,37,8862020.0,64,664,0.4176,66681704.0,6,1,Contract,Rented,Mobile,0,0.12468536639408193,BNPL,0.9610273197904619,101.0,0,0.04331342044096225,3137664.951708689,47,1,0.0,0,,0.02174525621179174,0.07905148078438434,APPROVE,16515969.433600001,POLICY_PASS,697.000076766085,385.40415781559204,262.0314401642895,39.76735515909792,56.805492193072794,1441.008522098137
APP-42-011493,2025-04-23 21:00:00,30,8140472.0,144,696,0.2595,21858545.0,36,1,Self-employed,Rented,Mobile,0,0.06198646529795647,BNPL,0.9645943422344989,560.0,2,0.10169917342054127,762520.054370465,44,0,0.0,1,0.766115906904117,0.08736839329368362,0.04934059375548928,APPROVE,19289662.4512,POLICY_PASS,626.105755047278,226.19560017101276,129.04207204140104,20.271290538156777,48.84357670610581,1050.4582945039544
APP-42-011494,2025-04-23 22:00:00,42,34062886.0,140,545,0.6715,24676474.0,12,6,Salaried,Mortgage,Mobile,0,0.2413624638654659,CASH_LOAN,0.8483616702161193,182.0,1,0.017257864423750918,16630209.25050322,43,1,0.0,2,0.8725228022686229,0.05944909225796299,0.1544603350244745,REVIEW,24676474.0,CREDIT_OR_AFFORDABILITY,605.0972639832847,227.20006170817175,388.08599381585526,39.75711491670774,61.93779057510008,1322.0782249991196
APP-42-011495,2025-04-23 23:00:00,44,48166070.0,34,677,0.1823,65916959.0,24,0,Self-employed,Family,Mobile,0,0.030250563626350962,CASH_LOAN,0.8885580255584433,202.0,0,0.057995474456078284,31982688.75187592,49,1,0.0,0,,0.030532440137846683,0.01857796631854382,APPROVE,65916959.0,POLICY_PASS,434.1092973440125,433.25162837696377,220.07938554549946,21.426610254195445,41.852386689152056,1150.719308209823
APP-42-011496,2025-04-24 00:00:00,34,12470759.0,29,678,0.0497,71621382.0,18,1,Self-employed,Rented,Mobile,0,0.10839873626726884,CASH_LOAN,0.9709594384897132,205.0,0,0.05834931714069481,1776175.541730983,46,0,0.0,1,0.9126729529512886,0.021817546261010363,0.08096981874833732,APPROVE,37923079.28864,POLICY_PASS,392.2454359598741,280.87053345957236,260.4776299804589,24.306811002116365,50.6827408556314,1008.5831512576531
APP-42-011497,2025-04-24 01:00:00,34,31251952.0,56,629,0.3956,90142553.0,12,1,Salaried,Owned,Branch,0,0.08919967804011911,CASH_LOAN,0.9079284700950956,487.0,0,0.09322795680877867,13745304.712428676,49,0,0.0,0,,0.031261248556237645,0.07066457877657356,APPROVE,60443775.32416001,POLICY_PASS,889.3603586109948,241.7919218569346,231.0628296663505,26.362887591780325,49.96795208689821,1438.5459498129585
APP-42-011498,2025-04-24 02:00:00,49,27895385.0,89,547,0.3047,50273268.0,24,1,Self-employed,Family,Partner,0,0.1066282971037706,BUSINESS_LOAN,0.8697587606562691,189.0,1,0.014402766036832873,12613631.387923298,40,1,80948126.04659772,0,,0.05417804981001182,0.06661725415821397,APPROVE,44521469.32562875,POLICY_PASS,558.4226476714553,208.67146760190587,219.1890496912818,31.24599249939389,63.89881027090289,1081.4279677349398
APP-42-011499,2025-04-24 03:00:00,35,17116390.0,13,636,0.1823,119032590.0,24,0,Salaried,Mortgage,Partner,1,0.19041078551427026,BNPL,0.9407547375395273,141.0,0,0.04297530626752745,6545339.664449985,41,1,0.0,1,0.9024624246404689,0.02360879592060182,0.12048445941156002,REVIEW,25000000.0,CREDIT_OR_AFFORDABILITY,931.0253375903892,409.0427733467166,211.425977128979,37.01972994489699,51.58856908681617,1640.1023870977979
APP-42-011500,2025-04-24 04:00:00,36,37527389.0,122,571,0.5164,89941615.0,18,2,Salaried,Owned,Mobile,0,0.1427842904237555,CASH_LOAN,0.9011845921644136,211.0,0,0.2899410261784255,9592874.070045566,37,0,0.0,0,,0.056510850071338874,0.133091244515609,REVIEW,58074385.02528,CREDIT_OR_AFFORDABILITY,401.9496131334656,302.87159716416875,297.84015398852534,33.132874652301844,63.2986259170042,1099.092864855466
APP-42-011501,2025-04-24 05:00:00,39,16450890.0,39,590,0.3012,52353612.0,24,1,Self-employed,Rented,Mobile,0,0.15318968170933064,CASH_LOAN,0.9804583597082902,446.0,0,0.0072529501141595475,5326561.351037741,43,1,0.0,0,,0.018054049456325837,0.09661977453489581,APPROVE,36786822.1824,POLICY_PASS,830.7362204466781,459.4449699601086,198.53123804082523,22.285387861240622,46.96989811820578,1557.9677144270584
APP-42-011502,2025-04-24 06:00:00,34,23927192.0,87,724,0.3055,87547245.0,36,2,Salaried,Rented,Partner,0,0.08417799899695355,BNPL,0.9621671013194775,126.0,2,0.005463336364263679,13409969.28143898,27,0,0.0,0,,0.06756484439373871,0.06526599030158034,APPROVE,25000000.0,POLICY_PASS,557.5956388718425,347.91094532717705,260.7700789023493,27.640080286121705,33.36938720493375,1227.2861305924243
APP-42-011503,2025-04-24 07:00:00,28,9032221.0,39,646,0.3161,43627059.0,24,2,Salaried,Mortgage,Mobile,1,0.12929629100136994,BUSINESS_LOAN,0.9081341415703539,847.0,1,0.03528526470334879,5216334.924093591,51,1,42563126.61299767,1,0.8021333774320205,0.04934533665551021,0.07992465315208667,APPROVE,23409719.637148723,POLICY_PASS,465.17925093420604,324.2624554334226,164.74775214993625,31.215644806064844,67.42050471124693,1052.8256080348765
APP-42-011504,2025-04-24 08:00:00,38,9247058.0,115,634,0.211,111509481.0,6,2,Salaried,Family,Partner,0,0.17045929594974857,BUSINESS_LOAN,0.8443624855617798,540.0,1,0.09246706897660349,5179740.032335249,51,1,30176454.362442322,1,0.9092409099157214,0.0745423306313121,0.1083412411838762,APPROVE,16597049.899343278,POLICY_PASS,468.8577668822148,358.67975865826054,139.20214842875225,22.621254274745908,45.673959677738274,1035.0348879217117
APP-42-011505,2025-04-24 09:00:00,35,34238354.0,39,555,0.0542,65107771.0,18,1,Salaried,Rented,Partner,0,0.10830705421277305,BNPL,0.8040536042369414,146.0,2,0.007947919840072771,6133717.238559626,37,0,0.0,1,0.8588542771534418,0.1242068754200095,0.08062784780759044,APPROVE,25000000.0,POLICY_PASS,313.50233569611015,364.4283693361397,291.2082568301988,27.62748142190511,44.412585050241326,1041.1790283345952
APP-42-011506,2025-04-24 10:00:00,52,24374430.0,74,637,0.1555,46787328.0,18,1,Self-employed,Owned,Mobile,0,0.07780679168115852,BUSINESS_LOAN,0.925250617039136,241.0,0,0.05921857210621442,10890470.76399453,51,1,156138195.86969274,0,,0.02638046389070125,0.04856297446020794,APPROVE,46787328.0,POLICY_PASS,641.503710749881,155.6795456299266,107.09372098979375,51.25867646266903,60.358288221229245,1015.8939420534996
APP-42-011507,2025-04-24 11:00:00,42,16643512.0,51,629,0.4268,34490048.0,36,1,Salaried,Family,Mobile,0,0.08858916757686719,CASH_LOAN,0.9147797588384537,263.0,0,0.03817654371791174,8588186.949094532,41,1,0.0,1,0.7039940859845863,0.025893079097997276,0.056489644925577995,APPROVE,30528195.45088,POLICY_PASS,773.2027019745407,156.2733408982752,168.705119447774,24.247248438280618,41.36132920451028,1163.7897399633807
APP-42-011508,2025-04-24 12:00:00,30,51402490.0,23,569,0.2517,47756813.0,36,0,Contract,Family,Mobile,0,0.055533056217604036,CASH_LOAN,0.8593179310916471,315.0,0,0.0583996545934888,23754151.642241925,41,1,0.0,0,,0.03442514583682228,0.034997890612592675,APPROVE,47756813.0,POLICY_PASS,646.6872392893034,243.6910185891886,163.81970040239824,47.42601800937903,49.71473368885361,1151.338709979123
APP-42-011509,2025-04-24 13:00:00,42,51105666.0,37,718,0.1927,67551092.0,36,1,Self-employed,Rented,Mobile,0,0.05405615144184806,BNPL,0.8645036529350082,252.0,1,0.011433908187011625,14369812.042599963,49,0,0.0,1,0.894312188283034,0.0548566278211466,0.03842448965443476,APPROVE,25000000.0,POLICY_PASS,641.5664048859381,335.1062283697911,101.05594452803336,36.98170320439652,50.46664844702103,1165.1769294351802
APP-42-011510,2025-04-24 14:00:00,38,22917806.0,12,715,0.3452,55017152.0,12,0,Salaried,Mortgage,Branch,0,0.052669287194230544,BNPL,0.9741117207379087,365.0,0,0.16468874835981362,15028871.205359688,46,1,0.0,0,,0.029391919230435503,0.03546502164424741,APPROVE,25000000.0,POLICY_PASS,643.5550317231869,298.24127733179006,244.94436446987788,33.436349797677956,48.6736624849092,1268.850685807442
APP-42-011511,2025-04-24 15:00:00,47,8082987.0,34,584,0.2579,87505691.0,12,1,Self-employed,Rented,Branch,0,0.19935419456668105,BUSINESS_LOAN,0.93705064217622,166.0,1,0.056630516559710485,1147416.8663297035,41,0,51639131.13504767,1,0.9778299887965802,0.046720676237819524,0.15145794481089775,REVIEW,28401522.12427622,CREDIT_OR_AFFORDABILITY,634.2809830959251,342.83660573987373,265.1232993456116,27.998860863665342,33.422562502446695,1303.6623115475224
APP-42-011512,2025-04-24 16:00:00,30,16928394.0,63,668,0.3671,44677581.0,18,2,Self-employed,Rented,Branch,1,0.12198151914965451,CASH_LOAN,0.9543642342494877,331.0,0,0.05032515461362101,8608762.89148202,43,1,0.0,1,0.8702233199466403,0.02281284767676331,0.07563966026623588,APPROVE,34284737.80032,POLICY_PASS,648.8044847766815,241.6426840267677,309.4200449985868,43.62689299692396,20.797765571424033,1264.291872370384
APP-42-011513,2025-04-24 17:00:00,37,11386765.0,112,507,0.6233,78163460.0,6,0,Contract,Rented,Branch,0,0.40230941656137237,BNPL,0.9083852849166852,309.0,1,0.008413953126533456,1676349.022540583,39,0,0.0,3,0.8101506713331882,0.04565220171301011,0.32946926866628906,REVIEW,13726062.001600001,ENHANCED_DUE_DILIGENCE,547.4451262740016,335.40111785549715,346.1201116646874,31.778112231716275,42.471887798222745,1303.216355824125
APP-42-011514,2025-04-24 18:00:00,34,18908362.0,49,663,0.2217,11789899.0,12,1,Salaried,Owned,Mobile,0,0.03535627849120846,CASH_LOAN,0.833806743708597,69.0,0,0.02642878961480463,13026161.652664242,48,0,0.0,0,,0.03480053716666413,0.026404505526119698,APPROVE,11789899.0,POLICY_PASS,495.80390046610404,342.8683384642717,269.3506223062024,37.537821467393016,27.73359598165373,1173.294278685625
APP-42-011515,2025-04-24 19:00:00,36,10755404.0,170,696,0.2046,46062071.0,18,1,Salaried,Rented,Branch,0,0.06167903068852815,CASH_LOAN,0.9723611388547435,26.0,1,0.09744932711257005,1638773.0907030944,51,1,0.0,1,0.6014806432245108,0.04558287126909557,0.04103200776102358,APPROVE,27375514.693120003,POLICY_PASS,467.865008330677,392.5935140900707,165.31257919865476,42.146758636649345,48.746116764598966,1116.6639770206507
APP-42-011516,2025-04-24 20:00:00,27,9322655.0,94,559,0.3243,44100608.0,12,0,Self-employed,Mortgage,Mobile,1,0.14623067899360723,CASH_LOAN,0.9052933239523872,257.0,1,0.04307808208144423,6431688.412702264,55,1,0.0,1,0.8229777411295455,0.05102834271817271,0.0903753544760258,APPROVE,20157817.5472,POLICY_PASS,648.4558655014771,547.866324676563,218.06521042182362,31.077850382332546,50.21139079915685,1495.676641781353
APP-42-011517,2025-04-24 21:00:00,40,5185854.0,30,641,0.1848,15010182.0,18,1,Salaried,Rented,Mobile,0,0.07554817914930176,BNPL,0.9331548506167273,222.0,1,0.03886997508479583,3561286.561983149,33,1,0.0,0,,0.045103614628285375,0.04804965738723082,APPROVE,13528026.178560002,POLICY_PASS,441.2480330886027,294.48166835107986,136.18138012110978,30.933726980117058,45.36174884430894,948.2065573852184
APP-42-011518,2025-04-24 22:00:00,39,19734399.0,52,649,0.2842,103811118.0,24,2,Contract,Rented,Mobile,1,0.16874037180483367,BNPL,0.9589310165978446,528.0,0,0.03692458375341668,13907488.370990954,41,1,0.0,2,0.9531818377888297,0.021525919749577488,0.10387962110272007,REVIEW,25000000.0,CREDIT_OR_AFFORDABILITY,751.4204630667828,410.3583684814322,303.269170663599,30.825008501361758,48.395424124135,1544.2684348373105
APP-42-011519,2025-04-24 23:00:00,47,5083765.0,70,848,0.1218,53820535.0,18,1,Salaried,Family,Partner,0,0.03925635166338674,CASH_LOAN,0.9477516160967173,200.0,0,0.07059173239850944,1808915.160299127,46,1,0.0,4,0.8997038116944138,0.02487307884399045,0.023509470646071867,APPROVE,14286599.7536,POLICY_PASS,696.4372216562881,424.9153596564345,343.422049330247,37.25458040956059,34.5170013385015,1536.5462123910315
APP-42-011520,2025-04-25 00:00:00,35,15093126.0,39,826,0.2293,75107314.0,24,1,Salaried,Family,Partner,0,0.05806034928561972,CASH_LOAN,0.8585579727936761,149.0,0,0.03920207579359829,10008312.262678722,38,0,0.0,0,,0.032661949069101755,0.04487091546125164,APPROVE,37223271.06624,POLICY_PASS,513.2978572500879,273.7293605103997,279.5258797651968,35.50028324066589,45.998022389420115,1148.0514031557702
APP-42-011521,2025-04-25 01:00:00,31,26371664.0,62,663,0.1732,42301729.0,12,0,Self-employed,Family,Branch,0,0.033794750612696815,CASH_LOAN,0.9682229730012065,56.0,0,0.024731936343596352,3428434.2391797076,42,1,0.0,0,,0.019989803109743635,0.02056224924224365,APPROVE,42301729.0,POLICY_PASS,627.7281202326965,221.08822500479215,230.92730510641323,25.330715829797164,30.329014635532545,1135.4033808092315
APP-42-011522,2025-04-25 02:00:00,42,12100165.0,35,592,0.1299,92905953.0,12,0,Self-employed,Owned,Partner,0,0.1584571638161038,CASH_LOAN,0.7539357452854809,218.0,0,0.018878033080259028,2069054.1065287157,46,0,0.0,2,0.902764663027856,0.04698080052783456,0.11728210337833728,APPROVE,33690731.41280001,POLICY_PASS,918.818489185011,277.5527682892807,173.7174736894392,37.16527768229707,49.03792319322144,1456.2919320392493
APP-42-011523,2025-04-25 03:00:00,28,9911702.0,51,658,0.2849,58387954.0,24,1,Salaried,Owned,Partner,0,0.08951199030648098,BNPL,0.8956606138752182,200.0,0,0.050505129084827,4794351.230563179,36,1,0.0,0,,0.029021731078999816,0.05739288092438259,APPROVE,22681145.920640003,POLICY_PASS,684.2243158936785,402.1310205077083,226.6585680544949,35.15567572263195,45.30024303944512,1393.469823217959
APP-42-011524,2025-04-25 04:00:00,45,17340693.0,104,721,0.4174,82527922.0,18,3,Salaried,Family,Branch,0,0.08617535233408394,BNPL,0.9629258106613862,268.0,3,0.09457071547780899,1956655.2592506632,57,1,0.0,1,0.967984602602214,0.15308898734951035,0.05143058946860037,APPROVE,25000000.0,POLICY_PASS,683.653332090793,288.62966895555087,167.87685934419315,43.680713808973984,60.891194480398035,1244.731768679909
APP-42-011525,2025-04-25 05:00:00,45,11411695.0,37,519,0.6673,60628527.0,24,0,Salaried,Family,Partner,0,0.2614892868377669,CASH_LOAN,0.7874070976827875,389.0,0,0.008302596143560824,7847402.442800316,42,1,0.0,1,0.8341217370018443,0.0398410130486264,0.16991188650929312,REVIEW,12149346.9648,CREDIT_OR_AFFORDABILITY,430.08627924778386,249.95134546765723,330.4135202774608,47.69181778116645,60.89012309105388,1119.0330858651223
APP-42-011526,2025-04-25 06:00:00,46,19935132.0,18,489,0.4906,75148244.0,12,2,Salaried,Rented,Mobile,1,0.35666604875685043,BNPL,0.7978268522174309,273.0,1,0.026670182559590725,1935334.7150001265,42,0,0.0,2,0.8829261466861267,0.07440853983172949,0.2852148495209143,REVIEW,25000000.0,ENHANCED_DUE_DILIGENCE,606.0143954863998,346.6974997470556,248.28809881883822,40.037919885720896,39.16042641398875,1280.1983403520032
APP-42-011527,2025-04-25 07:00:00,38,10199262.0,143,557,0.4631,58829633.0,12,0,Salaried,Rented,Mobile,0,0.23841865118258376,BNPL,0.9131071893631806,416.0,1,0.02177557261369049,6333442.170844389,44,1,0.0,1,0.8777270043897364,0.04654274408229302,0.1523412265626209,REVIEW,17523148.056959998,CREDIT_OR_AFFORDABILITY,533.4787961460215,199.94121824715137,226.29817666430853,15.787030120461608,41.209159731010416,1016.7143809089534
APP-42-011528,2025-04-25 08:00:00,31,16994676.0,84,695,0.3547,70773377.0,18,1,Self-employed,Rented,Branch,1,0.10659986979463877,CASH_LOAN,0.9601463572672335,181.0,0,0.12038213234448251,4463079.22373746,39,0,0.0,1,0.8932909780149321,0.02734572998533784,0.08458249205793025,APPROVE,35093326.152959995,POLICY_PASS,515.550670021845,266.4699127696374,125.64326904872429,29.32770013346636,42.63720779541098,979.628759769084
APP-42-011529,2025-04-25 09:00:00,36,14877357.0,68,699,0.2421,57800329.0,12,1,Salaried,Rented,Branch,0,0.06850905014137394,BUSINESS_LOAN,0.9374380208089302,132.0,0,0.0877653002952711,1882573.7948164747,38,1,100848669.48584926,0,,0.02727996421652641,0.044574423369595904,APPROVE,55466768.217217095,POLICY_PASS,628.0210075418211,171.68679151369284,158.0969289412012,24.328052403720562,12.0,994.1327804004356
APP-42-011530,2025-04-25 10:00:00,38,17886297.0,120,672,0.2876,19981336.0,36,2,Salaried,Rented,Partner,0,0.0706199082200278,CASH_LOAN,0.9703458785513659,59.0,0,0.1420967858638303,12466924.878008645,52,1,0.0,2,0.9694418311544399,0.027945319510423887,0.043710779167421825,APPROVE,19981336.0,POLICY_PASS,559.5454417033401,234.4907188323075,207.03470807616583,36.53847097052747,30.766328842369795,1068.3756684247107
APP-42-011531,2025-04-25 11:00:00,30,44243353.0,87,720,0.3941,21372801.0,12,0,Salaried,Rented,Partner,0,0.03943666380043319,CASH_LOAN,0.8810356051577318,44.0,0,0.03382080420325061,28871085.332592778,42,1,0.0,1,0.7327825846619856,0.02934391188677042,0.024332874878330475,APPROVE,21372801.0,POLICY_PASS,629.0883072473929,230.83514213973297,206.4756369381982,23.495238125551026,43.274529145291766,1133.1688535961669
APP-42-011532,2025-04-25 12:00:00,47,20090915.0,39,627,0.235,39556230.0,24,2,Salaried,Owned,Mobile,0,0.09805494151701032,CASH_LOAN,0.8931925878546215,204.0,0,0.05492318022056075,12971064.047383666,48,1,0.0,1,0.8692358053524399,0.02969478232471306,0.059827158744509404,APPROVE,39556230.0,POLICY_PASS,730.8053578122365,442.30485878619413,266.8222321860963,50.31896671781284,67.42912357489595,1557.6805390772358
APP-42-011533,2025-04-25 13:00:00,40,23755546.0,142,620,0.3639,112427291.0,12,3,Self-employed,Rented,Mobile,1,0.2509936109025373,BNPL,0.9756240973611289,134.0,1,0.05148868075425593,4844749.587921788,56,0,0.0,1,0.872206224905515,0.039424120046096425,0.19335350375448304,REVIEW,25000000.0,ENHANCED_DUE_DILIGENCE,477.07547060473735,388.3714738732747,180.85226906334086,22.303972046228367,51.171690673415874,1119.7748762609972
APP-42-011534,2025-04-25 14:00:00,27,12765364.0,63,668,0.3464,54765931.0,18,3,Salaried,Rented,Partner,0,0.14820050560630557,BNPL,0.9216037088817487,226.0,1,0.035889078461280845,9470467.156718018,46,1,0.0,0,,0.046838968678220856,0.09458724979019782,APPROVE,25000000.0,POLICY_PASS,681.9417782900293,290.18937026347936,242.97587020586556,24.284747406738113,54.413236280101515,1293.8050024462136
APP-42-011535,2025-04-25 15:00:00,52,20351666.0,79,763,0.417,23065677.0,9,1,Salaried,Rented,Partner,0,0.04960776040716196,BNPL,0.8566429222962143,385.0,1,0.06765316810243381,9795220.734634556,32,0,0.0,1,0.9856318209424682,0.06630151796933079,0.03690954414950045,APPROVE,23065677.0,POLICY_PASS,481.4841531319033,338.78116806639,267.6522025037914,42.39008178290317,54.83202264727301,1185.1396281322611
APP-42-011536,2025-04-25 16:00:00,36,15475063.0,14,670,0.3874,45475812.0,12,0,Contract,Mortgage,Branch,0,0.08681405920850996,BNPL,0.9348209620858514,476.0,0,0.09543349316172643,3476576.3763771104,46,1,0.0,0,,0.028196724843196196,0.05632752600662401,APPROVE,25000000.0,POLICY_PASS,506.84135780953596,437.19299918433165,303.6716517880318,28.187740448038824,57.61857441683568,1333.512323646774
APP-42-011537,2025-04-25 17:00:00,25,18296002.0,26,633,0.1512,41438006.0,12,1,Self-employed,Mortgage,Mobile,0,0.09214357319223125,BNPL,0.953155361689641,254.0,0,0.1501608714586993,2892952.831842089,50,0,0.0,1,0.8038230824948321,0.030686362156531477,0.07472580924939339,APPROVE,25000000.0,POLICY_PASS,598.0029550318128,213.49417318305336,367.7022325756366,30.199356916467664,68.11654597381434,1277.5152636807848
APP-42-011538,2025-04-25 18:00:00,28,25720590.0,22,669,0.2551,47584699.0,12,1,Self-employed,Mortgage,Partner,0,0.07227563859189445,CASH_LOAN,0.956066006886769,143.0,0,0.0408335557619089,6731203.655043916,41,0,0.0,1,0.8282848101547784,0.022032095797168173,0.05457246368732135,APPROVE,47584699.0,POLICY_PASS,604.0539696926736,266.79973128588045,266.1535814014731,39.73367581773572,60.45558301334792,1237.1965412111108
APP-42-011539,2025-04-25 19:00:00,48,13670540.0,21,742,0.3811,88173696.0,24,0,Self-employed,Rented,Mobile,0,0.11408359996357686,BUSINESS_LOAN,0.9144973023460145,357.0,0,0.025081894550950678,6333145.732806453,45,1,88423641.56436026,0,,0.024949317460681457,0.07136689255178792,APPROVE,48633002.86039815,POLICY_PASS,502.8323830595629,209.80307453570126,235.1396286245244,15.219604560201898,31.186290239446635,994.1809810194371
APP-42-011540,2025-04-25 20:00:00,51,14460876.0,72,614,0.1799,76963151.0,12,1,Self-employed,Rented,Mobile,0,0.1667615561027439,BNPL,0.9595382323894232,678.0,0,0.029004482719617322,3177144.86437469,50,0,0.0,2,0.8702741108892275,0.02097867194509165,0.1247624577231084,REVIEW,25000000.0,CREDIT_OR_AFFORDABILITY,565.2421706701766,282.47835188977876,214.06703141547877,36.84838069980632,16.4328827987303,1115.0688174739707
APP-42-011541,2025-04-25 21:00:00,44,13774839.0,29,608,0.2739,107662023.0,36,2,Salaried,Rented,Mobile,0,0.19235722781045658,CASH_LOAN,0.967613652575559,89.0,1,0.11987574284447015,5863816.5498282295,37,0,0.0,0,,0.04953131535168173,0.1619406739024259,REVIEW,32006113.91328,CREDIT_OR_AFFORDABILITY,796.8933365427379,379.37817346732953,188.15417901805185,26.76545434812041,60.02154405605033,1451.2126874322898
APP-42-011542,2025-04-25 22:00:00,47,13629355.0,61,606,0.3505,46651455.0,12,0,Self-employed,Mortgage,Branch,0,0.11668738182723512,CASH_LOAN,0.9193407036874204,75.0,1,0.027262054680125623,8788386.820090376,41,0,0.0,1,0.8924257316018992,0.04611324273787059,0.08679099140810319,APPROVE,28327251.432,POLICY_PASS,672.6999346006297,502.08693179914786,278.3539156298269,28.526484601649706,41.335796270180126,1523.003062901434
APP-42-011543,2025-04-25 23:00:00,46,19799390.0,86,699,0.0877,70615708.0,12,2,Salaried,Rented,Branch,0,0.0885860060903576,CASH_LOAN,0.8764013122975147,101.0,1,0.09318959901111323,12332458.29482071,47,0,0.0,1,0.9702350477708866,0.06590790085947487,0.06622350517172872,APPROVE,57801547.190400004,POLICY_PASS,704.1939284869127,224.85899875766643,284.8338295999942,17.46584497544998,42.946954006309916,1274.299555826333
APP-42-011544,2025-04-26 00:00:00,40,14734353.0,34,584,0.176,104339935.0,6,2,Self-employed,Family,Mobile,0,0.20414002210578025,BUSINESS_LOAN,0.8107919277241089,273.0,2,0.048185696778162763,5919419.814445376,44,1,83503224.45294067,2,0.9427872115102212,0.13461344320767793,0.1283850266148824,APPROVE,45926773.44911737,POLICY_PASS,705.9132649983038,169.4918024776264,229.3178256908265,26.752687315627,37.57851262891635,1169.0540931113
APP-42-011545,2025-04-26 01:00:00,38,41027713.0,29,686,0.5517,52511893.0,18,1,Salaried,Rented,Branch,0,0.07157034841345049,CASH_LOAN,0.962043145516145,160.0,0,0.11012914271778215,5888939.138835538,41,1,0.0,1,0.734654882535928,0.026334350407511906,0.04730794983729586,APPROVE,52511893.0,POLICY_PASS,708.1695265938457,298.99793315824286,237.04058909834592,16.70673486346619,34.893839131461554,1295.8086228453624
APP-42-011546,2025-04-26 02:00:00,40,78563817.0,15,534,0.3526,15181054.0,18,0,Salaried,Owned,Partner,0,0.0690430755734649,BNPL,0.919874767019987,39.0,1,0.022410563694274924,45356805.80168511,44,1,0.0,0,,0.04537998032303662,0.04238405837041079,APPROVE,15181054.0,POLICY_PASS,650.9427500804744,250.22426472518268,250.66183454682977,36.015456988856386,49.36905469059806,1237.2133610319413
APP-42-011547,2025-04-26 03:00:00,42,13170816.0,100,621,0.1038,44452022.0,12,0,Self-employed,Rented,Partner,0,0.12523065606079756,BNPL,0.9395742800548627,369.0,0,0.07755989853633757,7281236.642782241,47,1,0.0,0,,0.0262488837137154,0.08131348824897058,APPROVE,25000000.0,POLICY_PASS,510.0048633484047,333.87445245684495,171.98758262989378,33.26806305516079,51.56357453512578,1100.69853602543
APP-42-011548,2025-04-26 04:00:00,28,21159169.0,35,636,0.538,170771690.0,18,1,Salaried,Mortgage,Partner,0,0.3058181231243589,BUSINESS_LOAN,0.9128952117777324,389.0,0,0.050933568481429124,7648685.2502975585,44,1,69687380.82302041,0,,0.027083879206563986,0.21172758476585515,REVIEW,38328059.45266123,CREDIT_OR_AFFORDABILITY,452.6969739555632,420.02148277790707,216.74423711548394,28.362441489087523,38.696113370221084,1156.5212487082629
APP-42-011549,2025-04-26 05:00:00,42,31857598.0,124,769,0.2887,66950236.0,36,0,Salaried,Owned,Branch,0,0.019934501876652497,BNPL,0.9403526136956558,170.0,0,0.029871643823302447,5028983.084873437,53,1,0.0,1,0.8063454864361304,0.022756922280217834,0.0116507298187601,APPROVE,25000000.0,POLICY_PASS,471.38602126837,412.3660063903296,196.2938976278199,37.487854309005854,59.85507111810895,1177.3888507136342
APP-42-011550,2025-04-26 06:00:00,48,15552319.0,67,710,0.6499,57016035.0,9,0,Salaried,Owned,Mobile,0,0.11806774090261213,BUSINESS_LOAN,0.9628601137935104,324.0,1,0.0818865079821196,1893108.6933272565,42,1,102001860.62212598,1,0.5794571634536606,0.04528863444653706,0.0811160506175899,APPROVE,56101023.34216929,POLICY_PASS,553.0379810615591,349.56373135487945,270.32515149643496,30.44026074995065,42.82909434061445,1246.1962190034385
APP-42-011551,2025-04-26 07:00:00,33,10417183.0,109,614,0.2421,37123212.0,24,1,Salaried,Family,Mobile,0,0.07828600579442799,CASH_LOAN,0.7962000153029215,135.0,0,0.054730931874506346,5394597.9320975095,46,1,0.0,1,0.8485011195838421,0.0439462319509045,0.04781735373024479,APPROVE,25264585.58624,POLICY_PASS,575.3246149554946,191.36849808392236,228.62360738436288,37.275442519878936,61.70060749818819,1094.2927704418469
APP-42-011552,2025-04-26 08:00:00,32,46822651.0,20,603,0.3372,39813937.0,36,0,Contract,Rented,Mobile,0,0.07260658978661018,CASH_LOAN,0.8924563226848873,263.0,0,0.01691824680605501,17639920.0777281,53,1,0.0,2,0.903439917247536,0.026660190112009242,0.04181981918115951,APPROVE,39813937.0,POLICY_PASS,1049.3947267964822,388.6770709178689,232.08210119410012,26.730700395176378,43.825673145775184,1740.7102724494027
APP-42-011553,2025-04-26 09:00:00,39,26252422.0,77,591,0.2282,59981049.0,36,0,Contract,Mortgage,Mobile,0,0.08963848683872974,CASH_LOAN,0.9783852622761792,197.0,0,0.03166032708622682,3146146.7038302943,54,1,0.0,0,,0.019565325616223386,0.05482044149044626,APPROVE,59981049.0,POLICY_PASS,396.75364826834976,455.60593749399294,279.6346426415705,15.663104019089023,36.20269564419805,1183.8600280672003
APP-42-011554,2025-04-26 10:00:00,29,21448431.0,79,559,0.066,93293779.0,36,3,Salaried,Owned,Partner,0,0.16784318337324533,BNPL,0.9650279530316701,156.0,0,0.0716772235146635,4537566.59770486,52,0,0.0,1,0.8796837122614943,0.023246363808853053,0.1284047253248935,REVIEW,25000000.0,CREDIT_OR_AFFORDABILITY,505.06999087391154,407.740618997088,219.96761390406658,31.802615577799155,37.9550022864228,1202.535841639288
APP-42-011555,2025-04-26 11:00:00,23,39971195.0,97,756,0.4266,21370765.0,12,0,Self-employed,Owned,Mobile,1,0.0215116300733972,CASH_LOAN,0.9093234133651392,49.0,0,0.06282723613809284,28730075.8451747,41,0,0.0,2,0.6494065023550889,0.028451878128361117,0.017172629151311933,APPROVE,21370765.0,POLICY_PASS,554.0745245577212,260.6784151646508,227.46968843152365,34.555557184210194,55.67845041538383,1132.4566357534895
APP-42-011556,2025-04-26 12:00:00,45,27494885.0,30,586,0.6198,27909872.0,12,1,Contract,Mortgage,Mobile,0,0.16624727107011908,BNPL,0.93389795262032,98.0,0,0.014385805628701278,7263761.324742235,54,0,0.0,1,0.7372201031567678,0.022330592506957334,0.12665793460389072,REVIEW,25000000.0,CREDIT_OR_AFFORDABILITY,616.6384098700278,211.5641988721515,320.75467900710134,16.599250286328473,52.502390244394746,1218.0589282800038
APP-42-011557,2025-04-26 13:00:00,31,17531644.0,36,764,0.2727,67049357.0,18,1,Self-employed,Family,Mobile,0,0.042520973634253605,BUSINESS_LOAN,0.9804063039806782,305.0,0,0.0273439924206668,4229111.534748334,38,0,58039757.44513427,0,,0.0191583101292771,0.032458424543412336,APPROVE,31921866.59482385,POLICY_PASS,830.7285313327333,314.7371202792916,186.07209027150577,27.01924801020416,27.154138625995785,1385.7111285197304
APP-42-011558,2025-04-26 14:00:00,35,10519438.0,99,647,0.1939,57925587.0,24,2,Salaried,Owned,Partner,0,0.10466271717941578,BNPL,0.9020137353117971,243.0,0,0.057298001313272943,4511609.289997839,34,1,0.0,1,0.8761663609080348,0.028844600333900787,0.06572239109447053,APPROVE,25000000.0,POLICY_PASS,504.56411787884997,316.0614692232267,230.49970934822682,41.584777235076864,48.15632264838939,1140.86639633377
APP-42-011559,2025-04-26 15:00:00,30,13722534.0,17,634,0.384,16317302.0,12,3,Contract,Rented,Mobile,1,0.21708010422957974,CASH_LOAN,0.9039327459686239,325.0,0,0.16900152359373788,3204959.8057654044,47,1,0.0,0,,0.039562281425778584,0.15511774320263583,REVIEW,16317302.0,CREDIT_OR_AFFORDABILITY,533.2340181075978,289.73301246437865,305.57416229468066,26.364193073839186,49.977377909393006,1204.8827638498894
APP-42-011560,2025-04-26 16:00:00,46,34918770.0,28,647,0.1783,42466584.0,12,1,Self-employed,Mortgage,Mobile,0,0.04725995419925965,CASH_LOAN,0.945895865490609,89.0,0,0.0051347901340496995,18346894.998073537,45,0,0.0,0,,0.02068674792034526,0.035066000289879204,APPROVE,42466584.0,POLICY_PASS,591.1289013295456,393.38664921156084,171.63415775357657,42.29724212466402,37.42098768049783,1235.8679380998449
APP-42-011561,2025-04-26 17:00:00,43,26193699.0,76,727,0.0985,128212732.0,24,2,Salaried,Family,Mobile,0,0.06560010889369756,CASH_LOAN,0.9682933194342644,298.0,0,0.02476066581961011,11625072.532477945,40,1,0.0,1,0.8290973628645035,0.019985703944875862,0.039677463422149686,APPROVE,70000000.0,POLICY_PASS,504.6786008096007,220.2997286741537,268.46336096220926,36.591607791789144,58.764588509863856,1088.7978867476165
APP-42-011562,2025-04-26 18:00:00,33,16243700.0,39,578,0.2095,53475212.0,12,0,Salaried,Rented,Partner,1,0.13247327091433386,BNPL,0.903417287352021,313.0,1,0.0028325254447446957,6427232.000940308,51,1,0.0,0,,0.04583209572481411,0.08135024920522742,APPROVE,25000000.0,POLICY_PASS,645.7446636594997,351.24765508524,190.18869255922195,35.3119560009942,39.40649857421671,1261.8994658791728
APP-42-011563,2025-04-26 19:00:00,24,47559498.0,43,677,0.2363,30998970.0,36,1,Salaried,Rented,Partner,0,0.037703348358225676,BNPL,0.7096742832332098,130.0,0,0.058705027904953196,21998088.756432813,44,0,0.0,0,,0.06270734932615624,0.02907007239650878,APPROVE,25000000.0,POLICY_PASS,463.81542316097114,312.422145458217,250.82393367256725,28.78413834143211,35.23018377424532,1091.0758244074327
APP-42-011564,2025-04-26 20:00:00,32,16508907.0,8,637,0.5642,49569151.0,12,3,Salaried,Mortgage,Mobile,0,0.2879891293489275,BNPL,0.8230697713701772,91.0,0,0.14081018733417797,6391373.532475413,45,1,0.0,2,0.8991730251420847,0.05047601691152181,0.20111908255745883,REVIEW,23022661.34592,ENHANCED_DUE_DILIGENCE,655.5552172500148,348.2938080149071,326.1831122040806,60.786957994022416,53.93458967043178,1444.7536851334567
APP-42-011565,2025-04-26 21:00:00,40,30985106.0,118,669,0.0651,126149989.0,12,1,Salaried,Owned,Mobile,0,0.05746293109151043,CASH_LOAN,0.9058813927586888,250.0,0,0.08019551331314095,14155261.464440301,47,1,0.0,0,,0.03035068730395427,0.03639365003454764,APPROVE,70000000.0,POLICY_PASS,796.8644189067735,218.10302714919544,311.8253744814505,39.019591087747706,52.606205617028266,1418.4186172421955
APP-42-011566,2025-04-26 22:00:00,37,20315685.0,41,625,0.1791,77395670.0,24,3,Salaried,Family,Branch,0,0.13338737726271616,BNPL,0.9430884445995671,70.0,0,0.03390621094949843,8828255.384972798,51,1,0.0,0,,0.022770563511738444,0.0837153350348699,APPROVE,25000000.0,POLICY_PASS,718.4988690441095,382.7349599790194,257.0833106326148,35.47066552915865,44.08459100421338,1437.8723961891155
APP-42-011567,2025-04-26 23:00:00,36,52117247.0,73,614,0.5297,33907265.0,12,2,Salaried,Rented,Mobile,0,0.15101802490433028,BNPL,0.9170140932363361,266.0,0,0.019875185187429915,26773209.220439367,35,1,0.0,1,0.8187108000421917,0.02432004676119904,0.09557867348123432,APPROVE,25000000.0,POLICY_PASS,527.3321385136804,343.07111824739997,283.85832303888895,26.225910441619046,39.59806985020484,1220.0855600917935
APP-42-011568,2025-04-27 00:00:00,37,27236195.0,100,678,0.1961,75738182.0,12,1,Salaried,Owned,Mobile,0,0.04448245266127255,BNPL,0.9859131391365334,150.0,0,0.10129004212243851,15440763.314409958,56,1,0.0,0,,0.02327182340368149,0.027971722490878693,APPROVE,25000000.0,POLICY_PASS,698.066120658302,348.3106123430127,151.2315859013475,31.836613346433136,47.86530565897888,1277.3102379080742
APP-42-011569,2025-04-27 01:00:00,42,18462829.0,43,541,0.5177,43983607.0,12,2,Self-employed,Owned,Partner,1,0.28679881810413954,BNPL,0.9493213638581727,316.0,0,0.0273265406951589,2177814.1762617743,47,0,0.0,2,0.804351426484539,0.021770890935482567,0.22691858357060196,REVIEW,25000000.0,ENHANCED_DUE_DILIGENCE,411.55892190878313,236.80377727437735,250.46289805425047,33.79979569278831,34.40511758858007,967.0305105187792
APP-42-011570,2025-04-27 02:00:00,35,16314119.0,11,740,0.596,24902714.0,12,1,Salaried,Family,Partner,0,0.06590296231974098,CASH_LOAN,0.877793770959833,91.0,0,0.12277816487675594,3849647.218325264,45,1,0.0,0,,0.03847916369328384,0.043342435673418514,APPROVE,21090893.0432,POLICY_PASS,846.7760103484192,243.052432310335,335.4078951213168,25.707505878520134,52.29017151845689,1503.2340151770481
APP-42-011571,2025-04-27 03:00:00,39,17848454.0,74,648,0.086,102429839.0,12,2,Salaried,Rented,Partner,0,0.15470036948713636,CASH_LOAN,0.991227914010102,215.0,1,0.04774274051268407,8810613.629409097,39,1,0.0,4,0.8203933772775864,0.03661733221341786,0.09916723445642343,APPROVE,52203158.25920001,POLICY_PASS,310.9556346066309,347.86297872388207,300.3610669601948,26.260144920262157,42.999389731795276,1028.4392149427654
APP-42-011572,2025-04-27 04:00:00,26,12078213.0,120,600,0.5286,75991371.0,24,1,Salaried,Rented,Mobile,0,0.26532098081897715,CASH_LOAN,0.8500177376678919,156.0,0,0.050283041823228916,3336894.8843412763,47,1,0.0,0,,0.03491750272886782,0.17949375986070687,REVIEW,18219742.74624,CREDIT_OR_AFFORDABILITY,797.9994900820695,297.6215511324623,233.54500423387813,28.176320129547072,28.03151435382898,1385.3738799317862
APP-42-011573,2025-04-27 05:00:00,58,8488268.0,82,667,0.332,30431040.0,12,2,Salaried,Rented,Partner,0,0.12795762957263934,CASH_LOAN,0.9298558089101154,224.0,2,0.13574292284856765,5552504.662182648,48,1,0.0,0,,0.10927524024282874,0.08640580448448705,APPROVE,18144521.676799998,POLICY_PASS,491.00848700771496,256.5269300634128,297.5448646863876,25.929437946002892,62.99499031899377,1134.0047100225122
APP-42-011574,2025-04-27 06:00:00,32,21331316.0,65,590,0.2083,99456732.0,12,2,Self-employed,Owned,Mobile,0,0.16606726160203072,CASH_LOAN,0.8277796797706186,489.0,1,0.23417900894668212,12215592.699760603,49,0,0.0,1,0.789244327446132,0.11669182862339234,0.14518219341053096,REVIEW,54041609.207040004,CREDIT_OR_AFFORDABILITY,776.7172155684291,228.14080241962336,342.3233841948827,33.33254024760729,49.27102125824629,1429.7849636887886
APP-42-011575,2025-04-27 07:00:00,37,13422556.0,82,646,0.11,12926615.0,18,2,Self-employed,Mortgage,Mobile,0,0.08659193145595401,BUSINESS_LOAN,0.732706218727877,408.0,1,0.011860920947387344,6222851.930559185,52,0,85661421.051824,2,0.7707592531246847,0.09180574998281152,0.06402541685354493,APPROVE,12926615.0,POLICY_PASS,447.3584796051081,472.0647909461112,316.27199964915576,29.881676706901125,40.306179060809136,1305.8831259680853
APP-42-011576,2025-04-27 08:00:00,40,13402957.0,89,646,0.4463,54042210.0,24,5,Salaried,Owned,Partner,1,0.2466422625316797,CASH_LOAN,0.9527286113192829,99.0,1,0.024006833811986556,7963450.980835531,44,1,0.0,0,,0.039946817818253356,0.16361182668917418,REVIEW,23747895.330880005,CREDIT_OR_AFFORDABILITY,359.9657137325308,487.5194205679012,243.16440719892236,9.890685376173064,61.31464712225046,1161.854873997778
APP-42-011577,2025-04-27 09:00:00,31,17141623.0,49,731,0.2018,227379181.0,18,1,Salaried,Rented,Partner,0,0.10296611036474117,CASH_LOAN,0.8689837768573244,314.0,1,0.04484704719417091,8956374.378681656,46,1,0.0,0,,0.05923444661026017,0.0648846720925258,APPROVE,43783819.13152,POLICY_PASS,547.4676590304533,150.58290795006994,289.3430906062489,25.968000222732456,51.329181387080986,1064.6908391965856
APP-42-011578,2025-04-27 10:00:00,35,18524509.0,121,660,0.3204,202666856.0,18,1,Self-employed,Rented,Branch,0,0.1545574359350403,CASH_LOAN,0.8838932527037312,267.0,0,0.07060563040244242,9165585.21926693,31,1,0.0,0,,0.032278755991171644,0.10401950342550295,APPROVE,40285620.21248,POLICY_PASS,621.5393505111933,288.49113876882456,302.0526658017169,25.885169527600123,46.92477435320973,1284.8930989625446
APP-42-011579,2025-04-27 11:00:00,35,18073171.0,58,559,0.3759,45038826.0,12,2,Self-employed,Mortgage,Mobile,0,0.19990786283255682,BNPL,0.8893757860985284,56.0,0,0.010748497090520072,5501620.513433152,48,1,0.0,1,0.8789678870342666,0.026516006567162475,0.12362954830199988,REVIEW,25000000.0,CREDIT_OR_AFFORDABILITY,1020.7950754964588,171.0630745725654,267.4099473094695,29.432628758341565,60.225503142902696,1548.926229279738
APP-42-011580,2025-04-27 12:00:00,27,46825794.0,92,682,0.5234,306549937.0,18,0,Salaried,Rented,Mobile,0,0.11169270833520896,BUSINESS_LOAN,0.860831724587073,423.0,0,0.08582290389055705,8601535.353217078,58,1,257930220.39439523,0,,0.037039605253122124,0.07108115471794718,APPROVE,100000000.0,POLICY_PASS,676.2898390018324,401.96511075658236,238.04506241397766,23.415635727432417,61.2984439813701,1401.0140918811949
APP-42-011581,2025-04-27 13:00:00,39,25911334.0,26,692,0.3941,80564316.0,24,2,Salaried,Mortgage,Branch,0,0.10783917288273881,CASH_LOAN,0.9180059845415731,336.0,3,0.010674478143642734,5100246.431102761,53,1,0.0,0,,0.1450949938854587,0.06562019009221662,APPROVE,50238967.265920006,POLICY_PASS,564.8776874322675,470.52667352337306,141.1362208492563,43.12285540916551,44.40184600828706,1264.0652832223495
APP-42-011582,2025-04-27 14:00:00,20,57378538.0,51,524,0.5677,48285604.0,12,2,Salaried,Family,Partner,0,0.18739962776988042,BNPL,0.9310991459254602,183.0,0,0.0748505283207178,41355431.60914648,43,1,0.0,0,,0.026960159428315193,0.12544385993410226,REVIEW,25000000.0,CREDIT_OR_AFFORDABILITY,617.6474212456463,220.4047254196351,419.05714096435463,29.064147726728493,56.764168440655844,1342.9376037970205
APP-42-011583,2025-04-27 15:00:00,51,14138860.0,31,554,0.4687,63345806.0,24,3,Salaried,Owned,Mobile,1,0.32050507031485537,CASH_LOAN,0.8061012035504244,203.0,0,0.017345273365113184,8305310.414790408,55,1,0.0,0,,0.037921083353250964,0.2152706647205872,REVIEW,24038324.217600003,ENHANCED_DUE_DILIGENCE,510.9670953642917,366.9560720648998,250.6917924076092,36.78577172854586,57.653207423073525,1223.05393898842
APP-42-011584,2025-04-27 16:00:00,42,27699604.0,69,785,0.4401,41251795.0,18,1,Salaried,Family,Partner,0,0.04147239052793848,CASH_LOAN,0.9423155052798555,344.0,1,0.02071665000455075,12803179.510684447,37,1,0.0,0,,0.0412659832102505,0.025485419859045524,APPROVE,41251795.0,POLICY_PASS,717.5652434696809,456.65125034192056,241.36911785708497,30.520582725151613,39.08563554341711,1485.1918299372553
APP-42-011585,2025-04-27 17:00:00,41,14577728.0,25,616,0.1247,92790166.0,6,0,Salaried,Rented,Mobile,0,0.1502982308670367,CASH_LOAN,0.9388710356462182,171.0,1,0.012228612411503652,4160164.5374860493,40,1,0.0,1,0.8839878609011976,0.040833082598672445,0.09209753298391535,APPROVE,40831633.01888,POLICY_PASS,563.6302525594293,390.4949017543847,222.77035285422585,43.80328191740119,40.499512342757086,1261.198301428198
APP-42-011586,2025-04-27 18:00:00,20,13220243.0,83,618,0.1972,45020682.0,36,0,Contract,Owned,Mobile,0,0.0938435844938609,CASH_LOAN,0.7894643247828258,435.0,1,0.019359546810433507,8051725.999651402,37,0,0.0,1,0.8585307828705949,0.07532212455514228,0.07013469672976429,APPROVE,33962275.45728,POLICY_PASS,629.0405820719022,467.3429595350907,211.15398259259297,37.25860830522627,42.098076060997705,1386.8942085658098
APP-42-011587,2025-04-27 19:00:00,28,58581574.0,72,637,0.2305,66514880.0,9,4,Salaried,Rented,Mobile,0,0.1161245428317309,CASH_LOAN,0.8486757514014827,103.0,2,0.19751382174762241,29975598.900066655,46,1,0.0,2,0.6538297990687872,0.17194617156513808,0.08396408071032305,APPROVE,66514880.0,POLICY_PASS,692.6939362263062,341.0181540034178,244.64625561396804,44.21625136332894,41.83186007952738,1364.4064572865482
APP-42-011588,2025-04-27 20:00:00,48,11797530.0,47,594,0.3671,47074587.0,18,1,Self-employed,Owned,Mobile,0,0.1353384719389175,CASH_LOAN,0.9035380488416671,39.0,1,0.035686966455406775,7517153.391494023,44,0,0.0,0,,0.05031634758108168,0.10519462146215076,APPROVE,23893301.558400005,POLICY_PASS,583.7993686111263,535.4363329313973,265.64783469215365,25.941169799611842,46.07763220228629,1456.9023382365754
APP-42-011589,2025-04-27 21:00:00,65,5274680.0,87,512,0.505,18810310.0,36,2,Salaried,Rented,Mobile,0,0.24742982011735534,BUSINESS_LOAN,0.8875493106298001,227.0,0,0.02035910699826462,1308830.9441593958,44,1,31484905.40678757,1,0.880445728382001,0.027474719391001858,0.15852664591570664,REVIEW,17316697.973733164,CREDIT_OR_AFFORDABILITY,631.4188666314228,155.5387582755706,289.8808308742217,26.04027545220671,51.50402667808985,1154.3827579115116
APP-42-011590,2025-04-27 22:00:00,46,12194678.0,26,559,0.0897,37178845.0,36,0,Salaried,Mortgage,Branch,0,0.08644376592755473,CASH_LOAN,0.8808480166352479,48.0,0,0.1299221085739806,6038284.248352487,38,1,0.0,0,,0.0387987660569671,0.05833709156971108,APPROVE,35522609.22688001,POLICY_PASS,628.9087792714018,158.2764211726925,266.45042682777336,46.210430911639165,61.15926642205913,1161.0053246055659
APP-42-011591,2025-04-27 23:00:00,44,5964312.0,82,594,0.1891,51928846.0,24,1,Salaried,Mortgage,Mobile,0,0.0983232502810929,BNPL,0.9238007256689953,158.0,0,0.07262917687358049,1607307.7744447966,45,1,0.0,1,0.7834625731793751,0.02759667097930903,0.06258722958136147,APPROVE,15476673.92256,POLICY_PASS,955.1333101287432,391.37408895640954,260.2170894534932,30.229449585196118,58.139925918083414,1695.0938640419256
APP-42-011592,2025-04-28 00:00:00,40,10666876.0,28,604,0.0733,52531096.0,12,0,Contract,Family,Mobile,0,0.08846339680776563,BUSINESS_LOAN,0.9315045518262905,383.0,0,0.06256915577015117,3817233.3558385046,59,0,65558494.17511242,0,,0.025967177872001083,0.0673192955561094,APPROVE,36057171.79631183,POLICY_PASS,223.49338272309842,259.36399512910674,286.1111138395512,34.580450774635565,44.1734938708866,847.7224363372784
APP-42-011593,2025-04-28 01:00:00,27,11224575.0,35,585,0.3551,95967507.0,12,0,Salaried,Mortgage,Mobile,0,0.1661468574698332,BUSINESS_LOAN,0.8461034988294174,127.0,0,0.10786189691067823,6708393.342732743,55,1,77714502.1224618,0,,0.04188464045346571,0.11033843566581496,APPROVE,42742976.16735399,POLICY_PASS,367.39431783791895,309.7339576518488,204.71995138467017,34.02485318206885,43.661129056984514,959.5342091134912
APP-42-011594,2025-04-28 02:00:00,44,18352700.0,100,533,0.5174,81236597.0,24,1,Self-employed,Rented,Branch,0,0.2719482218525286,CASH_LOAN,0.9052756561715841,76.0,1,0.15400181407028707,7737549.813164287,38,0,0.0,0,,0.06977489610025006,0.2368081500187255,REVIEW,28342441.664000005,ENHANCED_DUE_DILIGENCE,826.7141555658244,331.2872861045143,203.3869298873584,35.522466355585195,40.84574741498904,1437.7565853282715
APP-42-011595,2025-04-28 03:00:00,25,5830447.0,101,600,0.5266,44037477.0,24,3,Contract,Rented,Branch,0,0.34343180111363003,CASH_LOAN,0.9005772773494563,260.0,1,0.0549362041298287,1916417.6851380058,45,0,0.0,0,,0.0537778371522184,0.284583971470755,REVIEW,8832427.551360002,ENHANCED_DUE_DILIGENCE,709.2882762450432,269.63903003666485,142.45474180410937,34.61153816676012,44.247721866796674,1200.241308119374
APP-42-011596,2025-04-28 04:00:00,24,34748815.0,69,720,0.3796,42229238.0,36,0,Salaried,Mortgage,Mobile,0,0.04450648451760181,BNPL,0.9667616799080792,58.0,0,0.04872211087027385,24947204.899442255,45,1,0.0,1,0.8831566529505421,0.0215787193040681,0.026467890421239076,APPROVE,25000000.0,POLICY_PASS,484.02701459529567,156.35868326889184,275.3517847502016,39.67050574062717,51.457016188307186,1006.8650045433235
APP-42-011597,2025-04-28 05:00:00,24,6415383.0,168,592,0.2836,63198079.0,12,0,Salaried,Owned,Mobile,0,0.09200408425386448,CASH_LOAN,0.9026664327292409,188.0,0,0.03345745234573091,3616428.0692743678,48,1,0.0,0,,0.026835521790151327,0.05703770157067856,APPROVE,14707137.21984,POLICY_PASS,553.8346315470022,489.74454463186015,158.51524918723487,37.866810944357674,39.84604000538348,1279.8072763158384
APP-42-011598,2025-04-28 06:00:00,44,16778676.0,128,627,0.4841,46405284.0,12,1,Salaried,Mortgage,Branch,0,0.12409447758494938,CASH_LOAN,0.9677563735641325,502.0,0,0.020478526976111595,3504265.1706069536,49,1,0.0,0,,0.01977931213818889,0.0771399603937859,APPROVE,27699580.634880003,POLICY_PASS,460.61994950797754,357.50751335429777,226.11404735946437,20.730132036366257,43.30222760330432,1108.2738698614103
APP-42-011599,2025-04-28 07:00:00,34,15060669.0,46,744,0.1496,41536569.0,36,0,Salaried,Rented,Partner,0,0.05437904126038733,CASH_LOAN,0.9589946509424568,36.0,1,0.04784695295078591,8088399.115565304,56,1,0.0,3,0.9958157180633399,0.041716909922599126,0.030747320079459663,APPROVE,40984297.336320005,POLICY_PASS,654.9910235470948,484.2856243954979,185.92738989285743,28.939291159094772,56.111124993325014,1410.2544539878702
APP-42-011600,2025-04-28 08:00:00,36,28341140.0,28,591,0.3584,33063972.0,18,1,Self-employed,Owned,Mobile,0,0.09662113507414107,CASH_LOAN,0.9118518034023658,191.0,1,0.001437472830283689,4726608.057488118,35,1,0.0,1,0.9327200908943161,0.04413071463941537,0.05710396660651793,APPROVE,33063972.0,POLICY_PASS,601.4302780819933,373.0714739476659,226.61757110329643,34.84076338999338,23.43425304054653,1259.3943395634956
APP-42-011601,2025-04-28 09:00:00,35,21839507.0,82,850,0.104,44096270.0,24,1,Salaried,Rented,Mobile,0,0.03510855560405887,CASH_LOAN,0.7669971055485943,294.0,0,0.12319304225022319,4879665.133488625,49,1,0.0,1,0.9024838565453885,0.05998458189680868,0.021669938383739675,APPROVE,44096270.0,POLICY_PASS,584.3859543882729,300.6294641169057,104.95572944309959,21.598297546405803,48.96689899955564,1060.5363444942395
APP-42-011602,2025-04-28 10:00:00,25,34575726.0,60,704,0.5769,78450905.0,18,1,Salaried,Family,Mobile,0,0.09273475282709011,BNPL,0.7658601283238764,287.0,2,0.190634057438578,8540316.812593995,45,1,0.0,2,0.9120781839946355,0.22361714261695542,0.06172584450811,REVIEW,25000000.0,ENHANCED_DUE_DILIGENCE,769.7372040416759,350.57252506943814,345.9736738929872,19.73289175717334,42.39514204104061,1528.4114368023152
APP-42-011603,2025-04-28 11:00:00,29,14754859.0,74,646,0.0926,28999288.0,24,1,Contract,Family,Mobile,0,0.07042987643967298,BNPL,0.8759275004663194,274.0,2,0.004143269855127042,1322742.7231697112,48,1,0.0,1,0.9419449727563285,0.0939386003757615,0.040095075103146485,APPROVE,25000000.0,POLICY_PASS,452.7224978718085,468.7336074469586,291.31033339855264,26.328402490582523,43.11176544031178,1282.2066066482141
APP-42-011604,2025-04-28 12:00:00,29,13939981.0,78,622,0.7302,77279804.0,9,1,Contract,Mortgage,Partner,0,0.3284653128292682,BNPL,0.928822527596206,325.0,2,0.024943919309632565,7660414.840408441,51,1,0.0,1,0.8207113595234102,0.08119480497384464,0.2201761935328842,REVIEW,12035221.996160002,ENHANCED_DUE_DILIGENCE,481.23791154491073,447.8092562837121,189.21294935036642,27.168092467267687,51.49891082717159,1196.9271204734287
APP-42-011605,2025-04-28 13:00:00,22,22587729.0,32,737,0.2305,325113598.0,9,0,Salaried,Owned,Branch,0,0.06066659861187163,BUSINESS_LOAN,0.8516013666345471,152.0,0,0.11509294043272779,4370866.223520465,63,1,104437420.40413806,2,0.9149790130229117,0.04182857762447744,0.03647570788791311,APPROVE,57440581.222275935,POLICY_PASS,687.1435543440473,448.8494051748281,154.51372946045925,30.35101453026823,41.87035020017896,1362.728053709782
APP-42-011606,2025-04-28 14:00:00,30,31703681.0,27,590,0.2095,40046557.0,12,3,Self-employed,Mortgage,Mobile,0,0.13210682307535224,CASH_LOAN,0.9552084657111098,44.0,0,0.06802798253817526,6928753.137897513,47,1,0.0,2,0.9429299776456945,0.023944247330720606,0.08103880483647531,APPROVE,40046557.0,POLICY_PASS,1020.3491178849697,368.7443912856846,202.9122263190063,32.149556809660076,39.08779148282434,1663.2430837821448
APP-42-011607,2025-04-28 15:00:00,25,28336756.0,75,609,0.6829,47619400.0,24,0,Salaried,Rented,Partner,1,0.15446302324167907,CASH_LOAN,0.9076528720136546,357.0,0,0.06078344172020376,14368150.972543303,58,0,0.0,0,,0.028476348804977052,0.1196836221835189,APPROVE,28753873.04832001,POLICY_PASS,436.6163310971434,322.9357336640592,383.33866268593,34.31957613344629,65.63423253599794,1242.8445361165768
APP-42-011608,2025-04-28 16:00:00,40,21485313.0,74,756,0.2288,41818157.0,12,0,Salaried,Rented,Mobile,0,0.04008950132088773,BNPL,0.8937162732058616,256.0,0,0.15675932841061174,14393875.158350803,33,0,0.0,0,,0.03979787225000665,0.033922810743948074,APPROVE,25000000.0,POLICY_PASS,781.8117427628104,396.49473787895204,155.31352146845845,38.939900844283606,62.03014233626522,1434.5900452907697
APP-42-011609,2025-04-28 17:00:00,41,20457225.0,21,613,0.3589,68733556.0,12,0,Salaried,Mortgage,Mobile,0,0.1431097467732917,CASH_LOAN,0.8972120094610373,240.0,0,0.006017430555174794,10681144.46748023,45,1,0.0,1,0.7206688088723064,0.025326823787652167,0.090184387977399,APPROVE,41968406.232,POLICY_PASS,887.3881953770896,365.0025057357862,141.62333052485963,34.5760839062613,51.264927296523204,1479.8550428405201
APP-42-011610,2025-04-28 18:00:00,23,17644299.0,35,606,0.1295,45424623.0,12,0,Salaried,Family,Branch,0,0.06767596734460514,CASH_LOAN,0.9531542570555175,217.0,0,0.027781326818629062,3957321.6495576687,43,0,0.0,1,0.9191877479625167,0.021459307627309993,0.04908507286628208,APPROVE,45424623.0,POLICY_PASS,792.9557592939043,507.0501283544433,233.79687554286954,31.977674111759303,30.453648190908844,1596.2340854938855
APP-42-011611,2025-04-28 19:00:00,32,22552216.0,27,592,0.1694,47552448.0,12,4,Contract,Owned,Partner,0,0.17852311685125652,BNPL,0.7698265408915738,512.0,0,0.17686972073974666,7498008.676902022,44,1,0.0,0,,0.0689672750500247,0.1271125835183615,REVIEW,25000000.0,CREDIT_OR_AFFORDABILITY,730.8494285393341,236.74968176092904,361.6729384279529,47.481172442122826,61.841775325859686,1438.5949964961987
APP-42-011612,2025-04-28 20:00:00,52,55124028.0,55,501,0.2742,20454522.0,18,0,Contract,Owned,Mobile,0,0.06476603239463823,CASH_LOAN,0.9508667687266452,121.0,1,0.04371327367384338,27943332.8941622,49,0,0.0,0,,0.04259455207953251,0.049255210800859095,APPROVE,20454522.0,POLICY_PASS,570.4053615774616,387.7764037535367,198.9550911827489,49.097344486969774,46.40416058181798,1252.638361582535
APP-42-011613,2025-04-28 21:00:00,26,15751828.0,51,713,0.4189,47100736.0,24,2,Salaried,Rented,Partner,0,0.13352928111911624,CASH_LOAN,0.8604412518086365,168.0,1,0.17467151474976397,11478381.714365117,56,1,0.0,1,0.9091144543780413,0.08787684182144799,0.0875567906456397,APPROVE,29290839.202559996,POLICY_PASS,514.3241522376671,203.1257677695292,235.77428824452474,37.76652288207577,59.34466648837238,1050.3353976221692
APP-42-011614,2025-04-28 22:00:00,39,14730235.0,14,637,0.1301,25820564.0,12,1,Salaried,Rented,Partner,0,0.10133214327543441,BUSINESS_LOAN,0.9062303891773403,249.0,0,0.027230787370203097,8774360.322401429,38,1,102273902.3852618,3,0.6300269857042617,0.025970627485999133,0.06616829313272658,APPROVE,25820564.0,POLICY_PASS,552.9386271268554,233.46436072844278,306.46797640684207,18.561062187273567,52.12850216936349,1163.5605286187772
APP-42-011615,2025-04-28 23:00:00,36,14122807.0,55,717,0.6987,34102453.0,18,2,Salaried,Owned,Mobile,0,0.16285192850191554,CASH_LOAN,0.9464532681726997,554.0,1,0.006746363869952283,8757040.88170256,37,1,0.0,1,0.9108060633463855,0.03898306782148294,0.09980962613931696,APPROVE,13616645.597120002,POLICY_PASS,677.7505852125537,260.32470202911617,246.76796565876526,41.60082269707194,29.79292361922251,1256.2369992167296
APP-42-011616,2025-04-29 00:00:00,45,22298664.0,63,628,0.5591,119415102.0,18,1,Self-employed,Owned,Mobile,1,0.27530888382221264,BNPL,0.851336887739699,259.0,0,0.01587478828995756,3428079.4151780335,42,1,0.0,1,0.8826101306004048,0.03143205011568564,0.17876623708232015,REVIEW,25000000.0,ENHANCED_DUE_DILIGENCE,608.1205435241882,337.44023882103846,252.86942784043023,45.14312648663981,48.165638272778644,1291.7389749450754
APP-42-011617,2025-04-29 01:00:00,38,5603615.0,65,610,0.291,31351077.0,36,1,Contract,Rented,Mobile,0,0.13004534368955037,CASH_LOAN,0.8292191891853895,83.0,0,0.013151983791459931,676986.643678563,42,0,0.0,1,0.8473872745735433,0.034116415809328525,0.09718422638334352,APPROVE,12713481.712000003,POLICY_PASS,708.1807730453767,363.6408264164068,180.03369727388667,39.230872614862164,44.79516875675274,1335.881338107285
APP-42-011618,2025-04-29 02:00:00,31,16711345.0,27,592,0.3952,43453381.0,24,1,Salaried,Rented,Mobile,0,0.13350168905393914,CASH_LOAN,0.8964441175145859,332.0,0,0.005124005894778922,1608598.5226614804,51,1,0.0,2,0.7405394732037086,0.02534027764183439,0.08236305389387143,APPROVE,32342468.6592,POLICY_PASS,622.1181605343937,303.241630340549,298.48657231240617,25.857474121395622,52.06586046422369,1301.7696977729684
APP-42-011619,2025-04-29 03:00:00,36,29216322.0,52,689,0.0696,80639913.0,24,2,Salaried,Owned,Partner,0,0.06920919404231296,BUSINESS_LOAN,0.934996313043183,168.0,2,0.10602899839707433,8807936.652346214,50,0,87236027.31778148,0,,0.0989543294910844,0.05497259756725276,APPROVE,47979815.02477982,POLICY_PASS,541.3836568980685,259.9161509500918,324.508571953667,22.129361048074866,55.19750548856414,1203.1352463384662
APP-42-011620,2025-04-29 04:00:00,36,13476465.0,112,582,0.3605,46176918.0,12,1,Salaried,Rented,Mobile,0,0.15085439243962226,CASH_LOAN,0.9508618794760795,52.0,1,0.1238299472030678,4584796.19659026,44,1,0.0,0,,0.0535485958092492,0.10265715731958722,APPROVE,27578237.976,POLICY_PASS,646.9769034771729,286.77299942703803,341.04415659474404,28.14291419260763,40.95898562632581,1343.8959593178884
APP-42-011621,2025-04-29 05:00:00,34,19946612.0,108,668,0.5455,80158072.0,12,1,Salaried,Family,Mobile,0,0.11167931658022558,CASH_LOAN,0.987446865360776,217.0,2,0.04805376503316538,2591389.245879283,45,1,0.0,3,0.9061694016192661,0.06893817848541403,0.06789318311472219,APPROVE,29010352.492800005,POLICY_PASS,616.0030836094356,180.8713596731281,186.16595524752537,29.271558072528574,39.58800618196884,1051.8999627845867
APP-42-011622,2025-04-29 06:00:00,23,57426523.0,35,643,0.3542,165958216.0,36,3,Self-employed,Mortgage,Mobile,0,0.15256868714141536,CASH_LOAN,0.8927643481246985,374.0,0,0.04102952130379408,35548360.01579057,53,1,0.0,2,0.9163677380185864,0.02856695552170026,0.0923952792314407,APPROVE,70000000.0,POLICY_PASS,720.8703274258448,392.10132155621744,268.66504887198704,29.835921504139492,21.680054019866773,1433.1526733780554
APP-42-011623,2025-04-29 07:00:00,46,21601261.0,105,565,0.2062,74019101.0,18,1,Salaried,Rented,Mobile,0,0.1280981206567939,CASH_LOAN,0.9343504518230873,686.0,0,0.18599765954002556,16022767.070175773,46,0,0.0,2,0.9777465947091224,0.03674631293039778,0.10305736899788999,APPROVE,54870659.14176001,POLICY_PASS,498.01173033243674,409.47260846084595,150.11807284136177,42.555466361631616,44.99562377338125,1145.1535017696574
APP-42-011624,2025-04-29 08:00:00,45,5252988.0,40,608,0.274,24454751.0,18,2,Salaried,Rented,Mobile,0,0.1286295767971059,BNPL,0.8459736395301004,138.0,0,0.13287036535274244,1984530.4177252369,35,1,0.0,1,0.8446752557799945,0.04502453051409467,0.08652044911794471,APPROVE,12203741.7216,POLICY_PASS,588.8773837636132,396.3718368815634,204.59553994402006,25.650284944871373,51.93077229583325,1267.4258178299012
APP-42-011625,2025-04-29 09:00:00,26,8289050.0,93,641,0.6224,104302321.0,12,0,Self-employed,Owned,Mobile,0,0.23455510027497092,BNPL,0.9721297774394966,258.0,0,0.06814363316275439,6153327.817559044,41,0,0.0,0,,0.022345876005813368,0.19175309929458048,REVIEW,10015824.896000002,ENHANCED_DUE_DILIGENCE,811.1118456293514,434.61345899600985,177.01705007252076,30.621846920100772,45.71317705498972,1499.0773786729726
APP-42-011626,2025-04-29 10:00:00,32,15678964.0,73,618,0.2927,44015038.0,24,2,Salaried,Family,Branch,0,0.09281102784019077,BNPL,0.9592683054870544,1482.0,0,0.10226760482460061,5990111.303351251,45,1,0.0,0,,0.02603017023630188,0.0607631247726906,APPROVE,25000000.0,POLICY_PASS,628.3967377046947,456.0165456348133,298.3875298100725,43.2799247086471,39.32707595100046,1465.4078138092282
APP-42-011627,2025-04-29 11:00:00,33,11568287.0,54,776,0.2807,16403372.0,24,1,Salaried,Rented,Partner,0,0.04765681057519042,CASH_LOAN,0.9603663529089669,227.0,0,0.07310093272815464,4307705.339346227,48,1,0.0,1,0.735400508260458,0.02379409982484673,0.02998267065271385,APPROVE,16403372.0,POLICY_PASS,684.1742220988328,225.98416910155498,235.86617605585192,27.232808323950493,42.579365338918535,1215.8367409191085
APP-42-011628,2025-04-29 12:00:00,25,19053152.0,66,657,0.5926,25955283.0,9,0,Salaried,Mortgage,Branch,0,0.0998814834814837,CASH_LOAN,0.8733332800986248,226.0,1,0.08587295801441329,3755316.8802765673,53,1,0.0,2,0.7391303778957072,0.06535206361033416,0.06405128956349454,APPROVE,24839213.199359998,POLICY_PASS,660.635368993666,236.0100905621566,259.2733846118537,31.367423078244368,49.103736417207784,1236.3900036631285
APP-42-011629,2025-04-29 13:00:00,20,15307684.0,10,626,0.1748,47698743.0,9,0,Contract,Owned,Branch,0,0.11000054439010726,CASH_LOAN,0.7273576760285202,218.0,0,0.07754866284199134,10105562.965940041,58,0,0.0,0,,0.0616727695465675,0.08521013202733221,APPROVE,40422082.677760005,POLICY_PASS,682.4114706098134,215.27996102320188,371.7942507605493,39.31553162599199,45.40547529416458,1354.206689313721
APP-42-011630,2025-04-29 14:00:00,29,34182407.0,88,614,0.1626,85165979.0,24,1,Contract,Rented,Branch,0,0.09750112241567341,CASH_LOAN,0.9239794525559045,269.0,0,0.01650461403406306,18467390.046652306,44,1,0.0,0,,0.023403228596000074,0.06031719840560291,APPROVE,70000000.0,POLICY_PASS,554.9990535942824,219.2909799446293,288.08657434360185,36.33565278962421,19.658540755021257,1118.370801427159
APP-42-011631,2025-04-29 15:00:00,32,9876315.0,24,623,0.31,43101088.0,24,2,Self-employed,Rented,Branch,1,0.17756641109198593,BUSINESS_LOAN,0.8466051730364134,71.0,1,0.07354954326944764,2202603.580661683,45,0,52927145.25261728,0,,0.07010398704288222,0.14273456338645044,REVIEW,29109929.888939504,CREDIT_OR_AFFORDABILITY,530.0159277862073,337.4926174173166,334.4811687610736,22.115645333986055,46.935583353371875,1271.0409426519554
APP-42-011632,2025-04-29 16:00:00,22,16058641.0,114,596,0.282,65352539.0,18,3,Self-employed,Owned,Partner,1,0.17156571771324675,BNPL,0.9046702663304607,319.0,0,0.041803386605159844,9070793.066945361,49,1,0.0,0,,0.027273034665638345,0.11044353540439907,REVIEW,25000000.0,CREDIT_OR_AFFORDABILITY,424.64320748575915,279.0223911089658,275.189388836859,18.14572417596031,50.84635771552429,1047.8470693230688
APP-42-011633,2025-04-29 17:00:00,37,20284640.0,68,581,0.4628,41141458.0,18,1,Salaried,Owned,Partner,0,0.14771306632163245,CASH_LOAN,0.7811696201788348,208.0,0,0.1091187759899455,4145930.6718623615,52,1,0.0,2,0.9010184581127718,0.05449778991311625,0.0940533664745289,APPROVE,34870107.545600004,POLICY_PASS,409.35554364313646,308.7952422494389,196.78801568462953,32.929394828547395,43.19531040656952,991.0635068123219
APP-42-011634,2025-04-29 18:00:00,45,21714836.0,27,683,0.2379,183601580.0,24,0,Self-employed,Rented,Mobile,0,0.12502196987449646,BNPL,0.9129240458627915,156.0,0,0.09530877382533101,7436539.994814624,41,0,0.0,1,0.8879598955103071,0.0308179644790339,0.0977378967608592,APPROVE,25000000.0,POLICY_PASS,434.2103453472805,207.66488862022692,150.99831655101107,38.952584080650496,61.90265186673322,893.7287864659022
APP-42-011635,2025-04-29 19:00:00,43,19513658.0,88,751,0.1355,34731909.0,18,1,Salaried,Rented,Mobile,0,0.04011160181473747,CASH_LOAN,0.9404432302252678,219.0,0,0.04205010539308741,4233080.920119296,42,1,0.0,0,,0.02357499685016963,0.024780299131066726,APPROVE,34731909.0,POLICY_PASS,518.4073930834973,413.13010102357,135.69790432058113,40.46751019999256,26.705484354512727,1134.4083929821536
APP-42-011636,2025-04-29 20:00:00,34,4778714.0,56,608,0.395,134624990.0,24,1,Salaried,Rented,Branch,0,0.24412560219062332,CASH_LOAN,0.817214566795637,185.0,1,0.01651538709188303,976652.0971848755,40,1,0.0,0,,0.06705988299445774,0.16208363490275143,REVIEW,9251590.304,CREDIT_OR_AFFORDABILITY,620.161932369934,231.20138673220652,235.00220957221518,38.54574074755021,52.885926750870546,1177.7971961727762
APP-42-011637,2025-04-29 21:00:00,20,18843771.0,77,671,0.5547,54131546.0,12,2,Salaried,Owned,Branch,0,0.11803951078555434,BNPL,0.8993439290470103,194.0,2,0.03963569580598872,10913266.91710986,57,1,0.0,0,,0.09463271892146496,0.07307400188926148,APPROVE,25000000.0,POLICY_PASS,613.0699599024216,326.86961482288706,190.86726875295096,28.753207830816827,31.434730310393576,1190.99478161947
APP-42-011638,2025-04-29 22:00:00,41,16567730.0,50,592,0.8568,71454886.0,18,3,Salaried,Rented,Mobile,0,0.3863701372045922,CASH_LOAN,0.8314531481940151,535.0,0,0.03494924041355187,3467313.1030374914,43,1,0.0,0,,0.03601099775203915,0.27540219912214636,REVIEW,7591996.595199999,ENHANCED_DUE_DILIGENCE,335.79392611962584,326.1955157082481,120.36374259648936,12.511683268250056,56.19033330023016,851.0552009928434
APP-42-011639,2025-04-29 23:00:00,36,28951793.0,82,647,0.463,10549020.0,36,0,Salaried,Family,Mobile,0,0.045717128326770766,BUSINESS_LOAN,0.8894681927860316,548.0,0,0.05973718087839133,18208863.41770506,38,0,186431626.4828979,1,0.8480539131279609,0.030573979315393914,0.03475359469153759,APPROVE,10549020.0,POLICY_PASS,529.2390888540814,301.3162816882671,311.56917491532977,42.855555050137724,42.80659372329781,1227.7866942311139
APP-42-011640,2025-04-30 00:00:00,39,26789377.0,36,546,0.3941,155200616.0,9,0,Salaried,Owned,Branch,0,0.19355417946205739,CASH_LOAN,0.7576798152624314,239.0,0,0.01240696266933079,9626570.014470538,41,0,0.0,0,,0.04543234015528183,0.15125726064384762,REVIEW,51941387.27776,CREDIT_OR_AFFORDABILITY,620.9282538134219,241.5451204754539,127.69695720078406,35.26507095929165,45.176812912512325,1070.6122153614638
APP-42-011641,2025-04-30 01:00:00,52,20549492.0,43,579,0.579,29371609.0,9,4,Self-employed,Family,Branch,1,0.3103508793340193,BNPL,0.8499504075182758,235.0,0,0.0609857241336126,14952216.874133307,50,0,0.0,1,0.8353898051490587,0.03602561396812758,0.2491114092650861,REVIEW,25000000.0,ENHANCED_DUE_DILIGENCE,680.2312762379966,416.7383793045166,264.89308104631215,34.07590524006419,24.44160462236982,1420.3802464512594
APP-42-011642,2025-04-30 02:00:00,28,21383338.0,73,576,0.4934,85836182.0,12,2,Contract,Family,Mobile,0,0.23917035596090985,BNPL,0.7749338177419222,148.0,0,0.013556779083004863,5441057.317737631,44,1,0.0,0,,0.04253134310471704,0.1570867552840683,REVIEW,25000000.0,CREDIT_OR_AFFORDABILITY,804.1334384129008,172.7735477846753,274.2178737063223,17.103003577315825,37.1274229145106,1305.3552863957248
APP-42-011643,2025-04-30 03:00:00,20,37870879.0,115,630,0.6239,36107974.0,12,1,Salaried,Owned,Mobile,0,0.08714578669668101,CASH_LOAN,0.7890030834125651,414.0,0,0.07441018127277695,26019459.348699544,48,1,0.0,2,0.8075062653080574,0.04785314654309212,0.05460703237097543,APPROVE,36107974.0,POLICY_PASS,620.7790875590509,459.42952858412366,229.0443005873001,24.60857099777213,44.562837836232156,1378.424325564479
APP-42-011644,2025-04-30 04:00:00,26,33887107.0,54,556,0.2292,22760316.0,24,0,Self-employed,Owned,Mobile,1,0.07381763355145886,CASH_LOAN,0.8934380108471464,244.0,1,0.08604645541113876,24053286.41450037,31,0,0.0,2,0.7567318435750146,0.06040935726999167,0.05986349326371509,APPROVE,22760316.0,POLICY_PASS,582.6847974344365,239.15318543752858,201.22929500848528,31.04877834838616,49.043593093119476,1103.1596493219558
APP-42-011645,2025-04-30 05:00:00,39,20942998.0,84,479,0.3117,98816814.0,24,1,Salaried,Owned,Mobile,1,0.15654712077264035,BNPL,0.9116938228816612,353.0,0,0.07310191801967084,7145086.500131143,34,1,0.0,0,,0.0290344395900561,0.10505102296154677,REVIEW,25000000.0,CREDIT_OR_AFFORDABILITY,310.44672081003336,341.42589112742684,265.68656209419703,43.84901234735655,67.33611520210061,1028.7443015811143
APP-42-011646,2025-04-30 06:00:00,35,58577567.0,80,541,0.302,38635293.0,12,0,Self-employed,Family,Partner,0,0.0874915219368907,BNPL,0.9838459711729868,114.0,0,0.06437377470861746,29327174.90664081,52,0,0.0,1,0.9571124201682186,0.021061300776473182,0.06371446481590631,APPROVE,25000000.0,POLICY_PASS,837.293061368651,402.5843598570336,323.9009270745712,36.09604737339926,53.60855907277776,1653.4829547464328
APP-42-011647,2025-04-30 07:00:00,24,12741492.0,110,627,0.2266,51044900.0,12,2,Self-employed,Family,Mobile,0,0.11627045653437963,CASH_LOAN,0.7744179368073708,147.0,1,0.14691142515020833,8243930.233783569,43,1,0.0,0,,0.11286336752538839,0.07950815828016666,APPROVE,31533663.72096,POLICY_PASS,440.2800331741927,308.7734406024578,273.75301035845354,34.719127915248805,61.60413276127168,1119.1297448116245
APP-42-011648,2025-04-30 08:00:00,22,9378108.0,29,583,0.2591,45152907.0,24,2,Self-employed,Owned,Partner,0,0.19643256819026586,CASH_LOAN,0.9738146116471614,533.0,0,0.0030296697831383402,6681732.3718521865,46,0,0.0,1,0.7625297779659218,0.018326109768468386,0.1509424184707889,REVIEW,22234368.695040002,CREDIT_OR_AFFORDABILITY,590.430799628622,296.8328026735901,246.61610870300612,26.03194607722832,22.104995205483483,1182.01665228793
APP-42-011649,2025-04-30 09:00:00,32,17893023.0,65,598,0.126,16825435.0,12,2,Salaried,Rented,Mobile,0,0.10186273089343316,CASH_LOAN,0.8590747465727077,758.0,1,0.015919683782622956,11354294.76524113,51,1,0.0,4,0.876549729364645,0.05676717566142341,0.06010235575805354,APPROVE,16825435.0,POLICY_PASS,784.8771205737343,290.0247801824297,205.82763738033503,24.55605338207608,35.267060630551285,1340.5526521491263
APP-42-011650,2025-04-30 10:00:00,24,14654923.0,62,659,0.505,25012128.0,18,0,Contract,Mortgage,Partner,0,0.1366677744564511,BNPL,0.7969227390758593,593.0,0,0.09491037076434965,7061671.229298073,32,1,0.0,1,0.8152076401518057,0.04915631338994129,0.09107111929556057,APPROVE,23213398.032,POLICY_PASS,511.8866766012918,242.74860830670588,258.8652558524565,18.25447632172643,42.77697069611916,1074.5319877782997
APP-42-011651,2025-04-30 11:00:00,40,4638699.0,65,581,0.1753,14406196.0,18,0,Salaried,Mortgage,Partner,0,0.09720538057637337,BNPL,0.8097210639595942,297.0,0,0.04335630766335123,2105399.8077916936,56,1,0.0,3,0.8803814284997785,0.040281042287801064,0.05774352852984354,APPROVE,12241712.20896,POLICY_PASS,508.948197315116,290.7038356543385,286.79326356993556,13.991550668670925,44.89073991699909,1145.32758712506
APP-42-011652,2025-04-30 12:00:00,31,12573134.0,39,634,0.3312,30123790.0,12,0,Salaried,Rented,Branch,0,0.11569994573829498,CASH_LOAN,0.9585444421600553,344.0,0,0.0696603287978192,6581119.548216767,49,0,0.0,0,,0.023732164957931554,0.09074674812471262,APPROVE,26908518.461440004,POLICY_PASS,616.6587408061522,299.45400178796996,309.6547024704205,36.43902703282251,56.637779354530224,1318.8442514518954
APP-42-011653,2025-04-30 13:00:00,29,21744125.0,55,794,0.3091,151717937.0,12,1,Salaried,Rented,Mobile,0,0.08636575047308079,BNPL,0.829777242299094,18.0,0,0.08128787106163168,10415224.673032368,41,1,0.0,3,0.9359899151387656,0.041439394467539255,0.05311741758138432,APPROVE,25000000.0,POLICY_PASS,417.9557656003677,268.8801673639801,262.99050246064695,19.027064668669205,65.64196294763153,1034.4954630412956
APP-42-011654,2025-04-30 14:00:00,28,17434596.0,93,613,0.2177,120932904.0,36,0,Salaried,Rented,Partner,1,0.18628238548471612,CASH_LOAN,0.8584778490406567,115.0,0,0.08079978806763964,2735936.4287555204,41,0,0.0,0,,0.03685518015283166,0.15177460604023899,REVIEW,43645070.24256,CREDIT_OR_AFFORDABILITY,630.4688099028257,185.98639511963444,205.2745296406803,35.736138268785425,35.74177632679792,1093.2076492587237
APP-42-011655,2025-04-30 15:00:00,37,11743712.0,30,625,0.2007,189984663.0,12,3,Salaried,Owned,Branch,0,0.2382086102380546,CASH_LOAN,0.9317898745097766,160.0,3,0.011867448131230774,3869679.513739783,56,1,0.0,1,0.7822731701114649,0.13848682806005494,0.15183158402894906,REVIEW,30037596.805120006,CREDIT_OR_AFFORDABILITY,694.1113754600747,298.3203459223002,213.72892059606323,23.27807130227431,35.248079394815974,1264.6867926755285
APP-42-011656,2025-04-30 16:00:00,35,18423938.0,72,667,0.1804,104536064.0,18,0,Self-employed,Family,Partner,0,0.07389496455975281,BNPL,0.8899027195795771,405.0,1,0.06301310680027143,12307456.822495589,40,0,0.0,2,0.7301187716361961,0.05740246775359914,0.058408023166608744,APPROVE,25000000.0,POLICY_PASS,814.6922299153788,434.45689296259997,289.23246736349034,15.774950709858473,38.15412359204255,1592.3106645433702
APP-42-011657,2025-04-30 17:00:00,37,19260601.0,48,581,0.3204,67458850.0,12,2,Contract,Rented,Mobile,1,0.18038815564043145,BNPL,0.9245864423398631,175.0,0,0.046581470465389144,1932527.995057906,36,0,0.0,1,0.9172802356618016,0.02549322733990287,0.13871931368605595,REVIEW,25000000.0,CREDIT_OR_AFFORDABILITY,659.2979529376967,550.1019654389752,212.08430970827428,25.620725981254935,47.85781103451991,1494.962765100721
APP-42-011658,2025-04-30 18:00:00,37,26673289.0,63,597,0.3889,144920844.0,24,3,Self-employed,Mortgage,Mobile,0,0.2509517824627885,BUSINESS_LOAN,0.9897911570468237,231.0,0,0.005603613932105077,14346942.970207443,40,0,181731362.1189069,1,0.9143514671199992,0.017287854905716375,0.1909814925431504,REVIEW,99952249.16539879,CREDIT_OR_AFFORDABILITY,618.4842426688157,436.8578725800535,194.7735043291745,21.513679029054632,21.400901672116817,1293.030200279215
APP-42-011659,2025-04-30 19:00:00,34,12648598.0,46,633,0.2659,40259009.0,18,0,Salaried,Rented,Branch,0,0.10823512070780814,BUSINESS_LOAN,0.9276886916623475,202.0,1,0.05133872874263115,2987349.77525674,36,1,43599098.120391436,1,0.7716786488533626,0.04777602552733638,0.06953228815017568,APPROVE,23979503.96621529,POLICY_PASS,805.2424393573651,267.66959082751384,208.81589545650937,26.05060408674558,51.15142392309544,1358.9299536512294
APP-42-011660,2025-04-30 20:00:00,26,29107416.0,93,654,0.1595,147146824.0,18,2,Salaried,Rented,Mobile,1,0.13840296420233958,BUSINESS_LOAN,0.9199806420461163,281.0,0,0.09320950010101284,12994959.926562302,36,1,200503253.2207134,0,,0.02976254270244784,0.09315463422911978,APPROVE,100000000.0,POLICY_PASS,586.1446161936069,340.20416590511,340.6554300147145,35.06055112785433,54.18555956231864,1356.2503228036044
APP-42-011661,2025-04-30 21:00:00,28,9880055.0,27,573,0.1229,57838320.0,12,1,Salaried,Rented,Partner,1,0.1331196518593985,BUSINESS_LOAN,0.9483315061504064,629.0,0,0.04950662787293769,7142086.944779654,30,1,32436247.368583467,0,,0.023328548550077387,0.08774196213486908,APPROVE,17839936.052720908,POLICY_PASS,289.2185523736074,304.0116495562153,172.7570539342293,27.523886985545637,67.7170130648903,861.2281559144881
APP-42-011662,2025-04-30 22:00:00,31,13646928.0,64,680,0.3455,55849148.0,36,0,Salaried,Rented,Mobile,1,0.0734490451046563,CASH_LOAN,0.8280177481120503,120.0,1,0.19885661017173462,4865637.003206267,49,1,0.0,1,0.9441075538748632,0.10611016330039533,0.048018148035713394,APPROVE,28582126.00320001,POLICY_PASS,680.3297860913351,292.4349569632952,236.25082154236117,37.010059245624895,37.922051585377886,1283.9476754279942
APP-42-011663,2025-04-30 23:00:00,54,45824460.0,97,751,0.1048,56802658.0,12,0,Salaried,Rented,Mobile,0,0.02127299944659706,BNPL,0.8878715189054899,167.0,0,0.051521886268640606,10593881.862614295,43,1,0.0,3,0.7564662958985237,0.030046710708408867,0.013085061919967965,APPROVE,25000000.0,POLICY_PASS,602.9017627781716,299.951048593574,239.9736217285257,34.61196576033528,43.79046925569796,1221.2288681163045
APP-42-011664,2025-05-01 00:00:00,23,10249603.0,66,502,0.1797,134619312.0,18,2,Salaried,Rented,Partner,1,0.373646558226908,CASH_LOAN,0.9155822054688775,276.0,1,0.10276719994892915,1058732.4962774336,31,1,0.0,0,,0.05802287491119789,0.2795833841995171,REVIEW,26904797.890880004,ENHANCED_DUE_DILIGENCE,526.4589363634099,329.29768986285046,367.89204334178413,32.464100331603184,48.9048275149405,1305.0175974145882
APP-42-011665,2025-05-01 01:00:00,31,12529047.0,34,668,0.2536,209589887.0,6,0,Salaried,Family,Mobile,0,0.11447562134491342,CASH_LOAN,0.9575076463876138,252.0,0,0.06528846401006844,8823196.76054721,45,1,0.0,0,,0.02353002532778668,0.07365520146336003,APPROVE,29925378.178560004,POLICY_PASS,502.31815199979235,316.3555088764774,60.0,52.42321536628122,51.42887193334352,982.5257481758945
APP-42-011666,2025-05-01 02:00:00,36,9035495.0,33,633,0.0753,24226350.0,12,2,Salaried,Owned,Partner,1,0.10214978035651455,CASH_LOAN,0.8959053481366224,69.0,2,0.07711627654983633,3525678.1434365776,41,1,0.0,2,0.9604874235585191,0.10607707241679266,0.06262774422081192,APPROVE,24226350.0,POLICY_PASS,525.8389535523721,406.70627259056823,190.63847020898334,47.56423693493992,50.10939878132263,1220.8573320681862
APP-42-011667,2025-05-01 03:00:00,32,11420103.0,63,619,0.416,105754654.0,24,1,Self-employed,Mortgage,Mobile,1,0.18602328445843758,CASH_LOAN,0.8774759838849201,280.0,0,0.1711277887305506,6758445.305566378,61,0,0.0,0,,0.04427644993551007,0.15515689983298625,REVIEW,21341888.486400004,CREDIT_OR_AFFORDABILITY,793.2389806990332,296.49392758302605,242.7104465556633,26.241139521924445,51.82006379718482,1410.5045581568318
APP-42-011668,2025-05-01 04:00:00,45,19423263.0,18,663,0.1485,46617822.0,36,3,Self-employed,Mortgage,Partner,0,0.10913385038263987,CASH_LOAN,0.9342151349142144,286.0,0,0.05689977056501508,11129998.362531949,56,1,0.0,0,,0.025258630980425655,0.06824636612599512,APPROVE,46617822.0,POLICY_PASS,425.29819524072406,281.50116812261723,174.1813226889172,33.63932774434211,42.164375450609654,956.7843892472104
APP-42-011669,2025-05-01 05:00:00,32,26548414.0,74,739,0.5674,53889605.0,18,1,Salaried,Family,Partner,0,0.05272288057554125,BUSINESS_LOAN,0.7997992793865781,177.0,0,0.023406828800445995,19500631.373389985,58,1,84121489.34219095,1,0.8904830315676701,0.03958419163331653,0.030057285379419,APPROVE,46266819.13820503,POLICY_PASS,826.627447910335,212.06472652440962,178.96673655016923,26.770532491447607,40.591892984170784,1285.021336460532
APP-42-011670,2025-05-01 06:00:00,33,17816425.0,22,659,0.0856,57502930.0,18,0,Salaried,Rented,Mobile,0,0.08285536747412871,BNPL,0.9645532514938678,47.0,0,0.04065938159355736,10787074.128495127,44,1,0.0,2,0.9136222207883434,0.02126610063614502,0.049464945880908516,APPROVE,25000000.0,POLICY_PASS,584.7457595376213,533.7421423849037,122.72265036734655,18.253782273541198,51.91972326316645,1311.384057826579
APP-42-011671,2025-05-01 07:00:00,42,15056237.0,28,709,0.2246,104870611.0,36,2,Salaried,Owned,Branch,0,0.09116257052757233,BNPL,0.8832807575006181,286.0,0,0.014436950171431965,10458510.078341274,52,1,0.0,0,,0.027479033712529594,0.055320920869072136,APPROVE,25000000.0,POLICY_PASS,779.3790061614027,408.9940952744152,204.4070570094786,44.01565661819089,61.288949221727684,1498.0847642852152
APP-42-011672,2025-05-01 08:00:00,51,9087012.0,126,637,0.2224,23014066.0,36,1,Contract,Family,Partner,0,0.07350519424717773,BUSINESS_LOAN,0.7413671657313713,215.0,0,0.1940255104168892,1474374.3599030657,39,1,27541017.455469247,1,0.8635928695551665,0.08078969145182659,0.04994435391658539,APPROVE,15147559.600508086,POLICY_PASS,850.4336707381201,346.4019344553931,205.01626984221085,46.519004568614875,31.709129863369782,1480.0800094677088
APP-42-011673,2025-05-01 09:00:00,48,12066705.0,113,666,0.0851,22803635.0,9,1,Salaried,Rented,Partner,0,0.05839276093278205,CASH_LOAN,0.7169594021780843,110.0,0,0.26227079716714974,5752518.481599232,55,0,0.0,3,0.9341560179372005,0.10674616177272403,0.048617158441295535,APPROVE,22803635.0,POLICY_PASS,363.78526952305737,378.39397460885334,275.84753342817993,35.39572220282198,36.96888492623168,1090.3913846891446
APP-42-011674,2025-05-01 10:00:00,34,7691010.0,43,601,0.4537,57818319.0,24,0,Salaried,Owned,Mobile,0,0.15438154295309864,CASH_LOAN,0.8374110655039186,316.0,0,0.03705672422881063,1467630.930637714,49,1,0.0,0,,0.03536741736988711,0.09833627760067078,APPROVE,13445116.041600002,POLICY_PASS,513.5086268116963,313.64097224848484,171.55411682212764,33.48113831827967,37.01989937184,1069.2047535724284
APP-42-011675,2025-05-01 11:00:00,35,26990354.0,101,643,0.2255,21276159.0,36,1,Salaried,Family,Branch,0,0.0230714364828766,BNPL,0.9522428634558974,104.0,1,0.09970043690211071,12564140.768872473,39,1,0.0,4,0.4544151384045826,0.04972145032142843,0.01621664679870333,APPROVE,21276159.0,POLICY_PASS,614.9971946489586,297.22076316670666,212.8109259388422,31.891935974902854,71.83577645449627,1228.7565961839066
APP-42-011676,2025-05-01 12:00:00,35,28042242.0,34,620,0.1391,62093518.0,12,2,Self-employed,Rented,Mobile,0,0.10909098330121951,CASH_LOAN,0.9566639851004872,221.0,2,0.17861819340406823,2540692.529916769,53,0,0.0,1,0.8132440544888478,0.110845452114364,0.08980079641029705,APPROVE,62093518.0,POLICY_PASS,813.1005033772273,145.058537588486,277.639943750434,41.270808122231166,58.748914980293904,1335.8187078186722
APP-42-011677,2025-05-01 13:00:00,36,17603990.0,75,648,0.591,105595389.0,18,2,Contract,Rented,Partner,0,0.3518512554869019,CASH_LOAN,0.9164806729272956,207.0,0,0.06272581649814639,4715708.756519759,36,0,0.0,1,0.6664041726017916,0.02762443579611711,0.30242249695497164,REVIEW,23040102.112000003,ENHANCED_DUE_DILIGENCE,553.6424455353023,285.934521312112,198.36007504322106,23.149326301746548,42.62929227404352,1103.7156604664253
APP-42-011678,2025-05-01 14:00:00,27,22946600.0,105,521,0.2379,72742625.0,12,1,Salaried,Owned,Partner,1,0.1442875491035546,BNPL,0.9405467340696466,318.0,1,0.015806503189032227,9002344.800763132,48,1,0.0,2,0.9006682022946221,0.04097807483807255,0.08671098538718294,APPROVE,25000000.0,POLICY_PASS,802.7106210501887,214.13554789574602,209.0687227132433,25.201446208230895,47.32228610901581,1298.4386239764247
APP-42-011679,2025-05-01 15:00:00,43,29145475.0,37,560,0.4877,70732629.0,24,2,Salaried,Owned,Mobile,0,0.18600365961138718,BUSINESS_LOAN,0.8626888358524154,430.0,1,0.033327269123916335,10420652.2629292,53,1,160651224.1836081,0,,0.05878353767960651,0.11897275120156207,APPROVE,70732629.0,POLICY_PASS,685.5413020442587,272.49834027139815,303.979823543946,26.327773143411385,50.42095955057888,1338.768198553593
APP-42-011680,2025-05-01 16:00:00,37,19030380.0,21,726,0.1981,32062054.0,18,0,Self-employed,Owned,Mobile,0,0.04088351715989038,CASH_LOAN,0.8122282686415402,301.0,2,0.08475422690473038,2590318.306834707,42,1,0.0,0,,0.147154412503259,0.02606579372689312,APPROVE,32062054.0,POLICY_PASS,693.0555542213477,330.2832234999245,301.6928452473807,20.771164244091132,35.674988663171575,1381.4777758759155
APP-42-011681,2025-05-01 17:00:00,35,38739418.0,59,740,0.4657,161049839.0,12,2,Contract,Rented,Partner,0,0.14844868495802196,BNPL,0.9014072889330442,147.0,0,0.15565120213279032,18408507.89388163,45,0,0.0,1,0.803045971719606,0.03845853627180151,0.12335931850709013,REVIEW,25000000.0,CREDIT_OR_AFFORDABILITY,823.7980025777603,352.27514805306,200.7794733562937,35.98760617723064,38.255695131694786,1451.0959252960395
APP-42-011682,2025-05-01 18:00:00,24,10250083.0,36,515,0.3798,127512687.0,18,1,Salaried,Owned,Branch,1,0.27204132045716917,BNPL,0.7835189313192292,525.0,0,0.011284413532642375,3565160.608132921,35,1,0.0,0,,0.040819229636323034,0.18379763028754673,REVIEW,20342724.72512,ENHANCED_DUE_DILIGENCE,572.9333577767197,413.06814123866866,163.87488114246418,25.323131358316832,31.61056079614022,1206.8100723123096
APP-42-011683,2025-05-01 19:00:00,36,14858961.0,38,599,0.452,130729410.0,6,0,Salaried,Rented,Mobile,1,0.32584177461386044,CASH_LOAN,0.966525487874245,113.0,0,0.025716267222561227,7247921.277557959,45,0,0.0,0,,0.020188278918910015,0.26448902025084875,REVIEW,26056674.009600002,ENHANCED_DUE_DILIGENCE,597.0809300007821,318.25577885414634,289.5519649469932,27.11536452533085,39.03711760078592,1271.0411559280385
APP-42-011684,2025-05-01 20:00:00,20,13917034.0,27,586,0.4375,80629202.0,24,2,Self-employed,Owned,Partner,1,0.3462650165816029,CASH_LOAN,0.9210183921368537,74.0,1,0.016585820074538942,4482031.287293764,53,0,0.0,2,0.8506627696503847,0.04442462187586049,0.2720479020409114,REVIEW,25050661.200000003,ENHANCED_DUE_DILIGENCE,559.3127325529716,170.3286879932553,177.67615820242844,42.08767849697477,60.095728336624205,1009.5009855822544
APP-42-011685,2025-05-01 21:00:00,30,25696446.0,7,658,0.5361,29084836.0,12,0,Salaried,Rented,Branch,0,0.14277742671088942,CASH_LOAN,0.8300953203303676,435.0,0,0.03775227673292027,19138345.29976113,45,1,0.0,0,,0.036504104723197324,0.09119782208447244,APPROVE,29084836.0,POLICY_PASS,741.7306683156559,268.32041510193557,248.9060286026653,37.932300151114106,52.26144849444262,1349.1508606658135
APP-42-011686,2025-05-01 22:00:00,30,8179197.0,40,634,0.6711,23813599.0,12,2,Salaried,Family,Mobile,0,0.17838117240631732,CASH_LOAN,0.8138536019506303,218.0,1,0.0372395572810759,5460621.129565749,43,1,0.0,0,,0.07199326239302828,0.1160453982136022,APPROVE,8608441.25856,POLICY_PASS,463.8214029609517,219.80633149649333,208.08471360865613,53.773019208276324,47.86351187265036,993.3489791470279
APP-42-011687,2025-05-01 23:00:00,38,39915223.0,43,689,0.1607,120137398.0,12,1,Self-employed,Owned,Mobile,0,0.0651415364267718,CASH_LOAN,0.9468656742642865,773.0,1,0.2551818020809801,17205220.066159125,45,1,0.0,0,,0.07861681278434406,0.0470906009372826,APPROVE,70000000.0,POLICY_PASS,282.1313105920847,183.2301355215809,336.00306940960945,33.02283952609707,20.17810008391327,854.5654551332854
APP-42-011688,2025-05-02 00:00:00,52,24516532.0,34,543,0.5134,40164605.0,12,0,Salaried,Owned,Mobile,1,0.16899099666423312,CASH_LOAN,0.9250414520089114,101.0,0,0.01748524927321492,12479483.812988713,32,1,0.0,0,,0.023368547781338723,0.1102018207946921,APPROVE,38175182.307840005,POLICY_PASS,635.2316148459265,314.7569030767317,171.42358144398446,41.01155874762628,35.66026303377264,1198.0839211480418
APP-42-011689,2025-05-02 01:00:00,40,47135843.0,27,665,0.2224,22113739.0,24,1,Self-employed,Rented,Mobile,0,0.032307424331638246,CASH_LOAN,0.7566648432009916,277.0,0,0.007143014128893664,17529434.112573404,43,1,0.0,2,0.9205591141353604,0.0449349614111158,0.01840732289983187,APPROVE,22113739.0,POLICY_PASS,493.27183866452754,271.98080070591925,282.41920769850043,37.6460685553268,33.8099014960272,1119.1278171203012
APP-42-011690,2025-05-02 02:00:00,48,17602793.0,89,616,0.3627,11217548.0,6,5,Salaried,Owned,Mobile,0,0.16519679526560188,CASH_LOAN,0.8644117797654205,261.0,1,0.03787073327185559,7508732.589193401,43,1,0.0,0,,0.059138306321734994,0.10691424877947245,APPROVE,11217548.0,POLICY_PASS,629.5845730603612,182.55551902688472,333.03186366022896,42.77190088017886,34.31487952367518,1222.258736151329
APP-42-011691,2025-05-02 03:00:00,41,13299097.0,66,587,0.2093,110150397.0,12,0,Self-employed,Family,Partner,0,0.155787940732311,CASH_LOAN,0.8592487555339546,65.0,0,0.02229959804523585,8558790.111172466,32,1,0.0,0,,0.031009957322338955,0.1013618838566041,APPROVE,33649907.193280004,POLICY_PASS,573.9620522772594,259.94782900472455,189.18070729919484,33.54498886732242,53.755250380517715,1110.390827829019
APP-42-011692,2025-05-02 04:00:00,45,25836290.0,22,672,0.5253,113924316.0,36,0,Self-employed,Owned,Branch,0,0.10589338322363853,BNPL,0.963487581458612,79.0,1,0.0449250329939766,5812672.762968065,47,1,0.0,1,0.8688535680719647,0.040625999592859216,0.06450370310878857,APPROVE,25000000.0,POLICY_PASS,581.7253857042963,333.7420041249587,136.5374336044131,20.470046042054157,49.16140007294462,1121.636269548667
APP-42-011693,2025-05-02 05:00:00,52,31727460.0,61,622,0.634,233559715.0,12,1,Self-employed,Rented,Partner,1,0.311702728207971,CASH_LOAN,0.910104044927427,365.0,0,0.1012069012834539,17565575.65990471,42,0,0.0,1,0.923328447768737,0.03171255642510221,0.2540240819936585,REVIEW,37159201.152,ENHANCED_DUE_DILIGENCE,509.58872369847086,406.1610980191386,285.0728180855061,33.10741946405614,30.96913374556344,1264.8991930127352
APP-42-011694,2025-05-02 06:00:00,28,12151350.0,31,633,0.4887,63414460.0,18,1,Salaried,Family,Mobile,0,0.13336280717600887,BUSINESS_LOAN,0.8008292139019029,111.0,0,0.05000070013184164,8017766.533910702,46,0,65123551.93885216,2,0.710110166495002,0.04255460573074553,0.10535610543854158,APPROVE,35817953.56636869,POLICY_PASS,1212.0384985802953,397.98574982597347,371.6151784501262,29.99186122583924,42.67422610300068,2054.305514185235
APP-42-011695,2025-05-02 07:00:00,28,5999605.0,85,736,0.4121,58777159.0,12,2,Salaried,Rented,Mobile,1,0.09414348864731983,CASH_LOAN,0.9862215079236069,128.0,0,0.07166825259781151,1238558.4351879838,45,1,0.0,0,,0.021308183969266342,0.0603520916053356,APPROVE,11286936.8944,POLICY_PASS,383.9564468291476,240.25887859003578,331.7189454161341,33.53807071020543,42.2991692120721,1031.7715107575948
APP-42-011696,2025-05-02 08:00:00,41,6592455.0,34,645,0.5957,14778640.0,6,0,Salaried,Owned,Mobile,0,0.13616785692722877,BNPL,0.9790719846862771,113.0,0,0.12382676351740843,3223732.2530040117,56,1,0.0,1,0.8127973857962497,0.025565287534008604,0.08863156007628588,APPROVE,8529054.5808,POLICY_PASS,440.93812678558845,493.252935641109,266.5925836314153,35.36196931664591,46.0627376197255,1282.2083529944844
APP-42-011697,2025-05-02 09:00:00,35,20782961.0,93,780,0.5051,109823903.0,6,1,Salaried,Family,Mobile,0,0.07212334339631563,CASH_LOAN,0.985190691272722,326.0,0,0.0036222182952244182,3962268.6659582676,43,1,0.0,0,,0.017516603385474342,0.04382215599041557,APPROVE,32913559.676480003,POLICY_PASS,630.8384723586483,297.54696120245796,204.8781283794728,28.868020302145798,57.471269718521455,1219.6028519612464
APP-42-011698,2025-05-02 10:00:00,37,41991866.0,90,472,0.3597,48582680.0,24,2,Salaried,Owned,Mobile,0,0.1141513690541029,BNPL,0.7978331206363277,429.0,0,0.11698241061630407,9484852.020163437,50,1,0.0,1,0.849974095818237,0.05215594212891421,0.07335389358513765,APPROVE,25000000.0,POLICY_PASS,558.9555932593601,361.746160956022,259.92914464955055,34.45468195341505,28.851707705062978,1243.9372885234106
APP-42-011699,2025-05-02 11:00:00,33,8801397.0,70,639,0.0378,53578021.0,12,2,Self-employed,Mortgage,Partner,0,0.1339430741651945,BNPL,0.9862631857565958,232.0,1,0.06277670785007701,5743648.251992412,47,1,0.0,0,,0.039016400602945575,0.08639620672446477,APPROVE,25000000.0,POLICY_PASS,707.0662445918191,239.02224554845344,278.382855779612,22.925770910703548,40.488635797532396,1287.8857526281206
APP-42-011700,2025-05-02 12:00:00,30,15495819.0,34,560,0.1545,32401018.0,12,2,Contract,Rented,Mobile,0,0.18234888499455185,BNPL,0.965972081624901,286.0,0,0.09340160178504815,11582643.51937718,52,1,0.0,0,,0.0246774603051959,0.12137612263290798,REVIEW,25000000.0,CREDIT_OR_AFFORDABILITY,667.7966650245975,296.1921158594297,218.10605845975542,45.13792027731806,57.361231987628656,1284.593991608729
APP-42-011701,2025-05-02 13:00:00,50,14860765.0,46,573,0.5218,52107937.0,24,1,Self-employed,Owned,Partner,1,0.21364645845334912,CASH_LOAN,0.9162908456865975,117.0,0,0.09735324745592551,4662968.456075801,41,1,0.0,0,,0.030579701907479533,0.14715781095312028,REVIEW,22740537.0336,CREDIT_OR_AFFORDABILITY,776.9576190752815,265.8268039685563,102.23774201746699,28.92183805005589,54.70979699373999,1228.6538001051006
APP-42-011702,2025-05-02 14:00:00,25,51762420.0,50,593,0.4145,68060654.0,24,2,Salaried,Mortgage,Branch,0,0.10651099938280677,CASH_LOAN,0.935992556956895,214.0,2,0.05575896777330808,18842782.071237557,47,1,0.0,2,0.6482412784901895,0.08596789092637158,0.0695554037340624,APPROVE,68060654.0,POLICY_PASS,813.9659348909076,294.660247739623,150.01122344265752,23.748726492387227,43.818872426435526,1326.205004992011
APP-42-011703,2025-05-02 15:00:00,41,62343189.0,57,706,0.2398,43805588.0,9,1,Salaried,Rented,Mobile,0,0.03939568261059978,CASH_LOAN,0.9347702559056338,654.0,0,0.14334652389829977,18486403.319230612,34,1,0.0,1,0.9123202594585824,0.03242084977686705,0.025379842988011818,APPROVE,43805588.0,POLICY_PASS,510.3282757347539,487.48444604989663,274.06735360972414,18.316733486328708,44.551445071167024,1334.7482539518705
APP-42-011704,2025-05-02 16:00:00,40,22733071.0,98,611,0.3063,21901568.0,18,1,Salaried,Rented,Mobile,0,0.06838689533462373,BNPL,0.9496020268263047,222.0,1,0.07442329758402355,10349634.608728625,40,0,0.0,1,0.9026630767039581,0.04675019265620954,0.05182247376827653,APPROVE,21901568.0,POLICY_PASS,504.68150843414304,350.7959839965138,203.16432367777205,22.22657355643852,48.081525533137615,1128.949915198005
APP-42-011705,2025-05-02 17:00:00,21,29496510.0,43,558,0.49,94055503.0,12,1,Salaried,Mortgage,Mobile,0,0.1514429012285855,CASH_LOAN,0.937786822767969,130.0,0,0.007101227314294573,18642917.91978607,51,0,0.0,0,,0.021511929073518992,0.11455829609014002,APPROVE,48138304.32,POLICY_PASS,623.3360323288324,321.24360631667815,255.22861981761912,11.7890652011348,41.440832423621195,1253.0381560878857
APP-42-011706,2025-05-02 18:00:00,28,29048917.0,84,688,0.2056,74692254.0,9,1,Salaried,Rented,Mobile,0,0.0639604144032376,CASH_LOAN,0.8528342487390093,100.0,1,0.001152528573683727,5853303.464399042,34,1,0.0,2,0.7567522487077974,0.05580621097974403,0.0392578483199372,APPROVE,70000000.0,POLICY_PASS,564.5363450694764,209.8110844778311,200.2513603844164,31.235534434620533,53.56869792967809,1059.4030222960223
APP-42-011707,2025-05-02 19:00:00,29,8901278.0,25,555,0.1958,45781043.0,24,1,Self-employed,Family,Mobile,1,0.147239813153801,BNPL,0.9149245393862913,281.0,0,0.09496949525164636,4288028.308769076,53,1,0.0,1,0.9337453088348161,0.03053784868772283,0.09184504141151324,APPROVE,22906904.85632,POLICY_PASS,680.4929206874751,317.6226788916787,297.39825279183503,26.644612615989548,50.32998144433829,1372.4884464313166
APP-42-011708,2025-05-02 20:00:00,40,26431578.0,36,760,0.3218,138006503.0,24,1,Contract,Rented,Branch,0,0.07498720366250877,BUSINESS_LOAN,0.8263501559743768,526.0,0,0.04950246023591113,16373852.213472169,44,0,135354450.85094824,3,0.6298418183670887,0.038340145483520514,0.0599559961859631,APPROVE,74444947.96802154,POLICY_PASS,763.6334572383383,277.4963801075446,298.2304492139482,25.823498835973034,44.66571244683093,1409.8494978426352
APP-42-011709,2025-05-02 21:00:00,32,10273710.0,32,547,0.3231,46965390.0,24,0,Salaried,Family,Mobile,0,0.135284406688214,BNPL,0.8042297573785963,87.0,3,0.03007959183723445,2203961.368838938,46,1,0.0,1,0.9619467900391034,0.224866878988554,0.08068725640026288,REVIEW,22253677.756800003,ENHANCED_DUE_DILIGENCE,580.7669368867051,287.35962729540415,326.8166762896869,29.542838779051156,35.6458542823804,1260.1319335332278
APP-42-011710,2025-05-02 22:00:00,34,16379443.0,84,619,0.5328,62635801.0,12,0,Salaried,Owned,Branch,0,0.14927653688540907,CASH_LOAN,0.8495334384565463,76.0,1,0.13775430802530123,5623346.771265761,38,1,0.0,1,0.6259328730596154,0.08280911164027528,0.10709626109956946,APPROVE,24487922.46272,POLICY_PASS,425.6811079397644,283.86847804363856,259.7172130602676,41.49869989442159,49.414111647804695,1060.1796105858969
APP-42-011711,2025-05-02 23:00:00,22,33690878.0,108,779,0.0869,13041252.0,6,1,Self-employed,Owned,Partner,0,0.02292180183827503,CASH_LOAN,0.8111312966236055,298.0,0,0.05888472235465693,8536862.254313853,49,0,0.0,1,0.862626999803311,0.04188270322916987,0.016871687149817433,APPROVE,13041252.0,POLICY_PASS,817.9626105298804,230.65368354622524,189.14665432548412,39.303527595132785,24.98424162655779,1302.0507176232804
APP-42-011712,2025-05-03 00:00:00,56,18819340.0,39,617,0.191,32332623.0,12,0,Salaried,Rented,Mobile,0,0.09097740781129061,BNPL,0.9217443314875676,109.0,0,0.03110260331099428,8040107.710257832,43,1,0.0,1,0.8601110865911057,0.0246500264018487,0.055072114627305734,APPROVE,25000000.0,POLICY_PASS,430.0662401313355,278.01572441212716,141.87705754142348,30.17496838124816,40.12362639535269,920.2576168614869
APP-42-011713,2025-05-03 01:00:00,36,33007830.0,33,671,0.4165,71853104.0,12,1,Salaried,Rented,Branch,0,0.07371140247798195,BNPL,0.9271577755932167,409.0,1,0.07106103205842554,23635768.314151056,47,1,0.0,0,,0.050648016445935334,0.04667565027420078,APPROVE,25000000.0,POLICY_PASS,552.8709260814226,441.45810671732085,140.54545055461128,28.932151246397723,51.93201304742115,1215.7386476471736
APP-42-011714,2025-05-03 02:00:00,39,36780457.0,47,632,0.0847,45857872.0,18,1,Salaried,Owned,Mobile,0,0.040787875059461014,CASH_LOAN,0.850208542255446,227.0,2,0.035916611249783584,10472118.603499232,39,1,0.0,2,0.7152191594810957,0.11273277164325735,0.025497276370271348,APPROVE,45857872.0,POLICY_PASS,521.9845939900033,316.0716780223418,294.7567838547273,17.988285407876376,55.7423474721499,1206.5436887470987
APP-42-011715,2025-05-03 03:00:00,30,6848696.0,31,640,0.1285,80730083.0,9,1,Salaried,Rented,Branch,0,0.1319835344499313,BNPL,0.9070162880425258,502.0,1,0.03173121065063255,4568173.579495918,53,1,0.0,0,,0.04906616568943698,0.08235774590788413,APPROVE,19099643.404799998,POLICY_PASS,574.8241367961166,334.8943986371395,150.71955823276116,29.468866446228727,56.00350472110176,1145.9104648333478
APP-42-011716,2025-05-03 04:00:00,29,5433797.0,40,581,0.0453,13464390.0,12,1,Self-employed,Mortgage,Mobile,0,0.09696063172050834,BUSINESS_LOAN,0.9285244770607008,48.0,1,0.019234091432162082,4022429.9037488457,56,0,33010839.448097486,2,0.5818513613061636,0.04343427895777144,0.07560682404899849,APPROVE,13464390.0,POLICY_PASS,775.5440471674776,231.9097681757417,338.2388165470811,38.04713152698437,45.16662730378158,1428.9063907210664
APP-42-011717,2025-05-03 05:00:00,52,34107681.0,47,673,0.3571,82997510.0,36,2,Salaried,Rented,Branch,0,0.07876686493856766,BNPL,0.8000007941903369,186.0,0,0.15438120361046273,9508251.884129984,57,1,0.0,3,0.5239789901067123,0.05749410653722183,0.055481349268941105,APPROVE,25000000.0,POLICY_PASS,427.3315846946107,313.7943360251319,244.15173700683346,25.888822071503945,56.104348250234644,1067.2708280483146
APP-42-011718,2025-05-03 06:00:00,20,34872404.0,48,736,0.1097,49669615.0,18,2,Self-employed,Owned,Branch,0,0.02711919540285056,BNPL,0.9010876950303399,316.0,1,0.05445432275793288,11543965.027096322,44,1,0.0,0,,0.053595480082661726,0.01675471285422187,APPROVE,25000000.0,POLICY_PASS,528.6772569778433,182.54773770401633,321.49147035704,34.22479288795967,54.89358538745126,1121.8348433143105
APP-42-011719,2025-05-03 07:00:00,38,20728277.0,19,500,0.6505,134796328.0,12,0,Salaried,Owned,Mobile,0,0.36492927098364697,BNPL,0.8931361127618582,214.0,1,0.004130888978494109,12929338.678698123,52,0,0.0,0,,0.04793538228532276,0.2931913204781932,REVIEW,23182504.996800005,ENHANCED_DUE_DILIGENCE,489.8036473737769,215.26439007244238,303.7166607706063,34.56235117818069,56.688620688000476,1100.0356700830068
APP-42-011720,2025-05-03 08:00:00,24,22333562.0,39,573,0.3584,50866348.0,12,0,Contract,Owned,Mobile,0,0.1220701787546569,BUSINESS_LOAN,0.7895823261629948,170.0,0,0.060814876917119384,12439498.527115665,50,1,150592070.86192107,2,0.8957588582514481,0.04592199933882753,0.07473808515701878,APPROVE,50866348.0,POLICY_PASS,388.7429711250188,288.2385805088976,190.5036254057891,29.495844340967288,14.968155316496798,911.9491766971696
APP-42-011721,2025-05-03 09:00:00,31,29416272.0,122,600,0.2074,81373942.0,24,1,Salaried,Family,Mobile,0,0.06141630001051569,BNPL,0.9643090839919629,216.0,0,0.09811981000571467,13838145.981297206,57,1,0.0,2,0.7258526573909164,0.025191393980031958,0.03898314014461365,APPROVE,25000000.0,POLICY_PASS,607.0645805606243,293.1242378820192,248.4421530084045,24.948366615519095,45.28959878120931,1218.8689368477765
APP-42-011722,2025-05-03 10:00:00,29,29116256.0,21,576,0.5226,80529530.0,24,1,Salaried,Rented,Partner,0,0.20124288767335377,CASH_LOAN,0.9023027734068187,1242.0,0,0.023979068075959467,7089184.616551556,41,0,0.0,0,,0.026141690476570265,0.1587497608403151,REVIEW,44480321.96608001,CREDIT_OR_AFFORDABILITY,487.6485937952715,235.20071264893585,205.55829191903652,33.41339624081476,34.40196088911301,996.2229554931716
APP-42-011723,2025-05-03 11:00:00,26,15227006.0,57,686,0.2123,102062881.0,24,1,Self-employed,Mortgage,Mobile,0,0.1012430999545287,CASH_LOAN,0.966018192563982,182.0,1,0.027316464578962408,7804213.53749261,47,1,0.0,1,0.9693177869428686,0.038223668021290014,0.05908943110630398,APPROVE,38381800.403840005,POLICY_PASS,532.6784335715802,214.57432399844876,310.783799070527,45.329724103459995,60.358276369031806,1163.7245571130477
APP-42-011724,2025-05-03 12:00:00,35,30450103.0,54,596,0.5946,67987349.0,12,2,Salaried,Rented,Mobile,0,0.2439614617820878,CASH_LOAN,0.8620453512264268,112.0,0,0.033956834865218194,6625262.131863122,46,0,0.0,0,,0.03171551406888281,0.1942520465517347,REVIEW,39502309.619839996,CREDIT_OR_AFFORDABILITY,635.7693744776375,308.3828467948315,349.48350872751683,28.2180673823165,36.181235865825734,1358.0350332481282
APP-42-011725,2025-05-03 13:00:00,20,14876928.0,141,646,0.295,55654856.0,36,1,Contract,Mortgage,Mobile,1,0.08580785377157715,BUSINESS_LOAN,0.9463745868751511,434.0,1,0.01461381181958178,9467348.752153115,38,1,96851679.07956874,2,0.6614719141703927,0.039889631027162135,0.05471174797050441,APPROVE,53268423.49376281,POLICY_PASS,944.9074718524214,333.12741856798,170.81293952389248,24.0763028154023,41.645109172548885,1514.569241932245
APP-42-011726,2025-05-03 14:00:00,32,20580106.0,56,747,0.2297,48598097.0,6,1,Salaried,Rented,Mobile,0,0.045486167743759326,CASH_LOAN,0.8236461108774746,388.0,1,0.07227237902590748,7930453.37446629,45,1,0.0,3,0.9243172232912575,0.0763858781954055,0.02720203207150587,APPROVE,48598097.0,POLICY_PASS,316.1504160057146,404.6178409524111,226.2440576921779,29.872979354688333,51.99583233849579,1028.8811263434877
APP-42-011727,2025-05-03 15:00:00,34,20093253.0,117,511,0.1063,110187547.0,12,0,Self-employed,Rented,Partner,1,0.19793770385167525,CASH_LOAN,0.8539327361390108,141.0,0,0.304556959912354,2909399.235246851,47,1,0.0,0,,0.07090654346696708,0.15318755611535523,REVIEW,57463488.65952,CREDIT_OR_AFFORDABILITY,798.7538101082724,158.42943055343096,248.65927285800245,27.233704554107533,29.945316305846497,1263.02153437966
APP-42-011728,2025-05-03 16:00:00,23,11219802.0,55,663,0.2467,45109157.0,12,0,Contract,Mortgage,Partner,0,0.09074353919251227,CASH_LOAN,0.9266612368989312,228.0,0,0.13486663281844888,1475799.7361503942,38,0,0.0,0,,0.03269229281418317,0.07554750943870844,APPROVE,27046005.90912,POLICY_PASS,695.4089949617635,272.85491583699314,254.0268514959182,18.742099764753753,36.95080696988633,1277.9836690293148
APP-42-011729,2025-05-03 17:00:00,49,11961926.0,38,631,0.5776,38098748.0,24,2,Self-employed,Rented,Partner,0,0.3501691137610396,CASH_LOAN,0.9846094457097024,381.0,2,0.013060289836696753,4239461.149507007,45,1,0.0,1,0.9291589141038923,0.0631992130806846,0.2319650740951397,REVIEW,16168696.13568,ENHANCED_DUE_DILIGENCE,591.1115393122053,240.25331987242748,286.5737005127893,35.98598059603623,48.99989390806344,1202.9244342015218
APP-42-011730,2025-05-03 18:00:00,30,61505810.0,57,631,0.3681,89854424.0,18,0,Salaried,Rented,Partner,0,0.11278890772196787,CASH_LOAN,0.987787126464826,86.0,0,0.05320872024871803,26545195.88296399,54,1,0.0,1,0.8497267706303652,0.020053785061081734,0.06878039187444465,APPROVE,70000000.0,POLICY_PASS,471.2406580155308,251.01782913301258,275.7966977945079,32.417423665529,53.86772418232754,1084.3403327909077
APP-42-011731,2025-05-03 19:00:00,33,11021353.0,25,575,0.5587,115254260.0,36,1,Salaried,Rented,Mobile,1,0.295806596459809,BUSINESS_LOAN,0.856176178787123,446.0,0,0.03202377644296128,5746403.139606349,46,1,38574724.67807963,1,0.9471274221127056,0.032299570850667196,0.19162780988752792,REVIEW,21216098.572943795,CREDIT_OR_AFFORDABILITY,500.3451295965575,369.7968997221822,259.8630465727647,19.520038842632705,48.38871770113459,1197.9138324352716
APP-42-011732,2025-05-03 20:00:00,30,22061839.0,59,613,0.2633,152059435.0,18,0,Self-employed,Owned,Mobile,0,0.15769728576697717,CASH_LOAN,0.9590308015717207,69.0,0,0.10362518996732614,15595705.824525025,55,1,0.0,0,,0.026159024193483392,0.10407515089002016,APPROVE,52009461.73216,POLICY_PASS,866.9962965513495,258.86282157019724,242.7821886673234,34.109796738508344,49.97632597989985,1452.7274295072784
APP-42-011733,2025-05-03 21:00:00,34,24760789.0,40,639,0.2218,162229337.0,24,1,Contract,Owned,Mobile,1,0.1280219422565625,BUSINESS_LOAN,0.8083710372547972,284.0,1,0.040486101213290784,15285103.866453907,48,1,88749339.57395504,1,0.8480441621780929,0.07421332956516806,0.078811100609518,APPROVE,48812136.76567528,POLICY_PASS,396.14176497417014,262.8418480360647,271.01650263013727,25.963429400616995,42.38438074920966,998.3479257901987
APP-42-011734,2025-05-03 22:00:00,47,17471182.0,38,627,0.2529,62251533.0,12,1,Salaried,Rented,Mobile,0,0.10928352309589316,CASH_LOAN,0.8024248447233564,78.0,0,0.18954997715191949,4891210.529696976,52,1,0.0,0,,0.06288287434932935,0.07551412469080283,APPROVE,41768704.23104,POLICY_PASS,489.38406341310883,234.7727391074709,180.87369544193217,37.938597655834876,45.78720620298495,988.7563018213317
APP-42-011735,2025-05-03 23:00:00,57,26041495.0,88,690,0.3038,84296571.0,18,0,Salaried,Rented,Partner,0,0.09492359051241918,BNPL,0.9496421265210226,390.0,3,0.06574698047944562,11075621.760873232,41,1,0.0,1,0.9267455080025505,0.1491534707265517,0.05810399052135864,APPROVE,25000000.0,POLICY_PASS,637.6363390511362,221.06043658826917,212.66637840563916,35.07868551960063,56.64821763705827,1163.0900572017033
APP-42-011736,2025-05-04 00:00:00,42,21570196.0,45,561,0.4869,219162667.0,9,1,Contract,Owned,Branch,1,0.27381239060041185,BNPL,0.9588186370328041,954.0,0,0.06070118244923061,1865328.4044515193,48,0,0.0,2,0.8324636078706329,0.023091357454190043,0.21830381318896308,REVIEW,25000000.0,ENHANCED_DUE_DILIGENCE,485.8366239466495,99.8213916571325,324.09792237491354,29.781431991631223,51.15875705843023,990.696127028757
APP-42-011737,2025-05-04 01:00:00,45,11153278.0,15,539,0.6738,108011434.0,12,0,Salaried,Owned,Mobile,0,0.33690216505040016,BUSINESS_LOAN,0.9755301721756207,189.0,1,0.28501057559761445,4576965.265264155,35,1,66282296.23724416,0,,0.0764071543384557,0.27321492693194277,REVIEW,36455262.93048429,ENHANCED_DUE_DILIGENCE,689.7972669402978,442.3409920310425,266.8302015389396,19.823498725715197,34.82791745367369,1453.6198766896687
APP-42-011738,2025-05-04 02:00:00,50,24182307.0,68,496,0.4212,158652075.0,12,0,Self-employed,Mortgage,Branch,0,0.25810774708481454,CASH_LOAN,0.8833138383827898,690.0,0,0.03176974216905996,2791091.3578983494,37,1,0.0,2,0.7924300963069292,0.02889940951653594,0.1731122650513526,REVIEW,44789501.73312,CREDIT_OR_AFFORDABILITY,800.6246810561948,315.8616968291306,338.04278794783886,37.321117411895976,58.86840030579162,1550.718683550852
APP-42-011739,2025-05-04 03:00:00,37,13340216.0,76,650,0.3057,103948009.0,12,2,Salaried,Mortgage,Mobile,0,0.15720387222732152,BUSINESS_LOAN,0.9622608324693128,382.0,0,0.04121613814293554,3828819.5346660125,52,0,75444208.16786607,1,0.8483997472373401,0.02150254087085239,0.11849191995514283,APPROVE,41494314.49232634,POLICY_PASS,646.6908681696718,280.9005570885118,181.79388132450094,34.97077115227609,69.89285762311751,1214.2489353580781
APP-42-011740,2025-05-04 04:00:00,49,46886970.0,152,694,0.3819,33548791.0,24,3,Salaried,Mortgage,Partner,0,0.07259848057084271,BNPL,0.9678827768451757,62.0,0,0.03959375125172625,18720835.376662534,35,1,0.0,0,,0.020911425902672132,0.04596819329406468,APPROVE,25000000.0,POLICY_PASS,768.6048186279745,371.920303871706,265.21721204087765,30.001839968528287,57.51650641663138,1493.2606809257177
APP-42-011741,2025-05-04 05:00:00,42,22791568.0,59,556,0.1227,47553033.0,18,2,Salaried,Mortgage,Mobile,0,0.13808327532906045,CASH_LOAN,0.8926635621806124,149.0,2,0.31523217979577617,4724257.492169174,40,1,0.0,2,0.6940326100796741,0.19726281836760476,0.10879710815048071,APPROVE,47553033.0,POLICY_PASS,515.6387232762219,302.07049370273864,241.97726301879246,35.74232844118676,28.738159297702644,1124.1669677366424
APP-42-011742,2025-05-04 06:00:00,36,12247077.0,42,549,0.517,19538927.0,36,2,Contract,Rented,Mobile,0,0.28162013109319084,CASH_LOAN,0.920973871209613,106.0,1,0.007503598389130993,8749967.813829545,47,0,0.0,1,0.7742627468175755,0.04328996644727756,0.22147515134647694,REVIEW,18929082.2112,ENHANCED_DUE_DILIGENCE,683.1000178838127,204.50510560122598,242.65415659251377,35.31053213465948,36.52439551921945,1202.0942077314314
APP-42-011743,2025-05-04 07:00:00,38,21728636.0,68,776,0.4298,47763346.0,12,1,Salaried,Rented,Mobile,0,0.06503220662369398,CASH_LOAN,0.8408438409591178,133.0,0,0.02293862644892701,1868822.4346110967,49,1,0.0,2,0.6091477110730529,0.03348082495155259,0.041124003138636796,APPROVE,39646938.391040005,POLICY_PASS,591.9414516057556,277.35208746850924,211.29751691082316,41.486832759319995,52.40353048354526,1174.481419227953
APP-42-011744,2025-05-04 08:00:00,20,10823306.0,26,732,0.4482,38083693.0,9,3,Contract,Mortgage,Partner,0,0.17917599519069302,BNPL,0.9115657577951384,335.0,0,0.02269771902222874,1731666.5230014059,41,0,0.0,1,0.9750020670421626,0.025075151211253754,0.13245579337670105,REVIEW,19111360.80256,CREDIT_OR_AFFORDABILITY,590.854430287457,322.5675840611723,63.16944225025034,13.473497102748492,50.42507583900049,1040.4900295406287
APP-42-011745,2025-05-04 09:00:00,38,20741785.0,38,736,0.3727,35972590.0,6,1,Salaried,Mortgage,Mobile,0,0.051908349545251066,CASH_LOAN,0.9148827497423464,139.0,0,0.06370638073222583,14699551.765713762,42,1,0.0,0,,0.027884913084411135,0.03272980520726003,APPROVE,35972590.0,POLICY_PASS,417.33830280272855,237.8645546003783,264.1255495107862,39.25488450041705,36.526979054662704,995.1102704689728
APP-42-011746,2025-05-04 10:00:00,21,15898710.0,72,665,0.309,47759275.0,12,0,Salaried,Mortgage,Mobile,0,0.0633364260873158,CASH_LOAN,0.8672143288828854,102.0,0,0.05863621138039343,9846377.986094415,42,0,0.0,1,0.8488043557854068,0.033362483634697536,0.04794685240106918,APPROVE,35155227.55200001,POLICY_PASS,717.4009351350155,483.03958077860545,239.87971273795418,8.0,47.067214825565294,1495.3874434771403
APP-42-011747,2025-05-04 11:00:00,20,11422586.0,46,691,0.1724,31762412.0,18,3,Contract,Rented,Branch,0,0.13168453599933913,CASH_LOAN,0.926842397038241,388.0,1,0.012107137217310614,3173947.8852169216,50,1,0.0,1,0.733774372956935,0.04284334878169537,0.08187063948704164,APPROVE,30250662.95552,POLICY_PASS,938.5886343056347,298.4945922246052,291.8049646936823,32.32322499251517,49.64892777529867,1610.860343991736
APP-42-011748,2025-05-04 12:00:00,37,11343887.0,17,619,0.2518,25540333.0,36,1,Salaried,Owned,Partner,1,0.078928946318153,BNPL,0.9015552924935996,159.0,2,0.012698126084903916,1029227.3911083553,49,0,0.0,1,0.8439096233126372,0.08719002054419446,0.05739779639314612,APPROVE,25000000.0,POLICY_PASS,281.33519563863473,262.238545007081,247.91393438446127,46.41782057987256,33.525491037930855,871.4309866479804
APP-42-011749,2025-05-04 13:00:00,25,68688762.0,44,537,0.3649,106880485.0,18,2,Self-employed,Family,Mobile,0,0.1656247098762574,CASH_LOAN,0.913271733867108,558.0,1,0.000871996211727242,27125274.972602107,51,0,0.0,0,,0.04380871157130296,0.1252852334102386,REVIEW,70000000.0,CREDIT_OR_AFFORDABILITY,682.7171420367515,436.8014758162783,245.39815004532065,23.212518722300345,36.2775083640737,1424.4067949847245
APP-42-011750,2025-05-04 14:00:00,35,18927909.0,56,541,0.5367,37341691.0,6,1,Self-employed,Family,Partner,0,0.2658687804243867,BUSINESS_LOAN,0.9369631619328975,199.0,0,0.11607396229186477,7300986.985849922,39,1,81869724.6221421,0,,0.02968371826007903,0.18975092123449808,REVIEW,37341691.0,CREDIT_OR_AFFORDABILITY,425.64312096486685,286.03629449494065,199.6648747605183,23.55895340553377,50.1512416429812,985.0544852688407
APP-42-011751,2025-05-04 15:00:00,36,14195361.0,45,640,0.6383,46518066.0,24,3,Salaried,Owned,Mobile,0,0.24070877575996527,BUSINESS_LOAN,0.9842994073371425,262.0,0,0.036400956705463186,1764400.158968604,47,1,45544015.36707561,1,0.9459558272966169,0.01936269033134098,0.15196346020786747,REVIEW,25049208.451891586,CREDIT_OR_AFFORDABILITY,404.0895933915366,423.50760413254477,156.95183362251498,32.94325161581858,50.579829786611825,1068.0721125490268
APP-42-011752,2025-05-04 16:00:00,37,12905667.0,19,707,0.1209,122838316.0,12,0,Salaried,Rented,Mobile,0,0.1326132697278696,CASH_LOAN,0.9192402881577587,78.0,0,0.08529434281514503,4217660.898203921,37,1,0.0,0,,0.029172390511930383,0.08842033365213112,APPROVE,36305189.95104,POLICY_PASS,747.7537498103428,345.7327963099378,212.7201139354096,27.367123067919863,52.33972491927701,1385.9135080428869
APP-42-011753,2025-05-04 17:00:00,27,23324705.0,10,628,0.0748,33647362.0,12,1,Salaried,Rented,Mobile,0,0.08352263929823224,BUSINESS_LOAN,0.8645043813607072,58.0,0,0.0708215147355085,2044188.2770475377,31,1,141176914.3320539,1,0.6391092053706462,0.03494351078873755,0.056463732915710566,APPROVE,33647362.0,POLICY_PASS,480.7760056112695,248.92429868925018,244.88198439050748,31.34807138958456,64.2028128751261,1070.1331729557378
APP-42-011754,2025-05-04 18:00:00,43,12669518.0,80,684,0.3626,90809050.0,24,1,Salaried,Mortgage,Mobile,0,0.10844140135880306,CASH_LOAN,0.9692743441448081,159.0,0,0.030426290902992374,8687049.788801303,54,1,0.0,2,0.9221674576975354,0.02023947304698929,0.06364989725090299,APPROVE,25841762.47424,POLICY_PASS,615.6045285430632,359.96865529822867,174.12507610143717,38.29899683255898,52.43180841080196,1240.42906518609
APP-42-011755,2025-05-04 19:00:00,34,9858479.0,75,634,0.1652,24242603.0,36,1,Salaried,Family,Mobile,0,0.05379918970627457,BUSINESS_LOAN,0.9032452374413873,603.0,1,0.03663689059605139,3393263.3633748936,48,1,65876268.67451871,1,0.8493198600342031,0.0505116467555266,0.03196846537988833,APPROVE,24242603.0,POLICY_PASS,737.8884649658144,390.4669769320442,206.9093995930789,28.304143988843222,54.851117367295615,1418.4201028470761
APP-42-011756,2025-05-04 20:00:00,39,17681941.0,36,662,0.4642,59833929.0,18,2,Salaried,Owned,Partner,0,0.13693612008375816,CASH_LOAN,0.9640165578574029,184.0,0,0.049810295090778015,6728444.3889267845,49,1,0.0,1,0.9397550028747547,0.02189328827837733,0.08290292764913001,APPROVE,30316748.76096,POLICY_PASS,471.1218691859866,362.83353355135534,251.92952888976578,28.807493107165985,48.88774111834197,1163.5801658526157
APP-42-011757,2025-05-04 21:00:00,24,17608624.0,35,696,0.7131,83608103.0,12,2,Salaried,Mortgage,Partner,0,0.23740196267907776,CASH_LOAN,0.9064547075898455,702.0,0,0.05927759620250327,8080892.822045944,43,1,0.0,2,0.8325464602972213,0.028490593161955936,0.15732308580515475,REVIEW,16166125.521920003,CREDIT_OR_AFFORDABILITY,520.0627952618572,369.4565931008996,263.3144894053787,18.007581306437736,46.92694726427283,1217.7684063388463
APP-42-011758,2025-05-04 22:00:00,33,14310629.0,43,736,0.4498,37440707.0,24,0,Salaried,Owned,Mobile,0,0.07014413637347328,BUSINESS_LOAN,0.7960441584810524,443.0,0,0.0116928774762773,3541596.446596352,52,1,47650445.71950796,1,0.8009382758136785,0.03885431584870864,0.04148754888140356,APPROVE,26207745.14572938,POLICY_PASS,508.54843984700824,297.54919559739557,277.04806253948504,28.18762251683872,49.813853761952245,1161.1471742626798
APP-42-011759,2025-05-04 23:00:00,45,11024951.0,82,661,0.2806,108236345.0,24,2,Salaried,Rented,Partner,1,0.18943557649215773,BNPL,0.7629553214239252,51.0,0,0.04869316866804913,4066543.723805978,56,1,0.0,0,,0.049344152487372145,0.12194255486608756,REVIEW,25000000.0,CREDIT_OR_AFFORDABILITY,837.3175450951267,336.2832869965229,147.45451077562862,46.7420807291133,37.65589562843659,1405.4533192248282
APP-42-011760,2025-05-05 00:00:00,44,14517247.0,56,780,0.0732,77272154.0,24,1,Self-employed,Mortgage,Branch,0,0.06092659606377514,BNPL,0.9097045909475491,726.0,0,0.038801426534986444,6482203.717378589,57,0,0.0,1,0.9069054608704171,0.02648447648673041,0.043430378155413396,APPROVE,25000000.0,POLICY_PASS,478.3433197606391,310.9084623576506,245.67212221713956,30.81578750861799,42.91832015599277,1108.65801200004
APP-42-011761,2025-05-05 01:00:00,28,13902535.0,103,623,0.4538,69318116.0,36,0,Self-employed,Mortgage,Partner,0,0.22924859702593947,CASH_LOAN,0.8463033329389738,173.0,0,0.09186209718708953,5523225.893487976,37,0,0.0,0,,0.03996799142472136,0.1911334111438488,REVIEW,24299406.774400003,CREDIT_OR_AFFORDABILITY,682.5772816926554,153.2979167044276,281.91215653432465,8.0,59.199592638570735,1184.9869475699784
APP-42-011762,2025-05-05 02:00:00,30,12881233.0,56,735,0.2737,113644769.0,12,2,Salaried,Family,Partner,0,0.08311381745634144,CASH_LOAN,0.8637121882543022,236.0,1,0.16022572367140867,5123242.003474652,46,1,0.0,1,0.7901064808959632,0.08340832082379182,0.055743605277954154,APPROVE,29938046.48928,POLICY_PASS,667.724702324327,309.5372490284933,195.14086473329837,51.432410194776594,57.34864845754757,1281.183874738443
APP-42-011763,2025-05-05 03:00:00,26,20956457.0,31,682,0.136,95960111.0,6,0,Salaried,Mortgage,Branch,0,0.06960034759619062,BUSINESS_LOAN,0.9377929529973028,279.0,1,0.10329983641139462,9448517.093770804,41,1,93327544.80595154,0,,0.0532100037143506,0.045548036955554455,APPROVE,51330149.643273346,POLICY_PASS,499.6755328330457,267.65559957779607,162.23493596576822,29.913363427659796,57.23917044194527,1016.718602246215
APP-42-011764,2025-05-05 04:00:00,29,61239790.0,36,508,0.4383,54545447.0,6,0,Salaried,Mortgage,Mobile,0,0.1319643886239807,CASH_LOAN,0.8315289439752468,160.0,0,0.29294848648281496,25146046.37178557,35,1,0.0,0,,0.07491190793934871,0.1016531901635661,APPROVE,54545447.0,POLICY_PASS,705.2977623366967,308.58166759970317,246.76658889006416,41.392614441453105,54.63352549300632,1356.6721587609236
APP-42-011765,2025-05-05 05:00:00,22,37443855.0,69,742,0.8736,20677112.0,12,0,Salaried,Mortgage,Partner,0,0.03928750244362206,CASH_LOAN,0.913562826505529,567.0,1,0.09264171824058287,4785996.687774491,39,1,0.0,0,,0.05683769054157657,0.025325606998413963,APPROVE,15145290.470399994,POLICY_PASS,523.6828797635533,236.3618061572905,325.56391311789247,36.670002070527744,37.39634789966815,1159.6749490089321
APP-42-011766,2025-05-05 06:00:00,34,52374900.0,116,574,0.3178,192025803.0,12,3,Self-employed,Owned,Partner,0,0.2101237653953704,CASH_LOAN,0.8617607538529813,93.0,0,0.03621238380401961,33266355.702202193,32,0,0.0,1,0.9588672315485648,0.031960936618363876,0.1612873725067088,REVIEW,70000000.0,CREDIT_OR_AFFORDABILITY,580.343701808969,300.784955094529,150.8204278137506,34.03552353734771,50.09702536252267,1116.0816336171188
APP-42-011767,2025-05-05 07:00:00,41,13172635.0,58,622,0.1478,39339465.0,12,1,Salaried,Owned,Mobile,0,0.08951635574972475,BNPL,0.9076502532081888,118.0,0,0.2869727980143834,5637862.088764334,29,1,0.0,2,0.9140503178097811,0.0546186666325423,0.06558705767585456,APPROVE,25000000.0,POLICY_PASS,847.9320730329912,385.09809047659104,232.4665870120811,15.736325045236967,48.01222624866663,1529.245301815567
APP-42-011768,2025-05-05 08:00:00,28,45215968.0,89,703,0.422,12032065.0,12,0,Salaried,Mortgage,Mobile,0,0.02967584767321223,CASH_LOAN,0.8388536418514027,390.0,0,0.0802107255168432,12520820.119129127,49,1,0.0,2,0.9068291046732713,0.039827584441772014,0.017685136075810397,APPROVE,12032065.0,POLICY_PASS,594.6330016332012,241.60052218885204,344.63952963118663,35.87952013072972,41.2586585212615,1258.011232105231
APP-42-011769,2025-05-05 09:00:00,34,20396707.0,65,586,0.2967,161740337.0,9,0,Contract,Mortgage,Partner,0,0.23243960504591912,CASH_LOAN,0.9267484366820595,150.0,1,0.04140965925047709,4877196.1134433085,51,1,0.0,0,,0.046614198957389726,0.15309505052419828,REVIEW,45904012.90592001,CREDIT_OR_AFFORDABILITY,704.518495677875,308.53076917058297,233.79521946183823,32.77556802329735,43.47018220694338,1323.090234540537
APP-42-011770,2025-05-05 10:00:00,33,30965438.0,61,635,0.5799,82388176.0,24,2,Salaried,Rented,Mobile,1,0.2439614617820878,BNPL,0.9606310007404024,51.0,0,0.0046805860749889495,4083511.3278639466,37,1,0.0,0,,0.019443480911180873,0.16157284039629877,REVIEW,25000000.0,CREDIT_OR_AFFORDABILITY,652.3726007904756,274.7192172608504,195.38468307979286,32.866153329467664,33.81610337318039,1189.158757833767
APP-42-011771,2025-05-05 11:00:00,44,23152643.0,123,687,0.2779,56416060.0,6,2,Self-employed,Owned,Partner,0,0.08602434907197692,BNPL,0.8406481801968756,377.0,1,0.14887205899247904,6453332.639658406,39,1,0.0,0,,0.08833741704416684,0.05871672605101746,APPROVE,25000000.0,POLICY_PASS,729.2167527804695,298.5061218482914,334.95434556935254,43.78312778870266,51.76246094341083,1458.2228089302268
APP-42-011772,2025-05-05 12:00:00,29,14903183.0,28,581,0.113,53061074.0,12,1,Contract,Mortgage,Mobile,0,0.1211931330127905,CASH_LOAN,0.825878431560532,275.0,1,0.08382269203358222,5494897.95738025,41,0,0.0,1,0.7891518950182872,0.07818827234638828,0.09647165125735187,APPROVE,42301194.62720001,POLICY_PASS,540.1086004935685,392.0563650681198,179.3003308699465,30.022917659583204,53.924432510271416,1195.4126466014893
APP-42-011773,2025-05-05 13:00:00,30,26738259.0,43,623,0.0786,98731645.0,24,0,Salaried,Owned,Mobile,0,0.06883702414003749,BUSINESS_LOAN,0.8316492048193128,177.0,0,0.10495583125226046,11424026.015681352,38,1,161128726.99419338,1,0.94867445927653,0.044021420286831356,0.042836731298172843,APPROVE,88620799.84680636,POLICY_PASS,328.9222087667149,477.5727676929216,210.24196673473296,34.0737414162515,68.05971208508907,1118.87039669571
APP-42-011774,2025-05-05 14:00:00,27,23501954.0,39,615,0.2141,234922268.0,18,0,Salaried,Family,Partner,0,0.13149916654082405,BUSINESS_LOAN,0.9522518374315114,370.0,2,0.0523480058485384,13430388.818581916,35,1,87674629.87584329,0,,0.07999509364507683,0.08599813299711793,APPROVE,48221046.43171381,POLICY_PASS,729.7133815740458,130.7538842357137,231.20900238531507,27.55682915871737,58.03481842323036,1177.2679157770222
APP-42-011775,2025-05-05 15:00:00,25,6806440.0,51,709,0.1414,43078209.0,18,1,Self-employed,Family,Partner,0,0.07389712492603619,CASH_LOAN,0.7577990492293949,85.0,0,0.0190130895685525,4650441.305844393,44,0,0.0,2,0.6499245346782201,0.04627750568124745,0.05748493739377523,APPROVE,18700830.028800003,POLICY_PASS,708.7328758545594,245.91476720858245,349.8387113733098,41.453427015628435,35.17831824251639,1381.1180996945964
APP-42-011776,2025-05-05 16:00:00,40,16812177.0,21,753,0.5693,32513440.0,24,1,Contract,Owned,Partner,0,0.11387233741751189,CASH_LOAN,0.8997306647202753,253.0,4,0.019750660628332306,6600644.551234395,41,0,0.0,0,,0.2651020480322018,0.08754625913272475,REVIEW,23171214.82848,ENHANCED_DUE_DILIGENCE,707.1127399547842,349.797455202048,165.1448517140177,21.589091924938536,52.01239775841456,1295.656536554203
APP-42-011777,2025-05-05 17:00:00,34,29084171.0,50,561,0.1452,47712973.0,36,1,Self-employed,Owned,Branch,1,0.06164447646545595,CASH_LOAN,0.9519568027431692,180.0,0,0.061997149199727965,16703164.204570642,54,1,0.0,0,,0.023840803846050914,0.03807980474469843,APPROVE,47712973.0,POLICY_PASS,578.0151707361011,255.54740012358945,219.43453110829455,38.81375022665787,45.47849147397972,1137.289343668623
APP-42-011778,2025-05-05 18:00:00,35,20967081.0,35,646,0.7356,22517740.0,18,5,Salaried,Mortgage,Mobile,0,0.19882478924795438,BUSINESS_LOAN,0.9570186991369423,61.0,0,0.07238833023503634,4551665.809482191,47,0,138765079.40664455,0,,0.02407260912681601,0.1599816743306081,REVIEW,22517740.0,CREDIT_OR_AFFORDABILITY,384.6351791389833,391.3531023103287,229.3080279871321,20.495458895024434,39.99143063197669,1065.7831989634453
APP-42-011779,2025-05-05 19:00:00,46,23302969.0,36,602,0.0949,50236203.0,12,1,Salaried,Rented,Mobile,0,0.08020212545454693,BNPL,0.9951850244425866,295.0,0,0.03873903442029389,6189241.180342957,44,1,0.0,2,0.8420525505568568,0.01864127240050046,0.048745654737796906,APPROVE,25000000.0,POLICY_PASS,687.5588114433322,297.83314466287914,285.3939343913377,38.68943272530085,52.13854286834704,1361.6138660911968
APP-42-011780,2025-05-05 20:00:00,47,11906550.0,94,642,0.5649,124587060.0,24,0,Salaried,Rented,Mobile,0,0.3076672218780002,CASH_LOAN,0.8227255096263003,146.0,1,0.23964428094523768,6211104.523374302,49,1,0.0,2,0.8636689999093324,0.12062612127832761,0.2299815349785732,REVIEW,16577727.696000002,ENHANCED_DUE_DILIGENCE,838.3760005256543,129.24414872303538,257.9545153821793,27.093257927443926,46.832927258758,1299.500849817071
APP-42-011781,2025-05-05 21:00:00,20,20723899.0,33,767,0.0581,62283988.0,6,1,Salaried,Rented,Mobile,0,0.04205600463705405,CASH_LOAN,0.9770751545129907,250.0,0,0.007750340592783035,9171238.14768595,57,1,0.0,0,,0.018334526293484872,0.024627052192326998,APPROVE,62283988.0,POLICY_PASS,377.5850958094899,244.0442079018431,229.68836531583304,23.495893055877566,51.63851563120171,926.4520777142453
APP-42-011782,2025-05-05 22:00:00,41,17071038.0,142,667,0.4417,73741895.0,36,1,Salaried,Owned,Mobile,1,0.10338415584716014,CASH_LOAN,0.8451328626535294,215.0,1,0.000938560230440987,5718803.484318815,40,1,0.0,0,,0.05750046764319652,0.06389587772479498,APPROVE,30498433.64928,POLICY_PASS,357.3178198652706,287.79343926618253,297.0930915524337,26.752590343345933,43.608943669952424,1012.5658846971851
APP-42-011783,2025-05-05 23:00:00,37,16094418.0,57,599,0.2495,106425144.0,12,0,Salaried,Mortgage,Mobile,1,0.12698548925184183,BUSINESS_LOAN,0.8773415250940727,357.0,0,0.029892122670390278,4439660.4894601125,48,1,106586964.87905712,0,,0.029450313657725602,0.07969778893447156,APPROVE,58622830.683481425,POLICY_PASS,637.462922346973,264.2965749990511,348.24658730309613,41.34623359936449,47.78964032521598,1339.1419585737005
APP-42-011784,2025-05-06 00:00:00,31,12388650.0,12,541,0.1003,45967268.0,36,1,Salaried,Family,Mobile,1,0.10687683567973565,CASH_LOAN,0.8213433105127275,360.0,1,0.12470285362709274,5006919.689742583,49,1,0.0,0,,0.08903026204746632,0.07092804681617876,APPROVE,35667418.896,POLICY_PASS,668.2144518360188,426.0196198517518,284.08985284189794,34.49951749936063,61.267184495307305,1474.0906265243364
APP-42-011785,2025-05-06 01:00:00,38,29771336.0,90,712,0.4892,26139148.0,36,3,Salaried,Rented,Partner,0,0.09616731756768145,BNPL,0.8268761314229319,125.0,2,0.08320307191629796,14847475.653929371,50,1,0.0,3,0.8095885219614598,0.13904189714090334,0.0605953056968743,APPROVE,25000000.0,POLICY_PASS,442.70235508532767,330.40349268024744,318.74091863948325,31.695142375090537,39.57390595306345,1163.1158147332123
APP-42-011786,2025-05-06 02:00:00,20,21766661.0,9,607,0.196,49084614.0,9,1,Salaried,Owned,Mobile,0,0.07844027256153649,BNPL,0.9754295527557301,247.0,0,0.03786075275555964,13607911.122787483,37,1,0.0,0,,0.020169226720285954,0.049532048007128224,APPROVE,25000000.0,POLICY_PASS,669.8855070301852,400.56012259827105,256.2757391924325,34.19646918580377,24.45134452842665,1385.369182535119
APP-42-011787,2025-05-06 03:00:00,48,20591390.0,24,584,0.4574,50501773.0,24,2,Salaried,Mortgage,Mobile,0,0.1938463828456541,CASH_LOAN,0.8808538371325519,281.0,0,0.08276972998046901,14137984.88718601,36,1,0.0,1,0.9128246603509359,0.033853374457911076,0.12686369751617876,REVIEW,35753242.2848,CREDIT_OR_AFFORDABILITY,694.8129609742728,286.4721241517381,184.85057875038217,28.645296991788314,46.355646089311634,1241.136606957493
APP-42-011788,2025-05-06 04:00:00,40,55606679.0,64,662,0.4076,93625009.0,9,1,Contract,Family,Mobile,0,0.05805615440456349,CASH_LOAN,0.9691299079440481,352.0,3,0.015756250221915173,9315518.865826415,55,1,0.0,0,,0.12205878526206566,0.03456564791909281,APPROVE,70000000.0,POLICY_PASS,715.7953861431062,309.54270064155475,293.46372794230024,27.253735017567386,56.55189663161934,1402.607446376148
APP-42-011789,2025-05-06 05:00:00,27,23358508.0,45,682,0.2357,90024562.0,12,0,Contract,Family,Partner,0,0.074326947427845,CASH_LOAN,0.8726422886195487,31.0,0,0.013092047242483732,9704078.392739357,31,0,0.0,1,0.7161086362091701,0.02858639387683535,0.05791816477269714,APPROVE,57129304.526080005,POLICY_PASS,242.81602191773425,338.502770021465,183.57700842420445,32.54496816205749,43.212361268143795,840.6531297936049
APP-42-011790,2025-05-06 06:00:00,30,34835777.0,75,613,0.2873,14529842.0,9,0,Salaried,Mortgage,Mobile,0,0.04039586737288763,BUSINESS_LOAN,0.9612833217375071,86.0,0,0.043316531979383906,25614521.571156353,37,0,217560368.00314933,2,0.8325323863579172,0.02172259407735204,0.030499648818609632,APPROVE,14529842.0,POLICY_PASS,770.9885620273855,242.6052571352978,262.1470153729244,13.448088329014826,30.58561337064791,1319.7745362352705
APP-42-011791,2025-05-06 07:00:00,20,20915381.0,36,572,0.2587,19953750.0,24,0,Self-employed,Family,Mobile,0,0.07058608888785402,CASH_LOAN,0.9386883440497807,55.0,1,0.002963339856285751,8377145.389985982,48,1,0.0,0,,0.03978753041400065,0.04243181092540067,APPROVE,19953750.0,POLICY_PASS,398.0030362656821,288.6680716077531,216.20682375695662,37.33639214588993,18.627090836374432,958.8414146126562
APP-42-011792,2025-05-06 08:00:00,32,14822284.0,36,739,0.1989,116401686.0,12,0,Salaried,Mortgage,Mobile,0,0.06193559649754697,BUSINESS_LOAN,0.8475218759692743,564.0,0,0.1016236323998897,5103295.067319673,49,1,93416262.4640992,1,0.6895273284712783,0.04090566085122602,0.04045131110011785,APPROVE,51378944.35525456,POLICY_PASS,327.90325874959575,292.9824676485646,233.47850826086994,11.903728635426106,43.720737090604885,909.9887003850613
APP-42-011793,2025-05-06 09:00:00,31,10052750.0,40,689,0.2546,25684041.0,24,0,Salaried,Owned,Mobile,0,0.04725035213453562,BUSINESS_LOAN,0.8533037377925693,358.0,0,0.1690193264353716,6409296.427718575,60,1,27198931.454076964,1,0.8578951032786172,0.04848422771994116,0.03004667051254693,APPROVE,14959412.299742332,POLICY_PASS,263.3928753867106,290.2487643380974,317.8272758914514,32.62149394608067,35.63212589480378,939.722535457144
APP-42-011794,2025-05-06 10:00:00,23,20555660.0,66,711,0.1027,107478098.0,36,2,Self-employed,Rented,Mobile,0,0.10402066201685506,CASH_LOAN,0.9723260555108408,145.0,0,0.15201647754388534,4955372.1340353545,45,1,0.0,2,0.8163762976885016,0.02853372035201182,0.06951080014531867,APPROVE,59022699.897599995,POLICY_PASS,504.7872692977591,285.2987102672805,196.32846891319744,38.73855485800654,28.434212390669657,1053.5872157269134
APP-42-011795,2025-05-06 11:00:00,42,4159740.0,76,614,0.3979,10439961.0,12,2,Salaried,Mortgage,Mobile,0,0.13111049077566617,BNPL,0.8850487351757189,130.0,1,0.042662467156515886,2792152.394294697,48,1,0.0,3,0.9315146568641042,0.05524137321012092,0.07910039844283726,APPROVE,8014654.252800002,POLICY_PASS,555.9589668773064,313.40458968862214,282.1420022434317,39.83019112957101,55.09744771560294,1246.4331976545343
APP-42-011796,2025-05-06 12:00:00,46,20910024.0,25,580,0.4896,176654904.0,18,0,Salaried,Owned,Mobile,1,0.24079619125514498,BNPL,0.8434910574492386,144.0,0,0.10767169790502162,1744607.513180541,40,1,0.0,1,0.9236655757573423,0.04230405704607945,0.16183125810657614,REVIEW,25000000.0,CREDIT_OR_AFFORDABILITY,399.4949744507983,383.06649893308327,303.5232151732337,36.1265060739444,28.049875680873683,1150.2610703119333
APP-42-011797,2025-05-06 13:00:00,35,21409631.0,96,602,0.3482,57377236.0,36,0,Salaried,Mortgage,Mobile,0,0.07810681264156917,CASH_LOAN,0.9235005287378292,383.0,1,0.08232644310428998,4302427.194613583,45,1,0.0,0,,0.05306449672866612,0.05013467852545963,APPROVE,44655351.95456,POLICY_PASS,733.24472404452,390.3362525234756,207.88876614961666,40.53447389924965,33.564297266716906,1405.5685138835788
APP-42-011798,2025-05-06 14:00:00,32,15969962.0,138,530,0.3148,117147546.0,12,0,Self-employed,Family,Branch,0,0.21781557162274684,BNPL,0.8758443955795945,94.0,0,0.06245833500069283,3191724.581506747,50,1,0.0,1,0.9326023603864741,0.03257252067687978,0.13807409976202414,REVIEW,25000000.0,CREDIT_OR_AFFORDABILITY,819.8962319789151,350.39156022978324,200.29196610476504,20.149478595026302,43.855666901505856,1434.5849038099957
APP-42-011799,2025-05-06 15:00:00,39,17108412.0,51,616,0.3665,62002721.0,9,1,Contract,Family,Mobile,1,0.1231696051942232,BNPL,0.9579864108758486,128.0,0,0.03897072772811351,8680858.611850778,50,0,0.0,0,,0.021739805599771317,0.09461680030172681,APPROVE,25000000.0,POLICY_PASS,343.69655247963135,194.75749555805544,354.7387387681526,41.650895071127295,66.21239285126543,1001.0560747282321
APP-42-011800,2025-05-06 16:00:00,35,9045148.0,60,591,0.0997,149489962.0,12,3,Self-employed,Rented,Mobile,0,0.3694249779419625,CASH_LOAN,0.9127178339017821,208.0,1,0.019694072858900322,4006002.835885313,35,0,0.0,1,0.8997516563549021,0.04633863053374282,0.2973729015874192,REVIEW,26058709.582080003,ENHANCED_DUE_DILIGENCE,349.2814744916283,242.202737116212,258.4489990833258,37.42453507302346,37.619358265788634,924.9771040299781
APP-42-011801,2025-05-06 17:00:00,25,38569189.0,35,634,0.1692,145107746.0,18,1,Salaried,Owned,Partner,0,0.0965153814628649,CASH_LOAN,0.9335169344858781,252.0,0,0.04124246790295341,28038867.091115944,49,1,0.0,0,,0.02419672474118996,0.0601643607283762,APPROVE,70000000.0,POLICY_PASS,602.5832831530878,276.0201349213887,284.0999089262482,37.958165807326424,36.757888663618346,1237.4193814716693
APP-42-011802,2025-05-06 18:00:00,29,14952578.0,87,644,0.4434,51540064.0,24,0,Salaried,Rented,Partner,0,0.16524520465705672,BNPL,0.9636019486109603,256.0,2,0.17985959156565684,4273429.084259816,48,0,0.0,0,,0.10836522106204617,0.1411449400983795,REVIEW,25000000.0,CREDIT_OR_AFFORDABILITY,705.0709048780974,149.1162990807914,180.94013291265543,30.44637708159309,35.41886280322699,1100.9925767563643
APP-42-011803,2025-05-06 19:00:00,32,10545727.0,10,647,0.5085,21345599.0,12,1,Salaried,Rented,Partner,0,0.13924178425527384,CASH_LOAN,0.8227208958351326,343.0,0,0.08208256798049551,2057412.4125235875,29,0,0.0,0,,0.042730170779260834,0.11475755775704256,APPROVE,16586319.425600002,POLICY_PASS,607.0997009618884,381.7758285897449,280.1833446052621,34.278561853423994,49.740836790618545,1353.0782728009378
APP-42-011804,2025-05-06 20:00:00,37,24286857.0,112,598,0.4122,18180372.0,12,1,Salaried,Rented,Mobile,0,0.07922127728054087,BUSINESS_LOAN,0.9288437778968924,278.0,0,0.09747153600820589,9859128.825405782,52,1,145889704.81569722,0,,0.029064874828247322,0.05074467210993701,APPROVE,18180372.0,POLICY_PASS,480.10640765717767,133.40345460520487,208.72470436666194,25.64693320200216,29.226023231685286,877.107523062732
APP-42-011805,2025-05-06 21:00:00,35,19130571.0,105,554,0.3995,29909108.0,24,0,Self-employed,Family,Mobile,0,0.13538657939552778,BNPL,0.9101909357413105,473.0,0,0.19242196485458704,6163028.11406723,36,0,0.0,1,0.8922102016448683,0.04126753160381521,0.1141034344423097,REVIEW,25000000.0,CREDIT_OR_AFFORDABILITY,696.6593532188174,229.56576294851948,220.6901514190822,41.072433069550485,36.34348875990415,1224.3311894158737
APP-42-011806,2025-05-06 22:00:00,37,14780188.0,24,536,0.3371,31095427.0,24,0,Salaried,Family,Branch,0,0.12424081511855872,CASH_LOAN,0.8865280971950461,763.0,0,0.09228692099825891,6561170.1388793355,39,1,0.0,0,,0.03400808266499806,0.08266668435499254,APPROVE,31095427.0,POLICY_PASS,633.427091453854,360.8273439183198,277.9076042249394,41.39189939094273,40.45921778493531,1354.0131567729911
APP-42-011807,2025-05-06 23:00:00,21,13945452.0,32,654,0.1714,150126636.0,24,0,Salaried,Owned,Mobile,0,0.13924066565558316,BUSINESS_LOAN,0.9300560977583189,152.0,2,0.053422743601711786,6392097.253696819,60,1,66437927.734897204,1,0.7176946212821612,0.08738684077397964,0.0881165005141541,APPROVE,36540860.25419346,POLICY_PASS,563.4360017606855,208.4493895641599,248.18310375052,44.69667606888338,61.96585800785917,1126.731029152108
APP-42-011808,2025-05-07 00:00:00,41,17944263.0,46,650,0.1039,39259664.0,18,1,Self-employed,Rented,Mobile,0,0.09265775859983455,BNPL,0.9490254531902047,398.0,0,0.015492765803137309,2818252.6569187054,38,0,0.0,2,0.8663203306837631,0.02105312016380991,0.0687607238122261,APPROVE,25000000.0,POLICY_PASS,694.9164019590906,237.10391509490393,181.51239812576543,25.835252289954138,41.62173168894998,1180.989699158664
APP-42-011809,2025-05-07 01:00:00,35,37734339.0,82,540,0.3898,70398622.0,12,0,Contract,Rented,Mobile,0,0.1665607159076412,CASH_LOAN,0.8291192696993405,229.0,0,0.12626901705720112,16141627.565829564,50,1,0.0,1,0.8735330187476066,0.04726828063095136,0.10933429072195242,APPROVE,70000000.0,POLICY_PASS,899.1215999358717,312.6805353858396,137.5758632178293,33.03775717615196,39.61432793514993,1422.0300836508425
APP-42-011810,2025-05-07 02:00:00,58,23303936.0,19,743,0.27,20987422.0,12,2,Salaried,Rented,Mobile,0,0.04582115646465448,CASH_LOAN,0.8861077134660136,447.0,0,0.07707927754266895,8322945.170422112,38,1,0.0,0,,0.032596379974120654,0.029332275530021625,APPROVE,20987422.0,POLICY_PASS,450.54546784908644,327.15726730048516,286.82621121662066,41.23971086604917,56.18393413812605,1161.9525913703674
APP-42-011811,2025-05-07 03:00:00,32,17662561.0,37,700,0.1677,44982727.0,18,1,Salaried,Family,Mobile,0,0.048176722226140216,BNPL,0.875997975620348,135.0,0,0.07474871895663157,12451597.83537058,59,1,0.0,2,0.8119676513453025,0.03373359538976353,0.029056327641421045,APPROVE,25000000.0,POLICY_PASS,547.8923398065727,291.7820495179093,344.00708976816014,31.434275335931034,39.28666268586775,1254.4024171144408
APP-42-011812,2025-05-07 04:00:00,38,28766468.0,70,566,0.464,56965275.0,12,2,Salaried,Mortgage,Partner,1,0.16297406554761906,CASH_LOAN,0.9554680941720591,377.0,0,0.07066180597694303,3844285.0241117436,34,1,0.0,0,,0.024103944578436072,0.10946011844937993,APPROVE,49340245.913600005,POLICY_PASS,563.7752014678268,425.7487799630119,241.21466408577928,17.35998480316537,34.15117520936572,1282.249805529149
APP-42-011813,2025-05-07 05:00:00,60,18274640.0,22,659,0.3191,54489020.0,18,2,Self-employed,Mortgage,Mobile,0,0.12120096072769501,CASH_LOAN,0.975884417772764,120.0,1,0.0374648777481774,5743044.644301166,40,0,0.0,2,0.9345814163074837,0.03782158511832745,0.09002071594521206,APPROVE,39818247.60320001,POLICY_PASS,768.6923634099883,347.51054286174235,272.1565689064438,22.783537923252084,35.97081817021495,1447.1138312716412
APP-42-011814,2025-05-07 06:00:00,37,22448538.0,48,630,0.614,23851369.0,36,1,Salaried,Mortgage,Partner,0,0.12404702269846068,BNPL,0.916740870547209,230.0,0,0.01625791208926746,7116443.552655664,40,1,0.0,2,0.8539144949621955,0.024090837719984742,0.07595409433310156,APPROVE,23851369.0,POLICY_PASS,262.5536745286742,307.2854087642933,251.7596764679573,15.54746891359785,71.14225444078264,908.2884831153053
APP-42-011815,2025-05-07 07:00:00,34,19560105.0,54,659,0.5509,85385181.0,24,2,Salaried,Rented,Mobile,0,0.26270266583533924,CASH_LOAN,0.9414206180282444,370.0,0,0.10947961029721151,1698966.1119796,52,1,0.0,0,,0.028594550980567835,0.18259580678168114,REVIEW,28110218.0976,CREDIT_OR_AFFORDABILITY,560.3598091366757,304.5158526576092,214.22309163136313,39.2680884822483,52.09513734444075,1170.461979252337
APP-42-011816,2025-05-07 08:00:00,26,24897091.0,27,652,0.1434,94430700.0,9,0,Salaried,Owned,Mobile,0,0.08522619565817291,CASH_LOAN,0.9088338679373537,319.0,0,0.0875718773322849,9425492.67676339,40,1,0.0,1,0.8305746798304217,0.030638310098211014,0.05432772067372337,APPROVE,68245914.08192001,POLICY_PASS,680.8959839037543,80.0,271.8993333077036,19.17530387687472,55.411763831615836,1107.3823849199487
APP-42-011817,2025-05-07 09:00:00,49,14098839.0,52,688,0.54,46174961.0,12,3,Salaried,Owned,Partner,0,0.21909554348015334,BNPL,0.8620125375240701,397.0,0,0.008878783010472537,6038000.19921887,49,1,0.0,1,0.8441838038919722,0.029488688504811858,0.13757950993284218,REVIEW,20753491.008,CREDIT_OR_AFFORDABILITY,555.5967699926266,231.95289079703585,313.1968814061278,43.62231839724413,24.749631257681788,1169.118491850716
APP-42-011818,2025-05-07 10:00:00,25,9618931.0,55,747,0.1485,13901345.0,6,1,Salaried,Mortgage,Mobile,0,0.03898986071374404,BNPL,0.8080879743503937,320.0,0,0.0631191193659157,6971722.638219389,41,1,0.0,0,,0.04291740931739435,0.024498400034030844,APPROVE,13901345.0,POLICY_PASS,715.0002711693837,264.31959639775016,368.54498556459924,12.085256819599646,31.505982320400534,1391.4560922717333
APP-42-011819,2025-05-07 11:00:00,39,29640398.0,35,662,0.1507,83083261.0,18,1,Salaried,Family,Partner,0,0.04965426437470994,BUSINESS_LOAN,0.9484282195599586,440.0,0,0.11212904118840174,20598092.247806806,47,1,174768477.1744295,1,0.8769099449019003,0.028003807652749527,0.03092677755904822,APPROVE,83083261.0,POLICY_PASS,476.24106426832225,203.514459710933,274.23735601740447,37.30477698592286,38.688778887081234,1029.9864358696639
APP-42-011820,2025-05-07 12:00:00,31,41185339.0,18,678,0.3014,66552088.0,12,1,Salaried,Family,Mobile,0,0.030370990226853422,BNPL,0.9912015483161986,470.0,1,0.012200160514048427,23398935.07313889,34,1,0.0,2,0.7640204700717697,0.03303974951021356,0.018496906368640268,APPROVE,25000000.0,POLICY_PASS,828.2894553430208,248.5020431811359,203.66183258183497,45.37966936343947,52.31974096757311,1378.1527414370041
APP-42-011821,2025-05-07 13:00:00,33,9873330.0,17,745,0.3664,134675300.0,36,0,Salaried,Mortgage,Partner,0,0.12127564313148305,BNPL,0.8302708501308791,482.0,0,0.05091270292346697,6382819.679613275,46,0,0.0,0,,0.03789153484661434,0.09455706528187648,APPROVE,20018374.0416,POLICY_PASS,473.7444800719289,267.859681637315,205.52259287875708,42.58029861950676,28.364069610708956,1018.0711228182167
APP-42-011822,2025-05-07 14:00:00,22,19865453.0,67,601,0.2466,27701050.0,6,1,Self-employed,Owned,Partner,0,0.10583978194627597,CASH_LOAN,0.9778454541609928,310.0,0,0.14970880201897474,9933005.383774899,53,1,0.0,0,,0.0277109767662503,0.07091772386189683,APPROVE,27701050.0,POLICY_PASS,648.8080958925862,372.2767609112455,267.71268051375824,30.165999283234964,42.54859287133751,1361.512129472162
APP-42-011823,2025-05-07 15:00:00,47,14062239.0,67,573,0.4908,173878836.0,12,2,Salaried,Owned,Mobile,1,0.346423815342513,CASH_LOAN,0.8040359725363964,291.0,1,0.04112790912204922,6381965.58954016,56,1,0.0,0,,0.07560847310491363,0.23849466292424343,REVIEW,22913574.71616,ENHANCED_DUE_DILIGENCE,559.3606500577554,353.55861788847693,121.73495804960493,34.769046688909974,59.9831381245332,1129.4064108092807
APP-42-011824,2025-05-07 16:00:00,32,29260253.0,41,688,0.3553,39247590.0,12,0,Salaried,Rented,Mobile,0,0.05085664000586653,BNPL,0.9770915995145268,48.0,2,0.018841824941046307,14907421.565128729,57,0,0.0,0,,0.06615813563355225,0.037275974516650115,APPROVE,25000000.0,POLICY_PASS,367.9056965028252,371.9193253409097,302.8202633586186,48.61292379207936,54.822978915636114,1146.081187910069
APP-42-011825,2025-05-07 17:00:00,24,20615164.0,46,552,0.2723,236985698.0,12,2,Salaried,Rented,Mobile,1,0.314182870312328,BNPL,0.9499307790920892,171.0,1,0.0676954418899846,11044539.164593082,45,0,0.0,2,0.8696512044693886,0.045798525305913836,0.25336229795830634,REVIEW,25000000.0,ENHANCED_DUE_DILIGENCE,601.7101028065697,262.3693965472981,297.12387715926747,43.2291165105701,61.24200238582589,1265.6744954095311
APP-42-011826,2025-05-07 18:00:00,46,112222276.0,38,582,0.0841,34430610.0,36,1,Salaried,Mortgage,Mobile,0,0.04694798953918553,BUSINESS_LOAN,0.7409848955537739,823.0,0,0.2344299574223617,31706671.62615381,49,1,493039443.83878046,1,0.9262397561006823,0.09039292750205684,0.031350319750848545,APPROVE,34430610.0,POLICY_PASS,480.3070561972853,337.0781243252843,281.75433724896607,40.46531774372495,42.11909920289084,1181.7239347181514
APP-42-011827,2025-05-07 19:00:00,30,15250059.0,98,748,0.284,71882880.0,18,1,Self-employed,Family,Mobile,0,0.058211209685859154,BNPL,0.8741917367966361,173.0,0,0.0701816393319213,11128113.207624072,40,1,0.0,2,0.7553467149009006,0.0335348392042781,0.03705222132548463,APPROVE,25000000.0,POLICY_PASS,831.2875387512513,175.95054653784612,221.66155687683857,21.87950223075017,54.18734484868914,1304.9664892453754
APP-42-011828,2025-05-07 20:00:00,38,41925010.0,38,516,0.1048,17477211.0,18,0,Salaried,Owned,Branch,0,0.0430818668767397,BNPL,0.9095007159546152,286.0,0,0.0476885042269374,26489680.803329237,42,1,0.0,0,,0.02720328240551194,0.026756697792052083,APPROVE,17477211.0,POLICY_PASS,254.8151464016998,260.273719525529,187.18839686219002,23.860861225495427,49.85162527611019,775.9897492910244
APP-42-011829,2025-05-07 21:00:00,43,44230678.0,126,662,0.4522,47323628.0,24,1,Contract,Mortgage,Mobile,0,0.0581242422175036,CASH_LOAN,0.7920067026989007,306.0,1,0.0756996792765633,9060575.585078547,49,0,0.0,1,0.9624733161869129,0.08711911284544196,0.042482255470625466,APPROVE,47323628.0,POLICY_PASS,415.97800247808334,447.07831182834866,339.27584697985077,44.85700984479272,79.49471783715632,1326.6838889682317
APP-42-011830,2025-05-07 22:00:00,39,24139521.0,31,536,0.3368,48982451.0,9,0,Contract,Rented,Mobile,0,0.1825216511167109,CASH_LOAN,0.9828636460627506,39.0,0,0.0966751766147218,8290689.505091871,48,1,0.0,0,,0.02324827001887928,0.12262008804122321,REVIEW,48982451.0,CREDIT_OR_AFFORDABILITY,960.9014702125423,259.2419521614713,293.9857876899556,21.835488794093706,35.14854386286697,1571.11324272093
APP-42-011831,2025-05-07 23:00:00,20,18370894.0,88,670,0.2251,71741603.0,12,2,Salaried,Rented,Mobile,0,0.10468657778890401,CASH_LOAN,0.8792078785496581,138.0,1,0.07495779655484457,12465696.278007226,43,0,0.0,1,0.8880210415556914,0.06193117107661194,0.07999677150216887,APPROVE,45553938.43392,POLICY_PASS,795.585680155956,292.31379437586173,356.55810721478906,47.8748282437104,28.458367503078218,1520.7907774933956
APP-42-011832,2025-05-08 00:00:00,41,18963811.0,22,772,0.1087,43557547.0,18,1,Self-employed,Mortgage,Partner,0,0.04654600555327245,BUSINESS_LOAN,0.9523024872452887,859.0,1,0.02237197932819111,8119322.164124981,44,1,76513828.32350358,0,,0.03982753131614997,0.02830864453188524,APPROVE,42082605.57792697,POLICY_PASS,474.2187256167514,385.8393166820289,198.38840686276797,16.24152370723533,56.94261377576068,1131.630586644544
APP-42-011833,2025-05-08 01:00:00,34,18101312.0,62,567,0.087,48883621.0,18,2,Salaried,Rented,Partner,0,0.1437109140338806,CASH_LOAN,0.8288906319890774,113.0,1,0.14635993901061548,3769341.3658385254,51,1,0.0,0,,0.09176594654892792,0.09778917462233941,APPROVE,48883621.0,POLICY_PASS,707.1893092988873,253.1255331633444,254.63805239052434,35.01143848486811,37.634037046002874,1287.5983703836273
APP-42-011834,2025-05-08 02:00:00,32,33571806.0,21,489,0.3007,114469241.0,12,0,Self-employed,Family,Mobile,0,0.13764594951878553,CASH_LOAN,0.8514305597481107,185.0,0,0.04463101070675625,24665780.957719352,45,1,0.0,1,0.7417635410483445,0.0341543091908214,0.08834299522582748,APPROVE,70000000.0,POLICY_PASS,898.3891469296366,339.004863811605,390.28575358332256,22.870463731307616,42.577935840473906,1693.1281638963455
APP-42-011835,2025-05-08 03:00:00,34,11138658.0,35,666,0.2592,35381271.0,9,1,Contract,Owned,Partner,0,0.09140369828304089,CASH_LOAN,0.9930801604502324,109.0,4,0.1932666465753641,2727860.961485004,49,1,0.0,1,0.8895002607101334,0.2908753011205214,0.0608527634377734,REVIEW,26404857.108480003,ENHANCED_DUE_DILIGENCE,616.5469829185836,255.1971888407947,294.2846132383733,26.82131655642376,38.67489773589624,1231.5249992900715
APP-42-011836,2025-05-08 04:00:00,21,16474777.0,87,595,0.1187,41705377.0,12,1,Salaried,Owned,Branch,0,0.06656885752258351,CASH_LOAN,0.9203214408921534,139.0,1,0.1583549088779773,1806426.952713573,60,1,0.0,1,0.9092774955764642,0.06659029870529694,0.041700493579790554,APPROVE,41705377.0,POLICY_PASS,546.7885752846821,377.1020843656077,366.1016065404442,38.00691930098274,50.44702616341559,1378.4462116551322
APP-42-011837,2025-05-08 05:00:00,37,15412355.0,21,627,0.4053,71868565.0,36,0,Salaried,Family,Mobile,0,0.12492026391925798,CASH_LOAN,0.9601331416447019,254.0,0,0.023754029696175506,2319188.021681163,59,1,0.0,0,,0.020607102169176498,0.07643335050179191,APPROVE,29330328.059200004,POLICY_PASS,833.9368541000313,299.49084999863294,339.0152780867441,49.60771764621248,65.90369654298792,1587.9543963746087
APP-42-011838,2025-05-08 06:00:00,23,6965468.0,109,666,0.1798,58235948.0,24,1,Self-employed,Rented,Branch,0,0.07650875570650527,BUSINESS_LOAN,0.8598559913715976,338.0,1,0.07674322708021747,1442905.857986382,55,0,38341208.35062372,0,,0.06715939741385704,0.059067046299597754,APPROVE,21087664.59284305,POLICY_PASS,765.1807424732195,141.13571406783217,250.54992623776616,31.84983826513802,23.896418612083533,1212.6126396560394
APP-42-011839,2025-05-08 07:00:00,32,28869191.0,79,681,0.3051,49888745.0,6,3,Contract,Owned,Mobile,0,0.0842396327962437,CASH_LOAN,0.8955573539625189,133.0,1,0.1434208110236786,9888192.646120919,51,1,0.0,3,0.7985525563749245,0.0703661514199474,0.05519587688816997,APPROVE,49888745.0,POLICY_PASS,642.7794824780939,344.18111298207214,324.40513144675833,37.22772182552806,41.355747333632785,1389.9491960660853
APP-42-011840,2025-05-08 08:00:00,36,32297099.0,78,681,0.1992,57368168.0,6,1,Self-employed,Family,Partner,0,0.044271158694999195,CASH_LOAN,0.9468753140414514,435.0,0,0.015758075376982816,6276890.930435612,45,1,0.0,0,,0.02125659949571208,0.02671836697809104,APPROVE,57368168.0,POLICY_PASS,294.21493997612293,300.0482468824547,207.77207701588554,23.853694184764663,50.239796240911026,876.1287543001389
APP-42-011841,2025-05-08 09:00:00,45,12699360.0,78,638,0.1109,22796698.0,6,0,Salaried,Owned,Mobile,1,0.0657203793189264,CASH_LOAN,0.9648589323391525,160.0,0,0.010199651848882533,2449245.903247764,48,1,0.0,1,0.7253393043815989,0.019420613383788598,0.03991311723197132,APPROVE,22796698.0,POLICY_PASS,609.5525764729778,509.1051487929566,248.4049477021904,32.24480394424821,30.71082461165145,1430.0183015240245
APP-42-011842,2025-05-08 10:00:00,28,31719912.0,113,671,0.669,196222707.0,12,2,Salaried,Owned,Partner,0,0.19264761461082205,CASH_LOAN,0.8173649281520442,186.0,0,0.027621408421734262,9063180.494555803,43,1,0.0,0,,0.03732442694226932,0.1252987527514785,REVIEW,33597730.7904,CREDIT_OR_AFFORDABILITY,555.8292882875795,279.5019166785947,319.2816100195396,38.84207893664117,32.98651372791545,1226.4414076502705
APP-42-011843,2025-05-08 11:00:00,48,7533502.0,62,626,0.1181,38958099.0,12,0,Contract,Family,Partner,1,0.10500507544015825,CASH_LOAN,0.8414256131777318,184.0,0,0.14047345209424475,4755713.878811944,49,1,0.0,2,0.946023424055704,0.046861346429332214,0.06665397635952579,APPROVE,21260145.324160002,POLICY_PASS,596.7465618247538,331.6575410667326,125.62901424193555,38.95549282455721,51.056012978134746,1144.044622936114
APP-42-011844,2025-05-08 12:00:00,44,18238719.0,35,616,0.2055,30335008.0,24,0,Salaried,Owned,Mobile,0,0.0726265646203092,CASH_LOAN,0.9748676002671738,86.0,0,0.11092567938934576,3498202.677072061,32,0,0.0,1,0.45885853612655697,0.0250462264429511,0.06504075480545048,APPROVE,30335008.0,POLICY_PASS,391.3116849244338,310.97352969210147,169.0464748178801,30.41900856767272,46.009850520100784,947.760548522189
APP-42-011845,2025-05-08 13:00:00,31,16792454.0,70,639,0.1956,63641999.0,24,0,Salaried,Family,Mobile,0,0.05881941273053504,CASH_LOAN,0.8757809391975167,119.0,2,0.022028218710576444,2039956.0534252906,44,1,0.0,2,0.9024214163758228,0.09866068123139088,0.034394179666981065,APPROVE,43225119.99232,POLICY_PASS,620.9775695895279,424.96902868064683,391.31794549618087,20.497852361957076,63.11916659126648,1520.881562719579
APP-42-011846,2025-05-08 14:00:00,25,18890016.0,49,682,0.2061,25762871.0,18,2,Contract,Mortgage,Mobile,0,0.06271720293285946,BUSINESS_LOAN,0.9269916878341339,415.0,1,0.023770516159195978,11415973.169242868,45,1,121876302.63306123,0,,0.04427485150398116,0.0383638191923131,APPROVE,25762871.0,POLICY_PASS,659.8702140341394,248.32020262539902,262.6355147241217,37.596738578912735,40.60506995529151,1249.0277399178644
APP-42-011847,2025-05-08 15:00:00,22,18836031.0,101,593,0.1249,42711199.0,6,2,Salaried,Family,Mobile,0,0.08744056517743577,BNPL,0.8858456715771851,431.0,0,0.03049555578125875,10963043.879221952,43,1,0.0,1,0.9289964724560426,0.02849645696431165,0.05180265808495065,APPROVE,25000000.0,POLICY_PASS,744.0102344510664,330.29554670981804,144.5373183818184,29.61781788996629,34.411300787096124,1282.8722182197653
APP-42-011848,2025-05-08 16:00:00,37,17253221.0,50,655,0.0516,121742504.0,36,3,Salaried,Owned,Mobile,0,0.17611766716120036,BNPL,0.9505795776798611,266.0,0,0.017327815342181297,1423134.4606274017,39,1,0.0,1,0.9096463205303754,0.02103206357940719,0.1090216716543528,REVIEW,25000000.0,CREDIT_OR_AFFORDABILITY,439.27885391307694,214.8943968372263,225.89336065824878,45.73739114367433,30.231299615467382,956.0353021676938
APP-42-011849,2025-05-08 17:00:00,28,14542809.0,81,607,0.442,55859627.0,24,2,Salaried,Rented,Branch,1,0.20977818973741982,CASH_LOAN,0.9171693502209309,37.0,0,0.08571288170078557,5144840.724749206,45,1,0.0,1,0.8598496924464761,0.029455613737334307,0.13824623211801162,REVIEW,25967639.750400007,CREDIT_OR_AFFORDABILITY,416.3058541563877,401.5481513894457,322.2878582441582,33.07022250483766,29.78867094603127,1203.0007572408604
APP-42-011850,2025-05-08 18:00:00,46,16955351.0,28,587,0.1174,33896444.0,18,1,Salaried,Owned,Partner,0,0.09872211683973908,BNPL,0.9533893707466299,373.0,0,0.05054814174622015,3595647.184502931,34,1,0.0,0,,0.0229192768482324,0.06376909222338663,APPROVE,25000000.0,POLICY_PASS,699.1158489746027,311.21709650389914,250.54031303580786,44.63557652359621,33.5802918195186,1339.0891268574246
APP-42-011851,2025-05-08 19:00:00,29,38097301.0,48,716,0.3882,25726376.0,24,1,Salaried,Mortgage,Branch,0,0.02812350973556841,CASH_LOAN,0.928451497173094,134.0,1,0.01858027565462965,19224745.80180607,42,1,0.0,0,,0.04336557220699388,0.0169951231813876,APPROVE,25726376.0,POLICY_PASS,357.8679729081186,435.16804596401585,202.1329761627559,41.0115670762571,54.895774504178334,1091.0763366153258
APP-42-011852,2025-05-08 20:00:00,27,13092982.0,49,667,0.2995,68518448.0,36,2,Contract,Mortgage,Mobile,0,0.14171949709627887,BUSINESS_LOAN,0.8253998616168197,125.0,0,0.1110966935314574,3949855.7155785016,50,1,79245902.73713823,2,0.8697391373124507,0.04594004501710422,0.09123230354602296,APPROVE,43585246.50542603,POLICY_PASS,560.1382214526941,314.96267518541185,238.72901075323952,32.96349093359368,24.85200103047361,1171.6453993554126
APP-42-011853,2025-05-08 21:00:00,37,62228231.0,102,667,0.2609,30366179.0,6,2,Salaried,Owned,Mobile,0,0.041505247403697466,BUSINESS_LOAN,0.96469469779993,153.0,0,0.030363586901829727,20150254.25040851,46,1,190616718.6412846,1,0.9391415837591677,0.020620631496320804,0.02388070468785379,APPROVE,30366179.0,POLICY_PASS,509.9839236301423,425.2708929546569,289.7966551105186,19.495538355124605,45.95681866016703,1290.5038287106097
APP-42-011854,2025-05-08 22:00:00,29,12692754.0,78,572,0.3313,29575305.0,9,3,Salaried,Rented,Mobile,0,0.23312794172298226,CASH_LOAN,0.9655574402225605,113.0,0,0.028270678615104,2249164.9397829776,39,1,0.0,0,,0.020421597953691792,0.1554434677602084,REVIEW,27160462.71936001,CREDIT_OR_AFFORDABILITY,730.0529346338365,447.9529394365703,296.1124994922782,50.620733441226335,36.2875044889056,1561.0266114928168
APP-42-011855,2025-05-08 23:00:00,35,20540619.0,28,622,0.2036,68366093.0,12,1,Contract,Rented,Partner,0,0.1618420024911299,CASH_LOAN,0.9582688794936035,64.0,0,0.034262644001513555,5405996.737598438,47,0,0.0,1,0.8782258041445807,0.02141656503323759,0.12170773950268046,REVIEW,52347356.709120005,CREDIT_OR_AFFORDABILITY,353.1098845600248,413.16252836540406,240.173401270701,35.92192089621972,69.09225331008105,1111.4599884024306
APP-42-011856,2025-05-09 00:00:00,44,24644046.0,52,683,0.2104,95526585.0,36,2,Contract,Mortgage,Mobile,0,0.09821737055169383,CASH_LOAN,0.9281212401191048,151.0,0,0.05861587945308272,7364848.022177781,39,1,0.0,0,,0.02602668444113464,0.0631962705099909,APPROVE,62268603.90912,POLICY_PASS,389.01728481976323,354.7103681992828,284.29295653361066,38.300822368492156,70.26978339735739,1136.5912153185063
APP-42-011857,2025-05-09 01:00:00,36,15331446.0,41,667,0.5486,34027076.0,24,4,Self-employed,Family,Branch,0,0.20631086917262667,BNPL,0.9541798902109169,307.0,0,0.056820302139327795,5387038.228072624,48,0,0.0,1,0.9663342976693335,0.02326887832626437,0.1556978945066671,REVIEW,22145967.118080005,CREDIT_OR_AFFORDABILITY,490.2882069784663,315.87835587010187,327.48568332266564,38.97745792615622,39.70336584485268,1212.3330699422427
APP-42-011858,2025-05-09 02:00:00,36,38500511.0,79,825,0.3198,20193881.0,6,0,Self-employed,Mortgage,Branch,0,0.02086618222048204,CASH_LOAN,0.9336937761565919,194.0,0,0.05116581855183939,18872823.026172042,53,0,0.0,1,0.9742736224254177,0.02489164473201335,0.014651592324782504,APPROVE,20193881.0,POLICY_PASS,702.2143338618208,455.35701496571005,354.83497631689016,46.74775233226569,56.84594175883385,1616.0000192355205
APP-42-011859,2025-05-09 03:00:00,37,24294215.0,84,656,0.4985,43109172.0,24,0,Self-employed,Rented,Branch,0,0.12295139349173347,CASH_LOAN,0.9483988877388922,246.0,2,0.026698578466673395,8344761.5247149905,35,0,0.0,0,,0.07563557911436501,0.09623733751525526,APPROVE,38987356.23200001,POLICY_PASS,553.7385400951896,436.36171328083054,216.1086230360535,30.450721765743314,37.32302984410496,1273.982628021922
APP-42-011860,2025-05-09 04:00:00,20,16081595.0,96,592,0.1693,81802657.0,12,0,Salaried,Family,Mobile,0,0.0963400441304201,CASH_LOAN,0.8452281761269101,145.0,0,0.07695028673705616,8036989.466770882,47,1,0.0,0,,0.03845297226748072,0.06181179556361106,APPROVE,42748739.0928,POLICY_PASS,945.4850522706298,357.09405463143014,229.5374360808044,39.834483188361055,40.52391080019498,1612.4749369714202
APP-42-011861,2025-05-09 05:00:00,39,38266215.0,83,609,0.4503,68299633.0,6,1,Self-employed,Mortgage,Partner,1,0.15030186776028184,CASH_LOAN,0.9210995587779842,131.0,0,0.023326099296150784,13956856.740236893,44,1,0.0,1,0.8115359095680418,0.02415906678538601,0.09396107885061172,APPROVE,67311802.83360001,POLICY_PASS,430.6613747303746,374.75954584435175,341.301775435408,31.929890846937756,48.34276176352716,1226.995348620599
APP-42-011862,2025-05-09 06:00:00,36,10296986.0,31,578,0.5197,34930350.0,18,3,Salaried,Mortgage,Partner,0,0.3043764132947185,CASH_LOAN,0.9343389864145237,376.0,0,0.2059101202327796,2651186.190862602,45,1,0.0,0,,0.038922095217119375,0.23021263189095326,REVIEW,15826055.602559999,ENHANCED_DUE_DILIGENCE,345.35342626199366,296.57801068738956,269.5504235417053,26.081428845166553,44.844866735342904,982.4081560715979
APP-42-011863,2025-05-09 07:00:00,43,13188640.0,49,593,0.1142,69860439.0,6,1,Salaried,Mortgage,Branch,0,0.1199008161112571,BUSINESS_LOAN,0.9628938223387822,316.0,0,0.028514611398546504,3470271.4701430923,36,1,82109399.77183488,0,,0.020661400021077015,0.076634075256305,APPROVE,45160169.874509186,POLICY_PASS,658.9791503261649,219.0273261324246,308.89046672086397,39.54952081772587,52.06282707217762,1278.509291069357
APP-42-011864,2025-05-09 08:00:00,40,24527268.0,87,647,0.1485,34824716.0,12,3,Self-employed,Family,Mobile,0,0.0968188873462593,BNPL,0.8956169978718103,69.0,0,0.02159550178921853,2293113.669918665,41,1,0.0,0,,0.02667983902708623,0.06043296793348913,APPROVE,25000000.0,POLICY_PASS,539.5420867871862,283.0186856664308,273.4684220995905,38.97853326138329,33.62556594630211,1168.633293760893
APP-42-011865,2025-05-09 09:00:00,33,27971281.0,105,607,0.5605,26938270.0,18,0,Self-employed,Family,Mobile,0,0.11148777004756069,CASH_LOAN,0.7528133954695745,189.0,0,0.1059070457474528,13774420.337603057,43,1,0.0,1,0.9405450758017656,0.060421002965478865,0.0701513518715948,APPROVE,26938270.0,POLICY_PASS,687.691182211052,402.1216216069952,231.56274483769988,31.73693390756911,51.93763009644176,1405.050112659758
APP-42-011866,2025-05-09 10:00:00,44,21494859.0,22,736,0.3216,140822523.0,36,1,Contract,Owned,Branch,0,0.07541940707920534,CASH_LOAN,0.8715370462069595,121.0,0,0.02508368990433563,7865403.38860392,37,1,0.0,2,0.9051008790247436,0.02973615124321509,0.04508842909849253,APPROVE,46662759.50592,POLICY_PASS,888.7294925735976,207.8022758964897,288.91599112288486,33.88875782442783,27.346385424551954,1446.6829028419518
APP-42-011867,2025-05-09 11:00:00,32,16783831.0,69,703,0.1693,117618603.0,9,0,Self-employed,Owned,Mobile,0,0.12352356914750293,CASH_LOAN,0.9527282177570257,466.0,0,0.0019885230310787614,8582774.649840048,53,0,0.0,0,,0.019928142867043967,0.09203921605434422,APPROVE,44615450.91744,POLICY_PASS,669.9429669905467,273.9552441440336,313.962973643225,16.152625053231805,46.36409097647214,1320.3779008075091
APP-42-011868,2025-05-09 12:00:00,37,15675164.0,50,702,0.5177,30147639.0,12,2,Salaried,Owned,Mobile,0,0.12102903578922064,CASH_LOAN,0.9007054350513338,99.0,0,0.022389880508873996,6261235.674133231,51,1,0.0,0,,0.02619115710783081,0.07495676668602828,APPROVE,24192421.111039996,POLICY_PASS,674.2897192960206,350.1107159815922,269.52143735125264,21.33601369057103,47.796719217301394,1363.0546055367379
APP-42-011869,2025-05-09 13:00:00,32,33536764.0,59,622,0.0904,76494649.0,12,2,Self-employed,Rented,Partner,0,0.15156761714871245,CASH_LOAN,0.7580334223316549,224.0,0,0.007998962477798332,21481133.958920203,45,0,0.0,0,,0.04479867843751165,0.11594951127379605,APPROVE,70000000.0,POLICY_PASS,426.7039890981428,289.841187500803,308.0073797884153,46.359369464529024,65.51906199723514,1136.4309878491254
APP-42-011870,2025-05-09 14:00:00,39,20544409.0,78,706,0.3803,22655559.0,36,4,Self-employed,Rented,Partner,0,0.1362253679499993,BUSINESS_LOAN,0.9071647697709393,190.0,0,0.03135990773978753,12565770.878027339,48,1,82422132.4447204,1,0.8300789456238443,0.026185568887583794,0.08405345706911449,APPROVE,22655559.0,POLICY_PASS,517.5929922752887,183.94074063587232,243.23402724616136,35.83745893761426,40.27466658844108,1020.8798856833776
APP-42-011871,2025-05-09 15:00:00,32,11141094.0,53,714,0.2246,140794027.0,18,2,Salaried,Rented,Mobile,0,0.18052227600898774,CASH_LOAN,0.8830895798395348,240.0,1,0.025541789779863315,7452357.8399473615,37,1,0.0,0,,0.05303295070391942,0.11788044226828777,APPROVE,27644173.72032,POLICY_PASS,560.2990241062715,429.11340470209484,241.73595611697394,37.91438095968782,44.42009279237806,1313.482858677406
APP-42-011872,2025-05-09 16:00:00,50,10793299.0,56,755,0.2913,83453074.0,12,1,Salaried,Family,Partner,0,0.061329811073821454,BNPL,0.933280996068286,520.0,0,0.05742311549136252,3356066.675301292,39,1,0.0,1,0.7670818199379588,0.025394235714444314,0.03866993626339949,APPROVE,24477475.20416,POLICY_PASS,774.6224222814504,295.9575429768426,256.0851994452193,18.778066133681683,79.94636869094835,1425.3895995281423
APP-42-011873,2025-05-09 17:00:00,53,41379082.0,26,601,0.2702,63137900.0,36,1,Salaried,Rented,Mobile,0,0.054784836833669553,CASH_LOAN,0.9853812527288082,522.0,1,0.2284319659641351,21719511.767695744,41,1,0.0,0,,0.06277859562886696,0.03902765411478427,APPROVE,63137900.0,POLICY_PASS,456.6784084726421,389.07618255021634,289.69259783756615,48.97009277662488,39.01020904611598,1223.4274906831654
APP-42-011874,2025-05-09 18:00:00,43,12122374.0,49,641,0.7734,22857907.0,12,2,Self-employed,Rented,Partner,1,0.24637063771748324,BNPL,0.8921821558394394,605.0,1,0.05258734069025913,8175238.422266973,45,0,0.0,1,0.6614692423285521,0.05523167996131698,0.2030946329151093,REVIEW,8790175.83488,ENHANCED_DUE_DILIGENCE,602.9790643403206,221.06585170727521,264.9785973621256,51.48660327101051,27.938497173235664,1168.4486138539678
APP-42-011875,2025-05-09 19:00:00,49,20913060.0,47,586,0.2693,111192058.0,24,2,Self-employed,Mortgage,Mobile,0,0.19459315380500528,BUSINESS_LOAN,0.9087458496916031,310.0,0,0.022944871406923747,6824749.767615469,37,1,71863915.47352359,1,0.9194535495852397,0.025384656561572908,0.12206016666396165,APPROVE,39525153.51043797,POLICY_PASS,408.55873056734544,154.68003126304072,380.84550645524854,36.00179487836357,59.22712359757236,1039.3131867615707
APP-42-011876,2025-05-09 20:00:00,21,37840134.0,46,830,0.2289,68116711.0,18,2,Salaried,Family,Mobile,0,0.03386793553695153,BNPL,0.7858197048505249,139.0,0,0.11807164498742902,12398816.973347366,53,1,0.0,0,,0.05487663357873993,0.021598883723499888,APPROVE,25000000.0,POLICY_PASS,760.3159628332089,402.93726797628364,199.27524298610587,23.951520527784975,44.25082265877663,1430.7308169821601
APP-42-011877,2025-05-09 21:00:00,22,24252768.0,45,625,0.5642,76914108.0,6,1,Self-employed,Family,Mobile,0,0.21220175375948697,BNPL,0.8221077665043667,312.0,0,0.13135316345288267,17183785.76719643,37,1,0.0,1,0.8998525111276119,0.04932256531594392,0.14465597560907897,REVIEW,25000000.0,CREDIT_OR_AFFORDABILITY,667.8403492664839,342.28070089038755,155.8704143174912,40.135369632891596,31.65499838883206,1237.7818324960863
APP-42-011878,2025-05-09 22:00:00,32,11865896.0,120,732,0.1873,118036612.0,12,0,Self-employed,Mortgage,Mobile,1,0.09239436962111104,CASH_LOAN,0.929943911297529,242.0,0,0.03725495258696374,3763070.017738399,42,1,0.0,0,,0.02426870514348054,0.05809621033642177,APPROVE,30858923.77344,POLICY_PASS,721.0047143173377,364.4214240412663,229.40490205465844,32.26406900295028,55.36596611958439,1402.461075535797
APP-42-011879,2025-05-09 23:00:00,35,10295841.0,77,651,0.2678,81198689.0,18,1,Self-employed,Mortgage,Branch,0,0.11902420119750241,CASH_LOAN,0.9137259965873716,170.0,1,0.07396066490257439,1276890.5767599754,38,0,0.0,0,,0.05387199047245558,0.09558842419134207,APPROVE,24123567.29664,POLICY_PASS,635.7559087380696,222.55632730565958,263.71694318063066,40.79538107863226,43.71659838758815,1206.5411586905802
APP-42-011880,2025-05-10 00:00:00,33,50340525.0,24,703,0.3552,24461668.0,6,1,Salaried,Owned,Branch,0,0.024282683184681957,BNPL,0.9587896414452439,495.0,0,0.06669433351430368,14272477.099765852,41,1,0.0,0,,0.02350323207794003,0.015211297572315827,APPROVE,24461668.0,POLICY_PASS,722.8835643055386,316.2687290143904,355.5641554148679,39.056922361179524,43.73578021518225,1477.5091513111586
APP-42-011881,2025-05-10 01:00:00,20,10152614.0,15,639,0.6348,114558371.0,18,0,Salaried,Family,Mobile,0,0.1916590882267729,CASH_LOAN,0.8985616884116353,156.0,1,0.0975081744231042,7602727.990347947,44,1,0.0,0,,0.06114375928896294,0.13020645785403676,REVIEW,11864750.82496,CREDIT_OR_AFFORDABILITY,768.3524466963138,451.1162782432224,187.61703006897974,28.171304101998377,44.83825199929766,1480.095311109812
APP-42-011882,2025-05-10 02:00:00,45,13277537.0,47,706,0.2523,33259378.0,24,0,Self-employed,Family,Mobile,0,0.06542357858599512,CASH_LOAN,0.8333144354546156,117.0,2,0.03302343031900894,4446015.772141189,45,0,0.0,0,,0.119113670897141,0.04976283850747019,APPROVE,31768366.127680004,POLICY_PASS,859.405265592821,254.90486306557267,168.99981378186123,27.126627085206668,51.04837536177772,1361.4849448872392
APP-42-011883,2025-05-10 03:00:00,54,22092734.0,92,660,0.14,44848898.0,18,3,Salaried,Family,Branch,0,0.07563218121406964,CASH_LOAN,0.9441761054330354,143.0,1,0.004839363600809004,7239607.697370145,40,1,0.0,0,,0.039127298079710104,0.04632687757324686,APPROVE,44848898.0,POLICY_PASS,450.2533896098472,348.88644888943173,290.2094723928983,42.05609796104466,55.700857082693375,1187.1062659359154
APP-42-011884,2025-05-10 04:00:00,47,15958452.0,28,763,0.2095,43947903.0,18,1,Salaried,Rented,Mobile,1,0.04803321986986645,BNPL,0.9444606675405343,351.0,2,0.14161777495843936,4409703.98753433,66,1,0.0,1,0.8945853280298742,0.10509230884329855,0.029289489570597623,APPROVE,25000000.0,POLICY_PASS,658.4042792804502,320.5895508533616,165.4952459190791,24.15236783798994,50.364808149758645,1219.0062520406393
APP-42-011885,2025-05-10 05:00:00,45,24679295.0,84,662,0.3976,23105790.0,36,2,Self-employed,Rented,Partner,1,0.08971669309915174,CASH_LOAN,0.97364698175995,133.0,1,0.015103604938144912,17165493.122307938,41,0,0.0,0,,0.03577737457867579,0.0683209889067313,APPROVE,23105790.0,POLICY_PASS,614.9656993649135,376.2898856547531,201.07907847463065,28.50556003119116,21.69458127100898,1242.5348047964974
APP-42-011886,2025-05-10 06:00:00,37,8029298.0,32,588,0.3752,33120326.0,24,2,Self-employed,Owned,Mobile,0,0.2113799835331883,BUSINESS_LOAN,0.9526022049703307,168.0,0,0.07275620252409808,1318913.9992495333,61,1,33776509.362812,1,0.924027200959735,0.024538661004169463,0.13224327015027748,APPROVE,18577080.1495466,POLICY_PASS,614.88252013409,371.63248613422496,229.2686238052418,42.38437473889889,40.501357972264536,1298.66936278472
APP-42-011887,2025-05-10 07:00:00,27,16033048.0,41,677,0.2684,26900934.0,24,1,Salaried,Mortgage,Mobile,0,0.06207448147582519,CASH_LOAN,0.8946102026910498,217.0,0,0.06384052325010992,4573322.770749782,49,1,0.0,0,,0.03029993392729688,0.038774166354367624,APPROVE,26900934.0,POLICY_PASS,512.3424373421568,289.1356547207866,328.9721471327407,8.0,48.573019687761224,1187.0232588834454
APP-42-011888,2025-05-10 08:00:00,36,26130431.0,46,641,0.1658,27809870.0,24,2,Salaried,Rented,Branch,0,0.08886929770660619,CASH_LOAN,0.9459650438660144,288.0,2,0.3000764008911991,15217385.201123059,38,1,0.0,1,0.8254211691439108,0.1580480318792477,0.0662304910207536,APPROVE,27809870.0,POLICY_PASS,805.8255357387484,338.8028105765728,273.25508469160127,37.23095508050682,60.19427117806404,1515.3086572654936
APP-42-011889,2025-05-10 09:00:00,54,26179115.0,53,569,0.1815,51051777.0,36,3,Salaried,Rented,Partner,0,0.16659036330170604,BUSINESS_LOAN,0.9785351878705234,315.0,1,0.007677282554454825,10358506.806962686,54,1,114620563.92484228,0,,0.03432955617377807,0.10365758955372917,APPROVE,51051777.0,POLICY_PASS,440.188192055306,351.814798880448,241.93691329379405,24.02574092711997,35.50516408240861,1093.4708092390767
APP-42-011890,2025-05-10 10:00:00,32,13138179.0,20,667,0.0637,92292015.0,18,0,Self-employed,Rented,Mobile,0,0.11280099545249087,CASH_LOAN,0.867997232926272,158.0,0,0.023232309555648263,9531885.531849729,43,1,0.0,0,,0.030006031277607936,0.07069777431266173,APPROVE,39364086.39264,POLICY_PASS,468.5802166472987,263.6744607394671,256.1968910396456,28.297997108327735,46.38229423863305,1063.1318597733723
APP-42-011891,2025-05-10 11:00:00,31,10261830.0,23,596,0.3055,186639361.0,9,0,Self-employed,Owned,Mobile,1,0.23463952648400271,CASH_LOAN,0.9671145272991812,357.0,1,0.042260360989786125,1960304.2981737477,50,0,0.0,0,,0.039730304961722016,0.18609274363623785,REVIEW,22805890.992000002,CREDIT_OR_AFFORDABILITY,680.4003163815005,233.93210904623925,241.5795999447995,45.21306308754862,48.37377872702222,1249.49886718711
APP-42-011892,2025-05-10 12:00:00,45,20245124.0,41,623,0.1367,78950476.0,36,0,Salaried,Mortgage,Mobile,0,0.09815614872360186,CASH_LOAN,0.964402785427337,467.0,0,0.02904805688318687,11477662.086493833,46,0,0.0,0,,0.020565760275933275,0.07494520108283974,APPROVE,55928369.75744,POLICY_PASS,950.5786516285095,235.592970472491,287.7537172567956,29.294430594738355,44.904626795393014,1548.1243967479274
APP-42-011893,2025-05-10 13:00:00,46,8745308.0,17,643,0.4443,164362128.0,18,1,Contract,Family,Partner,1,0.27844940199710333,CASH_LOAN,0.9153518663804252,90.0,0,0.004664463086106495,4297090.978776382,54,1,0.0,0,,0.023419585217322174,0.18217690984668583,REVIEW,15551256.497920005,CREDIT_OR_AFFORDABILITY,536.242501118553,401.43363777022097,164.9418826836892,35.36284651017617,46.01348495962252,1183.9943530422618
APP-42-011894,2025-05-10 14:00:00,27,36478410.0,38,494,0.5765,25418706.0,12,3,Salaried,Mortgage,Mobile,0,0.18877504906119402,BNPL,0.7548907003430891,302.0,0,0.02506365979180939,2931319.770384971,41,1,0.0,0,,0.04763638900753575,0.12279853984258698,REVIEW,25000000.0,CREDIT_OR_AFFORDABILITY,694.3255706995582,406.4970102688915,205.10888645359455,35.06161162972921,70.70969140347738,1411.7027704552506
APP-42-011895,2025-05-10 15:00:00,33,19627793.0,60,609,0.4567,173045352.0,12,1,Self-employed,Mortgage,Partner,1,0.2880598008952989,CASH_LOAN,0.8980238603291459,877.0,3,0.014560182873633457,5064390.0563463755,45,1,0.0,1,0.9398982235075137,0.15735787601797063,0.1845416526113475,REVIEW,34124095.798080005,CREDIT_OR_AFFORDABILITY,689.2334545521372,475.462634467733,324.8766651097677,38.14939872058588,27.736944913352886,1555.4590977635767
APP-42-011896,2025-05-10 16:00:00,30,12269609.0,27,707,0.5147,44777346.0,24,1,Salaried,Rented,Partner,0,0.13817301520573083,BUSINESS_LOAN,0.885546633679608,234.0,0,0.04127009235799589,5919970.863420657,54,1,78021071.00156839,0,,0.02944095282716491,0.08685970241556824,APPROVE,42911589.05086262,POLICY_PASS,340.3986905308699,323.96692104890434,324.7621633166345,31.586964903686955,27.676267959785953,1048.3910077598816
APP-42-011897,2025-05-10 17:00:00,36,10078415.0,37,626,0.0903,233146525.0,6,0,Salaried,Mortgage,Mobile,0,0.1775153176496588,CASH_LOAN,0.9152493061576403,268.0,2,0.06964557527652408,5305906.5898265485,46,1,0.0,0,,0.09664157586316187,0.11732193796006309,APPROVE,29338669.2016,POLICY_PASS,679.5610623868516,326.66164797372585,300.76558515706796,34.58494779834203,37.43445800722621,1379.0077013232135
APP-42-011898,2025-05-10 18:00:00,45,12707477.0,55,503,0.4064,29290271.0,18,3,Salaried,Family,Mobile,0,0.24162474437834572,CASH_LOAN,0.8642677920736184,192.0,0,0.09983352501753574,1573327.0083947454,41,0,0.0,1,0.7667856122912577,0.03803672434941297,0.20085599000963378,REVIEW,24138106.711040005,ENHANCED_DUE_DILIGENCE,591.3479501663644,181.7437128014085,324.8536110180784,26.853128138060672,50.08911795863946,1174.8875200825514
APP-42-011899,2025-05-10 19:00:00,28,7624065.0,22,634,0.2349,110334213.0,18,2,Contract,Family,Branch,0,0.17122643265070994,CASH_LOAN,0.9931149016436799,119.0,0,0.08316095349157368,5101988.662383127,35,1,0.0,1,0.7629570423741714,0.02142372616396218,0.11573266345947072,APPROVE,18666150.820800003,POLICY_PASS,472.8905419597131,406.5733635213776,224.23574631944075,25.6275840034306,44.754988302283195,1174.0822241062453
APP-42-011900,2025-05-10 20:00:00,45,23629602.0,60,675,0.0714,25213480.0,12,0,Contract,Owned,Mobile,0,0.03709015120980222,CASH_LOAN,0.915040890318798,238.0,0,0.011081614287203046,13623360.239974689,43,0,0.0,1,0.9790428720716674,0.02389439437776394,0.02588136276549457,APPROVE,25213480.0,POLICY_PASS,672.3999234136144,125.51428041478638,205.50920898167385,42.86508936552475,38.11384068401271,1084.4023428596122
APP-42-011901,2025-05-10 21:00:00,36,11574520.0,49,619,0.4396,26367130.0,36,0,Salaried,Rented,Partner,0,0.14618040945275254,BNPL,0.9307471763998479,92.0,1,0.18148501521128027,3995194.6703458563,44,1,0.0,1,0.8860044528049956,0.06819939878592446,0.09952030217966752,APPROVE,20756355.225600004,POLICY_PASS,562.7225592781117,392.5022902345729,174.1293389770765,35.325460722519566,48.46000847719979,1213.1396576894806
APP-42-011902,2025-05-10 22:00:00,56,22425332.0,31,621,0.2649,234732253.0,12,0,Salaried,Rented,Branch,0,0.15514703766186547,CASH_LOAN,0.9147502299371533,308.0,0,0.11797550713677643,10546809.788490294,61,1,0.0,0,,0.032671833918985635,0.10217320813880588,APPROVE,52751556.97024,POLICY_PASS,223.2735912494474,535.4238603506153,227.05235707646926,35.79742026689768,46.69918298097627,1068.246411924406
APP-42-011903,2025-05-10 23:00:00,38,24191998.0,98,608,0.5051,31532071.0,12,2,Self-employed,Rented,Mobile,1,0.19964302950967572,CASH_LOAN,0.8695238710898059,150.0,0,0.037435381727268686,9875201.636748904,41,1,0.0,0,,0.03107769365647329,0.13153544825198346,REVIEW,31532071.0,CREDIT_OR_AFFORDABILITY,499.33167942642217,287.68841072975783,307.8452656376615,36.03240193775959,27.254428822832175,1158.1521865544332
APP-42-011904,2025-05-11 00:00:00,34,30620516.0,26,685,0.0908,64638515.0,12,0,Self-employed,Owned,Partner,0,0.04381054622395235,BNPL,0.9909485068112128,760.0,3,0.060951470384840487,7525856.119104107,32,0,0.0,1,0.9682006389807775,0.12684698283023366,0.032551835611155565,APPROVE,25000000.0,POLICY_PASS,505.46938134042495,316.69126233726564,183.70218224932233,26.93247101802454,29.618880953837603,1062.4141778988749
APP-42-011905,2025-05-11 01:00:00,40,20674229.0,62,581,0.5043,25664014.0,12,0,Salaried,Mortgage,Partner,0,0.12809934776032342,BNPL,0.7981182532749994,468.0,1,0.025036436730517784,11149437.38364794,37,1,0.0,1,0.8478184924488716,0.07398778911965322,0.0796261353624021,APPROVE,25000000.0,POLICY_PASS,716.612542907983,313.34858539376796,301.07653291743094,29.909781193816862,30.129378390646224,1391.076820803645
APP-42-011906,2025-05-11 02:00:00,32,33423213.0,63,679,0.7061,56248630.0,24,1,Salaried,Family,Mobile,0,0.06550861757744754,CASH_LOAN,0.7767010934689439,115.0,1,0.006553843137524128,6257573.642338309,36,1,0.0,2,0.8719970601234259,0.07638682820285617,0.038921681546566465,APPROVE,31433863.362240005,POLICY_PASS,707.5734872622484,319.14721911916547,263.1500871808953,29.620343737765733,39.90281883846767,1359.3939561385428
APP-42-011907,2025-05-11 03:00:00,20,38579942.0,26,621,0.0613,206022245.0,6,1,Salaried,Mortgage,Mobile,0,0.09246522589283636,CASH_LOAN,0.9388005651680106,295.0,0,0.024787091011801998,21613887.353228975,37,1,0.0,0,,0.022563470689775513,0.05817800506731712,APPROVE,70000000.0,POLICY_PASS,555.3751649840784,202.01426863541073,216.09740253353587,27.67104552614869,43.285114663482645,1044.4429963426562
APP-42-011908,2025-05-11 04:00:00,33,20746760.0,31,730,0.1215,66108655.0,36,3,Salaried,Owned,Mobile,0,0.04763098895167017,CASH_LOAN,0.8165092194071144,220.0,1,0.018076768489589987,7891679.4177364465,38,1,0.0,1,0.9189189727593117,0.06753986296913317,0.027825373796920447,APPROVE,58323291.712000005,POLICY_PASS,813.6547339548686,376.4872710238934,141.89115021733096,30.105273729807656,43.58435503296219,1405.7227839588627
APP-42-011909,2025-05-11 05:00:00,33,21446498.0,68,605,0.5735,38882124.0,24,0,Salaried,Rented,Mobile,0,0.1768828699129095,BNPL,0.8939321711527698,98.0,1,0.03014516408309142,8937063.665845858,48,1,0.0,1,0.9135556492917551,0.05146192941556954,0.10860515807553434,REVIEW,25000000.0,CREDIT_OR_AFFORDABILITY,798.0697361160608,398.5152906253902,224.4848632055748,26.333349578471143,36.34381392359485,1483.7470534490917
APP-42-011910,2025-05-11 06:00:00,21,13246868.0,81,560,0.1698,42569569.0,12,3,Contract,Family,Mobile,0,0.1694978133921957,CASH_LOAN,0.7971938158635344,104.0,2,0.07008025406876094,9511539.463209923,45,0,0.0,0,,0.14957055062290334,0.13568158944858386,REVIEW,35192159.40352,CREDIT_OR_AFFORDABILITY,631.3109261235036,273.6021475905443,167.36457163726246,42.23693722406136,31.34954217107797,1145.8641247464498
APP-42-011911,2025-05-11 07:00:00,34,10456023.0,60,685,0.4322,50811008.0,18,1,Self-employed,Owned,Mobile,0,0.11459016568779051,CASH_LOAN,0.9189654668872393,361.0,0,0.03574560043381083,2424172.246334282,54,1,0.0,0,,0.025273065033696928,0.07103624780382964,APPROVE,18998175.55008,POLICY_PASS,641.9015017007171,299.09276046281,219.0881061537805,19.70587069314123,54.79785526650535,1234.586094276954
APP-42-011912,2025-05-11 08:00:00,20,36434376.0,68,675,0.6117,56720926.0,12,0,Self-employed,Rented,Mobile,0,0.0878504907309184,BUSINESS_LOAN,0.9831247833644715,144.0,0,0.05148658586217557,20905977.955607302,50,0,113428209.42274408,0,,0.02033904056214541,0.06744896935200317,APPROVE,56720926.0,POLICY_PASS,690.8123978433174,276.81507418212595,321.95324514650923,41.418841495247456,41.55651778392027,1372.5560764511204
APP-42-011913,2025-05-11 09:00:00,32,25116646.0,38,670,0.16,71480315.0,12,1,Salaried,Rented,Mobile,0,0.0775273876345124,BUSINESS_LOAN,0.9552641754007785,282.0,1,0.031707066154807666,17539609.426563077,45,1,169958440.3294506,1,0.989287134365685,0.04042708445374341,0.044811998036953835,APPROVE,71480315.0,POLICY_PASS,535.9837164135151,343.8695009593977,342.12239716775434,34.12531941034944,52.26641781760467,1308.3673517686213
APP-42-011914,2025-05-11 10:00:00,37,26262124.0,90,701,0.2632,92366130.0,12,0,Salaried,Rented,Partner,0,0.08906798069029653,CASH_LOAN,0.848472207487309,342.0,0,0.1667067126281265,13286161.912257724,50,1,0.0,0,,0.04910404980049205,0.06036747895073596,APPROVE,61919785.48224,POLICY_PASS,392.6697827132069,293.5878163485452,235.87374556560152,37.690832428256925,37.81324047287563,997.6354175284862
APP-42-011915,2025-05-11 11:00:00,36,13006919.0,18,568,0.492,36576084.0,12,1,Salaried,Rented,Mobile,0,0.21129337712462046,BUSINESS_LOAN,0.8680111223112715,333.0,1,0.04966907366146684,1046225.5957268846,47,1,74759656.80841374,0,,0.06027671981227732,0.13956651322926136,APPROVE,36576084.0,POLICY_PASS,515.7630772608798,306.88254879775667,68.75324404730034,36.25128200681176,50.059294227789735,977.7094463405383
APP-42-011916,2025-05-11 12:00:00,31,43970923.0,57,583,0.3743,81235952.0,24,0,Salaried,Rented,Partner,0,0.1282936891900568,BUSINESS_LOAN,0.9388431190155856,242.0,0,0.009137062305755528,29512995.530537367,44,1,274949767.0017869,1,0.8364116590948133,0.02154713164745644,0.07811767899276688,APPROVE,81235952.0,POLICY_PASS,842.8968277738711,275.97816863108454,296.4427818867679,24.580736331212258,63.86808855668316,1503.766603179619
APP-42-011917,2025-05-11 13:00:00,34,15873231.0,89,735,0.4808,18502742.0,6,2,Self-employed,Rented,Mobile,0,0.10162149215003828,CASH_LOAN,0.9341563420624017,79.0,0,0.0005823397594922007,4511878.224108508,44,1,0.0,0,,0.021421422448710096,0.06227482434035533,APPROVE,18502742.0,POLICY_PASS,653.7182057554462,419.4690626213812,341.2556753745632,41.19217465817553,22.14068489778341,1477.7758033073494
APP-42-011918,2025-05-11 14:00:00,28,11580925.0,83,671,0.5747,62549038.0,12,2,Salaried,Mortgage,Partner,0,0.18900332213986432,CASH_LOAN,0.832959244400963,753.0,0,0.008132209878686477,3207483.9533819966,40,1,0.0,1,0.979105507716568,0.03311695366093412,0.11464666837682234,APPROVE,15761175.688000001,POLICY_PASS,561.1313998844038,464.2888823834767,261.5234958730314,8.20226997432789,33.89738359562811,1329.0434317108677
APP-42-011919,2025-05-11 15:00:00,35,13129361.0,8,607,0.4065,33774895.0,24,1,Salaried,Family,Partner,1,0.12352748359984188,BNPL,0.8241827988404884,81.0,0,0.0770739862602552,2285340.1071882276,47,1,0.0,1,0.7138072094139388,0.041872731715667716,0.08092995205097572,APPROVE,24935282.4112,POLICY_PASS,572.7754990503952,246.01661454677225,270.17405827792663,31.867919737978546,53.73465304460351,1174.568744657676
APP-42-011920,2025-05-11 16:00:00,36,42714018.0,78,513,0.0777,49267916.0,36,0,Salaried,Mortgage,Mobile,0,0.05943605938132606,BUSINESS_LOAN,0.9221921717711011,217.0,2,0.17144325073544292,18312021.48022249,46,1,153987820.97841987,1,0.7515917405770076,0.1235885933281842,0.04029209742927374,APPROVE,49267916.0,POLICY_PASS,820.1225569852165,276.40192163274907,361.34001970062474,31.293518876895092,29.099592110514866,1518.2576093060002
APP-42-011921,2025-05-11 17:00:00,27,9769796.0,38,550,0.0921,76923868.0,9,3,Self-employed,Rented,Mobile,0,0.36405436692212584,BNPL,0.9360696276818327,242.0,1,0.02864716229767052,2196572.9515275876,37,1,0.0,1,0.9116420124229383,0.04329114741937979,0.24902536958786625,REVIEW,25000000.0,ENHANCED_DUE_DILIGENCE,490.28609403045414,327.60174889694395,195.30866806784286,31.282483270276565,43.098771379531,1087.5777656450484
APP-42-011922,2025-05-11 18:00:00,37,11908523.0,37,571,0.6673,134524439.0,18,1,Salaried,Rented,Branch,1,0.3739111958376185,CASH_LOAN,0.9297892171782137,229.0,1,0.04703376557992588,7589575.943497093,49,1,0.0,1,0.8435588451140361,0.046796793862348106,0.25898202497660683,REVIEW,12678289.92672,ENHANCED_DUE_DILIGENCE,680.8374525737621,235.9994261251151,268.0178526827577,48.52299496203449,46.733078312089944,1280.1108046557592
APP-42-011923,2025-05-11 19:00:00,37,88637222.0,59,600,0.5419,45994544.0,24,1,Salaried,Mortgage,Mobile,0,0.1024406601023528,BNPL,0.8792561768025176,314.0,0,0.002462764939208167,10273077.975712936,47,1,0.0,0,,0.026975304908983606,0.06252940556705425,APPROVE,25000000.0,POLICY_PASS,539.3682621459282,311.0805456143167,258.19579516091613,42.12834627829219,36.11445610219763,1186.8874053016507
APP-42-011924,2025-05-11 20:00:00,34,30203038.0,25,662,0.3556,69113730.0,6,0,Salaried,Owned,Branch,0,0.05490677181686007,BNPL,0.8828707435688131,258.0,0,0.10145833137587905,8982127.391695738,44,0,0.0,4,0.8548785715781835,0.03544508639197206,0.04253276786913277,APPROVE,25000000.0,POLICY_PASS,678.2169864055074,281.0393022350426,247.87129236736192,23.754484404157502,49.426150956835194,1280.3082163689048
APP-42-011925,2025-05-11 21:00:00,57,12027444.0,63,542,0.3895,62626025.0,12,1,Self-employed,Rented,Branch,0,0.21323611903725512,BNPL,0.6993359847081579,344.0,0,0.007237580461697981,4718905.566689254,61,1,0.0,0,,0.056492395185351756,0.13387764479714434,REVIEW,23496814.598400004,CREDIT_OR_AFFORDABILITY,674.0637659624421,368.44685339890475,377.603664902615,34.242711667510136,49.95141649512949,1504.3084124266015
APP-42-011926,2025-05-11 22:00:00,34,9930151.0,86,602,0.1633,17353367.0,36,2,Salaried,Mortgage,Partner,0,0.09992359223845898,BUSINESS_LOAN,0.988290855880007,418.0,1,0.06599862777909907,6846470.036856168,55,1,68323779.19059245,0,,0.03905952464005281,0.06276274042293736,APPROVE,17353367.0,POLICY_PASS,826.9064419867437,406.83758303811726,293.521101009143,22.152414524880722,58.453409877552645,1607.8709504364374
APP-42-011927,2025-05-11 23:00:00,32,7173461.0,105,549,0.1866,65318838.0,12,1,Self-employed,Owned,Partner,0,0.16805926324107606,BNPL,0.6626886816451097,61.0,2,0.21610333518180758,635698.1487660167,44,1,0.0,1,0.8674943434974881,0.32410231515211335,0.11861460735545641,DECLINE,18671658.167680003,FRAUD_RISK,598.3331496793861,455.28450379225444,209.3170402861686,35.130479744308694,24.65857298759028,1322.7237464897082
APP-42-011928,2025-05-12 00:00:00,31,18987570.0,131,610,0.1969,207134365.0,36,1,Salaried,Owned,Branch,0,0.10496970279645695,CASH_LOAN,0.6714485276494371,292.0,2,0.03180623363727946,5097853.26606436,43,1,0.0,1,0.8812331185275156,0.2100431869514659,0.0635838148206611,APPROVE,48796535.8944,POLICY_PASS,447.3175364942129,413.7944291996066,260.22861339269224,33.190491675122274,33.08997601126133,1187.6210467728954
APP-42-011929,2025-05-12 01:00:00,26,26863889.0,60,812,0.253,101915192.0,12,1,Self-employed,Owned,Mobile,0,0.04284603497617752,BUSINESS_LOAN,0.8927933640877201,49.0,3,0.07971715914891069,4292511.878710096,51,1,77321537.26328476,0,,0.1883785321114677,0.026764146301074106,APPROVE,42526845.49480662,POLICY_PASS,718.1457995659596,257.570934523193,223.56275867905674,28.397127932560803,41.832989597634935,1269.509610298405
APP-42-011930,2025-05-12 02:00:00,41,41500720.0,35,726,0.1058,42541307.0,24,0,Salaried,Mortgage,Partner,0,0.02288081955146473,CASH_LOAN,0.8921873898074795,171.0,0,0.06845487587771308,29676432.134034134,51,1,0.0,0,,0.0310136705973239,0.014064063984824146,APPROVE,42541307.0,POLICY_PASS,671.1075442222475,383.68332079123377,261.8654222647989,33.429240787092574,46.29592222387302,1396.3814502892458
APP-42-011931,2025-05-12 03:00:00,29,6351435.0,29,681,0.1645,42043715.0,12,0,Salaried,Mortgage,Mobile,0,0.06742732270014926,BNPL,0.9327116304778857,113.0,1,0.13211911245791663,2322028.8764575105,37,0,0.0,0,,0.058909801070678086,0.055892626570673946,APPROVE,16981196.616,POLICY_PASS,678.216729595047,224.1186919600409,197.74786300602585,37.683464758533106,34.68648904530147,1172.4532383649482
APP-42-011932,2025-05-12 04:00:00,30,8683389.0,144,602,0.1368,38107319.0,12,1,Salaried,Rented,Partner,0,0.12226163346545989,BUSINESS_LOAN,0.9104379112887662,183.0,0,0.02175954199106124,5715473.465097461,46,1,52621087.141795665,1,0.6246905823409994,0.02512219047265616,0.07912664894808547,APPROVE,28941597.927987617,POLICY_PASS,431.5176580878125,452.3994464655894,243.03160076983104,41.172726420616,42.218480745502674,1210.3399124893517
APP-42-011933,2025-05-12 05:00:00,30,16854521.0,42,562,0.6708,84012850.0,12,1,Contract,Rented,Mobile,0,0.33601375911827064,BNPL,0.9918254345587071,317.0,0,0.02830533836830235,4886880.827079475,43,1,0.0,2,0.8222092265585424,0.018329376177922747,0.22925139105144823,REVIEW,17755226.602240004,ENHANCED_DUE_DILIGENCE,540.6454393296009,292.587909694995,335.7164043763363,43.306892596468685,65.30203134137122,1277.5586773387722
APP-42-011934,2025-05-12 06:00:00,26,83395161.0,10,634,0.7449,57557665.0,24,0,Salaried,Owned,Partner,0,0.11195971549766726,CASH_LOAN,0.7839812675632525,176.0,0,0.07727976993633986,47735079.25039165,48,0,0.0,2,0.8304000759517514,0.04922470996995787,0.08642897228618848,APPROVE,57557665.0,POLICY_PASS,469.2876297702365,374.6844113408245,262.01050183704876,34.92641204158251,59.02047340220906,1199.9294283919014
APP-42-011935,2025-05-12 07:00:00,20,29300897.0,31,528,0.248,21187945.0,36,2,Self-employed,Family,Branch,0,0.0801049854817848,CASH_LOAN,0.9724290872503304,156.0,1,0.0831878606285772,16120939.930881498,40,0,0.0,0,,0.04374536430090963,0.06395220321418803,APPROVE,21187945.0,POLICY_PASS,807.1283709831407,372.423555668597,229.18099986950227,33.69120854240077,40.11023356277443,1482.5343686264152
APP-42-011936,2025-05-12 08:00:00,31,22096332.0,36,687,0.354,85856657.0,12,2,Salaried,Family,Mobile,0,0.08479995600108602,BUSINESS_LOAN,0.9261165611850838,221.0,0,0.018508503840889853,9468613.776091559,38,1,74008527.40448737,0,,0.02333557619581297,0.05285167674930663,APPROVE,40704690.07246806,POLICY_PASS,563.4937771769481,370.20129603568205,334.4678441177655,22.234260753960427,35.76085950335586,1326.158037587712
APP-42-011937,2025-05-12 09:00:00,43,9176664.0,79,626,0.3715,79229584.0,12,5,Salaried,Family,Mobile,0,0.2599177734953046,BNPL,0.9430998528134905,96.0,0,0.08180954322762087,884853.3864027966,40,1,0.0,3,0.905689815124236,0.026196320707422224,0.17411410548191664,REVIEW,18456106.636800002,ENHANCED_DUE_DILIGENCE,534.734793837174,216.83159243702192,252.49131373688277,33.833176361396596,45.487050038514894,1083.3779264109903
APP-42-011938,2025-05-12 10:00:00,37,5609041.0,109,638,0.0813,55218800.0,36,2,Salaried,Mortgage,Mobile,0,0.10739253524415532,CASH_LOAN,0.975587531544716,322.0,0,0.032172789936144176,2464484.2714194204,41,1,0.0,0,,0.019821854149479564,0.06782898703266949,APPROVE,16489683.09344,POLICY_PASS,631.819673354422,234.58924704142157,151.94874699130102,23.017503713579835,44.71986930863601,1086.0950404093603
APP-42-011939,2025-05-12 11:00:00,49,18388750.0,84,520,0.4584,63379579.0,12,0,Contract,Family,Mobile,1,0.17923094117565608,CASH_LOAN,0.8792184983335808,43.0,0,0.03486430136537131,4529271.028238761,46,1,0.0,0,,0.02965201163411223,0.11584099453575554,APPROVE,31869910.400000006,POLICY_PASS,485.84417962949004,436.9460189061781,213.9878565550457,17.229708374130787,57.7745604279322,1211.7823238927767
APP-42-011940,2025-05-12 12:00:00,42,17042642.0,70,644,0.1212,31833692.0,12,0,Salaried,Mortgage,Partner,0,0.0745705125225981,CASH_LOAN,0.9424415514447841,157.0,0,0.023082067802560745,6071126.399429569,53,1,0.0,1,0.8662170803906684,0.022117760766150532,0.04364391876075629,APPROVE,31833692.0,POLICY_PASS,459.4581777531792,438.808399504117,173.19464759462733,39.87464441252482,43.746379773092585,1155.0822490375406
APP-42-011941,2025-05-12 13:00:00,40,15534722.0,110,623,0.2138,146780106.0,9,0,Salaried,Mortgage,Mobile,0,0.1630033727347432,BUSINESS_LOAN,0.9587059023526784,81.0,2,0.055899811731680384,7891231.572696413,45,1,44506225.6013529,1,0.923746364437575,0.0787926553385833,0.10144709095703032,APPROVE,24478424.0807441,POLICY_PASS,439.42260295325065,420.07336254441105,172.39991752043775,23.197845130217345,31.481531375875818,1086.5752595241927
APP-42-011942,2025-05-12 14:00:00,52,14601631.0,82,571,0.1421,21370969.0,24,3,Salaried,Rented,Mobile,1,0.15354254080888763,CASH_LOAN,0.9739243621866189,82.0,1,0.08866183868634216,3113596.899466317,52,1,0.0,3,0.9645416089707799,0.04417158080123315,0.09500942934061521,APPROVE,21370969.0,POLICY_PASS,733.7300056491188,274.9322346135763,155.48299791234047,30.91807945142245,58.2895565858188,1253.352874212277
APP-42-011943,2025-05-12 15:00:00,34,11926670.0,97,656,0.424,53297980.0,18,2,Self-employed,Rented,Partner,0,0.192046097839369,CASH_LOAN,0.8669510562316527,157.0,0,0.00995617216325551,7102416.716359197,38,0,0.0,0,,0.028991686327973158,0.15054889846002184,REVIEW,21983238.144000005,CREDIT_OR_AFFORDABILITY,952.4648936431317,301.8340902790845,211.04249095634867,29.128989122523276,49.65060408115863,1544.121068082247
APP-42-011944,2025-05-12 16:00:00,36,10513589.0,36,611,0.0557,55776181.0,36,0,Salaried,Owned,Partner,0,0.08644734320864325,CASH_LOAN,0.9158599849869936,202.0,0,0.08016402200440144,4471315.716072827,40,1,0.0,1,0.959244800733839,0.029138602603769635,0.052877227651327935,APPROVE,31769542.696640003,POLICY_PASS,380.35337953786467,354.4686319988844,321.6167889829711,31.80108162973643,27.56740318186945,1115.807285331326
APP-42-011945,2025-05-12 17:00:00,35,38652098.0,24,661,0.2125,42924346.0,24,1,Self-employed,Rented,Branch,0,0.05002930302137073,CASH_LOAN,0.9138601482889452,64.0,1,0.05951330372243329,5914423.558018441,42,0,0.0,2,0.7781984609926595,0.051677472504148995,0.03854405748232986,APPROVE,42924346.0,POLICY_PASS,661.7814938935929,262.25875482883174,265.38920258620135,45.86627694405765,55.00585267397865,1290.3015809266624
APP-42-011946,2025-05-12 18:00:00,49,11053877.0,28,685,0.3783,57425679.0,12,1,Salaried,Family,Branch,0,0.06320564759940162,BNPL,0.9181442527841569,233.0,0,0.04787554272420049,5512248.380358277,48,1,0.0,0,,0.026273254484798145,0.03912196287882261,APPROVE,21991025.05888,POLICY_PASS,607.6643194194374,354.011190990417,288.068906546343,36.521334872650236,41.01359909688374,1327.2793509257315
APP-42-011947,2025-05-12 19:00:00,35,15463622.0,47,562,0.3712,28917016.0,18,1,Self-employed,Mortgage,Mobile,0,0.15253309125831016,CASH_LOAN,0.7452075013832111,112.0,0,0.16056210250008676,7581868.006627293,38,1,0.0,0,,0.07254849999864325,0.10760433675922887,APPROVE,28917016.0,POLICY_PASS,623.0283450146036,352.3932723341958,243.0894889920621,21.975453837196,53.444711914467135,1293.9312720925248
APP-42-011948,2025-05-12 20:00:00,29,17617255.0,133,648,0.5118,38225332.0,12,1,Salaried,Mortgage,Branch,0,0.10393233096919598,CASH_LOAN,0.9697913849307909,338.0,1,0.07412152264939541,7401949.179377326,39,1,0.0,0,,0.04307594753601727,0.06775579776288078,APPROVE,27522380.451199997,POLICY_PASS,367.97930940030164,276.9657581704783,262.9172577204587,28.329406257174913,45.43426623926949,981.625997787683
APP-42-011949,2025-05-12 21:00:00,40,26544590.0,38,646,0.4163,29301865.0,18,1,Self-employed,Mortgage,Mobile,0,0.07626031735379646,CASH_LOAN,0.9178830136764208,112.0,0,0.010681837356563872,19763853.466927752,45,0,0.0,1,0.9310574223615489,0.023589920335959885,0.05439341889409118,APPROVE,29301865.0,POLICY_PASS,709.7652480729727,222.82281945609117,223.55225941153134,31.434758637899368,46.36358494601606,1233.9386705245108
APP-42-011950,2025-05-12 22:00:00,28,11266853.0,29,730,0.2071,48937148.0,12,0,Salaried,Family,Mobile,0,0.03706690175187058,BNPL,0.9781771149958799,282.0,0,0.1755082686325319,6143115.609003258,44,1,0.0,1,0.9358181347458598,0.029833983532627655,0.023790897907300566,APPROVE,25000000.0,POLICY_PASS,443.95520060186027,234.81342833164564,283.12300335170977,34.26909719601793,54.965265020344354,1051.125994501578
APP-42-011951,2025-05-12 23:00:00,40,30824480.0,169,701,0.365,138435027.0,6,0,Self-employed,Rented,Mobile,0,0.12889202913443093,CASH_LOAN,0.8460359687271841,207.0,1,0.07347045833856311,9097432.896066625,50,1,0.0,0,,0.07024449617177393,0.08312024680718604,APPROVE,62635343.36000001,POLICY_PASS,556.9050413358437,259.7343618504466,230.14291655464996,18.263896501491757,35.1985135721947,1100.2447298146267
APP-42-011952,2025-05-13 00:00:00,39,13086161.0,61,615,0.5721,77323708.0,6,0,Contract,Rented,Mobile,0,0.3428706033835622,CASH_LOAN,0.9353909768044052,310.0,1,0.040715299096994347,4509585.795838118,51,1,0.0,0,,0.0449378408825587,0.23739924255091943,REVIEW,17918618.53408,ENHANCED_DUE_DILIGENCE,426.02453693538257,226.3642844770936,274.6619936512236,40.13705224112579,52.25884917986892,1019.4467164846945
APP-42-011953,2025-05-13 01:00:00,33,16466505.0,40,609,0.3626,24156298.0,36,3,Salaried,Owned,Mobile,0,0.12506174028825784,CASH_LOAN,0.8697022593631493,37.0,0,0.07371347194676196,10895723.989394888,36,0,0.0,2,0.6687994610084715,0.034502588405974546,0.10315035748404955,APPROVE,24156298.0,POLICY_PASS,429.9898744618382,333.997206803741,179.87842274515464,27.14049630754341,40.346226558461105,1011.3522268767385
APP-42-011954,2025-05-13 02:00:00,40,44437157.0,22,651,0.439,46590581.0,24,1,Salaried,Rented,Branch,0,0.07505297085953996,BNPL,0.9634239137321801,483.0,2,0.0888876579722049,8660100.375334976,46,0,0.0,0,,0.08473247465996342,0.05941939930469758,APPROVE,25000000.0,POLICY_PASS,315.51538500468075,308.8315051078201,203.40938420415785,47.582189591553316,32.760405059444366,908.0988689676564
APP-42-011955,2025-05-13 03:00:00,22,10562358.0,20,559,0.0489,54017314.0,24,1,Self-employed,Rented,Partner,0,0.16029687339665644,CASH_LOAN,0.970384662808969,106.0,1,0.09757290619285192,2869025.0021075644,32,1,0.0,0,,0.04596163471695097,0.10989234862347783,APPROVE,32146747.82016,POLICY_PASS,509.6402954882847,249.15446233660816,220.53052117145828,30.652046011869803,28.749341773696894,1038.726666781918
APP-42-011956,2025-05-13 04:00:00,36,26758959.0,88,570,0.574,35727926.0,36,2,Contract,Rented,Mobile,0,0.21972273477466003,BUSINESS_LOAN,0.7876807008190917,289.0,0,0.06868520449224483,19900130.782115117,53,1,114069096.8671426,1,0.9284039207443533,0.04732643328824978,0.13939906179555026,APPROVE,35727926.0,POLICY_PASS,517.2218621334788,230.24296251705607,259.64756612229985,34.480974148280936,23.71275781282872,1065.3061227339442
APP-42-011957,2025-05-13 05:00:00,31,31277774.0,13,606,0.2712,40930194.0,36,2,Self-employed,Rented,Mobile,0,0.11061110458399356,CASH_LOAN,0.8995640369105706,482.0,1,0.03344209443367612,9433306.456719019,39,1,0.0,1,0.8605659776513378,0.05079423801159102,0.06814100635368109,APPROVE,40930194.0,POLICY_PASS,497.039226893579,425.92683578623365,251.64859456568576,18.88520341611286,56.95214918572586,1250.4520098473372
APP-42-011958,2025-05-13 06:00:00,61,21344958.0,50,469,0.0723,127476244.0,12,2,Self-employed,Family,Mobile,0,0.24579220157572285,CASH_LOAN,0.9042371543541933,54.0,1,0.06681385401862613,10598952.399107117,40,1,0.0,1,0.8265782590474027,0.054818228399208316,0.16533668167373752,REVIEW,63365496.117120005,CREDIT_OR_AFFORDABILITY,546.8607038915219,328.3943076403748,222.8654869198003,23.27628641707738,40.1796451571958,1161.5764300259702
APP-42-011959,2025-05-13 07:00:00,36,16873255.0,107,569,0.1916,18275464.0,24,1,Salaried,Rented,Mobile,1,0.08261389806495262,BUSINESS_LOAN,0.8598035197878402,258.0,0,0.06483553020964164,7960136.3009348195,44,1,60297103.67073369,2,0.7983372867889369,0.0350037778413851,0.051846693280935885,APPROVE,18275464.0,POLICY_PASS,489.38054380734883,324.67738965711516,157.20361364783574,28.24139857504168,52.94753040497301,1052.4504760923144
APP-42-011960,2025-05-13 08:00:00,30,57945851.0,37,616,0.44,72459409.0,24,2,Salaried,Rented,Branch,0,0.15522339945229732,BNPL,0.8851052207485663,505.0,0,0.025822431910334762,29441953.793492064,47,1,0.0,2,0.801847364653372,0.02819598308570518,0.09714175689316036,APPROVE,25000000.0,POLICY_PASS,457.65467348460527,251.4873526474771,295.77002370922594,23.023823120302616,58.067623342883465,1086.0034963044945
APP-42-011961,2025-05-13 09:00:00,23,17863451.0,61,838,0.4413,16920367.0,12,1,Contract,Rented,Mobile,0,0.07309087055467661,BNPL,0.919736847193742,434.0,0,0.016985725681826522,8653184.867192153,30,1,0.0,1,0.9064649629699132,0.02384754313569196,0.043967034425685,APPROVE,16920367.0,POLICY_PASS,456.09380166464535,187.2968902141729,249.54403091834973,22.84053733465786,34.73014126799775,950.5054013998235
APP-42-011962,2025-05-13 10:00:00,47,20138117.0,33,594,0.2533,66607126.0,6,2,Contract,Mortgage,Mobile,1,0.1427734686556934,CASH_LOAN,0.9166458118190085,259.0,1,0.006876818136002277,9026176.390232598,37,1,0.0,0,,0.04396998969630076,0.0906037461348306,APPROVE,48118822.28448,POLICY_PASS,683.5406581577042,272.01368723007704,210.10400528780872,22.68721382004624,40.61330938515556,1228.958873880792
APP-42-011963,2025-05-13 11:00:00,32,14958535.0,135,688,0.1197,31409616.0,6,4,Salaried,Rented,Mobile,0,0.13307223522182543,BUSINESS_LOAN,0.7911674426478118,114.0,0,0.19408643401600661,2042945.4284624748,50,0,100353540.13847697,0,,0.06656801103067088,0.11369933129999184,APPROVE,31409616.0,POLICY_PASS,817.6805965396106,314.5193218282316,243.42066288403032,31.73574830753433,52.3093979345243,1459.665727493931
APP-42-011964,2025-05-13 12:00:00,28,19559611.0,66,626,0.1616,83503628.0,18,2,Self-employed,Owned,Branch,0,0.13493139661721412,CASH_LOAN,0.9315097975676149,237.0,0,0.21474747944367317,12695468.970932532,33,0,0.0,1,0.9322989429211553,0.040384032012767065,0.11479499150390853,APPROVE,52476089.15968001,POLICY_PASS,717.6445413547865,294.8565638899584,209.2726365750665,28.220554511570874,36.37182514853804,1286.3661214799204
APP-42-011965,2025-05-13 13:00:00,38,30588883.0,105,672,0.2639,197117795.0,24,1,Salaried,Family,Branch,0,0.05404192570587862,CASH_LOAN,0.7981713168747898,193.0,0,0.13293741175548268,19821934.25825584,30,1,0.0,0,,0.054500303553363286,0.03669480668673326,APPROVE,70000000.0,POLICY_PASS,445.61730754657924,82.10959767985113,244.2859663252605,40.08274107372707,24.192605022099652,836.2882176475176
APP-42-011966,2025-05-13 14:00:00,41,15470791.0,53,562,0.3475,53111654.0,18,1,Salaried,Mortgage,Mobile,0,0.11440599932370808,CASH_LOAN,0.9829386181373633,399.0,0,0.30959829476010053,6056904.087166228,50,1,0.0,0,,0.043125931744097894,0.08632888996057504,APPROVE,32303011.608000007,POLICY_PASS,490.37600461510306,280.8894329824738,312.8330530983206,29.209564105559895,51.95568427694268,1165.2637390784
APP-42-011967,2025-05-13 15:00:00,41,5644491.0,61,529,0.278,130938256.0,12,0,Self-employed,Owned,Partner,0,0.3202292920535961,CASH_LOAN,0.8176175393787968,688.0,0,0.06198601899104443,3720073.026223395,47,1,0.0,1,0.9767718681088824,0.041168750514296526,0.21194178661959523,REVIEW,13041032.0064,ENHANCED_DUE_DILIGENCE,868.6445243684656,355.58213447634677,242.58607044897354,8.0,32.665779073082305,1507.4785083668683
APP-42-011968,2025-05-13 16:00:00,35,23875083.0,71,739,0.4021,86267186.0,24,2,Self-employed,Owned,Mobile,0,0.08752288305416389,CASH_LOAN,0.8349508189623688,66.0,1,0.0023988577844816224,14553449.376489736,51,1,0.0,1,0.9333137699011642,0.06010942169020379,0.04999911002393937,APPROVE,45679718.80224,POLICY_PASS,713.2305867068951,350.90976082828433,294.15623745121496,29.343197710571175,53.649384742333176,1441.2891674392988
APP-42-011969,2025-05-13 17:00:00,36,9947167.0,46,544,0.4111,74162634.0,24,2,Contract,Rented,Mobile,1,0.38011670764433003,BNPL,0.9684494302370367,520.0,0,0.13028264703637502,2356174.404037843,41,1,0.0,3,0.6958457190372254,0.027208518081459323,0.2886202422474049,REVIEW,18745237.26816,ENHANCED_DUE_DILIGENCE,764.100936508479,250.55016518384247,207.67049318993745,33.472790468856694,21.310792618135423,1277.1051779692507
APP-42-011970,2025-05-13 18:00:00,37,27069396.0,82,747,0.3787,27827549.0,18,3,Salaried,Owned,Mobile,0,0.05362627032726215,BUSINESS_LOAN,0.8532959601438724,238.0,0,0.030716231311460784,6750656.920014116,59,1,156984434.09736508,2,0.8078904027506666,0.03255604787276626,0.031433941607487824,APPROVE,27827549.0,POLICY_PASS,615.5458152539669,534.8617073647363,212.22923805503655,43.7970454476336,67.54601792134714,1473.9798240427206
APP-42-011971,2025-05-13 19:00:00,38,17986890.0,51,613,0.2309,113171129.0,36,1,Salaried,Family,Mobile,0,0.09207996967291014,CASH_LOAN,0.935079150914684,175.0,0,0.08735539530702582,1570486.0150279202,51,1,0.0,2,0.8764022372922353,0.02751117635745665,0.05689860416996911,APPROVE,44267894.716800004,POLICY_PASS,694.3059698707684,269.3597537728824,156.22317296317834,31.748441308251103,45.95634516908406,1197.5936830841642
APP-42-011972,2025-05-13 20:00:00,39,30237466.0,75,580,0.1138,72568912.0,9,1,Salaried,Owned,Mobile,0,0.08230976547094311,CASH_LOAN,0.8538379592039683,229.0,0,0.06032197078769537,16950407.7899005,54,0,0.0,1,0.7192719810714348,0.035394815892007526,0.0635713605237892,APPROVE,70000000.0,POLICY_PASS,533.5023159789113,321.319156075856,210.19214292660206,34.91206259749705,46.550632760907135,1146.4763103397734
APP-42-011973,2025-05-13 21:00:00,45,10684378.0,108,603,0.5142,27953687.0,18,1,Salaried,Rented,Mobile,0,0.1672938541192867,BNPL,0.9553295721515125,84.0,0,0.10205632301291011,4276619.0348641835,52,1,0.0,1,0.6906661603913806,0.026436556267935542,0.11308729206663758,REVIEW,16609506.66368,CREDIT_OR_AFFORDABILITY,710.604106947538,393.2546955513682,291.75613302720416,30.06234124623546,30.52361361899254,1456.2008903913386
APP-42-011974,2025-05-13 22:00:00,36,13409992.0,58,755,0.2237,30271424.0,6,1,Salaried,Mortgage,Mobile,0,0.04887059623777047,BUSINESS_LOAN,0.9677245431300923,491.0,1,0.007937388187424226,2516848.1714607817,46,1,63493567.728088275,0,,0.035894006224879545,0.029325857935210163,APPROVE,30271424.0,POLICY_PASS,683.3838145285382,255.00075171362826,255.97398583024747,23.857264681217003,51.28333754951117,1269.499154303142
APP-42-011975,2025-05-13 23:00:00,28,14929691.0,36,590,0.0991,38352008.0,12,2,Contract,Owned,Mobile,1,0.14929160482038825,CASH_LOAN,0.9449459556741971,319.0,0,0.16535413637442675,11153710.201325301,46,1,0.0,0,,0.03315929745455553,0.10403701667242375,APPROVE,38352008.0,POLICY_PASS,534.81364695121,301.425428779772,295.7328593041808,29.01895555342764,32.53166901949874,1193.5225596080893
APP-42-011976,2025-05-14 00:00:00,34,7965475.0,103,612,0.1197,31297977.0,12,1,Contract,Family,Mobile,0,0.08539633621842431,BNPL,0.8785029919322053,435.0,0,0.24688599357617957,5793890.293077449,38,0,0.0,0,,0.05473020747838589,0.07677292927127394,APPROVE,22438424.456,POLICY_PASS,329.96649089398215,225.906756571377,285.16414521576667,37.55807929569112,40.47254046436041,919.0680124411772
APP-42-011977,2025-05-14 01:00:00,42,33170233.0,70,710,0.2366,50228747.0,18,0,Salaried,Mortgage,Mobile,0,0.036787529508589184,BNPL,0.8731803806022398,96.0,0,0.019716626643891722,2984514.0579229603,45,1,0.0,1,0.7952477820293457,0.02907959637413053,0.02190478383662136,APPROVE,25000000.0,POLICY_PASS,445.71550818425,349.11179111995966,273.8681850884506,39.21011897812883,40.698815100310405,1148.6044184710995
APP-42-011978,2025-05-14 02:00:00,20,7362423.0,41,674,0.6208,79978100.0,36,1,Salaried,Rented,Mobile,0,0.19565660599233883,CASH_LOAN,0.8799519450320193,127.0,1,0.052459944149582355,2345649.2557097697,50,1,0.0,0,,0.05795324530846616,0.1279373904160433,REVIEW,8933858.56512,CREDIT_OR_AFFORDABILITY,879.4577193215134,289.72170710975604,305.44549881381704,24.48096980675505,43.91568599276865,1543.02158104461
APP-42-011979,2025-05-14 03:00:00,20,32913873.0,32,790,0.1903,47553705.0,24,2,Self-employed,Owned,Mobile,0,0.040285491040798926,CASH_LOAN,0.9533294345397887,139.0,0,0.010205048622853303,18952826.456449036,43,0,0.0,4,0.979385960199335,0.020364876967263232,0.02811849141212496,APPROVE,47553705.0,POLICY_PASS,552.8426468382091,256.9169209445362,241.00194810317808,32.132795681113244,48.81031762585205,1131.704629192889
APP-42-011980,2025-05-14 04:00:00,43,22732393.0,5,724,0.3689,63366865.0,12,1,Self-employed,Family,Branch,0,0.04191668227239733,BNPL,0.9966130815980128,195.0,0,0.15366178144793566,12413998.387674684,42,1,0.0,0,,0.025962677433398904,0.028113079885351052,APPROVE,25000000.0,POLICY_PASS,464.6278651796473,423.05942923591584,248.83485833269177,28.48383933030902,34.65432882485875,1199.6603209034226
APP-42-011981,2025-05-14 05:00:00,49,16135063.0,54,590,0.1716,24505126.0,12,3,Self-employed,Owned,Branch,0,0.12697640339940766,BNPL,0.9814444854887981,517.0,1,0.04652762601071981,5776765.414263773,42,1,0.0,0,,0.037961427740530004,0.0815054863661244,APPROVE,24505126.0,POLICY_PASS,815.125963754791,170.4816063056101,309.3670885207292,16.84357244840766,29.260039513998585,1341.0782705435367
APP-42-011982,2025-05-14 06:00:00,24,21762442.0,52,734,0.0754,108297492.0,36,0,Salaried,Rented,Mobile,0,0.046137509191176714,CASH_LOAN,0.8715484398296951,268.0,0,0.1422629707516653,12905250.151591484,46,1,0.0,1,0.7891888146840579,0.04173778830792444,0.030150111904622964,APPROVE,64388972.39424,POLICY_PASS,784.4530359298616,369.58534827823445,92.53087911798573,36.84317300258325,66.83988932515622,1350.2523256538211
APP-42-011983,2025-05-14 07:00:00,36,21437143.0,30,502,0.484,97453542.0,12,2,Salaried,Rented,Mobile,0,0.3463331520140807,CASH_LOAN,0.8918792376759664,266.0,2,0.050378098316912194,9485454.655114269,47,1,0.0,0,,0.10022216570254798,0.2429795356334791,REVIEW,35397010.5216,ENHANCED_DUE_DILIGENCE,533.8934178154211,369.43118424030285,274.25121718138615,45.25318644343096,46.287389636070074,1269.116395316611
APP-42-011984,2025-05-14 08:00:00,31,14441939.0,31,695,0.5044,214855946.0,18,3,Self-employed,Mortgage,Mobile,0,0.33118643654989377,BNPL,0.876804335021432,356.0,0,0.012778153377446514,9992751.114885993,54,1,0.0,1,0.8812831013252281,0.0280792404989195,0.21659421359317882,REVIEW,22903759.898880005,ENHANCED_DUE_DILIGENCE,551.6712412342822,356.9187588011093,288.36150722702695,19.650072075265093,40.32085493674867,1256.9224342744324
APP-42-011985,2025-05-14 09:00:00,33,21207484.0,32,593,0.6672,27987125.0,24,0,Salaried,Family,Mobile,1,0.1355511516078931,CASH_LOAN,0.9239915964935503,167.0,0,0.020659542682972543,6506586.638522235,43,1,0.0,0,,0.023688636909565512,0.08562617985422229,APPROVE,22585122.16064,POLICY_PASS,825.240810769598,137.72011848843096,201.42888618350162,30.168081250827274,42.33327573024982,1236.8911724226077
APP-42-011986,2025-05-14 10:00:00,38,26910663.0,50,683,0.2985,25980081.0,12,1,Self-employed,Owned,Branch,0,0.03238710718151904,CASH_LOAN,0.9817221448705139,165.0,0,0.03998776931425461,5883166.732914316,49,1,0.0,1,0.8498050770117386,0.019776820680448497,0.01907677847607196,APPROVE,25980081.0,POLICY_PASS,697.3023730152016,442.0428526207346,206.26877106498074,25.48163031032473,36.65068275989137,1407.7463097711332
APP-42-011987,2025-05-14 11:00:00,23,10705914.0,89,781,0.5895,23355267.0,36,0,Salaried,Rented,Mobile,0,0.07470888721075805,CASH_LOAN,0.9132003333357327,269.0,2,0.21504394602366272,7331362.347079092,37,1,0.0,1,0.8934991672339977,0.1430347744759821,0.05130611971044437,APPROVE,14063288.6304,POLICY_PASS,516.1810853765992,293.0075752760389,366.82062409792115,36.75605367726626,43.84020214869042,1256.605540576516
APP-42-011988,2025-05-14 12:00:00,25,21775358.0,46,520,0.1134,122214534.0,24,1,Self-employed,Family,Mobile,0,0.18241744181620043,BNPL,0.845096748698511,216.0,0,0.038553525917379664,11608694.440543173,44,1,0.0,0,,0.034431481289416976,0.11876903335782807,REVIEW,25000000.0,CREDIT_OR_AFFORDABILITY,549.6554200666524,311.5166013610054,204.8164196723492,27.5348760350173,60.40975737309398,1153.9330745081184
APP-42-011989,2025-05-14 13:00:00,32,4245642.0,40,706,0.1703,22100354.0,12,2,Salaried,Family,Mobile,0,0.05740240385949311,CASH_LOAN,0.9472209769493257,523.0,1,0.08296590501087434,2312178.8898897045,41,1,0.0,1,0.8927303193587768,0.04836383823499087,0.03536087960387947,APPROVE,11272349.33568,POLICY_PASS,584.882446120986,366.469055226606,231.70078190987277,42.09110761900709,48.267401901085606,1273.4107927775574
APP-42-011990,2025-05-14 14:00:00,34,6228228.0,25,700,0.3416,41277979.0,6,1,Self-employed,Family,Mobile,0,0.0804124656102465,CASH_LOAN,0.9389351069935445,201.0,1,0.08604763260713381,4311195.490841405,49,0,0.0,1,0.9668313303230605,0.05043184189796158,0.05950926947385404,APPROVE,13122129.00864,POLICY_PASS,375.8438103532353,290.5423623661572,247.20113317841694,19.273317109447234,45.594024421047465,978.4546474283043
APP-42-011991,2025-05-14 15:00:00,25,24553672.0,13,688,0.2908,19718547.0,18,0,Salaried,Rented,Mobile,0,0.04752699766067814,CASH_LOAN,0.9875032806183531,926.0,3,0.023229332338844447,5018435.962565545,45,1,0.0,0,,0.11631220987928928,0.028878847014324492,APPROVE,19718547.0,POLICY_PASS,654.4660839510204,222.99763658262873,252.34952282971642,36.844612928437265,54.598577548207274,1221.25643384001
APP-42-011992,2025-05-14 16:00:00,42,14304379.0,25,569,0.2905,57809955.0,24,2,Salaried,Family,Partner,0,0.1471036917906872,CASH_LOAN,0.9442826576146259,71.0,0,0.026926866605417356,7503215.957449136,41,1,0.0,0,,0.022200136736007722,0.0941226583720016,APPROVE,32476662.0816,POLICY_PASS,561.8172251573236,245.53854852130644,190.1372498873688,35.418350829957966,53.08418884148776,1085.9955632374445
APP-42-011993,2025-05-14 17:00:00,31,11256894.0,38,634,0.3828,63539294.0,36,0,Salaried,Rented,Mobile,0,0.13358357535712692,CASH_LOAN,0.9359443258790153,393.0,1,0.02615590543138711,1554819.6550759077,47,1,0.0,3,0.9219541082471604,0.04300431379280203,0.0801281129377114,APPROVE,22232815.92576,POLICY_PASS,566.6885635217543,440.93577896887973,363.4081066514713,47.477973697621614,37.55541704368504,1456.065839883412
APP-42-011994,2025-05-14 18:00:00,31,17482629.0,34,571,0.2545,74378393.0,24,0,Salaried,Rented,Mobile,0,0.1655343380435459,BNPL,0.8717423706411058,77.0,1,0.015338283200556616,6554898.6888733385,30,1,0.0,0,,0.053895649631980465,0.10802174279754576,REVIEW,25000000.0,CREDIT_OR_AFFORDABILITY,516.5110262465126,351.0742557175153,160.862823980457,16.756257953594478,58.41362433907676,1103.6179882371562
APP-42-011995,2025-05-14 19:00:00,38,14477538.0,59,671,0.1886,51613543.0,12,1,Salaried,Mortgage,Branch,0,0.05793150290561744,BNPL,0.9410978081643819,157.0,0,0.10217849393967193,6746879.280555765,50,0,0.0,0,,0.028029298798006627,0.0457740658922372,APPROVE,25000000.0,POLICY_PASS,490.87523742978163,168.42705296131126,274.5099707649733,35.94476573953614,30.105335164010622,999.8623620596129
APP-42-011996,2025-05-14 20:00:00,34,10450371.0,55,546,0.4838,26149456.0,12,4,Self-employed,Rented,Mobile,0,0.39096921870145074,CASH_LOAN,0.9508996883032711,539.0,2,0.037783758351925205,1120936.9136470421,49,0,0.0,2,0.932117772219652,0.07724173237788691,0.3116240807483454,REVIEW,17262340.832640003,ENHANCED_DUE_DILIGENCE,495.7823163240369,348.05350738041284,284.8799040964867,38.53250663003401,30.646850007617363,1197.8950844385877
APP-42-011997,2025-05-14 21:00:00,43,7307453.0,26,609,0.2754,76525761.0,12,2,Salaried,Owned,Mobile,0,0.17813093914605505,BNPL,0.9198582635287501,151.0,0,0.050249093596691684,3418919.9616123647,46,1,0.0,1,0.9096797560277659,0.02627125416221636,0.11142381531342535,REVIEW,16943937.420160003,CREDIT_OR_AFFORDABILITY,717.6429028023261,281.00312691910034,310.1645839429186,26.685413431248335,44.514052292752964,1380.0100793883464
APP-42-011998,2025-05-14 22:00:00,27,6097538.0,59,685,0.4219,57252998.0,24,2,Salaried,Owned,Mobile,0,0.10910747722223763,BNPL,0.9749352460795112,138.0,1,0.022717710523926044,1361370.4516469333,34,1,0.0,0,,0.03638360927261341,0.06940585059979136,APPROVE,11279957.496960001,POLICY_PASS,852.0317743716676,407.85174387496716,250.65554264903938,38.40073853560294,45.67239562779772,1594.6121950590746
APP-42-011999,2025-05-14 23:00:00,22,27023519.0,31,587,0.1967,56764817.0,12,1,Self-employed,Mortgage,Partner,0,0.0908161440856725,CASH_LOAN,0.8448550828622692,82.0,0,0.07529270513092985,15833964.52990292,49,0,0.0,3,0.7956032511848706,0.038327244544942456,0.07018038728875546,APPROVE,56764817.0,POLICY_PASS,754.3705458311072,197.54243782874602,286.76001054508754,19.573904216939177,47.50276087435432,1305.749659296234
